Actual,ANN_Prediction
-2.76754,-2.060126
-2.469225,-1.946682
-2.2946951,-1.8641086
-1.929625,-1.6646249
-1.8210813,-1.6164496
-0.65736145,-1.2391149
-3.6543522,-3.3460052
-1.3424213,-1.0390267
-1.1875994,-0.91462576
-1.0407904,-0.79984057
-0.90260124,-0.6940081
-0.7695258,-0.5983328
-0.6435218,-0.49456376
-0.52107286,-0.41249937
-0.40883723,-0.32691342
-0.2921334,-0.22872072
-3.2739995,-2.1144257
-3.1396704,-2.057615
-3.0440023,-1.9933207
-2.9382749,-1.9285464
-2.8048,-1.8649876
-2.7187433,-1.8125379
-2.6954076,-1.763989
-2.6104445,-1.712225
-2.4758117,-1.6563628
-2.4164896,-1.6005385
-2.3503604,-1.539918
-1.4105942,-0.96385324
-1.3308374,-0.91388637
-1.2601153,-0.8691296
-1.1997676,-0.82916087
-1.1541282,-0.80481446
-1.0863694,-0.77651536
-1.0161904,-0.73852897
-0.938318,-0.69309396
-0.88830054,-0.65342623
-0.8184332,-0.6112737
-0.75605386,-0.57291365
-0.8877777,-0.67753714
-0.7063634,-0.5890415
-0.6194058,-0.48029375
-0.50307065,-0.38704386
-0.39020947,-0.29592627
-0.2103273,-0.19163638
-0.11258918,-0.06770599
-0.012613386,0.047988057
0.120903276,0.16115278
-0.25530177,-1.2645352
-0.16501512,-1.2131674
-0.10930875,-1.1608202
-0.039327856,-1.1123164
0.037491523,-1.070437
0.11440072,-1.028953
0.18736452,-1.0000182
0.27486396,-0.963976
-1.2233777,-1.3202364
-1.1449335,-1.2651268
-1.1156394,-1.201906
-1.0790766,-1.1366651
-1.0295315,-1.0745783
-0.9694224,-1.0238817
-0.94826186,-0.9799972
-0.90442437,-0.9350934
-0.86785305,-0.88988096
-1.7191777,-1.3406439
-1.6153109,-1.2933633
-1.5578039,-1.2667642
-1.4837079,-1.2346053
-1.4205296,-1.2032208
-1.36548,-1.1727884
-1.2865602,-1.1479882
-1.2201154,-1.1100881
-1.1517628,-1.0769494
-1.057431,-1.0287309
-0.97292507,-0.9822568
-0.84706175,-0.8791456
-0.70549524,-0.7897694
-1.5428474,-1.424893
-1.4657496,-1.3644072
-1.3965064,-1.3031268
-1.3271306,-1.2437835
-1.2498465,-1.1856905
-1.1775079,-1.1342971
-1.10045,-1.092904
-1.028346,-1.0634716
-0.9616685,-1.033101
-0.8841762,-1.0025237
-0.8055411,-0.9675678
0.29846594,0.54956347
0.34466818,0.59265226
0.37911344,0.629111
0.42245638,0.6644142
0.4344936,0.6968878
0.47358248,0.7316585
0.49086803,0.7754286
-2.0078487,-1.3467298
-1.8669598,-1.271554
-1.738859,-1.1929367
-1.6431262,-1.1169943
-1.5213969,-1.0483729
-1.3697596,-0.98664904
-1.2702085,-0.92103475
-1.1639744,-0.8654268
-1.0598708,-0.80447185
-1.6121272,-1.4447293
-1.4036081,-1.2939358
-1.1109182,-1.1659849
-0.8664991,-1.0444938
-0.71447504,-0.8582288
-1.9528334,-1.9129558
-1.8871576,-1.8599124
-1.7926769,-1.8049037
-1.7475568,-1.7496526
-1.6888077,-1.6995502
-1.557416,-1.6477785
-1.4810523,-1.5987687
-1.4341215,-1.5448631
-1.3484572,-1.4858787
-1.1730193,-1.3566062
-2.9190433,-3.0653808
-2.7814875,-3.0344474
-2.6302452,-2.990106
-2.4778903,-2.9523876
-2.353979,-2.9114559
-2.2314265,-2.8698318
-2.0770016,-2.8195615
-1.9211872,-2.762276
-1.8189347,-2.7060378
-1.57521,-2.5927033
-0.9175086,-0.9496992
-0.8550453,-0.8787963
-0.7812989,-0.81877536
-0.71097267,-0.7751362
-0.64737874,-0.7298869
-0.58923024,-0.6805806
-0.502765,-0.6165431
-0.40487322,-0.574205
-0.32496566,-0.5344916
-0.21082205,-0.48548466
-0.123011194,-0.42679477
-3.2631373,-2.5560343
-2.8759096,-2.499948
-2.765958,-2.4468112
-2.6335611,-2.388932
-2.4850187,-2.3165638
-2.2260044,-2.2438622
-1.9201475,-2.1089342
-1.5432794,-1.9686117
-4.660965,-4.756964
-4.5599394,-4.6587167
-4.4911313,-4.554311
-4.4283752,-4.40823
-4.3664536,-4.2369637
1.0830187,0.92843395
1.1367453,0.98690253
1.1929084,1.0383742
1.2438817,1.089927
1.2977743,1.1475105
1.3561424,1.2022395
1.4067862,1.2572124
-0.3556289,-0.30497444
-0.05649472,-0.053898156
-0.5789686,-0.63719815
-0.41394532,-0.45297897
-0.3113216,-0.2772882
-0.24261028,-0.19197407
-0.19619499,-0.1520684
-0.14392333,-0.110274255
-0.71857405,-0.6691483
-0.62299633,-0.58912295
-0.5285904,-0.5213461
-0.43642896,-0.4719141
-0.33925584,-0.41996264
-0.2472607,-0.36280727
-0.15653802,-0.2932571
-0.07268519,-0.22039327
-1.8823712,-1.6867526
-1.7696837,-1.6055121
-1.6586028,-1.5260494
-1.5482585,-1.4466095
-1.4392658,-1.3571223
-1.3313717,-1.2679324
-1.2244163,-1.1844614
-1.1186373,-1.1064758
-1.0752125,-1.4556774
-1.0534109,-1.3988848
-1.0266187,-1.3284812
-1.001745,-1.2475426
-0.9663757,-1.1670623
-0.92862433,-1.0933659
-0.9057306,-1.0099036
-0.8801205,-0.9301808
-0.86172837,-0.85774124
-1.7991878,-1.9820316
-1.7353432,-1.9383013
-1.662702,-1.8902869
-1.5953441,-1.8406625
-1.5332744,-1.7957561
-1.4602538,-1.752233
-1.371477,-1.7024796
-1.3006915,-1.6554987
-1.2286295,-1.6086609
-0.6856182,-0.7298503
-0.61457586,-0.62820464
-0.5331877,-0.552251
-0.46798706,-0.47693524
-0.42015415,-0.3843463
-1.4981496,-1.638329
-1.4747998,-1.595088
-1.459143,-1.5397289
-1.4336245,-1.4910705
-1.408506,-1.431747
-1.3852074,-1.3699207
-1.3645228,-1.3077037
-1.3454653,-1.2509161
-1.3277321,-1.19692
-1.307327,-1.1391538
-1.2923784,-1.1158609
-0.86228526,-0.6534355
-0.7653705,-0.63453674
-0.5893647,-0.58533007
-0.46485543,-0.5189117
-0.34932497,-0.49057913
-0.31747815,-0.4569576
-0.18278344,-0.39018244
-0.11714133,-0.37029767
-1.3114773,-1.1115024
-1.1952933,-0.9736905
-1.1148103,-0.9112128
-1.0580608,-0.8487932
-0.9526636,-0.7839711
-0.86236507,-0.7207171
-0.6968539,-0.5533822
-0.4569052,-0.3324861
-0.27392167,-0.13279194
0.02503561,0.013142288
0.31051204,0.15646869
0.523624,0.34618455
-1.1347934,-1.2965803
-1.045596,-1.1477573
-0.9859811,-1.0726542
-0.9288937,-0.99603003
-0.86904395,-0.9218303
-0.79009026,-0.84273183
-0.6172853,-0.6035823
-0.3730011,-0.23886219
-0.14730798,0.037436903
0.08846568,0.23319227
0.3278454,0.4314149
0.53576654,0.58892876
-1.870487,-3.0905478
-1.6611819,-3.0259259
-1.4765518,-2.921118
-1.3472507,-2.8744674
-1.2238591,-2.800514
-1.084385,-2.6392756
-0.86651975,-2.4538171
-0.69658196,-2.3171024
0.035320707,0.43147737
0.118134454,0.4704712
0.19841063,0.5073382
0.24488023,0.54910344
0.29880887,0.592305
0.35712728,0.64370996
0.40570086,0.6640869
0.45559788,0.6965659
-0.6104635,-0.5408301
-0.5338879,-0.4280947
-0.43771046,-0.32542747
-0.34132242,-0.24817193
-0.24861266,-0.16975546
-0.1463355,-0.008494794
-0.055994444,0.07718521
0.059613343,0.19650155
-2.189591,-2.102073
-2.1302986,-2.001286
-2.0597727,-1.9108064
-1.988705,-1.8182297
-1.8943073,-1.7282822
-1.8464797,-1.642901
-1.7759863,-1.565017
-1.6772021,-1.4886179
-1.600055,-1.4241625
-1.523991,-1.3700378
-0.09746733,0.42790103
-0.053976104,0.49033278
0.016625073,0.54828364
0.068917386,0.60206884
0.13616183,0.6478998
0.2068176,0.69559246
0.27714393,0.73783237
0.35936558,0.78642064
0.4424701,0.827064
-0.85628414,-1.1995285
-0.7935838,-1.1419945
-0.72712684,-1.082051
-0.6594692,-1.0006082
-0.58975,-0.9104545
-0.505489,-0.8170732
-0.4252967,-0.7215018
-0.3376234,-0.6434663
-0.24838701,-0.5671102
1.1251317,0.9934316
1.19073,1.0511522
1.2507263,1.1118672
1.3341264,1.1622772
1.4742421,1.2146628
1.5762681,1.2723701
1.7196943,1.3332038
1.9786526,1.3929312
-2.240525,-2.1071033
-2.177357,-2.0156476
-2.1019466,-1.9147594
-2.0195754,-1.8016775
-1.9448025,-1.680444
-3.344473,-2.7801633
-3.3121727,-2.730346
-3.2847166,-2.6808074
-3.2673652,-2.6354969
-3.1905563,-2.5897675
-3.1704865,-2.5462122
-3.10571,-2.5007777
-1.0986693,-1.1433601
-0.9825516,-1.0535346
-0.8246327,-0.9752369
-0.69462883,-0.91118425
-0.4976897,-0.8364208
-0.24612506,-0.75341284
0.08648645,0.005565822
0.097713225,0.04390025
0.10732839,0.080804646
0.11795106,0.11498481
0.12885897,0.14229804
0.14125219,0.16378766
0.15250266,0.18387336
0.16300836,0.20077628
0.17388417,0.21611989
0.18515974,0.23058361
0.19712862,0.24559897
0.2082662,0.26290035
0.22102875,0.2802052
0.23546287,0.2965107
0.2488515,0.31622183
-0.58664453,-0.5347434
-0.54647464,-0.505002
-0.5081482,-0.47359067
-0.47234884,-0.44223732
-0.43380398,-0.41260535
-0.39572307,-0.38647175
-0.36067116,-0.36152935
-0.32366443,-0.3383004
-0.28760344,-0.3178005
-0.25249583,-0.29996178
-0.21735556,-0.28245294
-0.18448012,-0.26483172
-0.1495926,-0.24548459
-0.11568987,-0.2228337
-0.08143395,-0.19581196
-0.57094914,-0.35469267
-0.5039125,-0.25247952
-0.45337343,-0.15890887
-0.388289,-0.052858293
-0.3312876,0.053842306
-0.26311883,0.1473704
-0.19163185,0.2348265
-0.12917821,0.3202142
-0.056283418,0.39109772
-1.3942753,-0.38679263
-1.317966,-0.35928383
-1.2377307,-0.33334756
-1.1608374,-0.30592528
-1.0824625,-0.27654192
-1.0080204,-0.24682689
-0.9344322,-0.21840844
-0.862862,-0.19520852
-0.7924732,-0.1745981
-0.7234662,-0.15535462
-0.6545848,-0.13670328
-0.58650804,-0.1200043
-0.5200989,-0.10543275
-0.45595542,-0.0920203
-0.39053267,-0.08081305
-1.6491076,-1.5688642
-1.5459956,-1.4789288
-1.4468609,-1.4129503
-1.3493772,-1.3513644
-1.2554216,-1.2873013
-1.1693236,-1.2188443
-1.0805373,-1.1514115
-0.99430954,-1.0856034
-0.907339,-1.0137099
-0.8269468,-0.924292
-0.7508365,-0.8416903
-0.8911898,-0.85191965
-0.8496828,-0.827608
-0.80983067,-0.8017076
-0.76964265,-0.7757218
-0.73073685,-0.7485312
-0.6926736,-0.71340036
-0.65529126,-0.68246686
-0.6178353,-0.65492934
-0.5795157,-0.62735176
-0.5444181,-0.598007
-0.50667065,-0.568538
-0.47011146,-0.5382166
-0.43496868,-0.5096295
-0.40000576,-0.47946858
-0.36587235,-0.44953072
-0.5825098,-0.6161115
-0.5377428,-0.5922695
-0.4874956,-0.5680732
-0.4402166,-0.5461143
-0.3899637,-0.52280116
-0.34237754,-0.49975836
-0.29933336,-0.47634202
-0.25503793,-0.4473386
-0.2101168,-0.4227269
-0.16630785,-0.40171063
-0.12023935,-0.37771538
-0.076324366,-0.3551823
-0.032904044,-0.3332659
0.0113480855,-0.31087372
0.056731086,-0.28605372
-2.038008,-1.6028438
-1.9443686,-1.5232141
-1.8435388,-1.44633
-1.759122,-1.364608
-1.6722418,-1.2864115
-1.584605,-1.2032104
-1.4969617,-1.1093788
-1.4173447,-1.024402
-1.3375585,-0.96228886
-5.173464,-3.962717
-5.051153,-3.9028044
-4.947671,-3.8386688
-4.829081,-3.772598
-4.7243176,-3.6976123
-4.6265745,-3.6066763
-4.5348983,-3.5076835
-4.4468174,-3.3994339
-4.3580155,-3.2734144
-3.840386,-3.8577254
-3.704333,-3.7537172
-3.5443797,-3.6390078
-3.407894,-3.5096786
-3.2681885,-3.389148
-3.1392496,-3.2728493
-3.014235,-3.1530864
-2.89314,-3.020932
-2.7792459,-2.9027333
-2.1542072,-2.045295
-2.0902848,-1.957509
-2.0345287,-1.8723934
-1.9803619,-1.7860851
-1.9214557,-1.7035823
-1.8680965,-1.6242096
-1.814402,-1.5562415
-1.7632757,-1.4941511
-1.7124479,-1.4145232
-2.9382794,-3.1367261
-2.8617804,-3.0502286
-2.784774,-2.9719753
-2.705116,-2.896132
-2.6337106,-2.8228505
-2.564927,-2.7548144
-2.4956505,-2.6945207
-2.4218159,-2.646918
-2.3464751,-2.5976284
-2.2832599,-2.5407434
-1.1142629,-1.2156057
-1.0989041,-1.1555028
-1.0770421,-1.0996624
-1.0599967,-1.0395164
-1.044439,-0.96187866
-1.038051,-0.8989041
-1.0179765,-0.8445641
-0.9990599,-0.80337125
-0.9799254,-0.76640904
-0.96081156,-0.7313521
-1.761949,-1.5071622
-1.6108674,-1.4093406
-1.4903871,-1.3158568
-1.3856822,-1.2234696
-1.2887151,-1.1372408
-1.1577368,-1.0565653
-1.0543846,-0.9766833
-0.9302438,-0.9009396
-0.83392537,-0.81825566
-0.69663924,-0.72013986
-1.3478409,-1.2754197
-1.2619429,-1.188304
-1.1734513,-1.0967045
-1.08635,-1.0062361
-0.99340093,-0.9173782
-0.9127796,-0.83011615
-0.8180857,-0.73344725
-0.72315955,-0.6382214
-0.6266241,-0.52946615
-0.5247916,-0.4004534
-1.3544989,-1.1820619
-1.276712,-1.042693
-1.1872634,-0.92567706
-1.0933733,-0.82594204
-1.0143336,-0.73659694
-0.9261774,-0.6361695
-0.84611106,-0.5449964
-0.7674023,-0.45882383
-0.68981,-0.36434755
-0.6121482,-0.27309513
-3.862673,-3.752547
-3.7599869,-3.6552975
-3.6648343,-3.5625446
-3.5645204,-3.473399
-3.482168,-3.3954837
-3.40204,-3.3220775
-3.3230836,-3.2486765
-3.2483835,-3.1822014
-3.177212,-3.1030192
-0.99095,-0.9411214
-0.93263394,-0.89651275
-0.8878151,-0.8625815
-0.84370816,-0.8224703
-0.80267817,-0.7802098
-0.7630755,-0.7420373
-0.7135053,-0.7037015
-0.67097396,-0.6644552
-0.62723124,-0.6244224
-0.6794124,-0.58912295
-0.5508764,-0.5213461
-0.4643454,-0.4719141
-0.35995513,-0.41996264
-0.266916,-0.36280727
-0.16747716,-0.2932571
-0.086216606,-0.22039327
-0.19321927,-0.2550773
-0.09955898,-0.16063142
0.00079240464,-0.06482142
0.11011875,0.022996128
0.20844576,0.085059226
0.3068092,0.14397413
0.40910986,0.19752175
0.5159888,0.26343423
0.62159204,0.321752
0.7269196,0.38031298
-2.479142,-2.63466
-2.4372494,-2.5809104
-2.3935413,-2.5319734
-2.3494418,-2.4833894
-2.3125713,-2.4386332
-2.2715392,-2.3974228
-2.2329683,-2.352445
-2.1978118,-2.301929
-2.1639082,-2.2457993
-2.3388216,-1.5779543
-2.1874294,-1.4976046
-2.0834277,-1.4206398
-1.9429187,-1.3384202
-1.8457319,-1.246496
-1.6903865,-1.1491559
-1.5674217,-1.045479
-1.4594586,-0.9770275
-1.3348757,-0.9166802
-1.2027887,-0.8488724
-1.4212222,-1.3716936
-1.3269405,-1.2995715
-1.2489942,-1.2332132
-1.1692133,-1.1593356
-1.0991833,-1.1052904
-1.0296136,-1.0635877
-0.9710531,-1.0228374
-0.9003234,-0.9699283
-0.8287799,-0.91939497
-2.6411383,-2.531209
-2.5889037,-2.4631672
-2.540253,-2.4027126
-2.4554608,-2.343087
-2.380197,-2.2843528
-2.3020732,-2.2209504
-2.38039,-2.5699239
-2.2396877,-2.4856553
-2.1083484,-2.4025996
-1.9749129,-2.3158376
-1.846304,-2.2269928
-1.7273645,-2.132009
-1.6110252,-2.0435586
-1.4911089,-1.9395878
-1.3785224,-1.8144631
-1.2713786,-1.6901412
0.49717826,0.597832
0.62282073,0.75341636
0.82614934,0.9025919
0.9760184,1.0388472
-1.5562567,-1.1668645
-1.4822732,-1.1178999
-1.4081105,-1.0704904
-1.3309182,-1.0256763
-1.2582337,-0.98926604
-1.1843573,-0.9503914
-1.1152532,-0.9100246
-1.049114,-0.86681837
-0.9802024,-0.8172914
-0.8989529,-0.7664014
-1.7994071,-1.8913531
-1.738325,-1.7787099
-1.6810197,-1.6648877
-1.6131237,-1.5487893
-1.5466862,-1.4328976
-1.4932998,-1.3268211
-1.4273797,-1.2135439
-1.3585901,-1.1035631
-1.2982252,-0.9971936
-1.2249647,-0.9009994
-2.7470582,-2.6104019
-2.60284,-2.5071282
-2.473245,-2.4044359
-2.3553925,-2.303395
-2.2478333,-2.1976686
-2.1323538,-2.09434
-1.9826864,-1.987123
-1.8269087,-1.9024057
-1.6945938,-1.8266358
-1.0521944,-0.9763286
-0.9483776,-0.92100763
-0.85443825,-0.8541018
-0.79182154,-0.7839206
-0.72853017,-0.70366883
-0.63890547,-0.5851322
-0.5217918,-0.49751335
-0.43186757,-0.42347217
-0.31895897,-0.48003715
-0.23470117,-0.40900862
-0.15366432,-0.34087658
-0.0738005,-0.26208872
0.009086706,-0.17107135
0.09739305,-0.086197436
0.1869113,0.007492721
0.27342713,0.077187
0.35232553,0.13637263
0.4177313,0.20050216
-1.6211448,-1.4658926
-1.5379318,-1.4077883
-1.4796329,-1.3460827
-1.426905,-1.2882001
-1.380582,-1.2280362
-1.3126782,-1.165606
-1.2583971,-1.1024611
-1.1799296,-1.0481517
-1.1084872,-0.99292237
-0.14851254,-0.5331507
-2.3842964,-2.2078238
-2.3343441,-2.1182382
-2.3092458,-2.0233145
-2.26055,-1.9296546
-2.2172651,-1.8457913
-2.153123,-1.7660418
-2.0868702,-1.6848567
-2.034105,-1.6096346
-1.9906557,-1.5348654
-1.5676619,-1.6093848
-1.0058606,-1.4495597
-1.1839268,-0.9595953
-1.1544566,-0.8851924
-1.1093822,-0.8222186
-1.0710359,-0.77923065
-0.99399173,-0.7442024
-0.9521855,-0.7130054
-0.90193135,-0.6849172
-0.86650044,-0.6470561
-0.82858187,-0.6063427
-0.7896299,-0.56910336
-3.1157022,-2.9542196
-3.0146935,-2.865113
-2.894563,-2.7767255
-2.801543,-2.688189
-2.687154,-2.6007252
-3.8424702,-3.3460052
-3.7063503,-3.2837102
-3.611949,-3.2225463
-3.479024,-3.1605792
-3.2729006,-3.0547943
-2.092317,-1.9560237
-2.0048916,-1.8962245
-1.9187065,-1.8428133
-1.8552129,-1.7908359
-1.7915007,-1.7367415
-2.4021435,-2.4151173
-2.3156576,-2.3235042
-2.2118425,-2.2151268
-2.136149,-2.1019173
-2.052109,-1.9965358
-1.9480366,-1.9024417
-1.8479463,-1.8106968
-1.7820783,-1.7209177
-1.7044185,-1.626313
-3.458109,-2.368155
-3.4062917,-2.3300545
-3.3407447,-2.2945795
-3.269261,-2.2569804
-3.1976523,-2.2178495
-3.1437588,-2.1765287
-3.0813541,-2.1342306
-3.0299392,-2.0915086
-2.9772687,-2.05104
-2.9261067,-2.011072
-2.8748386,-1.9734306
-2.8280635,-1.937257
-2.7816327,-1.9009852
-2.735816,-1.8628829
-2.68798,-1.8249578
-2.6308372,-1.7873333
-2.5789006,-1.7500238
-1.9046018,-1.875797
-1.8839316,-1.834425
-1.8644327,-1.7988439
-1.840573,-1.7648692
-1.8212517,-1.7311532
-1.8035043,-1.7025771
-1.7823967,-1.6737926
-0.050336834,0.016349435
-0.01344909,0.049816906
0.023041079,0.08366555
0.06411753,0.11130422
0.09726804,0.13815242
0.13504565,0.16284645
0.17285979,0.18656129
0.2110366,0.21021491
0.25262216,0.2334925
0.28944126,0.2582878
0.32955486,0.28312665
0.37036687,0.30673873
0.4125093,0.33058846
0.45240802,0.3540638
0.49404612,0.3789106
-1.5379318,-2.052167
-1.4408294,-1.9638438
-1.3230475,-1.8637679
-1.2314934,-1.7412226
-1.0936441,-1.6250844
-0.8784647,-0.31293184
-0.7769272,-0.25242203
-0.65687335,-0.19961548
-0.5316204,-0.14316678
-0.37850103,-0.08680081
-0.25209704,-0.032028437
-0.1426638,0.021610796
-0.043340616,0.07149428
-0.10601863,0.21992552
-0.04517924,0.27129728
0.013805514,0.32087713
0.07179884,0.36180383
0.12898816,0.39785832
0.18335196,0.42858952
0.23680574,0.4572273
0.28997123,0.4862408
0.3437438,0.51166135
0.39625216,0.5372953
0.44763112,0.5631327
0.49501905,0.58887225
0.54782414,0.61636263
0.59770435,0.6439889
0.6467973,0.6732767
0.69060427,0.70450073
0.73672193,0.7350616
-2.3666153,-2.2731218
-2.2842274,-2.1908448
-2.2035482,-2.0973997
-2.1260545,-2.0210407
-2.050404,-1.9420578
-1.9698217,-1.8535211
-1.9053587,-1.7874777
-1.8333095,-1.7390168
-1.7709104,-1.699754
-1.7091132,-1.6776252
-0.5912662,-0.3878531
-0.5536605,-0.33177182
-0.47610116,-0.28620836
-0.38456565,-0.24555057
-0.3027584,-0.20680708
-0.23136863,-0.16281927
-0.16769636,-0.113782555
0.2053084,-0.20787847
0.25880143,-0.16426206
0.30726424,-0.12975627
0.3572478,-0.09741014
0.4025538,-0.06597674
0.44269052,-0.03298682
0.48137683,0.004602015
-0.47861522,-0.463997
-0.45764324,-0.43982333
-0.43635488,-0.41827682
-0.41585138,-0.39397365
-0.39349297,-0.37112707
-0.37204617,-0.35102978
-0.35037285,-0.32605487
-0.33065557,-0.29591334
-0.31024793,-0.26254195
-0.2895747,-0.22941115
-0.26707846,-0.19770682
-0.24420601,-0.16651523
-0.22365871,-0.13743213
-0.20206112,-0.106419235
-0.18087463,-0.07570696
0.6814403,0.7152857
0.75206536,0.77493495
0.8169521,0.82424384
0.8777797,0.86950976
0.9544065,0.91658574
1.0622672,0.97848874
1.1825371,1.0406501
1.3877602,1.1534805
-0.57180566,-0.47078887
-0.5384463,-0.40734035
-0.42696303,-0.3389257
-0.36440215,-0.27155954
-0.26786804,-0.20948747
0.40934184,0.6356171
0.5123538,0.699992
0.60036355,0.76092595
0.70290047,0.8201286
0.81504357,0.87046796
0.915198,0.9130489
1.0260205,0.9540269
1.1306483,0.99577886
1.2674748,1.0356436
-0.66722596,-0.784925
-0.58877075,-0.7042632
-0.46554986,-0.63841105
-0.39765522,-0.5724825
-0.30995768,-0.50997615
-2.2217293,-2.6078517
-2.2001088,-2.5742056
-2.1871314,-2.5379622
-2.1749873,-2.4978845
-2.1553314,-2.4604592
-2.1471152,-2.4274716
-2.1282535,-2.3957896
-1.8571631,-2.1406229
-1.8524233,-2.1097083
-1.8490413,-2.0735357
-1.8433602,-2.0341394
-1.8388982,-2.0002677
-1.8363997,-1.9728065
-1.8321565,-1.948076
-2.8398685,-2.6530674
-2.7976446,-2.6180077
-2.7463355,-2.5797157
-2.6857393,-2.545002
-2.648497,-2.5151474
-2.6163542,-2.4908197
-2.5789351,-2.467197
-1.1989385,-1.3456428
-1.1682016,-1.2453699
-1.122549,-1.1654327
-1.0873406,-1.1115015
-1.021749,-1.0669587
-1.0011619,-1.0254499
-0.9468992,-0.9837961
-0.8740817,-0.94726384
-0.809646,-0.91153324
-0.7510312,-1.0207449
-0.71423125,-0.9496558
-0.67481035,-0.8892245
-0.6350408,-0.8491405
-0.5960542,-0.80675524
-0.5533884,-0.76932955
-0.49899957,-0.72064674
-0.42991468,-0.6690263
-0.7640506,-0.6172442
-0.70331746,-0.5509487
-0.6412822,-0.49943393
-0.57600355,-0.4458075
-0.5063809,-0.39025313
-0.429445,-0.3175367
-0.3693276,-0.2668178
-0.2863334,-0.18892393
-0.22577466,-0.12346566
-0.14676678,-0.024220169
-0.07223544,0.08562142
-0.8233849,-0.6658308
-0.7270772,-0.6091211
-0.6353376,-0.5481242
-0.5295521,-0.47963005
-0.42631385,-0.402302
-0.30113629,-0.33168143
-0.15160772,-0.2346294
-0.012010912,-0.11735016
0.11572699,-0.0080785155
-0.26393864,-0.26033354
-0.20015812,-0.16258812
-0.121548176,-0.07842839
-0.035904683,-0.0077566504
0.03060107,0.05861044
0.10793201,0.12615281
0.17782097,0.19111896
0.25484058,0.23605818
0.3203719,0.28232878
0.39633548,0.33096582
-1.9772198,-1.626956
-1.855143,-1.5697715
-1.719768,-1.510802
-1.5875984,-1.4464366
-1.4613831,-1.3671526
1.0029852,0.81515557
1.0174056,0.8573145
1.0276107,0.8904806
1.0362792,0.92255837
1.0451747,0.9537831
1.0519853,0.98123723
1.0567116,1.0072799
1.0632164,1.0268023
1.0680288,1.0476213
1.0708572,1.068757
-1.3247923,-2.0692606
-1.2629989,-1.953052
-1.201176,-1.8434916
-1.1404486,-1.7526257
-1.063357,-1.6652486
-2.090746,-2.4025996
-1.9602507,-2.3158376
-1.8374915,-2.2269928
-1.7172439,-2.132009
-1.5994895,-2.0435586
-0.42598173,-0.67422175
-0.4038845,-0.62860596
-0.3827449,-0.58986384
-0.36294332,-0.55258185
-0.34268722,-0.5181782
-2.8750994,-2.5822518
-2.8048904,-2.5085495
-2.7129016,-2.4356337
-2.637909,-2.3615618
-2.5506332,-2.2987084
-2.4468954,-2.2405992
-2.3811383,-2.185612
-2.3068252,-2.1206813
-1.3939769,-1.5569584
-1.2915051,-1.4776027
-1.2118225,-1.4128711
-1.1299571,-1.3525724
-1.0516831,-1.2859521
-2.7270362,-1.8621094
-2.566711,-1.8102341
-2.4115098,-1.7542748
-2.2193296,-1.693073
-2.0537472,-1.6203618
-2.0413275,-1.8418069
-1.9540806,-1.7850113
-1.87958,-1.7459848
-1.8096123,-1.7054331
-1.7319995,-1.6634905
-1.6613518,-1.6194613
-1.581757,-1.5734906
-1.5079571,-1.5229378
-1.4340757,-1.4722205
-1.3633287,-1.4223489
0.3366781,-0.8750183
0.35132483,-0.7625357
0.37758002,-0.6697734
0.39478305,-0.5812273
0.41877177,-0.49346033
-1.3255379,-1.5569584
-1.2130362,-1.4776027
-1.1315217,-1.4128711
-1.0219314,-1.3525724
-0.96071607,-1.2859521
-1.1270959,-1.0513542
-1.024401,-0.95978284
-0.9263969,-0.8776095
-0.8320428,-0.8097049
-0.73799014,-0.73961055
-0.6446507,-0.66534233
-0.555561,-0.58886117
-0.4651301,-0.5120025
-0.37901807,-0.4293514
-0.7695112,-1.7901468
-0.73032427,-1.7111211
-0.6918437,-1.6442974
-0.65339255,-1.5851519
-0.61426055,-1.5308058
-0.65651876,-0.088839054
-0.57023615,0.034555376
-0.49108806,0.14075238
-0.40003118,0.22629577
-0.31040803,0.32140392
-0.2269637,0.3963065
-0.12182328,0.4562785
-0.013280067,0.5164557
0.095022894,0.57100683
-1.282649,-1.4562573
-1.2263646,-1.3456428
-1.1719929,-1.2453699
-1.1139712,-1.1654327
-1.063763,-1.1115015
-1.0127625,-1.0669587
-0.9657229,-1.0254499
-0.9189488,-0.9837961
-0.864502,-0.94726384
-0.81819254,-0.91153324
-0.7320108,-0.784925
-0.69517964,-0.7042632
-0.6546718,-0.63841105
-0.62424374,-0.5724825
-0.584401,-0.50997615
-2.7414975,-2.5475922
-2.6258516,-2.4806895
-2.5321903,-2.4135678
-2.4503927,-2.3430073
-2.3752232,-2.275422
-2.3075597,-2.213085
-2.2317362,-2.1597216
-2.1442187,-2.1044285
-2.0364456,-2.0521781
-3.421539,-3.0438807
-3.359478,-2.9542196
-3.2631373,-2.865113
-3.174199,-2.7767255
-3.0490243,-2.688189
-0.8428925,-0.7253113
-0.7457836,-0.61818874
-0.6648117,-0.5240343
-0.5806196,-0.43178135
-0.4691014,-0.34252667
-0.38254318,-0.25819236
-0.2570446,-0.15976104
-0.12344737,-0.055022657
0.02687026,0.06641227
0.19067253,0.18949902
-0.023310428,-0.006120205
0.02301529,0.08960736
0.08877259,0.17268938
0.110311195,0.2371493
0.17493924,0.28956217
0.21921983,0.34190995
0.25983027,0.3900686
0.31817567,0.43984276
0.36411855,0.49030203
0.58433014,-1.7367175
0.65082824,-1.6963611
0.71395874,-1.654207
0.77246016,-1.6073449
0.83053106,-1.5559776
0.8865618,-1.4995164
0.94556135,-1.4359932
1.0002285,-1.3690436
1.0536109,-1.2942729
1.1109674,-1.2162421
-0.56970036,-0.6588762
-0.49591458,-0.6161115
-0.42046577,-0.5680732
-0.3500043,-0.52280116
-0.2825413,-0.47634202
-0.21195462,-0.4227269
-0.14232488,-0.37771538
-0.074893065,-0.3332659
-0.09589687,0.024930477
-0.03764209,0.11877352
0.07454459,0.21753788
0.14414087,0.324454
0.24718817,0.41973913
0.32604778,0.5050128
0.45712864,0.59458774
0.58719504,0.67224973
-3.3152528,-2.4966059
-3.2649562,-2.386681
-3.1761076,-2.2700248
-3.0832632,-2.1628027
-2.9987805,-2.062712
-2.9099698,-1.964186
-2.8302834,-1.8583658
-3.953388,-3.8577254
-3.7396033,-3.7537172
-3.5642092,-3.6390078
-3.4044802,-3.5096786
-3.2644968,-3.389148
-3.133605,-3.2728493
-3.0115206,-3.1530864
-2.8917193,-3.020932
-2.7758198,-2.9027333
-2.6551335,-2.7923028
-1.1938181,-1.7252474
-1.122245,-1.7004392
-1.0482297,-1.6700835
-0.979477,-1.6401474
-0.91890466,-1.5937057
-0.8544929,-1.5436444
-0.78322345,-1.4906552
-0.7031525,-1.4351258
-0.6326507,-1.3779409
-0.5857937,-0.4222065
-0.49819434,-0.3574382
-0.4344317,-0.30341822
-0.36768135,-0.2467488
-0.28777605,-0.19451725
-0.20619594,-0.14729577
-0.12570249,-0.09856123
-0.04662197,-0.05695051
0.024683734,-0.01910752
-1.3992745,-1.7238026
-1.3133198,-1.5995774
-1.2180594,-1.4669032
-1.1101794,-1.3338459
-0.9895716,-1.1939534
-2.4628544,-2.4151173
-2.2887776,-2.3235042
-2.1660676,-2.2151268
-2.1685796,-2.1019173
-2.074136,-1.9965358
-1.9302956,-1.9024417
-1.823612,-1.8106968
-1.7803359,-1.7209177
-1.7036933,-1.626313
0.4952296,0.5552977
0.55617934,0.6154452
0.60939455,0.66734034
0.6609154,0.7183221
0.71206915,0.7709022
0.7569159,0.8198628
0.806107,0.86655575
0.85508394,0.91477495
0.9067074,0.96345776
0.96255124,1.0157208
-1.3074538,-1.490725
-1.2530941,-1.4228308
-1.2017782,-1.361748
-1.1448574,-1.3072944
-1.1115987,-1.2580078
-1.0689149,-1.2106481
-1.0159937,-1.1697688
-0.9608086,-1.1324196
-0.8994046,-1.0933819
-1.4048121,-1.2946596
-1.3488587,-1.2304082
-1.2704622,-1.1588159
-1.1832231,-1.0917706
-1.1051751,-1.0142632
-1.0272139,-0.92238367
-0.9398007,-0.82029986
-0.8675666,-0.72629064
-0.79056376,-0.6193729
0.15203157,0.032481134
0.20357959,0.12004596
0.2694005,0.19125623
0.32855985,0.23969811
0.39588013,0.28416038
0.46546474,0.32782656
0.5347491,0.36779457
0.60765123,0.41372544
0.6758592,0.4707647
0.7489281,0.5238884
-2.6882973,-2.4473488
-2.5915105,-2.3585877
-2.508693,-2.275128
-2.4395971,-2.19555
-2.3749871,-2.1151443
-2.3133326,-2.04614
-2.2508416,-1.980623
-2.1876953,-1.9161108
-2.1222897,-1.845155
-0.50822353,-0.43947682
-0.3749897,-0.34160215
-0.22602046,-0.27697608
-0.095685594,-0.21874303
0.021658879,-0.1291072
-2.5184128,-2.6900759
-2.484652,-2.63466
-2.447667,-2.5809104
-2.407847,-2.5319734
-2.373225,-2.4833894
-2.3352144,-2.4386332
-2.2921162,-2.3974228
-2.2442598,-2.352445
-2.1900697,-2.301929
-1.955842,-1.2720816
-1.8804798,-1.2088767
-1.8045346,-1.1412337
-1.7582663,-1.0734527
-1.675394,-1.0088625
-1.6082157,-0.9438058
-1.5434169,-0.8719874
-1.4690375,-0.80679655
-1.3997201,-0.7442727
-1.3135213,-0.6712689
0.29464766,0.5126104
0.3463591,0.597832
0.44234526,0.6800899
0.5325202,0.75341636
0.6238621,0.8315771
0.7126324,0.9025919
0.8039502,0.97125787
0.9033438,1.0388472
1.024234,1.1035917
-2.8397775,-2.2342074
-2.6543581,-2.1319246
-2.46722,-2.0429459
-2.2844548,-1.96169
-2.1148932,-1.879813
-1.9386486,-1.8038969
-1.7790179,-1.7302938
-1.615503,-1.6628928
-1.4592779,-1.6003411
-1.314416,-1.5456514
-1.5043619,-1.5655622
-1.4445854,-1.46823
-1.3656111,-1.3716981
-1.2936668,-1.2846913
-1.2070519,-1.1950625
-1.1394057,-1.0983758
-1.0572623,-1.0191582
-0.98711777,-0.9385255
-0.9305024,-0.8419665
-2.2402132,-2.3093832
-2.240656,-2.2770154
-2.2423875,-2.247758
-2.2436192,-2.2270834
-2.244786,-2.2083464
-2.2462606,-2.1870775
-2.2482898,-2.1725104
-2.2505388,-2.1622255
-2.2527437,-2.1533058
-2.2549918,-2.1450036
0.059121422,0.3190722
0.1258958,0.40062404
0.23890622,0.45822936
0.37002116,0.5176905
0.45957172,0.5842368
0.6260324,0.6452145
0.76704454,0.7007267
0.90081894,0.76146895
1.0309005,0.82300884
-1.3187261,-0.9014726
-1.2316546,-0.8480283
-1.1463852,-0.80481446
-1.0700446,-0.76996124
-0.9746647,-0.7292913
-0.9269274,-0.68327504
-0.85015994,-0.63283384
-0.79462606,-0.58166546
-0.7376184,-0.5382121
-0.67283076,-0.48790294
-0.6311087,-0.43254083
-2.807342,-2.7849095
-2.6690648,-2.6404421
-2.5154626,-2.532513
-2.3707538,-2.4435935
-2.2390401,-2.3580592
-0.48653838,-0.46706533
-0.4380392,-0.38736603
-0.3842911,-0.32764128
-0.32064614,-0.283202
-0.24836002,-0.24875847
-0.1934875,-0.21221432
-0.12895373,-0.17052639
-0.069190644,-0.13130811
0.0023767296,-0.086494565
-0.085593246,-0.120422065
0.05869424,-0.02368313
0.25227842,0.09531742
0.41594398,0.22567153
0.5728777,0.36283088
-1.2673705,-1.2608477
-1.1667209,-1.089324
-1.0773276,-0.92948973
-0.9770949,-0.78445506
-0.8570713,-0.6565309
-1.946694,-2.0294738
-1.8970414,-1.9716046
-1.8490466,-1.9168937
-1.7988398,-1.8646264
-1.7540125,-1.81563
-1.7093781,-1.7710512
-1.6671431,-1.73104
-1.625966,-1.6920414
-1.5835713,-1.6512928
-1.6471153,-1.4486356
-1.5954238,-1.3761363
-1.5606704,-1.2975898
-1.5045794,-1.2230134
-1.4439666,-1.1578318
-1.4195825,-1.0890536
-1.3856441,-1.0276985
-1.3370839,-0.9745709
-1.2444927,-0.91162914
-2.1881807,-2.1073542
-2.0874798,-2.0015333
-2.0055752,-1.8862348
-1.911906,-1.7784226
-1.8452849,-1.6809502
-0.25658572,-0.71630394
-0.15399438,-0.623188
-0.04519813,-0.54451454
0.077568956,-0.4480316
0.19663522,-0.3309402
-1.2009556,-1.1840591
-1.1269171,-1.1201944
-1.0593141,-1.0550933
-0.9882108,-0.9978272
-0.915227,-0.95010287
-0.85502046,-0.90329456
-0.7933972,-0.85630244
-0.73920006,-0.80164236
0.06114782,-0.6513026
0.11512486,-0.5297067
0.16706297,-0.41649967
0.21964784,-0.32081327
0.27129292,-0.21477062
0.3245506,-0.08172545
0.3789521,0.05252731
0.43466803,0.14853698
0.49166244,0.23710924
0.54689574,0.32441306
-2.270703,-1.9569745
-2.0820153,-1.860218
-1.9304032,-1.7682016
-1.8129172,-1.6822178
-1.7113444,-1.5968463
-1.6337076,-1.5130825
-1.5590731,-1.4333494
-1.477794,-1.3621856
-1.4036989,-1.294414
-1.3339405,-1.2174225
-2.837013,-2.6840417
-2.7542586,-2.61389
-2.6697958,-2.5422344
-2.5983527,-2.4691973
-2.5269282,-2.3825822
-2.456646,-2.2940345
-2.3940952,-2.2008808
-2.3335683,-2.103594
-2.2755437,-2.0139995
-0.32818067,-0.18142909
-0.26511908,-0.10074392
-0.2121026,-0.025828421
-0.1531382,0.044611216
-0.0918884,0.08846527
-0.030310998,0.12788242
0.023711141,0.1600166
0.098189406,0.1993773
0.14676233,0.23721999
-1.9160424,-1.5155736
-1.7662175,-1.4211147
-1.6548483,-1.3362345
-1.5454617,-1.2503365
-1.4457912,-1.1750736
-1.3703953,-1.1025982
-1.289988,-1.0366943
-1.2180712,-0.9803331
-1.1392691,-0.92518276
-1.0581588,-0.85992914
-0.45515567,-0.41827682
-0.4078684,-0.37112707
-0.36518267,-0.32605487
-0.28019586,-0.26254195
-0.22193749,-0.19770682
-0.13774152,-0.13743213
-0.061079666,-0.07570696
0.004569833,-0.02726096
0.08081272,0.021406949
-1.740206,-1.498044
-1.6479897,-1.4274356
-1.5577611,-1.3172294
-1.4409925,-1.2412598
-1.3356808,-1.1768882
-1.2371756,-1.1281898
-1.1465238,-1.0659509
-1.0566872,-0.99990714
-0.976032,-0.9537727
-0.89887154,-0.90340817
-1.3132479,-1.3691576
-1.2285286,-1.2558929
-1.154453,-1.1317384
-1.0570579,-1.0238953
-0.96198565,-0.9475021
-0.8769719,-0.8861415
-0.7869591,-0.83965164
-0.6882958,-0.7958901
-0.5961117,-0.75149155
-1.7628263,-1.7171223
-1.5376606,-1.6474586
-1.4249666,-1.5788684
-1.3325245,-1.5109551
-1.2425803,-1.4489784
-1.1455286,-1.3782558
-1.0117592,-1.303108
-0.9277989,-1.2326975
-3.0869257,-2.6322799
-2.982671,-2.5124173
-2.8904815,-2.4040835
-2.8230116,-2.335049
-2.7616088,-2.2435925
-3.1648138,-3.1007395
-3.1116855,-3.041745
-3.063073,-2.9878266
-3.0084565,-2.9310982
-2.9489262,-2.8768387
-2.88763,-2.8261817
-2.8215585,-2.7782605
-2.751084,-2.7419803
-2.6793396,-2.7060053
-2.6038618,-2.6688845
-1.250719,-1.1823916
-1.1742612,-1.1061378
-1.0896418,-1.0514975
-1.0022645,-1.0084894
-0.92404336,-0.97247016
-0.85273,-0.933946
-0.7797038,-0.89217365
-0.714199,-0.8423425
-0.65256804,-0.7893446
-0.58679605,-0.7344683
-2.3566797,-2.9717815
-2.348885,-2.909875
-2.331342,-2.8434503
-2.311811,-2.775036
-2.2892392,-2.723879
-2.2680342,-2.680934
-2.2466342,-2.64162
-2.2254221,-2.60685
-2.2008219,-2.569058
-1.0588928,-0.9354122
-0.9547301,-0.8837316
-0.8447682,-0.8236736
-0.7466377,-0.7576015
-0.65322435,-0.689124
-0.5655291,-0.58861226
-0.4790926,-0.47669291
0.2550643,0.30707192
0.26846778,0.33854574
0.28659034,0.37916255
0.3079392,0.42463183
0.33250377,0.45625454
0.34719235,0.48678583
0.36547324,0.5108412
0.38709176,0.5361163
0.41134137,0.5650497
0.45559788,0.5990241
-1.9349849,-1.6060126
-1.883963,-1.5466977
-1.8009975,-1.5061755
-1.7223119,-1.4363194
-1.5474237,-1.308512
-1.370954,-1.1660492
-1.2025517,-1.0565507
-1.0600212,-0.96874595
-2.954426,-2.816427
-2.7123377,-2.648709
-2.332471,-2.4597325
-2.0620415,-2.2252412
-1.777617,-1.9392891
-0.05168925,-0.049630404
0.037491523,0.042304218
0.118971154,0.12551552
0.1997315,0.20864397
0.28716016,0.29597205
0.36136705,0.3817256
0.44828105,0.46832782
0.52705085,0.5510892
0.6113182,0.63385755
-2.5530763,-2.1133618
-2.457261,-2.0593896
-2.3734593,-2.0066059
-2.2611477,-1.9553277
-2.1972466,-1.9033196
-2.1250026,-1.8507714
-2.0662136,-1.7965722
-2.0257945,-1.7401583
-1.9891739,-1.6883101
-1.8495792,-1.7896123
-1.745185,-1.7181942
-1.6441151,-1.6418698
-1.5457702,-1.5650487
-1.457865,-1.4873519
-1.3658049,-1.4122883
-1.2737684,-1.3336189
-1.1954572,-1.256008
-1.1108427,-1.1883206
-1.0315355,-1.1259407
-2.945915,-2.6736085
-2.799894,-2.5759935
-2.6583295,-2.4849865
-2.5212932,-2.3693423
-2.4003088,-2.2650323
-2.2463772,-2.1653643
-2.124548,-2.068996
-2.0098832,-1.9871674
-1.8854806,-1.8959966
-1.9146215,-1.8719184
-1.8045377,-1.7840116
-1.7223355,-1.7208633
-1.6452793,-1.6682019
-1.5362569,-1.6139557
-1.423019,-1.5529442
-1.2957748,-1.5114777
-2.5032032,-2.2669716
-2.3770158,-2.1966515
-2.265065,-2.1151404
-2.2154372,-2.0178425
-2.1514215,-1.9286754
-2.0555413,-1.8348155
-1.9593587,-1.7616792
-1.8223764,-1.8832264
-1.7871163,-1.8217165
-1.7490015,-1.7646625
-1.6976373,-1.7115421
-1.6525255,-1.661392
-1.6106805,-1.6053958
-1.5678576,-1.548411
-1.5291078,-1.4882314
-1.487585,-1.429852
-1.4448353,-1.3744509
-1.4012336,-1.3196834
-1.3624707,-1.2651815
-1.3216046,-1.2068751
-1.2831616,-1.1443081
-1.2438799,-1.0947324
-1.1618344,-1.04871
-1.0876251,-0.9667436
-0.98167574,-0.8756276
-0.87675166,-0.77260345
-0.76644856,-0.6403033
-0.6463121,-0.48708346
-0.5178169,-0.3315174
-0.36735442,-0.17750758
-0.1950993,-0.035351276
-1.8601413,-3.4274468
-1.7033938,-3.2847712
-1.5344466,-3.1156828
-1.3720993,-2.9302697
-1.2777191,-2.744341
-1.6119003,-2.0457966
-1.596809,-2.0004888
-1.573401,-1.9593234
-1.5496205,-1.9191072
-1.5272009,-1.8741214
-1.5039654,-1.8303325
-1.4872185,-1.7836025
-1.4390286,-1.73739
-1.3980706,-1.695832
-2.7515266,-2.5359197
-2.5912976,-2.424544
-2.4224415,-2.3094683
-2.2759364,-2.196676
-2.1263394,-2.0886185
-1.9749401,-1.9818413
-1.8500265,-1.875041
-1.7133673,-1.7637901
-1.5824955,-1.6565082
-1.2639388,-1.2294841
-1.1797279,-1.1508179
-1.0866822,-1.0741465
-0.99857116,-1.0012252
-0.9111237,-0.93302256
-0.82619184,-0.87773216
-0.7429754,-0.82361495
-0.6547197,-0.7643104
-0.5707211,-0.6996669
-1.966333,-1.5175078
-1.8771193,-1.3418863
-1.7620595,-1.1763391
-1.6392149,-1.0307969
-1.5177784,-0.911752
-1.4134029,-0.7881577
-1.3046082,-0.6763851
-1.2083689,-0.57245296
-1.121497,-0.48088822
-1.0471542,-0.40039665
-0.61920744,-0.7050598
-0.7710116,-0.7896384
-3.9288201,-1.592
-2.1366715,-0.92369574
-0.3296066,-0.21330559
-0.24419506,-0.12917328
-0.17627901,-0.05300027
-0.10077396,0.010465324
-0.017132927,0.0728997
0.06042608,0.14509392
0.14297105,0.23711985
0.22341302,0.32580233
0.31014657,0.40848762
-1.7590836,-1.7452846
-1.6749392,-1.6545975
-0.4177967,-0.32988876
-0.34481165,-0.28444606
-0.28965855,-0.23551604
-0.2391483,-0.1840896
-0.19075678,-0.12887406
-0.14222647,-0.08291182
-0.088930406,-0.046572506
-0.029023372,-0.0020347834
0.033260316,0.04631585
-2.7275903,-2.6104019
-2.5867736,-2.5071282
-2.4921594,-2.4044359
-2.3715928,-2.303395
-2.2706041,-2.1976686
-2.1579099,-2.09434
-2.0041625,-1.987123
-1.8410848,-1.9024057
-1.7145844,-1.8266358
-0.7533282,-0.7526262
-0.6440068,-0.63683903
-0.54319686,-0.51992667
-0.44755188,-0.42311394
-0.35603577,-0.32774013
-0.2645415,-0.23604748
-0.17530282,-0.13795683
-0.091781355,-0.039186
-0.0064055966,0.051781774
-1.0556152,-0.81494623
-0.9727725,-0.74978155
-0.86093086,-0.6857257
-0.78156674,-0.637136
-0.6975163,-0.59851325
-0.589494,-0.5563391
-0.4862891,-0.5176272
-0.40563983,-0.48518097
-0.32319754,-0.45433176
0.08140583,0.0017976761
0.16520064,0.09608674
0.23948352,0.17527753
0.327099,0.27259284
0.40237385,0.3691941
0.51668876,0.45714873
0.5892216,0.5517474
0.6674553,0.6405117
0.7593717,0.71394616
-0.774227,-0.7431379
-0.7087447,-0.700739
-0.63161945,-0.66139615
-0.5608975,-0.62020653
-0.46071607,-0.57195014
-0.38519248,-0.5191391
-0.31461117,-0.4646089
-0.22157636,-0.41453877
-0.13498534,-0.36729914
-0.60793424,-0.65968543
-0.5051653,-0.53042686
-0.4335796,-0.46913284
-0.36548856,-0.4198292
-0.29768693,-0.36102614
-0.23168874,-0.30357033
-0.16865401,-0.24676692
-0.1063188,-0.18437606
-0.046381835,-0.112823814
0.012560277,-0.033971548
-1.7927241,-1.5689294
-1.7166024,-1.5085108
-1.634988,-1.4472048
-1.5601276,-1.3729769
-1.4792079,-1.2965126
-1.4048799,-1.2039509
-1.3354951,-1.0965925
-1.2625347,-1.0062344
-1.1941777,-0.9233864
-1.1276398,-0.84197325
-1.634462,-1.912446
-1.6056662,-1.8121483
-1.5930663,-1.732054
-1.5778391,-1.6601083
-1.53968,-1.5722711
-1.5270146,-1.4921691
-1.5006688,-1.4050196
-1.4915619,-1.3282535
-1.4634827,-1.2638469
-1.0306634,-0.86952907
-0.9567722,-0.82353055
-0.8879805,-0.7805117
-0.8237233,-0.74312824
-0.76481473,-0.7114404
-0.70854396,-0.6735649
-0.6657039,-0.63364124
-0.6181299,-0.593037
-0.57183474,-0.5431521
-1.5358431,-1.4568893
-1.452389,-1.3699182
-1.3765091,-1.2915182
-1.3001593,-1.2187679
-1.2283467,-1.1291256
-1.1624937,-1.033658
-1.0958353,-0.9652844
-1.0315355,-0.91518974
-0.9709151,-0.87123275
-2.2023382,-2.116352
-2.0379891,-2.0236263
-1.8907996,-1.9521329
-1.8043133,-1.9149868
-1.6419041,-1.8459599
-1.5493314,-1.7972941
-1.446835,-1.7374573
-2.407417,-2.1620772
-2.352745,-2.1193244
-2.268272,-2.0730913
-2.1814337,-2.0251403
-2.0849504,-1.9742723
-2.0008178,-1.917048
-1.9379368,-1.8596871
-1.8510731,-1.7991631
-1.7807274,-1.7369235
-3.103302,-2.6482484
-2.9954386,-2.5699239
-2.88653,-2.4856553
-2.8048904,-2.4025996
-2.7245886,-2.3158376
-2.6543014,-2.2269928
-2.5693471,-2.132009
-2.4854372,-2.0435586
-2.3953822,-1.9395878
-2.4759824,-2.5190194
-2.4118226,-2.4665933
-2.3833175,-2.4109373
-2.375915,-2.3542292
-2.3492894,-2.2851174
-1.7849394,-1.686604
-1.7585886,-1.6097715
-1.6971391,-1.5183945
-1.6762972,-1.4160528
-1.6409388,-1.3087455
-1.5643698,-1.2232325
-1.5245806,-1.1623192
-1.4447606,-1.1050787
-1.4098765,-1.0371864
-1.3606656,-0.93560046
-0.51372766,-0.54938143
-0.45578444,-0.49268472
-0.39778417,-0.43947682
-0.3497218,-0.38717982
-0.2980001,-0.34160215
-0.2472076,-0.30666065
-0.20059447,-0.27697608
-0.1570536,-0.24756038
-0.1072621,-0.21874303
-0.6389271,-0.61187726
-0.5954344,-0.53150904
-0.5320934,-0.46245754
-0.46903494,-0.3848337
-0.39261895,-0.30845505
-0.3164565,-0.23734069
-0.24972256,-0.17480808
-0.1900266,-0.12342924
-0.12516162,-0.07947624
-0.06633778,-0.032577276
-1.3381234,-1.437248
-1.2730081,-1.3747022
-1.2021253,-1.3081849
-1.12235,-1.2218966
-1.0384347,-1.1589209
-0.96424186,-1.1017435
-0.8779401,-1.0379224
-0.78131485,-0.97042453
-0.6909004,-0.8946374
-0.5975279,-0.81648743
-0.87765336,-0.8614487
-0.8273138,-0.788248
-0.7680656,-0.71229756
-0.69499135,-0.6324915
-0.626555,-0.56650627
-0.55776167,-0.5062183
-0.49092296,-0.4499161
-0.42523158,-0.3998141
-0.3620628,-0.35036305
-0.30114055,-0.29763764
-0.12834452,-0.032289326
-0.07564321,0.016032279
-0.021925507,0.065276325
0.030834906,0.11950511
0.08662879,0.17141217
0.13971134,0.22339785
0.18978125,0.26461864
0.24815744,0.3045668
0.3040888,0.34204632
-0.22313742,-0.18370825
-0.115610436,-0.118044555
-0.031610567,-0.04195869
0.047459614,0.04813963
0.13171484,0.14475387
0.20894015,0.23259264
0.2797062,0.31657237
0.3656936,0.39732486
0.4357017,0.48294693
-1.5262383,-1.3660196
-1.4407781,-1.2311783
-1.3629662,-1.1144489
-1.2859265,-1.0306362
-1.1940612,-0.9450644
-1.0808887,-0.8536828
-0.94929886,-0.77029455
-0.84446764,-0.7091335
-0.74140465,-0.65107924
-1.5277861,-1.3199207
-1.3838277,-1.2323956
-1.2794423,-1.1560559
-1.1723852,-1.0667228
-1.0555058,-0.97486943
-0.92456156,-0.8775741
-0.79169565,-0.781335
-0.6585459,-0.68504584
-0.5262828,-0.5907093
-1.2974038,-1.1875741
-1.1763089,-1.1057804
-1.0719745,-1.0178905
-0.9462129,-0.9333285
-0.8242283,-0.8282715
-0.6386348,-0.7387586
-0.54184204,-0.6482971
-0.43830967,-0.5646616
-0.28341213,-0.48663706
-0.1867735,-0.4137591
0.03971705,-0.3406691
0.24009828,-0.27256542
0.55358875,-0.21110377
-2.2001383,-1.5143125
-2.0807588,-1.3934474
-1.9468983,-1.3210046
-1.7668189,-1.2361836
-1.6702647,-1.1752563
-1.5542704,-1.1057198
-1.4094578,-1.0103996
-2.01829,-1.9062817
-1.941793,-1.8005054
-1.8290992,-1.6978915
-1.7527443,-1.5986068
-1.653793,-1.5203643
-1.5579172,-1.4447293
-1.4649447,-1.3695185
-1.3415499,-1.2939358
-1.2264727,-1.227417
-1.1179113,-1.1659849
-1.0227456,-1.1064541
-0.894824,-1.0444938
0.58320135,0.76154035
0.6163023,0.7862528
0.6608836,0.82039183
0.708903,0.8564246
0.7468299,0.8873078
0.7663946,0.905508
0.78750044,0.92872876
0.8080266,0.94753283
-2.064966,-0.9228571
-1.950227,-0.72765976
-1.8858199,-0.50655097
-0.8221514,-1.0095854
-0.76897275,-0.9140848
-0.6865626,-0.82406116
-0.61551416,-0.74128586
-1.6863638,-1.6777618
-1.5691329,-1.6066434
-1.3988106,-1.5375748
-1.1010544,-1.4718974
-0.9448408,-1.4130926
-0.42807952,-0.2962606
-0.31907025,-0.18807885
-0.24395889,-0.09147844
-0.13293839,0.0073541403
-0.059730686,0.11163986
0.10794022,0.23535699
0.28104666,0.385211
0.4117155,0.5244512
0.6092547,0.67293483
0.8130853,0.81906754
0.91466033,0.96374446
-1.5426242,-2.0555804
-1.4133856,-1.9980092
-1.3615471,-1.9317889
-1.3172532,-1.851165
-1.1955003,-1.7651947
-0.449904,-0.7593912
-0.40809897,-0.68384445
-0.36527365,-0.61754006
-0.32520592,-0.56628907
-0.27892685,-0.528352
-0.22492777,-0.4884913
-0.16768786,-0.41511518
-0.11187018,-0.32717925
-0.058189865,-0.2529469
-0.0040601506,-0.20663238
-1.0793755,-1.1914315
-1.0514799,-1.1283549
-1.0278734,-1.0723295
-0.9516367,-1.0208544
-0.88604236,-0.9768444
-2.2270586,-2.3152263
-2.158893,-2.2389948
-2.0461018,-2.164898
-2.012116,-2.094072
-1.9636493,-2.029923
-1.31249,-0.49609327
-1.1361161,-0.3855933
-0.8198767,-0.21969515
-0.63472027,-0.095385075
-0.2662732,-0.0038288236
-0.11160684,0.20707649
0.004133549,0.37801814
0.16610841,0.5369957
0.33076996,0.643231
0.49963441,0.72126466
0.7550037,0.78864497
0.9187455,0.8425682
-0.4040089,-0.20788878
-0.3022549,-0.15563709
-0.20047213,-0.111178875
-0.096904285,-0.07883501
0.002117589,-0.04335159
0.108121,0.0082060695
0.22187221,0.068618
-2.349741,-1.6393573
-1.8788692,-1.543882
-1.2897444,-1.4041259
-0.8789838,-1.2630752
-2.4897008,-2.1409218
-2.4720948,-2.1172616
-2.4274173,-2.081862
-2.3976252,-2.0495336
-2.3697217,-2.0293102
-2.2925003,-1.9834819
-2.2048056,-1.9374623
-2.127709,-1.8906338
-1.1930594,-1.1995285
-0.99723375,-1.1419945
-0.9153011,-1.082051
-0.7388201,-1.0006082
-0.6396249,-0.9104545
0.49421906,0.5199997
0.5044985,0.56205374
0.52165955,0.59773356
0.54132813,0.6300381
0.5636756,0.65553147
0.5869268,0.68147737
-0.27003697,-0.23430476
-0.23539126,-0.19019663
-0.2070094,-0.14672512
-0.18023643,-0.10582125
-0.14177498,-0.06311107
-0.09659471,-0.020222902
-0.060376614,0.022280753
-0.020898404,0.06235224
0.005535584,0.10402
0.0149249835,0.14258486
-0.5302749,-0.842314
-0.51171684,-0.81627977
-0.49751595,-0.7916286
-0.48309284,-0.7661742
-0.46043175,-0.7409134
-0.4407252,-0.71196645
-0.42672724,-0.6818007
-0.40846485,-0.65451396
-0.3903243,-0.62723154
-3.6948788,-2.8434503
-3.398798,-2.7182574
-3.20842,-2.64162
-3.0530434,-2.569058
-2.9037702,-2.4814584
-2.7525475,-2.392918
-1.0099691,-1.2121917
-0.967629,-1.1546916
-0.9284991,-1.1007206
-0.867241,-1.0486152
-0.7945966,-0.99250686
-0.7429688,-0.9311458
-0.66943735,-0.8597713
-0.62283486,-0.7742882
-0.5437414,-0.6799283
-0.4827527,-0.59137666
-0.39475578,-0.50030774
-0.3066357,-0.40801919
-0.2596049,-0.328133
-0.20158227,-0.2554708
-2.0864973,-1.7954631
-2.075313,-1.7403631
-1.8280346,-1.6183195
-1.7007233,-1.5380137
-1.4547849,-1.4451957
-1.3093637,-1.3577712
-1.1429011,-1.2944545
-3.256027,-2.2111368
-3.183774,-2.0921786
-3.093852,-1.947736
-3.0201678,-1.8051171
-2.931924,-1.6406069
-1.154798,-0.97408134
-1.0669696,-0.8796401
-0.96250004,-0.7876847
-0.9021576,-0.6931083
-0.8315243,-0.6025353
-1.530766,-1.3216166
-1.3866838,-1.2344573
-1.2797929,-1.1563946
-1.1737947,-1.0678203
-1.0564239,-0.9756065
-0.9282886,-0.8801923
-0.7942185,-0.7831495
-2.2367766,-2.3749228
-2.0719311,-2.2980168
-1.9662732,-2.223614
-1.8575263,-2.1579764
-1.7429273,-2.0906582
-1.6839374,-2.0411007
-1.5705761,-1.9929066
-1.4531201,-1.9516368
-1.3573023,-1.9114318
-1.2465657,-1.8640649
0.13731125,-0.3605975
0.28186205,-0.16758877
0.3788071,-0.043958724
0.522322,0.19327265
0.6589198,0.34614176
0.7551663,0.45892817
0.8266339,0.54114014
0.9503306,0.68173593
1.0107498,0.7555327
-2.3296738,-2.147365
-2.2897236,-2.07809
-2.2550094,-2.0035346
-2.2036057,-1.9302211
-2.1460855,-1.85816
-2.0718098,-1.7875493
-2.003178,-1.7046006
-1.9391516,-1.6269403
-1.8595484,-1.5503892
-2.2088299,-2.0413888
-2.099786,-1.9628844
-2.0287657,-1.8801277
-1.9350406,-1.7916079
-1.8492304,-1.7368157
-1.7519352,-1.6715677
-1.6816214,-1.631366
-1.5960087,-1.590231
-1.5293409,-1.5507917
-1.4326124,-1.4978578
-1.3742901,-1.46819
-1.2938604,-1.4203663
-1.1965826,-1.3601289
-0.3490824,-0.28192583
-0.053426538,-0.062251866
0.11273099,0.13060135
0.23665735,0.2642119
0.32774106,0.37109137
0.40594462,0.45542914
0.47137085,0.52372545
0.52704376,0.58991724
0.57591736,0.637546
0.62127054,0.6928883
-0.74956834,-0.80387414
-0.6505481,-0.6736927
-0.5655483,-0.5894803
-0.5021234,-0.51780826
-0.44838342,-0.43503517
-0.39688307,-0.33660716
-1.3892702,-1.3031268
-1.0690633,-0.9939229
-0.9759069,-0.9079242
-0.88163316,-0.8485816
-0.79688466,-0.78637016
-0.6923301,-0.6998186
-0.60933334,-0.6377511
-0.5307513,-0.5664844
-0.44045427,-0.5077582
-0.3766168,-0.44927227
-0.32084513,-0.433719
-1.9808556,-1.3814728
-1.8603561,-1.352773
-1.7326614,-1.2971604
-1.6515331,-1.2573197
-1.5726705,-1.2122095
-1.5074943,-1.1862879
-1.443065,-1.1480298
-1.3836668,-1.1214743
-1.3222411,-1.1000545
-1.2516304,-1.0758169
-1.1847465,-1.0390775
-0.65481484,-0.6465989
-0.60894865,-0.57075477
-0.5628006,-0.502095
-0.5089324,-0.43547505
-0.45005372,-0.3895439
-0.39651588,-0.34167272
-0.3390787,-0.29158226
-0.28203472,-0.24393669
-0.23073395,-0.17507535
-0.18535547,-0.098369956
-0.11637088,0.04605812
-0.66300493,-0.7814237
-0.61724293,-0.74467075
-0.58130896,-0.7088741
-0.5388774,-0.67544067
-0.49849236,-0.63576305
-0.4582868,-0.5968933
-0.4128854,-0.5592613
-0.3654822,-0.5282581
-0.33009225,-0.48991913
-0.28720927,-0.45860368
-0.23792186,-0.42425013
-1.0730425,-0.8931313
-0.9846207,-0.8163227
-0.8970979,-0.7378473
-0.8012285,-0.6388602
-0.70909923,-0.5338736
-1.243624,-0.10665992
-1.2354269,-0.02656883
-1.1696316,0.039676547
-1.1298345,0.094414294
-1.0606501,0.13143176
-1.8944181,-1.7684312
-1.8162525,-1.7033029
-1.7344083,-1.6350684
-1.6496658,-1.5684645
-1.5823178,-1.5019319
-1.4870527,-1.442995
-1.428971,-1.3935254
-1.3450186,-1.339695
-1.2754946,-1.2869282
-1.2136456,-1.2339935
-1.137933,-1.1742032
-1.0741814,-1.1181796
-0.35651696,-1.7003224
-0.33448097,-1.6713798
-0.2919992,-1.6209786
-0.21328284,-1.5144742
-0.17432888,-1.4475396
-0.11512204,-1.3295913
-0.030890623,-1.1998628
0.023213781,-1.1159976
0.061645962,-1.0600578
0.11374536,-0.98906845
0.16954216,-0.91752386
0.20483455,-0.8723343
-1.0073042,-1.05609
-0.9636543,-1.0256221
-0.9099391,-0.9922024
-0.87396073,-0.96056914
-0.8162842,-0.92268085
-0.7833315,-0.8769803
-0.7374138,-0.82498
-0.7107953,-0.7650852
-0.6774943,-0.7127659
-1.6437149,-1.9521875
-1.5625552,-1.8884912
-1.483934,-1.8140552
-1.4053881,-1.744869
-1.3287239,-1.6857228
-1.2533798,-1.6112854
-1.1821295,-1.5284641
-1.1108427,-1.4428041
-1.0437429,-1.3520944
-0.9769543,-1.259403
-0.9123005,-1.1372988
-0.84934396,-1.0199848
-3.0029702,-2.7673638
-2.922743,-2.7022388
-2.843094,-2.6278174
-2.7680542,-2.5396185
-2.6903942,-2.4490073
-0.2203103,-0.71285576
-0.09307378,-0.6855359
0.014813042,-0.6626878
0.123662814,-0.64103824
0.24259256,-0.617133
0.35583752,-0.59446955
0.4599926,-0.5749196
0.5564174,-0.55184263
0.64541864,-0.5311069
0.97333646,1.0268171
1.0100563,1.0760026
1.0571364,1.1198597
1.1079565,1.1682904
1.1784176,1.2303648
1.2545416,1.3003652
1.2715223,1.3159759
1.3674686,1.3957229
1.4180082,1.4336903
1.4876906,1.4834626
-1.0299978,-0.43170172
-0.95706105,-0.3302205
-0.83155376,-0.24534646
-0.6795949,-0.15751255
-0.5256905,-0.060748935
-0.4184575,0.05465746
-0.30776623,0.19830853
-0.14592288,0.36548626
0.00021490038,0.5561214
-0.34196952,-0.14454591
-0.21236163,0.01815039
-0.088050015,0.18239218
0.05346896,0.35539573
0.16634022,0.5136849
0.28698507,0.6183376
0.39736244,0.7077789
-0.6838969,-1.0686116
-0.6079445,-1.0191362
-0.52497166,-0.9661161
-0.4612596,-0.9303727
-0.382002,-0.88763005
-0.62998176,-0.76485455
-0.5674051,-0.7047318
-0.49878082,-0.64582956
-0.43210888,-0.58433414
-0.36823675,-0.5207643
-0.3101468,-0.4474892
-1.4895962,-1.3690292
-1.3638767,-1.2856208
-1.2404784,-1.1893842
-1.1151619,-1.0989895
-0.9918146,-1.0161395
-0.86926883,-0.92719096
-0.747386,-0.8403853
-0.626186,-0.737525
-0.8753695,-0.7443725
-0.794291,-0.6923255
-0.7312221,-0.63946277
-0.60927665,-0.5795085
-0.42931598,-0.51696587
-0.80064756,-0.52822584
-0.7146892,-0.43264174
-0.66907555,-0.33762443
-0.5838591,-0.26887155
-0.5012107,-0.21108627
-0.41079012,-0.16183233
-0.34608695,-0.11396459
-0.26841238,-0.07145417
-0.19353513,-0.034304917
-0.120889716,-0.0065570474
-2.533035,-1.864955
-2.439837,-1.7246242
-2.36249,-1.608043
-2.2802036,-1.4838717
-2.2211869,-1.3471012
-2.3355196,-1.5408586
-2.2007468,-1.486228
-2.0985954,-1.4702623
-2.0117054,-1.4006714
-1.9461266,-1.3765695
-1.9113758,-1.3622229
-1.8753666,-1.3476968
-1.8429632,-1.3380762
-1.8142567,-1.3268888
-1.7820101,-1.32044
-1.753322,-1.3111923
-1.7250464,-1.3024611
-1.6979082,-1.2959096
-1.6674006,-1.2880582
-1.630362,-1.2671916
-3.0558362,-2.6247966
-2.892368,-2.4634626
-2.7530138,-2.3031397
-2.5770283,-2.1312914
-2.3770995,-1.957412
-2.2942977,-1.5330466
-2.17551,-1.4537535
-2.0539107,-1.36976
-1.9947258,-1.2945031
-1.823269,-1.222204
-1.7022212,-1.1478901
-1.5991385,-1.0826657
-1.4746346,-1.0147991
-1.3591615,-0.9459709
-0.38008434,-1.0724037
-0.33983514,-0.9923688
-0.279707,-0.9035616
-0.21806788,-0.8127596
-0.166024,-0.72684824
-0.09720182,-0.6437816
-0.027232274,-0.5558493
0.055375155,-0.47190893
0.13085845,-0.40350685
1.2928289,1.0447485
1.3502733,1.0970182
1.4353373,1.15398
1.5480183,1.2126756
1.6990185,1.266808
1.8363631,1.3205769
2.0031843,1.3792844
2.139422,1.4401176
-1.6069465,-1.9395268
-1.5623083,-1.8813012
-1.4398311,-1.8289919
-1.3664292,-1.7762613
-1.2484206,-1.7169659
-1.1714906,-1.6604333
-1.1094564,-1.6098309
-1.0168122,-1.5588133
-0.9471243,-1.511832
-0.8715609,-1.4703522
-0.8004187,-1.429254
-1.4985464,-1.2996364
-1.4593495,-1.274662
-1.4075123,-1.2461039
-1.3653587,-1.2123762
-1.3206133,-1.1735697
-1.2781574,-1.129783
-1.2401037,-1.0864601
-1.203924,-1.0502888
-1.168795,-1.013032
-1.1311357,-0.9790874
-1.0964818,-0.94988066
-1.0609527,-0.9227997
-1.0265176,-0.89258075
-0.99101883,-0.8597671
-0.9571526,-0.8227164
-0.9245632,-0.7858063
-0.8883907,-0.75043774
-0.81760484,-0.43318045
-0.77846044,-0.40245786
-0.73608017,-0.3656759
-0.69497555,-0.32650036
-0.6598141,-0.28482634
-0.62434036,-0.24130976
-0.59023225,-0.19844508
-0.5604841,-0.15635914
-0.52792794,-0.10220608
-0.49852803,-0.056686282
-0.4713536,-0.015517831
-0.44177195,0.020821393
-0.41355148,0.057061255
-0.3843519,0.09507358
-0.34878305,0.13178754
-0.4113139,-0.41954267
-0.36947256,-0.37833267
-0.33268234,-0.3396653
-0.29274306,-0.3075071
-0.25168243,-0.28323385
-0.21603042,-0.2642799
-0.17838751,-0.24508524
-0.1387716,-0.2260646
-0.10219431,-0.20474848
-0.06507576,-0.18194667
-0.03120007,-0.15941927
0.003333771,-0.13698
0.039208595,-0.1157774
0.07463521,-0.094855756
0.10905608,-0.06986594
0.11267188,0.023364007
0.12189343,0.07171744
0.1345587,0.11689085
0.14591363,0.163477
0.16675931,0.20843607
0.1855207,0.25342268
0.20520242,0.29652774
0.22461955,0.33414286
0.24621733,0.36797982
0.26396754,0.39858073
0.28358892,0.4278741
0.29995328,0.45578605
0.31712243,0.48359174
0.3324031,0.50969297
0.34870523,0.535955
0.36775333,0.56135124
0.3852064,0.5861613
-1.4966927,-1.3769494
-1.3971745,-1.3242302
-1.3029294,-1.2695897
-1.212794,-1.2091517
-1.1152494,-1.1461301
-1.0350335,-1.0801511
-0.9450277,-1.0161753
-0.86871755,-0.9439112
-0.7860207,-0.8529945
-0.7089567,-0.7326919
-0.63624334,-0.60201627
-0.6750062,-0.7391015
-0.6366329,-0.71325004
-0.5932646,-0.68474257
-0.5602604,-0.6527749
-0.52349156,-0.6182351
-0.48491994,-0.5839774
-0.44934848,-0.54558825
-0.41285637,-0.508036
-0.37850028,-0.4744771
-0.3475478,-0.44231892
-0.30803972,-0.40794823
-0.27571937,-0.37221482
-0.2412023,-0.33544248
-0.20938957,-0.3027943
-0.17508651,-0.27136177
0.39207023,-0.23318833
0.46056825,-0.1818457
0.52827066,-0.12901422
0.59630764,-0.07233155
0.6640234,-0.015506566
0.7318947,0.043811142
0.80052495,0.10512924
0.86973715,0.15797848
0.94023323,0.21126175
1.0121738,0.25692815
1.0864427,0.2984004
1.163553,0.3388905
1.2447842,0.37549716
0.860077,0.47327667
0.88147354,0.5017784
0.90219074,0.5276111
0.92476654,0.55465084
0.9466159,0.5808218
0.9714515,0.6076116
0.99385333,0.6362789
1.0178003,0.6648087
1.0428039,0.69396096
1.0655787,0.7233978
1.0879443,0.75026685
1.1132576,0.7770596
1.1366575,0.80405456
1.1625441,0.8317297
1.1880932,0.8595759
-1.3344203,-1.7011926
-1.2635653,-1.6357903
-1.1938434,-1.5853305
-1.1128994,-1.5347056
-1.0181382,-1.4850309
-0.94377,-1.4376528
-0.40332505,-0.41776222
-0.3824366,-0.39540926
-0.36191243,-0.37179005
-0.34282863,-0.34952062
-0.32185325,-0.32406047
-0.3005823,-0.29909483
-0.2814327,-0.27371898
-0.26239932,-0.25137228
-0.24185249,-0.22725475
-0.22275664,-0.2029829
-0.20339458,-0.17966121
-0.18366422,-0.15711126
-0.16542828,-0.13418534
-0.14621003,-0.11033821
-0.12752703,-0.08447686
0.8038773,0.62257594
0.8423601,0.65887314
0.878799,0.69259745
0.92057216,0.719673
0.9600625,0.74265367
1.0069371,0.7651759
1.0456418,0.78645307
1.0864819,0.8068165
1.1285192,0.8260446
1.1712891,0.84283406
1.2128985,0.8593218
1.2534239,0.8762458
1.2983512,0.89338213
1.3446404,0.9073077
1.3845081,0.92111593
-0.38848364,-0.7240951
-0.30180794,-0.63495475
-0.21067767,-0.5394357
-0.1311486,-0.36699918
-1.1038791,-0.9786044
-1.0301502,-0.9323613
-0.9588155,-0.8884058
-0.8855915,-0.8491027
-0.8165047,-0.8061699
-0.75067085,-0.7585336
-0.6849105,-0.7102885
-0.62510693,-0.65641105
-0.56974226,-0.60559255
-0.50994253,-0.54439884
-0.4563771,-0.47817934
-0.40411335,-0.4108076
-3.030341,-2.7600584
-2.999255,-2.6947737
-2.9704595,-2.6363647
-2.9450397,-2.5775821
-2.921238,-2.523839
-2.8990448,-2.4647448
-2.869263,-2.3985126
-2.8418293,-2.3290145
-2.816301,-2.2600749
-1.0371023,-1.0064297
-0.9665029,-0.94380045
-0.905316,-0.8701539
-0.8297065,-0.7886553
-0.7643526,-0.7152535
-0.70227957,-0.6587256
-0.64258814,-0.60514987
-0.5831844,-0.55605125
-0.51384306,-0.5057582
-1.2370815,-1.2239996
-1.1509533,-1.1246201
-1.0681894,-1.0376885
-0.976274,-0.9508738
-0.88933575,-0.86243963
-0.7922903,-0.78005654
-0.6974255,-0.6902438
-0.6002472,-0.58170485
-0.50243324,-0.43692476
-0.40033326,-0.2677201
-2.8167167,-2.4012833
-2.7400177,-2.3083982
-2.6633623,-2.2090728
-2.5872283,-2.1184282
-2.5171463,-2.023683
-2.4447296,-1.9359353
-2.382656,-1.8631632
-2.316341,-1.7880518
-2.25356,-1.7146409
-1.9691961,-2.3811882
-1.8425112,-2.3290086
-1.7485393,-2.2754235
-1.6490573,-2.2156646
-1.6088116,-2.1546156
-1.5012311,-2.0820541
-1.3805931,-2.010611
-1.2952892,-1.9216661
-1.1865556,-1.8078423
-2.716419,-2.5702875
-2.5623355,-2.5064175
-2.4409978,-2.4373286
-2.335382,-2.361088
-2.2419488,-2.2803345
-2.156673,-2.189495
-2.0586798,-2.0984652
-1.9495668,-2.0109386
-1.8381487,-1.9262843
-1.5398653,-1.0452881
-1.4853011,-1.0107161
-1.4315239,-0.97421515
-1.3815334,-0.943713
-1.3372161,-0.90969974
-1.2890599,-0.87546873
-1.2387803,-0.843289
-1.199245,-0.81044286
-1.1573616,-0.78541666
-1.2207367,-1.475358
-1.1719927,-1.4013073
-1.123511,-1.3449217
-1.0761204,-1.2934897
-1.0299414,-1.2403288
-0.9843309,-1.1830649
-0.9397221,-1.1143683
-0.8958941,-1.0573751
-0.85272044,-1.007151
0.28520784,-0.1239087
0.38572598,-0.02536863
0.49320316,0.058197796
0.59353936,0.12737137
0.6856827,0.19645584
0.7640108,0.27261716
0.83926976,0.34196848
0.9124823,0.4064166
0.98578537,0.46671182
1.0517987,0.52764946
-1.9684504,-2.5660563
-1.9049267,-2.495497
-1.8531699,-2.436172
-1.8122282,-2.3802536
-1.7673042,-2.3236883
-1.734357,-2.2650192
-1.8586551,-2.4953513
-1.7472655,-2.4200828
-1.6357149,-2.3426135
-1.532205,-2.2637389
-1.4342424,-2.188905
-1.3324524,-2.1029441
-1.2362763,-1.9906166
-1.1507576,-1.8597629
-1.0582579,-1.730231
-0.9696223,-1.5971925
-0.77606684,-0.74868274
-0.63386536,-0.6085675
-0.4963144,-0.45601922
-0.35657963,-0.30279273
-0.22777387,-0.16085953
-0.10064984,-0.051977932
0.022959512,0.037941694
0.14550163,0.13022262
0.26686627,0.21984702
0.39404225,0.3112501
0.5023041,0.09101468
0.61136115,0.2526533
0.71798885,0.38432115
0.8448125,0.49053532
0.94884837,0.5863777
1.0670865,0.67766005
1.1954908,0.76023465
1.3146298,0.8379522
-3.2338977,-3.5021384
-3.1347682,-3.4234943
-3.0326066,-3.3483973
-2.939677,-3.2659965
-2.845946,-3.1867092
0.6780882,0.52538186
0.73685706,0.5830086
0.79860234,0.6400278
0.8526491,0.6972893
0.919035,0.75604516
0.97181886,0.81483966
1.0479393,0.8742146
-0.30808866,-0.46997908
-0.16920546,-0.31561017
-0.049308546,-0.15686834
0.0575176,-0.032824755
0.18243162,0.0695222
0.29745162,0.16588587
0.4352128,0.26479918
0.6183616,0.35226333
0.72075516,0.43199486
-3.386784,-3.5792396
-3.273539,-3.5021384
-3.159283,-3.4234943
-3.0416622,-3.3483973
-2.9225898,-3.2659965
-2.8247554,-3.1867092
-2.7268817,-3.1041958
-2.6339345,-3.002538
-2.5431163,-2.9016488
-1.5515611,-1.6085258
-1.5141827,-1.556695
-1.4740477,-1.5062414
-1.419671,-1.4526396
-1.3761895,-1.4009011
-1.3424618,-1.3526747
-1.3026106,-1.2974925
-1.2527083,-1.2359877
-1.2231897,-1.1723151
-1.5685358,-1.6173851
-1.4805461,-1.5377934
-1.3951756,-1.4649713
-1.3130286,-1.3873862
-1.2336458,-1.2886372
-1.1568263,-1.1988313
-1.0826201,-1.1095729
-1.0108404,-1.0259992
-0.9412868,-0.94698584
0.3576607,0.38631433
0.451074,0.485115
0.67572415,0.6302615
0.8348047,0.74221605
0.92531747,0.8231097
-0.7980914,-0.8100155
-0.72546643,-0.7639351
-0.6424069,-0.7130161
-0.5600664,-0.65925646
-0.47301763,-0.60992104
-0.38149202,-0.54940474
-0.31146386,-0.49948865
-3.031459,-3.3483973
-1.9980282,-2.0745046
-1.9057885,-1.9872062
-1.7677594,-1.8985145
-1.683921,-1.8125758
-1.603675,-1.723722
-1.5392848,-1.643527
-1.4441729,-1.567322
-1.3622382,-1.4687961
-1.2722123,-1.3638991
-1.1985385,-1.258435
-3.696803,-3.7198877
-3.5585716,-3.642792
-3.440109,-3.5654063
-3.3261976,-3.491632
-3.2256508,-3.4129255
-3.1190827,-3.3354943
-3.0314627,-3.2566028
-2.949954,-3.182977
-2.871478,-3.1033967
-3.6304963,-2.6425998
-3.4961658,-2.5688715
-3.3701694,-2.4955554
-3.2504127,-2.415955
-3.1382744,-2.3378885
-0.4444857,-0.6137741
-0.38470477,-0.58333004
-0.310794,-0.5511348
-0.2764603,-0.51240283
-0.2362182,-0.46968642
-0.17952883,-0.4248081
-0.15622431,-0.3616052
-0.13218641,-0.3017233
-0.10189176,-0.2496776
-0.06765036,-0.20310578
-0.2926249,0.37012756
-0.27353913,0.42021352
-0.23570438,0.46250993
-0.16686384,0.49474317
-0.13753963,0.52808267
-0.082261436,0.5641077
-0.021398166,0.6022716
0.010261769,0.6460921
0.06957075,0.69855434
0.13029176,0.7515953
0.18384132,0.8060952
-3.015705,-2.7022388
-2.2277482,-1.9404492
-2.1286962,-1.8701823
-1.9762574,-1.8091252
-1.9806828,-1.7570267
-1.827693,-1.6991508
-1.7255732,-1.6370604
-1.609619,-1.5650358
-1.6003832,-1.4929016
-1.5300118,-1.4290595
0.15980405,-0.8049755
0.186106,-0.704895
0.19731534,-0.5861793
0.30328232,-0.45165145
0.38447836,-0.32850972
0.5071368,-0.20470077
0.20072746,0.1680004
0.23280108,0.19239467
0.26455513,0.21573585
0.30016997,0.23892611
0.3320793,0.2617858
0.36709592,0.28388906
0.4017912,0.3058452
0.43624902,0.3278026
0.47068548,0.34974664
0.5044388,0.37173706
0.5425805,0.39347035
0.57812697,0.41729015
0.6161512,0.4415552
0.6536815,0.46591645
0.69089717,0.49325734
-2.457813,-1.7246242
-2.3771808,-1.6654644
-2.2993605,-1.608043
-2.221766,-1.5468519
-2.1493225,-1.4838717
-0.20301287,-0.2608731
-0.177874,-0.17751801
-0.15433596,-0.09246835
-0.13071859,-0.020467699
-0.10853184,0.04970312
0.36668462,0.43008608
0.3862181,0.45785445
0.41000307,0.4835382
0.43370047,0.5101171
0.45672143,0.5360699
0.47826895,0.55941397
0.5036398,0.5836883
0.5285749,0.60954434
0.55007106,0.6384714
0.57438916,0.6687462
0.5962807,0.70039326
0.6193033,0.73222333
0.64281,0.7628805
0.6675311,0.79283243
0.6934317,0.8203798
-0.24772562,-0.6700263
-0.15752773,-0.5885721
-0.07052928,-0.5196023
0.04290344,-0.4498556
0.13953862,-0.37803942
0.23152255,-0.30495638
0.32572046,-0.21563303
0.432555,-0.13938391
0.53419846,-0.073275864
-0.15124847,-1.005624
-0.09365273,-0.92142916
-0.0367403,-0.8541428
0.013409629,-0.79366064
0.07983486,-0.7380941
0.11941274,-0.69076765
0.16602944,-0.64797145
0.20453975,-0.6059043
0.23988618,-0.5634233
0.11220612,0.15977812
0.3001919,0.22081941
0.46439055,0.28498495
0.63228446,0.35165745
0.8065824,0.40089458
0.96409553,0.44102174
1.1177136,0.4788007
1.2772579,0.5179691
1.4314746,0.5551978
1.5763153,0.5909706
-3.686522,-3.599229
-3.6072283,-3.5102556
-3.5236232,-3.4123805
-3.4025972,-3.305163
-3.2939258,-3.2034256
-3.2044673,-3.1089666
-3.1137283,-3.0253117
-3.012361,-2.9389043
-2.9303975,-2.868335
-2.866581,-2.674218
-2.797777,-2.6377637
-2.7079024,-2.604373
-2.6720076,-2.5748725
-2.6263435,-2.5434303
-2.561555,-2.5171096
-2.5366056,-2.48802
-2.653907,-2.8188646
-2.5482101,-2.775821
-2.4907868,-2.736791
-2.4447558,-2.7010958
-2.3955798,-2.6655152
-2.3515115,-2.6307487
-2.3055582,-2.5951846
-0.39413562,-0.3884261
-0.33429885,-0.32713324
-0.2741026,-0.26477614
-0.20886917,-0.20102823
-0.15004222,-0.14383203
-0.07632761,-0.042004824
-0.021343693,0.039046526
0.056270104,0.15892911
0.11204578,0.2530375
0.19081107,0.3853584
0.26030266,0.49233097
0.3387974,0.37451118
0.36564288,0.40962523
0.3986719,0.44537944
0.4304086,0.4853918
0.46097997,0.5274735
0.49176946,0.5692428
0.52306855,0.6110547
0.56150186,0.6561313
0.59353226,0.70047456
-2.6023853,-1.9133806
-2.3038588,-1.843924
-2.3064208,-1.7735698
-2.1328633,-1.7076075
-2.0104847,-1.657773
-1.9161617,-1.6125443
-1.7726046,-1.5576591
-1.717266,-1.4836409
-2.1174848,-1.6824114
-2.028903,-1.6178653
-1.9275074,-1.5575428
-1.8387488,-1.5010774
-1.7473304,-1.448648
-1.657761,-1.4007344
-1.5682441,-1.3523602
-1.4722396,-1.2998756
-1.3765508,-1.2334144
-1.2746276,-1.1376812
0.18726613,0.43596905
0.24696146,0.47709924
0.28373966,0.51717645
0.33656943,0.55746824
0.42325202,0.59858805
0.51381195,0.64229375
0.5900412,0.68295974
0.67673105,0.7222565
0.74945384,0.76141566
-1.1050183,-1.4253731
-1.068212,-1.3490981
-1.0324064,-1.294909
-0.99976456,-1.2265639
-0.98304135,-1.1906091
-0.961495,-1.1546745
-0.94371283,-1.1546745
-0.9156464,-1.1268532
-0.90259105,-1.0753725
-0.8585002,-1.0545666
-0.8241377,-1.0120473
-0.787877,-0.9747007
-1.6218348,-2.3426135
-1.5170981,-2.2637389
-1.4191093,-2.188905
-1.3196102,-2.1029441
-1.2251174,-1.9906166
-0.8124449,-0.5755699
-0.7259879,-0.48873174
-0.6401776,-0.40295348
-0.55346465,-0.31728113
-0.4720926,-0.23057589
-0.38803607,-0.16148949
-0.3048528,-0.08734554
-0.22627206,-0.010937452
-0.1429725,0.060115397
-0.52990556,-0.21909642
-0.39769372,-0.09528935
-0.2718523,0.00057023764
-0.14439026,0.09943181
-0.041658722,0.19538116
0.07286032,0.28163534
0.18503256,0.36406338
0.2954624,0.44877428
0.4070981,0.5239592
0.52024144,0.5962828
-2.420519,-2.007123
-2.3847954,-1.9498267
-2.293581,-1.8969784
-2.2068844,-1.84498
-2.1254466,-1.797301
-2.056483,-1.7513628
-2.0008266,-1.7036741
-1.9053106,-1.6545753
-2.7485204,-2.9198449
-2.624664,-2.864351
-2.4843445,-2.811327
-2.3979523,-2.7461312
-2.3289983,-2.6728573
-2.239704,-2.5912833
-2.1528249,-2.4870791
-2.08638,-2.3733444
-2.0362055,-2.2630837
-1.8199514,-2.0255198
-1.7258843,-1.9397888
-1.6291333,-1.8535373
-1.5358804,-1.7683029
-1.4496189,-1.689575
-1.3689196,-1.609941
-1.2811667,-1.5256104
-1.1942662,-1.4384545
-1.1218534,-1.3521161
-1.0406226,-1.2652988
-3.0666137,-2.6256576
-2.967267,-2.542768
-2.8749597,-2.4642081
-2.7826517,-2.3883128
-2.693238,-2.3039198
-2.6071305,-2.2186663
-2.5255833,-2.1321037
-2.4477441,-2.0487218
-2.3642395,-1.9583602
-1.3349018,-1.4618092
-1.2757876,-1.4107871
-1.2192096,-1.3557178
-1.1651127,-1.2996061
-1.1042541,-1.2370782
-1.0318553,-1.1778545
-0.9704771,-1.1191589
-0.90277195,-1.0497701
-0.8253994,-0.9819465
-0.7676053,-0.92000854
-0.62361634,-0.7048609
-0.53849113,-0.64310867
-0.4571782,-0.57840914
-0.3787639,-0.5139155
-0.29938304,-0.44525838
-0.22236802,-0.38290173
-0.14872622,-0.3284956
-0.07446622,-0.27648833
-0.0010513434,-0.230317
-2.1372855,-1.8400123
-2.0837715,-1.7759714
-2.025027,-1.7120976
-1.9638939,-1.6465669
-1.9109275,-1.5764561
-1.8565959,-1.5106391
-1.7955183,-1.4329407
-1.7426196,-1.3463234
-1.6808063,-1.246171
-1.6229997,-1.1302402
0.4825731,0.20843607
0.55013716,0.29652774
0.61011046,0.36797982
0.67578804,0.4278741
0.74982166,0.48359174
0.82953244,0.535955
0.9214193,0.5861613
1.0333343,0.6383193
1.135181,0.6940809
-0.39985645,-0.03160411
-0.3200285,0.11651915
-0.23121385,0.2380045
-0.13081916,0.3300866
-0.035393123,0.4114684
0.05541092,0.48513788
0.18191348,0.5473271
0.3421145,0.60684866
0.5670092,0.671274
0.021672737,-0.41677737
0.09616712,-0.30323842
0.17549787,-0.19868165
0.25774345,-0.11550254
0.33505473,-0.046763062
0.4091138,0.016955435
0.48663393,0.07994336
0.56203514,0.14748842
0.62018543,0.21052879
0.6996211,0.2734713
-0.68397236,-0.17646226
-0.48264992,-0.10679707
-0.3699022,-0.026352227
-0.2833495,0.03577912
-0.19356404,0.10044378
-0.07123335,0.17320442
0.060128763,0.2430138
0.18800227,0.31381375
0.34679246,0.37844354
-1.4998726,-2.1286778
-1.4288899,-2.0149558
-1.3773518,-1.8980567
-1.2994808,-1.7831898
-1.231834,-1.689013
-1.1625468,-1.6127579
-1.0817249,-1.5297651
-1.0007421,-1.4513156
-0.949435,-1.3830786
-0.9021947,-1.3138034
-1.1453829,-1.2940109
-0.9829657,-1.2386043
-0.96046525,-1.1827874
-0.88712066,-1.1224914
-0.7812503,-1.0421338
-0.7371528,-0.95446014
-0.62882704,-0.86919177
-1.4395814,-1.1880105
-1.4276105,-1.155375
-1.4189157,-1.1216319
-1.4024528,-1.0896406
-1.3893855,-1.0545013
-1.3744258,-1.0207801
-1.3625717,-0.9844301
-1.3353286,-0.946295
-1.3291048,-0.9107487
-0.88321584,-0.7604679
-0.8445279,-0.678758
-0.7989583,-0.61580145
-0.7618539,-0.56167996
-0.72111356,-0.5001296
-0.67390746,-0.42918414
-0.63038796,-0.37196648
-0.58790654,-0.31794077
-0.5503794,-0.26654732
-0.5075551,-0.23381743
-0.46030504,-0.20671576
-1.1739348,-1.335463
-1.055843,-1.2313793
-0.95272255,-1.1338618
-0.8560537,-1.0291579
-0.7503737,-0.9270241
-0.6560128,-0.81678545
-0.5627714,-0.7058142
-0.4531919,-0.600677
-0.35734594,-0.5086179
0.77890426,0.37077254
0.9118791,0.4968508
1.0206648,0.6139849
1.172805,0.7164214
1.3517827,0.78866655
1.5497494,0.8495422
1.760441,0.9081896
2.1205132,0.96323234
0.29042986,0.25028825
0.36461887,0.32125992
0.4258603,0.38445336
0.4746189,0.4408303
0.5294978,0.49587792
0.56362253,0.54663473
0.60487634,0.5899678
0.6507515,0.62525195
0.6807433,0.6617835
0.7235921,0.69706446
-0.6903525,-0.5820206
-0.56279963,-0.44000843
-0.42967328,-0.2794776
-0.32262573,-0.1310339
-0.18756706,0.009620309
-0.052778948,0.1478635
0.11341199,0.2654161
-3.4110148,-2.735552
-3.2918115,-2.645879
-3.1741152,-2.5420814
-3.0605357,-2.4486446
-2.950854,-2.3612778
-2.8449066,-2.2919726
-2.745182,-2.2130327
-2.6447363,-2.128639
-2.5475938,-2.039169
-2.4548137,-1.9500253
-1.2280024,-0.9089992
-1.1579182,-0.85155493
-1.1294369,-0.83232594
-1.097397,-0.8088965
-1.0098675,-0.73001516
-0.9346683,-0.6529057
-0.87648433,-0.5772402
-0.82509524,-0.49752504
-0.7515102,-0.38435426
-0.72492146,-0.34764457
-0.70611376,-0.3210476
-1.3458908,-2.0232105
-1.2955298,-1.9444838
-1.2711234,-1.8949401
-1.2487046,-1.8546598
-1.1897687,-1.8040991
-1.2014382,-1.2520926
-1.143696,-1.1998664
-1.1003834,-1.147043
-1.0429502,-1.0918866
-0.9926226,-1.0411875
-0.93901026,-0.9959443
-0.88706213,-0.95122004
-0.83099335,-0.8962213
-0.77287406,-0.83322704
-1.192357,-1.4503438
-1.1610262,-1.3684399
-1.1261861,-1.2805886
-1.0906074,-1.1942105
-1.0577335,-1.1068957
-1.0207198,-1.0220938
-0.9865005,-0.9225523
-0.95030427,-0.8260785
-0.91694707,-0.74361086
-2.5843835,-2.2959678
-2.4993842,-2.2116308
-2.4262724,-2.1268
-2.3569255,-2.0380003
-2.3020985,-1.9442923
-2.248287,-1.8541512
-2.1959646,-1.7677472
-2.1410031,-1.6802876
-2.0941153,-1.5847688
-0.30527508,-0.35398412
-0.1520365,-0.2602299
0.009158043,-0.17491156
0.15672682,-0.077714026
0.33515984,0.009455979
-2.4444113,-2.3811882
-2.3422785,-2.3290086
-2.2469418,-2.2754235
-2.163372,-2.2156646
-2.0823386,-2.1546156
-2.0072384,-2.0820541
-1.9293965,-2.010611
-1.8388711,-1.9216661
-1.7482235,-1.8078423
-1.8088242,-1.8261957
-1.6862843,-1.7366846
-1.5917873,-1.6423831
-1.4802281,-1.5380435
-1.3660777,-1.4356282
-1.2766771,-1.3017573
-1.1387695,-1.171685
-0.50281185,-0.4709229
-0.450236,-0.36973938
-0.3894497,-0.2897964
-0.32912505,-0.22509769
-0.2786841,-0.16313127
-0.22221471,-0.1108484
-0.16583852,-0.06707281
-0.6363455,-0.8951773
-0.5863658,-0.8145498
-0.53386515,-0.74570835
-0.4657991,-0.69221675
-0.39420676,-0.6482011
-0.32132778,-0.60408396
-0.25181302,-0.56407696
-0.1812706,-0.5148474
-0.10136395,-0.45944965
-0.026405567,-0.40827453
-1.517938,-1.8017163
-1.4657482,-1.7166877
-1.4083937,-1.6391895
-1.3409752,-1.559245
-1.2741178,-1.4814359
-1.2009906,-1.4159603
-1.1297225,-1.3452215
-1.053529,-1.2872534
-0.9787195,-1.2330463
-0.8985838,-1.1817973
-3.2769039,-2.674889
-3.151798,-2.6249492
-3.042974,-2.5839305
-2.964575,-2.5503964
-2.9173028,-2.4994743
-2.8542986,-2.4378233
-2.807007,-2.3876023
-2.7730386,-2.3335886
-2.7442482,-2.2669325
-0.40705228,-1.2965646
-0.3282558,-1.1930697
-0.24846607,-1.1104763
-0.17073974,-1.0708716
-0.096153304,-1.0015291
-0.8409925,-0.9786044
-0.7714161,-0.9323613
-0.71923953,-0.8884058
-0.66276556,-0.8491027
-0.6374326,-0.8061699
-0.57539254,-0.7585336
-0.512976,-0.7102885
-0.4682796,-0.65641105
-0.4076518,-0.60559255
-0.35562897,-0.54439884
-1.6392347,-0.63139963
-1.5075225,-0.5807072
-1.455859,-0.54786754
-1.3695599,-0.5119195
-1.2904159,-0.47836018
-1.1858861,-0.44557735
-1.1165316,-0.41538656
-1.0407604,-0.38005394
-0.9420167,-0.35169935
0.009226524,0.03089267
0.08413365,0.08918947
0.16012225,0.1566804
0.23620497,0.22541714
0.30620053,0.29212338
0.37608087,0.3679772
0.44375494,0.4366768
0.51545674,0.49857408
0.59020424,0.5573359
0.6676176,0.6075502
-2.63166,-2.9173415
-2.600219,-2.8532078
-2.5690987,-2.7931504
-2.5407884,-2.7316058
-2.512803,-2.6700628
-2.4897897,-2.6166308
-2.4660685,-2.565097
-2.4433005,-2.5041866
-2.4222527,-2.440798
-2.4001253,-2.3675966
-0.65516317,-1.1250346
-0.5988076,-1.0383596
-0.5482305,-0.95889294
-0.4930922,-0.8746041
-0.4506871,-0.7943674
-0.4013985,-0.71187794
-0.3526551,-0.6408004
-0.3048528,-0.5730975
-0.25825948,-0.51048803
0.25742477,0.1417163
0.29297933,0.19546896
0.32934588,0.23885065
0.36252218,0.28050607
0.39828378,0.32349396
0.43352142,0.37061918
0.46816063,0.41415197
0.49999905,0.45594102
0.5302141,0.49935418
0.56352717,0.54736406
0.24269365,0.08322585
0.31598324,0.122639775
0.40470582,0.16462702
0.47933576,0.20569414
0.53485906,0.24129838
0.6078916,0.2773649
0.67420626,0.3163435
0.7506254,0.3572654
0.82443506,0.4055341
0.32634503,0.28305137
0.35655737,0.3538428
0.3891638,0.40745193
0.4358017,0.46068674
0.47474444,0.50772136
0.5128598,0.55542463
0.55638105,0.6052883
0.60363936,0.6583745
0.64409643,0.7111893
0.6961951,0.76622146
-0.0866031,0.036100805
-0.049753305,0.090498924
-0.008723734,0.13486248
0.041523334,0.18146402
0.091633394,0.23435098
0.14173956,0.29615813
0.18666221,0.36452127
0.23175366,0.41282135
0.2740614,0.45388347
0.31980643,0.49290973
-0.6346838,-0.54228413
-0.58894616,-0.4822848
-0.53017884,-0.4180826
-0.4825285,-0.34844205
-0.43546727,-0.28633618
-0.38827652,-0.22179195
-0.34584463,-0.1451743
-0.3018222,-0.051784754
-0.26200706,0.042379916
-2.978927,-2.6859498
-2.8740518,-2.628575
-2.7830405,-2.564969
-2.6985886,-2.4948823
-2.628164,-2.4135697
-2.56229,-2.322816
-2.4980206,-2.248751
-2.435526,-2.1751318
-2.3763502,-2.0946596
-0.5194329,-0.5904503
-0.46586615,-0.46310526
-0.40785974,-0.34858635
-0.33609942,-0.24614102
-0.26066256,-0.14281082
-0.19095793,-0.04847884
-0.11759688,0.049161673
-0.03796289,0.13197821
0.04976928,0.19462329
0.13383296,0.25246543
-2.138035,-2.1134758
-2.0797095,-2.0548062
-2.0213838,-1.9925435
-1.9718663,-1.9386411
-1.9190855,-1.8922877
-1.8682626,-1.8432107
-1.8204508,-1.8023779
-1.7702516,-1.7656608
-1.7268236,-1.7299821
-1.6793108,-1.7069595
-1.5683247,-1.2212883
-1.4482036,-1.1363815
-1.3425773,-1.0685279
-1.2459247,-1.0175333
-1.1519305,-0.96604335
-1.0519888,-0.92340785
-0.95287764,-0.8745858
-0.86143506,-0.83722067
-1.6810521,-1.8546553
-1.5942388,-1.8025527
-1.5184423,-1.7479241
-1.450062,-1.6934226
-1.3843343,-1.6340356
-1.3251963,-1.5719588
-1.2684231,-1.4944347
-1.2139581,-1.4084897
-1.1603609,-1.3176885
0.12812051,0.0066541433
0.16063043,0.072692394
0.20070347,0.1256358
0.24014902,0.1699943
0.2788778,0.2164895
0.31918842,0.26594758
0.36482805,0.31773812
0.4171285,0.3665383
0.47676504,0.41955864
-1.85563,-2.3697863
-1.8354169,-2.340148
-1.7907465,-2.309523
-1.7734293,-2.2772155
-1.740939,-2.2463388
-1.7026123,-2.22415
-1.665455,-2.2055862
-1.6189667,-2.1833003
-1.551777,-2.1574154
-1.1202939,-0.9621048
-1.0048176,-0.8835585
-0.8909296,-0.7906244
-0.77794343,-0.7056955
-0.6627154,-0.62171584
-0.55994415,-0.53697026
-0.45733216,-0.43834567
-2.406618,-2.600824
-2.2638612,-2.4772034
-2.1310008,-2.3589249
-2.002917,-2.2319777
-1.8956375,-2.1070633
-1.799033,-1.9840348
-1.7113363,-1.8474088
-1.6271261,-1.7116868
-1.5437545,-1.5945783
-2.053114,-2.517691
-2.00566,-2.4675517
-1.9467666,-2.4116929
-1.8888087,-2.3480768
-1.8317028,-2.2877166
-1.7648399,-2.2253485
-1.7092032,-2.1591594
-1.656188,-2.0942965
-1.5990579,-2.0208414
-1.5365442,-1.9508066
-0.51037776,-0.5380581
-0.42261472,-0.4662305
-0.3683447,-0.4080877
-0.30431697,-0.34173554
-0.21569632,-0.27963695
-0.15922044,-0.21498886
-0.090395175,-0.14333326
-0.02207964,-0.058559835
0.06145469,0.025013268
-0.3855482,-1.036136
-0.3465073,-0.9836091
-0.27105933,-0.9328943
-0.16258569,-0.8887042
-0.04603186,-0.8494792
0.11638865,-0.80221593
0.26219806,-0.74182814
0.37199947,-0.67250323
0.49541792,-0.6045002
-0.16872948,-0.12612233
-0.11895921,-0.060638964
-0.06771106,0.014323056
-0.021620734,0.084766686
0.02408987,0.14771724
0.070813075,0.19995493
0.11298743,0.24238604
0.15465261,0.2865597
0.19918603,0.33877522
0.23743121,0.39430696
-0.55657643,-0.09480327
-0.40565956,0.049730003
-0.23972699,0.16769451
-0.09272154,0.26991218
0.05398822,0.36183333
0.20630856,0.45494086
0.35839537,0.5428861
0.52996033,0.625313
0.6714353,0.6927708
-1.6080887,-1.7310889
-1.5956693,-1.6394935
-1.5647397,-1.5526216
-1.4991313,-1.4356611
-1.4446797,-1.3474599
-1.3612552,-1.2319367
-1.4886591,-1.6593904
-1.4682989,-1.6065328
-1.4399884,-1.5580183
-1.4109557,-1.5127256
-1.3763754,-1.470633
-1.3285825,-1.4150853
-1.2901491,-1.364601
-1.2477734,-1.3009896
-1.1881655,-1.2485337
-0.8275284,-0.3966114
-0.6063508,-0.27871722
-0.38902602,-0.19619247
-0.16078763,-0.1073589
0.027326899,0.013320684
0.2587918,0.1414432
0.51132023,0.2802443
-0.9903647,-0.38096613
-0.9548107,-0.33899736
-0.93507355,-0.3078879
-0.91342175,-0.26373875
-0.89269835,-0.23694152
-0.87473005,-0.19717446
-0.85511726,-0.1687311
-0.8369686,-0.14106968
-0.8186346,-0.10440937
-0.80006236,-0.06425494
-2.3137856,-1.1810079
-1.8790822,-1.1275012
-1.4550437,-1.0860207
-1.164757,-1.0441471
-0.9594023,-0.99789095
-1.4773018,-1.4157286
-1.3328639,-1.3060274
-1.167029,-1.197311
-0.9894791,-1.0835543
-0.80168504,-0.948768
0.38812557,0.31058365
0.49915573,0.41818994
0.6569986,0.51930887
0.95643157,0.6853604
1.2210203,0.8308583
1.4560357,0.96558553
1.8024826,1.0888875
-0.24131198,0.010665178
-0.21255592,0.040342093
-0.18607077,0.06818676
-0.15400022,0.09134078
-0.12443027,0.11391044
-0.09573578,0.13747138
-0.065954216,0.1600861
-0.038990784,0.1808157
-0.0063145696,0.20173419
0.025228983,0.2228241
0.054899953,0.24362308
0.0884353,0.26669425
0.1254293,0.2909668
0.15830149,0.31892318
0.19412652,0.34555566
-0.45971727,-0.39119148
-0.42261472,-0.3048657
-0.362168,-0.21646476
-0.3223317,-0.14788294
-0.28446156,-0.08067107
-0.22868475,-0.0033337474
-0.17244719,0.070911944
-0.13274802,0.14455986
-0.08885209,0.22786123
-2.0134284,-1.9625266
-1.9486808,-1.9018161
-1.8709043,-1.8408384
-1.7672032,-1.7776229
-1.6683476,-1.7114244
-1.5320377,-1.6444862
-1.4051106,-1.5875249
-1.314474,-1.5249877
-1.2332028,-1.457278
-0.34564683,-2.1447928
-0.37984082,-2.1446807
-0.4201605,-2.1463344
-0.4652998,-2.1393392
-0.49771595,-2.1226199
-0.5275927,-2.1020374
-0.5697393,-2.079905
-0.59595525,-2.0598667
-0.62592614,-2.0395515
-1.4167857,-1.4630871
-1.3423932,-1.3698885
-1.228135,-1.2912691
-1.1671513,-1.2391357
-1.1250343,-1.1906352
-1.0447918,-1.1465707
-0.97217464,-1.099642
-0.8948778,-1.0587282
-0.80972624,-1.0199252
-3.04871,-2.7979603
-2.9606383,-2.710871
-2.879858,-2.627163
-2.7690995,-2.5453334
-2.6886,-2.4613686
-2.6138058,-2.3734324
-2.5353923,-2.2842321
-2.4506254,-2.2082765
-2.3825822,-2.1310093
-0.27261752,0.0051456094
-0.17259729,0.15061164
0.0056773564,0.35177487
0.15066233,0.5397721
0.36729085,0.6743961
0.56132156,0.81118065
0.80530626,0.93384296
1.0175266,1.0348415
1.3009114,1.1132307
-1.0508695,-1.5287714
-0.9960197,-1.4470239
-0.94202137,-1.358706
-0.8855083,-1.2740571
-0.82738817,-1.1952538
-0.77589786,-1.1266885
-0.7212587,-1.0673581
-0.6686906,-1.007813
-0.6194201,-0.9327642
-0.572473,-0.8681817
-1.2695829,-1.5855355
-1.2190869,-1.5460413
-1.1695862,-1.4984326
-1.1242447,-1.4413527
-1.076029,-1.3879926
0.3451853,0.29282397
0.42784086,0.37945968
0.50749564,0.46086937
0.58543015,0.5316561
0.6599734,0.59928066
0.73313504,0.6602735
0.8050132,0.71173793
0.8758321,0.75971407
0.94504726,0.80348366
-1.224582,-0.8890821
-1.1639637,-0.82513165
-1.0771748,-0.7680963
-0.9727052,-0.71115756
-0.86942613,-0.6426417
-0.76783055,-0.57801837
-0.67455983,-0.5201814
-0.57300955,-0.4620723
-0.48089403,-0.39647487
-0.38553882,-0.32861876
-0.29119727,-0.25978127
-0.19967279,-0.19047323
-1.0379512,-0.6786962
-0.9166728,-0.62255734
-0.8206263,-0.5770816
-0.7014073,-0.5278943
-0.5861097,-0.4780334
-0.48734015,-0.42216018
-0.3895659,-0.35318774
-0.30758804,-0.28806525
-0.21897496,-0.23747724
-2.371906,-1.6875894
-2.2626565,-1.5457299
-2.2127626,-1.399792
-2.1860433,-1.2990141
-2.1761546,-1.2161558
-1.2401203,-1.7245789
-1.1178033,-1.6375003
-1.0068806,-1.5526721
-0.89221835,-1.46649
-0.787695,-1.3784952
-0.68279874,-1.2909913
-0.58376163,-1.2081618
-0.48177,-1.1186907
-0.39412442,-1.0369947
0.1239809,-0.0071997046
0.20785043,0.1007455
0.2629556,0.18062496
0.3324596,0.259955
0.38999894,0.3255877
0.46569988,0.39921457
0.53444517,0.44988662
0.6255394,0.51270205
0.69397944,0.5613738
0.7489784,0.6028326
0.8490401,0.6702836
1.0142537,0.8258602
1.0298328,0.86393386
1.0441192,0.8984458
1.0581675,0.9336682
1.0737544,0.96698254
1.0917574,1.0003259
1.1120269,1.0347965
1.129411,1.0692551
1.1488224,1.1025586
1.167223,1.1344202
-3.2567103,-1.8270562
-3.0392926,-1.769804
-2.8988047,-1.7250814
-2.79414,-1.6908333
-2.704018,-1.656549
-2.6327646,-1.6242573
-2.5756173,-1.5929472
-2.5364578,-1.5616817
-2.5033631,-1.5299904
-2.4762547,-1.4965663
-2.44919,-1.431421
-2.4385595,-1.3467262
-0.8530515,-0.8156475
-0.7997108,-0.7552007
-0.73272145,-0.7031591
-0.65708846,-0.65633154
-0.5882007,-0.6106684
-0.52142936,-0.5693819
-0.45586115,-0.53325534
-0.39575312,-0.5044697
-0.33215183,-0.47577882
-2.4006896,-1.8449571
-2.322497,-1.7950425
-2.2371078,-1.7468045
-2.1486406,-1.6970696
-2.050267,-1.6429904
-1.9772704,-1.590095
-1.8754344,-1.5365174
-1.8169017,-1.4835479
-1.7296654,-1.42729
-2.9070482,-2.5690773
-2.780237,-2.4953513
-2.6939087,-2.4200828
-2.6006105,-2.3426135
-2.517579,-2.2637389
-2.4427335,-2.188905
-2.379648,-2.1029441
-2.2992887,-1.9906166
-2.2130628,-1.8597629
-0.5599396,-0.4838564
-0.4808607,-0.41688892
-0.41161823,-0.35398412
-0.34403142,-0.30220824
-0.2814131,-0.2602299
-0.22251618,-0.22266015
-0.16306509,-0.17491156
-0.107572146,-0.12765938
-0.053096388,-0.077714026
-0.27862766,-0.43988842
-0.17464451,-0.34156692
-0.1134338,-0.25711912
-0.041357912,-0.18354276
0.020297885,-0.10732147
0.08931532,-0.047754705
0.15737396,0.0005530715
0.21776666,0.0487352
0.27160966,0.09203917
0.32493424,0.1245904
0.36622563,0.1535421
-1.9823201,-2.0982816
-1.9500933,-2.0707936
-1.9179859,-2.0156174
-1.8920274,-1.9527345
-1.8660177,-1.8903089
-1.9764913,-2.8870907
-1.9782491,-2.8286173
-1.9799927,-2.7707102
-1.9815892,-2.7103145
-1.983044,-2.6544554
-1.9845803,-2.5910966
-1.985826,-2.5408168
-1.987187,-2.4926047
-1.9883392,-2.422403
-1.9894972,-2.3484044
-2.3287997,-1.4879965
-2.2298737,-1.4166875
-2.121222,-1.3354304
-1.9919096,-1.2622998
-1.8695754,-1.1832712
-1.7691367,-1.1007382
-1.6314803,-1.0242834
-2.1125827,-2.0541303
-1.8887317,-1.9101267
-1.8890847,-1.8259773
-1.7939564,-1.7431917
-1.7215693,-1.7067578
-1.69731,-1.6946702
-1.2732068,-0.43474123
-1.1901537,-0.22472441
-1.0601339,-0.033973157
-0.92796123,0.13443547
-0.79587907,0.26188797
-0.5960075,0.35279304
-1.8880616,-1.2221255
-1.6771168,-1.1517081
-1.5444331,-1.0824175
-1.4060168,-1.0174923
-1.2566437,-0.9707463
-1.10801,-0.921417
-0.96787536,-0.8719277
-0.7875862,-0.82379556
-2.7822297,-2.4004047
-2.694716,-2.208151
-2.5456996,-2.0227616
-2.412069,-1.8624036
-2.263228,-1.7139368
-2.9351473,-2.7820609
-2.795543,-2.7154093
-2.669431,-2.6473143
-2.5352364,-2.5783517
-2.4064686,-2.5047915
-2.285267,-2.4249923
-0.44417876,-1.0724037
-0.37217477,-0.9923688
-0.3249608,-0.9035616
-0.29765108,-0.8127596
-0.25509524,-0.72684824
-0.082338214,-0.04443991
0.040478047,0.038250327
0.1672305,0.11748505
0.28828603,0.20128053
0.41204286,0.30323195
0.54081887,0.42504257
0.6740522,0.5467606
0.8089426,0.6740261
0.9442236,0.78914803
1.1013204,0.8878935
1.2682291,0.97093326
-0.44977486,-0.70548475
-0.41777703,-0.6765748
-0.39784464,-0.651828
-0.37698522,-0.62414
-0.3549605,-0.59241575
-0.33116284,-0.55774534
-0.30576393,-0.5250882
-0.27923623,-0.4925353
-0.24987131,-0.45896405
-0.5077584,-0.18489939
-0.4574123,-0.14854968
-0.39993778,-0.10792774
-0.33609152,-0.06031269
-0.2816383,-0.016578138
-0.23074463,0.02374345
-0.1843933,0.06418431
-0.13752566,0.10189897
-0.09761922,0.13903302
-0.06046926,0.1786474
-0.021486633,0.22135311
0.23878452,0.6158585
0.23938505,0.6347688
0.23922186,0.65325457
0.23919407,0.6698976
0.24126805,0.68660885
0.24656692,0.70278794
0.25259653,0.7168036
0.25851303,0.7292319
0.26303047,0.74043566
0.268438,0.7507519
0.27078798,0.76392
0.27512598,0.77637464
0.27795535,0.7933975
0.28127792,0.80820185
0.298975,0.8373073
0.30618262,0.8591458
0.31653804,0.88303214
0.32115957,0.9084223
0.33226377,0.9359248
0.33965,0.96545035
0.34632918,0.9846851
-0.15269694,-0.093275696
-0.02256941,-0.041300476
0.05002048,0.021869779
0.08182386,0.0705722
0.09959298,0.11033511
0.116115905,0.1437468
-0.60046494,-0.7255657
-0.570701,-0.67854095
-0.5231555,-0.636273
-0.48697412,-0.5965822
-0.4317987,-0.54149854
-0.38902122,-0.45963928
-0.3523652,-0.3698514
-2.07618,-2.364948
-2.0512617,-2.2284276
-2.0134158,-2.0786304
-1.967045,-1.8849654
-1.9229989,-1.6844196
-1.8835071,-1.524349
-1.847774,-1.4035242
-1.8104799,-1.2761619
-0.23155847,0.11396307
-0.20272797,0.22130972
-0.18201225,0.29212517
-0.15789051,0.37214196
-0.13975702,0.4484381
-0.12522821,0.50946075
-0.10439637,0.5667184
-0.08523198,0.59996396
-0.06418757,0.6584845
-1.0476148,-1.3058543
-0.96993935,-1.2399147
-0.9234458,-1.1814876
-0.8620915,-1.1143825
-0.80027646,-1.0360641
-0.7426028,-0.93930423
-0.66448665,-0.8118037
-0.6039755,-0.70287126
-0.5616373,-0.6136734
-0.49816468,-0.53835
-0.44960418,-1.5213108
-0.39107335,-1.4363761
-0.32801437,-1.3649561
-0.26145512,-1.2749422
-0.21047126,-1.2133172
-0.13334848,-1.1395633
-0.09603919,-1.1082997
-0.051984966,-1.0707695
-0.016225874,-1.0399828
0.0044275615,-1.0225859
-1.4583231,-2.2055426
-1.4172796,-2.178815
-1.377136,-2.1548183
-1.3365859,-2.130659
-1.3058766,-2.1062586
-1.2785362,-2.0810885
-1.2323337,-2.056735
-1.1917365,-2.032604
-1.1617872,-2.0068023
-1.1354747,-1.980411
-1.1166694,-1.9551342
-2.1846876,-2.7320778
-2.1585126,-2.6728573
-2.1195436,-2.5912833
-2.0797791,-2.4870791
-2.0415015,-2.3733444
-2.0091214,-2.2630837
-2.272134,-1.1798635
-0.54863286,-0.5427638
-1.37098,-1.1857545
-1.2340612,-1.1065035
-1.1152943,-1.0430671
-0.98214865,-0.96897876
-0.84720665,-0.8698703
-0.7348424,-0.7740419
-0.64538175,-0.70018387
-0.5112082,-0.596528
-0.42345914,-0.51571935
-0.30982545,-0.42999184
-0.19213085,-0.34486973
-4.0275955,-3.5397928
-3.9743333,-3.205663
-3.0897906,-2.8512876
-2.1878576,-2.478867
-1.4282757,-2.025378
-0.67217124,-1.4895906
-1.9321059,-1.75314
-1.7820991,-1.6398342
-1.6391935,-1.5270029
-1.5013125,-1.4121933
-1.3618692,-1.2775033
-1.2320153,-1.1674972
-1.1077901,-1.0794647
-0.983007,-0.98168415
-0.8622418,-0.88926136
-0.74086434,-0.79910994
-0.3163051,0.3809635
-0.21776798,0.41430378
-0.12850665,0.44308072
-0.0126693165,0.4770481
0.1175991,0.5203524
0.22550993,0.56481844
0.28616595,0.61796886
-0.8134379,-1.3993425
-0.7429456,-1.3049988
-0.66902167,-1.2161913
-0.6309326,-1.1414537
-0.5608857,-1.0796795
-0.47755393,-1.0220885
-0.41547358,-0.9666368
-0.34478685,-0.9063848
-0.2866198,-0.8515403
-0.22765459,-0.78721535
0.17024507,0.10491902
0.22325747,0.17379183
0.2780048,0.25597185
0.33013564,0.3275984
0.38161644,0.380126
0.43542627,0.42002887
0.48536322,0.45524698
0.5377088,0.49196345
0.58740216,0.5340162
0.63869077,0.57212836
0.6885162,0.61291987
0.7380995,0.6507545
-1.0835036,-0.8494939
-0.9006947,-0.7247306
-0.7609459,-0.59261465
-0.6259313,-0.4385097
-0.49335817,-0.27671283
-0.36846992,-0.15350723
-0.23782808,-0.038505077
-0.12680034,0.060018837
-0.011132372,0.16832042
0.10136237,0.26032597
-2.154602,-1.8833354
-2.1014593,-1.8300478
-2.019458,-1.7787089
-1.9556596,-1.7259455
-1.860388,-1.6638057
-1.7392305,-1.5855949
-1.6773771,-1.5092725
-1.575899,-1.4575257
-1.4633492,-1.406904
-1.3555895,-1.344355
-1.2537297,-1.2878876
-1.1182833,-1.233225
-4.4227443,-3.1379077
-4.422656,-3.0608156
-4.2012377,-2.9871476
-4.115413,-2.9153666
-4.0207095,-2.8452287
-3.8540525,-2.7739906
-3.7681918,-2.7057006
-1.8345253,-1.2271159
-1.6742029,-1.1028178
-1.4999554,-0.9976571
-1.3138475,-0.8431787
-1.159097,-0.7025627
-0.9870151,-0.58362097
-0.82470185,-0.4431529
-0.65501934,-0.309381
-0.5026456,-0.20261508
-0.3510361,-0.10207248
-1.3093306,-0.92372453
-1.2510811,-0.8815234
-1.1658735,-0.8399515
-1.0127412,-0.79840076
-0.84571654,-0.74351835
-1.8785821,-1.6378801
-1.7699239,-1.5452099
-1.6561066,-1.4596202
-1.565363,-1.3635279
-1.4612068,-1.2608566
-1.3512901,-1.1772437
-1.2405576,-1.0977998
-1.1333258,-1.0200204
-1.0283661,-0.95327544
-0.27929872,0.20506954
-0.21451947,0.30529433
-0.13572843,0.39443606
-0.07114537,0.48897058
-0.022891115,0.5573005
0.020174647,0.61815315
0.080220275,0.66349834
0.13251273,0.7190804
0.16348964,0.7637251
-1.5446004,-1.4479451
-1.4572023,-1.3980687
-1.3565363,-1.3526366
-1.2610793,-1.29019
-1.1603781,-1.222851
-1.0730397,-1.1472733
-0.99649924,-1.0536695
-0.9102779,-0.9650422
-0.8353856,-0.90211356
-0.7576981,-0.84774715
-1.7750041,-2.1312144
-1.7448262,-2.0459597
-1.7169727,-1.9759722
-1.6913114,-1.9203992
-1.6672659,-1.8658476
-0.9384819,-0.9427298
-0.89797014,-0.90054655
-0.85224736,-0.85876346
-0.7981979,-0.81923497
-0.752576,-0.7790773
-0.70810163,-0.73907137
-0.663788,-0.6942284
-0.61487365,-0.64694273
-0.5710637,-0.5925859
-0.5256175,-0.5435771
-0.4818318,-0.4969092
-0.43585515,-0.45539933
-0.39173457,-0.4216476
-0.34660572,-0.3903817
-0.3012074,-0.3593265
-3.2330048,-2.3044548
-3.022096,-2.1920404
-2.8421838,-2.0952704
-2.7051876,-2.0036225
-2.617028,-1.9224205
-2.5030909,-1.8346732
-2.3940172,-1.736839
-1.2975338,-1.4536908
-1.279313,-1.420332
-1.2613944,-1.3903024
-1.2438759,-1.3632138
-1.2248145,-1.3384516
-1.2083112,-1.3144648
-1.1908957,-1.2883639
-1.1750222,-1.2605679
-1.1571091,-1.2339215
-1.1422315,-1.2077051
-1.124777,-1.1815197
-1.1076458,-1.1531928
-1.0913143,-1.1239486
-1.074087,-1.093754
-1.0559365,-1.0622358
-1.7117873,-2.0503411
-1.6486931,-1.9770465
-1.5928278,-1.90552
-1.5416622,-1.8239686
-1.4833127,-1.7437446
-1.4343519,-1.6720111
-1.3880936,-1.6007626
-1.3395445,-1.5271231
-1.2921956,-1.4471122
-2.2273834,-2.1842635
-2.1136901,-2.082863
-1.9893858,-1.9755433
-1.889168,-1.8651836
-1.782722,-1.7598243
-1.6822015,-1.657794
-1.5835229,-1.5528561
-1.4914944,-1.4421382
-1.3997207,-1.3260455
-1.3105831,-1.2028661
-4.0758257,-3.6173265
-3.9196675,-3.5098107
-3.7931073,-3.4103367
-3.657305,-3.3177829
-3.5335763,-3.2228405
-3.4197896,-3.1210997
-3.301175,-3.0102575
-3.1901722,-2.9136262
-3.091243,-2.8179865
-0.5332777,-0.7129368
-0.45329332,-0.5638022
-0.38180807,-0.42792708
-0.30783686,-0.29259273
-0.24130163,-0.15584049
-0.16700687,-0.033800364
-0.10164355,0.061065495
-0.039069094,0.15134543
0.027722312,0.23673064
0.09193109,0.32388467
-1.2611647,-1.4693034
-1.187329,-1.393486
-1.1164255,-1.3166423
-1.0454257,-1.249953
-0.98243105,-1.1992583
-0.9111689,-1.142871
-0.84862024,-1.0923822
-0.78927094,-1.0334502
-0.73800856,-0.9733167
-1.6963519,-1.5207233
-1.6032751,-1.434027
-1.5075083,-1.3592035
-1.3971136,-1.2804222
-1.3025565,-1.2046354
-1.2114025,-1.1441817
-1.1402841,-1.0947216
-1.0547923,-1.0507703
-0.974891,-1.0032339
-2.6917188,-2.4687521
-2.5443084,-2.3807933
-2.4644947,-2.2956872
-2.3865883,-2.2172244
-2.2038004,-2.1405535
-2.1151328,-2.063062
-1.9697996,-1.9933026
-1.8688653,-1.9261196
-1.7573032,-1.8594425
-3.201992,-2.7792356
-3.105599,-2.6884913
-3.0037622,-2.6038768
-2.9174209,-2.516874
-2.8267,-2.4349897
-2.736874,-2.3544166
-2.6528418,-2.2770064
-2.57685,-2.1913674
-2.5023575,-2.1088111
-4.840686,-4.3811812
-4.7003846,-4.319587
-4.571359,-4.263201
-4.4531126,-4.203338
-4.3483586,-4.142198
-4.2427,-4.0719876
-4.1457176,-4.000225
-4.0563827,-3.9270859
-3.979582,-3.849279
-3.1282308,-2.6736965
-3.0401227,-2.5981205
-2.9650066,-2.5260575
-2.8930933,-2.4559221
-2.8267,-2.3887973
-2.7525566,-2.3222911
-2.6869788,-2.2492664
-2.6235545,-2.1832666
-2.571089,-2.1182463
-0.8841175,-0.85214293
-0.8204536,-0.7893518
-0.75993323,-0.7181743
-0.6980695,-0.6570016
-0.6384903,-0.60723764
-0.58220035,-0.5691254
-0.5273607,-0.52798814
-0.4709466,-0.4833339
-0.4185542,-0.44613984
-0.36848548,-0.40865076
-2.7265806,-2.4687521
-2.5984225,-2.3807933
-2.470866,-2.2956872
-2.3444278,-2.2172244
-2.2266107,-2.1405535
-2.10693,-2.063062
-1.9980946,-1.9933026
-1.8813828,-1.9261196
-1.7790436,-1.8594425
-0.084799804,-0.40914577
-0.027059047,-0.259414
0.031475432,-0.109173894
0.090615705,-0.003060639
0.14947185,0.084836125
0.20444416,0.1599325
0.26330072,0.23035067
0.31823006,0.30793542
0.3692436,0.38624895
0.43264893,0.4667421
-0.69854957,-1.3105261
-0.61815876,-1.252276
-0.49642926,-1.1437445
-0.39039937,-1.0576864
-0.30108747,-0.9690503
-0.21601509,-0.8412991
-0.1406422,-0.6796814
-1.75705,-1.7895017
-1.6627839,-1.7124608
-1.5733507,-1.6331468
-1.4647241,-1.5500529
-1.3730081,-1.4617664
-1.2682287,-1.3641996
-1.1699574,-1.2640948
-1.0893157,-1.1780732
-0.99415827,-1.1205943
-2.8218143,-2.6978047
-2.670076,-2.6105483
-2.5299346,-2.5191429
-2.3902004,-2.4212584
-2.257581,-2.3251038
-2.1258903,-2.2347298
-1.9999361,-2.140807
-1.8742454,-2.0494523
-1.7522682,-1.9368877
-1.64383,-1.8076475
-1.9817635,-1.7419639
-1.8620572,-1.6643872
-1.7863027,-1.5895681
-1.7194803,-1.52121
-1.6961465,-1.4642565
-1.6662903,-1.410387
-1.6290535,-1.367248
-1.5968587,-1.3309903
-0.6988467,-0.66068316
-0.6127563,-0.5701314
-0.5123236,-0.49337772
-0.41265866,-0.42467862
-0.31342873,-0.35585666
-0.20652385,-0.27588084
-0.101667985,-0.19250622
0.00495705,-0.110020995
0.09968504,-0.028698802
0.20149887,0.043707192
-2.3164046,-2.1957123
-2.1486201,-2.0855675
-2.0194194,-1.9813323
-1.9012079,-1.8813508
-1.7909918,-1.7896745
-1.664767,-1.6987469
-1.5402387,-1.6097298
-1.4585372,-1.5206509
-1.3442107,-1.4226656
-1.258495,-1.3137479
-0.42449778,0.17871934
-0.32875317,0.22709805
-0.31367362,0.26289755
-0.28694785,0.29851782
-0.27415395,0.3421582
-0.26550767,0.38849062
-0.3227584,-0.4463437
-0.28022534,-0.37785184
-0.24250928,-0.3054002
-0.2044223,-0.23898739
-0.16247712,-0.175859
-0.120956875,-0.1304385
-0.08296202,-0.08718133
-0.04476535,-0.044555604
-0.003834506,-0.0093355775
0.036864936,0.019733012
0.07960863,0.047502458
0.11960117,0.079616785
0.16356817,0.11340064
0.20643646,0.14724177
0.24743497,0.18073732
-2.306149,-2.0932689
-2.2579172,-2.0226765
-2.2050247,-1.9528542
-2.1520467,-1.8814416
-2.096988,-1.8228378
-0.124586694,-0.08255434
-0.067508936,-0.015004575
-0.013916242,0.05341339
0.04331181,0.12047869
0.09676004,0.18496877
0.14952594,0.24829537
0.20210287,0.3048324
0.25352582,0.35034627
0.30268344,0.388678
0.35391012,0.42097086
0.4035587,0.45286137
0.45290694,0.4842525
0.5027774,0.51599604
0.5525591,0.54463154
0.60122246,0.57266456
0.64883333,0.60319906
0.6965201,0.6355439
-1.3909683,-1.2435431
-1.3069612,-1.162816
-1.2237704,-1.0989413
-1.1442671,-1.0357318
-1.07702,-0.9757117
-1.0436594,-0.9055976
-0.9703418,-0.8553887
-0.86711997,-0.8085811
-0.7708543,-0.7429311
-0.6777549,-0.6666649
-0.56154066,-0.58455837
-0.46064064,-0.51136154
-0.3687596,-0.43330374
0.41528773,0.4725886
0.5055154,0.54015726
0.5972686,0.61403173
0.6910158,0.68856317
0.7877935,0.7622703
0.88947594,0.832223
0.99806607,0.9034726
1.1173646,0.9735678
1.2530571,1.0413947
-1.4853326,-1.6675615
-1.4432768,-1.5941298
-1.3899155,-1.5314294
-1.328364,-1.4746122
-1.2771099,-1.4105425
-1.14563,-0.98608303
-1.0617006,-0.89803386
-0.95429754,-0.82353985
-0.878413,-0.76195985
-0.79302454,-0.69812113
-0.7164989,-0.63313633
-0.64187264,-0.5760787
-0.57221776,-0.54712605
-0.5081019,-0.5237718
0.16450892,0.27970535
0.25104424,0.40165836
0.2882696,0.5082632
0.35822728,0.592786
0.4506521,0.6627274
0.5045405,0.7306461
0.57935,0.8085442
0.6696087,0.88033587
0.7311448,0.94757015
-0.46548793,-0.45969158
-0.37032062,-0.3685461
-0.27891904,-0.27186766
-0.19053873,-0.19121549
-0.11671001,-0.122567326
-0.05423775,-0.06748122
0.025991667,-0.0093794465
0.09580255,0.050768793
0.19710813,0.117099226
-0.15785791,-0.023890793
-0.11623568,0.01897794
-0.0645363,0.06967276
-0.029773569,0.12220043
0.0136385085,0.1740014
0.05450678,0.23643965
0.09782844,0.284351
0.14051867,0.32684076
0.17695169,0.36634094
-0.9844899,-0.9845522
-0.89809257,-0.8617061
-0.81914145,-0.7572073
-0.7386958,-0.6232097
-0.65439445,-0.5317971
-0.5748401,-0.45533985
-0.48752716,-0.40216368
-0.40025017,-0.3419556
-0.3144647,-0.28852925
-0.22506468,-0.22685283
-0.13152745,-0.17266476
-1.4675503,-1.686981
-1.3688538,-1.5989785
-1.2781522,-1.5073907
-1.1887876,-1.4123008
-1.0997188,-1.2788233
-1.0140696,-1.1216762
-0.93110704,-1.0088255
-0.8479469,-0.92296994
-0.76455784,-0.8594482
-2.53319,-2.6139326
-2.3973863,-2.5498762
-2.2871058,-2.4834805
-2.168507,-2.4208608
-2.0703297,-2.3571494
-1.9706876,-2.2869322
-1.8788503,-2.2061872
-1.791874,-2.129859
-1.6985381,-2.0451999
-1.0812463,-2.3322284
-1.0044037,-2.2476203
-0.8883705,-2.1700506
-0.777209,-2.095818
-0.6658815,-2.0184424
-2.5045683,-2.5191429
-2.3689644,-2.4212584
-2.2395582,-2.3251038
-2.110758,-2.2347298
-1.9852012,-2.140807
-0.9825827,-0.8755432
-0.8774244,-0.78141916
-0.7654469,-0.6765156
-0.6529111,-0.5743576
-0.54741186,-0.48853117
-0.442823,-0.4068875
-0.3363268,-0.3360963
-0.23274907,-0.25445747
-0.13017967,-0.16916418
-0.12108051,-0.40914577
-0.06657107,-0.259414
-0.010268618,-0.109173894
0.05535272,-0.003060639
0.118402496,0.084836125
0.18244417,0.1599325
0.24749973,0.23035067
0.3146847,0.30793542
0.38669434,0.38624895
0.4490901,0.4667421
-2.052909,-2.3234954
-1.978417,-2.2389946
-1.9133911,-2.1541967
-1.848957,-2.0749078
-1.7925447,-1.994762
-1.6974397,-1.9124622
-1.6401019,-1.8386772
-1.5742227,-1.7715161
-1.5135454,-1.7105107
-1.4307364,-1.6604569
-1.682674,-2.0503411
-1.6301134,-1.9770465
-1.5793492,-1.90552
-1.5285633,-1.8239686
-1.4802163,-1.7437446
-1.4323606,-1.6720111
-1.3856282,-1.6007626
-1.3404007,-1.5271231
-1.2942721,-1.4471122
-1.2491167,-1.3662634
-1.0688763,-1.1223063
-0.96468204,-1.0296279
-0.8496613,-0.9293147
-0.73297906,-0.8301666
-0.6087256,-0.7325528
-0.48416576,-0.61040217
-0.4015029,-0.45795864
-0.26431572,-0.31257266
-0.09573892,-0.18281478
0.051615085,-0.10447681
-3.8764722,-3.5708692
-3.7582765,-3.5184662
-3.6457126,-3.464538
-3.5573092,-3.4124162
-3.4596317,-3.3632457
-3.362091,-3.3138335
-3.269612,-3.2648444
-3.1773736,-3.2126303
-3.09172,-3.158563
-3.0113442,-3.1062684
-0.64380926,-0.5890135
-0.51679033,-0.463887
-0.4060698,-0.33575785
-0.28585926,-0.23390695
-0.18545477,-0.14717951
-0.06750998,-0.07623112
0.041365735,-0.008929312
0.14507097,0.067411244
0.25182304,0.13602519
0.35568908,0.20153409
-1.407592,-1.1030409
-1.329052,-1.0362244
-1.2385658,-0.9761583
-1.1492326,-0.91818655
-1.0597782,-0.8640028
-0.9693498,-0.80688816
-0.8812086,-0.75818
-0.79740506,-0.7118035
-0.71677333,-0.6726219
-2.1440325,-2.1378264
-2.073435,-2.0476048
-2.0078146,-1.9479074
-1.9317657,-1.882133
-1.8489294,-1.8114502
-1.7560347,-1.7515295
-1.6443225,-1.6844482
-1.5456913,-1.6188064
-1.4360327,-1.5442007
-0.21266668,-0.2801542
-0.12629747,-0.12428832
-0.029661302,0.023218393
0.05302506,0.14058453
0.13681652,0.23755836
0.21856686,0.3102522
0.28707555,0.3668201
0.38080713,0.4426412
0.46566376,0.5080436
0.54548216,0.564243
0.6267597,0.61877745
-1.1019489,-1.2275908
-0.98008436,-1.0854925
-0.89395124,-0.9392078
-0.7863261,-0.7763926
-0.66514266,-0.65105265
-0.5346766,-0.5427638
-0.39630806,-0.45609435
-0.24591014,-0.37780154
-2.2387912,-2.5939255
-2.2193763,-2.546657
-2.1844544,-2.503236
-2.1573484,-2.47024
-2.1192565,-2.436922
-2.0488052,-2.3979793
-1.9529529,-2.342297
-1.8082755,-2.2857053
-1.725064,-2.2169352
0.15311779,0.15409839
0.26279163,0.31164312
0.38222644,0.45703727
0.51347095,0.6114587
0.6636411,0.7497204
0.8258104,0.86559576
1.012557,0.9629045
1.1941016,1.0477157
0.64152426,0.59472734
0.71826696,0.6764118
0.811387,0.75124174
0.9142148,0.821297
1.0224819,0.8891774
1.1592014,0.95456773
1.2791408,1.015804
1.4212524,1.0786116
-0.57112616,-0.35242134
-0.27283812,-0.2188865
-0.0769958,-0.11977744
0.036411107,-0.011131346
0.1624906,0.09675175
0.28751302,0.20238143
0.40436018,0.31505692
0.52356213,0.437221
-1.2173613,-1.2458141
-1.0336848,-1.0261823
-0.8150128,-0.9122889
-0.5621594,-0.78740907
-0.25057942,-0.6688035
-1.7146606,-1.5223341
-1.5900046,-1.4341801
-1.4928739,-1.3586714
-1.4050708,-1.2790027
-1.3175591,-1.2037646
-1.2245973,-1.1440822
-1.1354185,-1.0948153
-1.0444802,-1.0501744
-0.96423465,-1.0028057
-2.99563,-2.4687521
-2.8494258,-2.3807933
-2.7381735,-2.2956872
-2.633157,-2.2172244
-2.5496006,-2.1405535
-2.47003,-2.063062
-2.3814638,-1.9933026
-2.297732,-1.9261196
-2.202826,-1.8594425
-3.4017217,-3.2506788
-3.135442,-3.1314216
-2.9199216,-3.017639
-2.8214662,-2.9073613
-2.7430341,-2.7884455
-0.6438259,-0.79838604
-0.5734722,-0.7068608
-0.5212629,-0.6066385
-0.45077345,-0.52677065
-0.37658158,-0.46385384
-0.31893286,-0.41558498
-0.2620633,-0.36744654
-0.20026945,-0.3192717
-0.15048377,-0.26978526
-1.1009403,-0.9338387
-0.97357714,-0.85368073
-0.8471437,-0.7644521
-0.71496165,-0.663622
-0.5839233,-0.5646059
-0.44970974,-0.47958755
-0.32870537,-0.37203446
-0.21739174,-0.27045822
-0.10243865,-0.18007308
-1.587475,-1.3852599
-1.5249192,-1.3330683
-1.4113736,-1.288789
-1.3005171,-1.2465346
-1.1949289,-1.2011944
-1.0919391,-1.155745
-0.9950372,-1.0957068
-0.898166,-1.0205418
-0.8073894,-0.93544537
-2.1766646,-2.2442694
-2.1180732,-2.1729908
-2.0557456,-2.1075993
-1.9995333,-2.0477247
-1.9457601,-1.98648
-1.8967263,-1.9213879
-1.8481582,-1.8591421
-1.8003669,-1.8003511
-1.7513479,-1.7467949
-2.9497945,-2.5412567
-2.6860776,-2.443852
-2.511399,-2.356389
-2.3705628,-2.2710555
-2.2591894,-2.1944935
-2.1511188,-2.110066
-2.0537276,-2.0245614
-1.9697996,-1.9339881
-1.9013042,-1.8507249
-2.385231,-2.3841739
-2.320208,-2.2875834
-2.2379317,-2.1970675
-2.1692674,-2.1099913
-2.0741339,-2.0248666
-2.9451292,-2.5268474
-2.5047507,-2.4161448
-2.2491915,-2.3042974
-2.090003,-2.1892529
-1.9667603,-2.0890987
-1.8687471,-1.996372
-1.7876765,-1.9046504
-1.7099625,-1.8141592
-1.6499354,-1.7329712
0.3904993,0.35362703
0.51432383,0.51567084
0.6157659,0.6429606
0.7214193,0.7726479
0.834556,0.9132628
0.93499935,1.0212367
1.0754008,1.1504683
1.217985,1.2607107
1.4082175,1.3756876
1.6471357,1.4749777
2.0441577,1.5611343
-1.6566966,-1.6810215
-1.5743535,-1.5847776
-1.4978225,-1.4940674
-1.4164052,-1.4148428
-1.3428109,-1.3503356
-1.2474612,-1.2939956
-1.1768417,-1.2383491
-1.0983773,-1.174263
-1.0259795,-1.0996296
-0.9563283,-1.0343837
-0.45871833,-0.43483442
-0.4100445,-0.34317
-0.3594571,-0.265969
-0.30324146,-0.20024025
-0.2597397,-0.14485833
-0.20543355,-0.092116475
-0.15152346,-0.039167225
-0.10809319,0.00835216
-0.060548212,0.05139053
-0.0034098744,0.09412658
-0.9189862,-0.6896688
-0.84229666,-0.6138867
-0.75597787,-0.53492606
-0.6652074,-0.47759482
-0.58197707,-0.42553028
-0.4758531,-0.36664224
-0.3721662,-0.29461354
-0.28546473,-0.2198219
-0.2035885,-0.14362589
-1.3767626,-1.1997548
-1.2545274,-1.0933802
-1.124175,-1.0017703
-1.0077207,-0.9102942
-0.89064586,-0.81291085
-0.7740924,-0.7313874
-0.65653235,-0.6408183
-0.545695,-0.5533787
-1.6099166,-1.5133822
-1.482546,-1.3997347
-1.3580395,-1.2901366
-1.2363409,-1.1906049
-1.10373,-1.0842314
-0.9790731,-0.9613027
-0.84855115,-0.8398152
-0.70762795,-0.71016943
-0.56949854,-0.5675703
-1.7412275,-1.6049683
-1.6416919,-1.4868493
-1.5392871,-1.388222
-1.4293928,-1.29631
-1.3283528,-1.1994109
-1.2147611,-1.0925145
-1.1087382,-1.0083365
-0.987918,-0.948133
-0.8705952,-0.8770355
-0.07023245,-0.22823381
-0.03555038,-0.18782145
0.003932784,-0.15692264
0.04494298,-0.1258868
0.079599924,-0.09590909
0.11653089,-0.056836903
0.15403937,-0.0044286847
0.1889018,0.04675722
0.22965543,0.09374553
-1.288888,-1.4580631
-1.1953434,-1.3778752
-1.0998288,-1.3005316
-1.0181695,-1.2383478
-0.9331775,-1.1698065
-0.86560726,-1.0908158
-0.7983956,-1.0343274
-0.7386386,-0.99038017
-0.6760208,-0.9478959
-0.61204714,-0.906037
-2.6842737,-3.1699553
-2.6762455,-3.0934076
-2.645533,-3.002135
-2.614464,-2.914842
-2.5616076,-2.8509386
-2.4862046,-2.8009593
-2.4601521,-2.7507772
-2.3930488,-2.6984868
-2.3324244,-2.648485
-0.9675319,-1.0347021
-0.89460754,-0.9568733
-0.81697184,-0.88664204
-0.7417627,-0.82366705
-0.66162896,-0.7687194
-0.5875675,-0.71092343
-0.5146832,-0.6364343
-1.2712612,-1.2681932
-1.2236848,-1.2045581
-1.1317148,-1.139622
-1.0513444,-1.0730866
-0.97532815,-1.0040245
-0.90981853,-0.933322
-0.8039712,-0.85732186
-0.7134569,-0.77198935
-0.63913506,-0.6864996
-0.498977,-0.11941263
-0.22900876,-0.033428848
-0.0069725197,0.035132527
0.18098901,0.09614986
0.31887674,0.15238613
0.4195786,0.21093673
0.5027196,0.26341873
0.57524425,0.31373173
0.6424206,0.3626328
-1.5295817,-1.5700924
-1.379844,-1.3893069
-1.2342443,-1.1939331
-1.0913143,-1.0593734
-0.9471334,-0.9313135
-0.8189714,-0.8203778
-0.6213899,-0.73289
-0.47870353,-0.6486098
-2.0266776,-1.9522212
-1.8039516,-1.8091035
-1.6471394,-1.6769714
-1.4544574,-1.4971614
-1.3864777,-1.2967751
-2.6828883,-2.8433192
-2.6356595,-2.7992887
-2.586903,-2.762376
-2.53003,-2.722995
-2.448993,-2.6870096
-2.3643212,-2.6607
-2.2955322,-2.6301506
-2.2272987,-2.5922496
-2.1377594,-2.5434499
-1.2653528,-1.084357
-1.1400815,-0.9868688
-1.069256,-0.8997033
-0.97090596,-0.82148826
-0.8715376,-0.73807824
-0.7545699,-0.6714913
-0.6596816,-0.5844362
-0.5923304,-0.48518503
-0.5082273,-0.3711112
-1.0189934,-0.9895496
-0.9527847,-0.92915374
-0.86888427,-0.86532056
-0.78625125,-0.7919492
-0.7060841,-0.73058254
-0.62519526,-0.6652167
-0.54394734,-0.600671
-0.46741942,-0.5438386
-0.38479987,-0.4805917
-1.7100132,-2.0837188
-1.5948522,-2.021178
-1.4772022,-1.9581373
-1.318824,-1.8957539
-1.1813157,-1.8301587
-1.0601838,-1.7527626
-0.93850523,-1.6768882
-0.8429556,-1.6056657
-0.73776615,-1.5354147
-0.8518303,-0.6679298
-0.75290775,-0.58765733
-0.6692314,-0.512393
-0.5677905,-0.4247463
-0.4443683,-0.34374452
-0.32818994,-0.25768209
-0.22221583,-0.16509908
-0.1452002,-0.09802383
-0.015057863,-0.046171308
0.2712335,0.14234614
0.31125456,0.24946874
0.37903512,0.35086983
0.44280943,0.44816858
0.51289755,0.509312
0.6033944,0.5762225
0.6767715,0.6406866
0.7669035,0.70320874
0.8616071,0.75799805
0.9749059,0.8082786
-3.4576635,-2.8584964
-3.284737,-2.7587492
-3.1227014,-2.6692898
-2.9766662,-2.558494
-2.777141,-2.4441943
-2.6411974,-2.343409
-2.4665027,-2.2408187
-2.3384876,-2.1539228
-2.1997836,-2.0711174
0.057069823,0.15682447
0.1222511,0.20793599
0.19134319,0.25905067
0.25758693,0.30932313
0.3301462,0.3599885
0.39718583,0.41524786
0.46693367,0.47284847
0.5298826,0.532255
0.60470015,0.5931819
-2.9164422,-2.0505936
-2.8027966,-2.0020502
-2.7231543,-1.9529934
-2.647743,-1.9039922
-2.5696175,-1.8539891
-2.4842274,-1.8049169
-2.3929996,-1.756794
-2.310668,-1.7088325
-2.2292845,-1.6544945
-2.1457396,-1.5928514
-2.0757844,-1.5311553
-1.9972384,-1.466296
-1.9307492,-1.4020826
-1.8627387,-1.3446894
-1.7952511,-1.2920885
-1.0379047,-1.2526126
-0.9868806,-1.2024009
-0.95184785,-1.1647029
-0.91570234,-1.1355498
-0.8766731,-1.1130631
-0.8298355,-1.0697677
-2.1717465,-2.1075993
-2.0785565,-1.98648
-1.8713781,-1.8591421
-1.7108953,-1.7467949
-1.5431485,-1.6394722
-1.3899646,-1.507273
-0.33292788,-1.1320157
-0.22076455,-1.051341
-0.11225687,-0.9798696
0.008535954,-0.89626443
0.14094509,-0.82606745
0.2647631,-0.7492648
0.410497,-0.6630235
0.56204826,-0.56400365
0.7261431,-0.48584932
-2.8665757,-2.7974112
-2.844714,-2.7470791
-2.8276973,-2.701698
-2.800848,-2.6580415
-2.7503242,-2.6158092
-2.7082996,-2.5682905
-2.665362,-2.5244906
-2.626639,-2.4863396
-2.5831587,-2.4541662
-3.3373857,-3.1378863
-3.1631644,-3.039647
-3.028067,-2.9436862
-2.8678305,-2.84253
-2.7223337,-2.7357297
-2.5840824,-2.625767
-2.461099,-2.5127594
-2.3319013,-2.3956034
-2.2031786,-2.2777212
-0.5635463,-0.7691705
-0.5059497,-0.64602065
-0.4452227,-0.54079705
-0.3869361,-0.46329725
-0.3327779,-0.40316388
-0.28026882,-0.3501531
-0.22537236,-0.28852925
-0.16630156,-0.22095537
-2.315216,-2.743488
-2.2643802,-2.6192393
-2.2015977,-2.4918244
-2.1977024,-2.4048984
-2.1822028,-2.3198376
-2.1580794,-2.229568
-2.7141798,-2.0744317
-2.6122878,-1.9898515
-2.4949355,-1.9069207
-2.3661604,-1.8217492
-2.2286081,-1.7120123
-2.1040645,-1.5932608
-1.9803063,-1.4503577
-1.8670957,-1.279229
-1.7702798,-1.1368618
-1.6486218,-1.0602624
-3.3154788,-3.159088
-3.2088683,-3.0890312
-3.114959,-3.0137293
-3.0170987,-2.9348075
-2.9223268,-2.8553226
-2.8384035,-2.7767038
-2.7521284,-2.695351
-2.6595678,-2.6127775
-2.58553,-2.530106
-2.509692,-2.443808
-2.4288714,-2.3468597
-2.364295,-2.2556012
-3.872151,-3.6198695
-3.806969,-3.4926474
-3.6965506,-3.364668
-3.5761495,-3.2382164
-3.454779,-3.1136293
-3.3394265,-3.0013337
-3.259344,-2.9013336
-3.1658351,-2.801798
-3.0445979,-2.6954672
-0.5991619,-0.5842647
-0.509744,-0.45744088
-0.4233622,-0.3458468
-0.35640928,-0.27556628
-0.273515,-0.21564847
-0.18791343,-0.16643596
-0.10964817,-0.11684421
-0.037454944,-0.061697066
0.04157465,-0.001947701
-0.50377524,-0.46335727
-0.44788995,-0.4174114
-0.38922665,-0.37148917
-0.33178043,-0.32816723
-0.26698473,-0.28676385
-0.2266356,-0.25564396
-0.1644631,-0.22167516
-0.12349039,-0.1746636
-0.061937515,-0.12512046
-2.341265,-2.0156357
-2.2056313,-1.9349754
-2.0752316,-1.8431311
-1.964574,-1.7386398
-1.8529447,-1.6507249
-1.7523177,-1.579448
-1.6278055,-1.5075581
-1.5056735,-1.4369957
-1.3876762,-1.3639412
-0.81389964,-0.6413949
-0.70749974,-0.5095351
-0.60765594,-0.36356863
-0.51587003,-0.23134169
-0.41900837,-0.12941867
-0.32589626,-0.045749664
-0.23528221,0.045728147
-0.14202717,0.15859383
-0.047055844,0.25554472
-1.5553095,-1.605916
-1.47634,-1.5355616
-1.3846656,-1.4462717
-1.3131734,-1.3354359
-1.2300862,-1.2407274
-1.1418988,-1.1516881
-1.0767807,-1.0764251
-0.9869075,-1.0027986
-0.9169786,-0.9271745
-0.12307928,-0.10737413
0.0014708964,-0.010069311
0.068525724,0.08618456
0.16330121,0.17148525
0.23065472,0.2526204
0.3338573,0.32083923
0.40905237,0.3869211
0.49701977,0.46729118
0.6269276,0.5709546
-2.6305606,-2.5925047
-2.5436947,-2.4652936
-2.4357545,-2.3322601
-2.3130043,-2.2061758
-2.2079015,-2.0826218
-2.110155,-1.9753273
-2.015643,-1.8784063
-1.9257399,-1.7851496
-1.8383703,-1.7029891
-1.75043,-1.6171443
-3.0209897,-2.8769798
-2.8390028,-2.8103347
-2.663941,-2.7445931
-2.4937527,-2.6827528
-2.3296158,-2.6142879
-2.1715996,-2.5339892
-2.0188918,-2.4512308
-1.869161,-2.36149
-1.7284122,-2.2667458
-1.5896577,-2.1848006
-1.3569305,-1.3116887
-1.3308283,-1.2603147
-1.2876626,-1.2081003
-1.250105,-1.1530395
-1.1990649,-1.0913061
-1.1268148,-1.0271323
-1.0595379,-0.9625502
-0.97919214,-0.8958155
-0.9095118,-0.82706624
-0.5202134,-0.38461784
-0.4221198,-0.29359856
-0.33460763,-0.19338262
-0.2534974,-0.10479978
-0.1702428,0.0019491315
-0.0901453,0.08862537
-0.020170797,0.18517882
0.05266826,0.2743755
0.12045403,0.3497005
-1.1793709,-1.0989361
-1.0918311,-1.0234605
-1.0188909,-0.9530413
-0.94435364,-0.8771843
-0.8728188,-0.8098643
-0.80382544,-0.7343096
-0.7414631,-0.6466903
-0.6760208,-0.5729157
-0.6241085,-0.5018802
-3.5432217,-3.751527
-3.5220556,-3.6986654
-3.4999425,-3.6493433
-3.4759126,-3.6071796
-3.4523728,-3.5678918
-3.4282868,-3.530462
-3.3992913,-3.4925199
-3.3698988,-3.454685
-3.3416247,-3.416365
-3.3099196,-3.3790288
-1.8026105,-1.7200158
-1.6609187,-1.6052079
-1.5343227,-1.4866264
-1.3929161,-1.388222
-1.2711611,-1.2969028
-1.1424438,-1.1998293
-1.0292436,-1.0921252
-0.9109769,-1.0084586
-0.8016808,-0.9474324
-2.5806038,-2.696122
-2.512519,-2.615386
-2.433969,-2.5421913
-2.3630269,-2.461951
-2.2934747,-2.3733728
-2.2246382,-2.290465
-2.1584196,-2.211109
-2.0969005,-2.117235
-2.0327833,-2.025812
-1.2607402,-1.3901911
-1.1916332,-1.2942717
-1.11635,-1.1996844
-1.0047405,-1.1000228
-0.88962317,-1.0058341
-0.76176697,-0.8894274
-0.63557726,-0.7508671
-0.52544814,-0.62876445
-0.40598556,-0.52393615
-0.29733068,-0.40645015
-0.18681683,-0.2786272
-0.07808069,-0.14842
-1.9763432,-1.8962188
-1.8713536,-1.7965653
-1.7728412,-1.691117
-1.6735253,-1.5891445
-1.5781413,-1.5039585
-1.489348,-1.4270735
-1.4036506,-1.3551183
-1.3213882,-1.2873602
-1.2382485,-1.2134478
-3.9820123,-3.72581
-3.9174314,-3.6822839
-3.8618183,-3.6429513
-3.8056965,-3.6034315
-3.7501094,-3.564411
-3.6930232,-3.527086
-3.6380174,-3.4908707
-3.5833018,-3.4547925
-3.5354548,-3.416279
-2.5710375,-1.5894775
-2.3175967,-1.4982524
-2.1108775,-1.3919104
-1.8737594,-1.298153
-1.6431022,-1.2092259
-1.5219483,-1.1239104
-1.3808739,-1.0415274
-1.268634,-0.96775526
-1.1263325,-0.88041604
-3.220825,-2.7990534
-3.1127768,-2.6300964
-3.04643,-2.4795203
-2.851959,-2.3367395
-3.1687164,-2.9935246
-3.0916412,-2.9315975
-3.0085604,-2.8842556
-2.9213836,-2.8275993
-2.8606415,-2.7568128
-2.7774756,-2.6894815
-2.6784844,-2.6137407
-2.5861683,-2.53289
-2.4856913,-2.4664557
-2.447375,-2.4216063
-2.369759,-2.355412
-2.2895334,-2.2960691
-2.21413,-2.2366552
-2.119626,-2.1808796
-2.0466478,-2.1376657
-1.9855295,-2.0966868
-1.9073515,-2.0563626
-1.8368567,-2.010817
-1.9291605,-1.9641213
-1.7944305,-1.8485253
-1.6815854,-1.7345405
-1.5488402,-1.6166191
-1.4279099,-1.5142267
-1.3014116,-1.3986225
-1.1843901,-1.3056791
-1.0636419,-1.2090535
-0.9490695,-1.1096802
-3.29431,-2.7781556
-3.1604507,-2.6978047
-3.0659144,-2.6105483
-2.9727283,-2.5191429
-2.8923857,-2.4212584
-2.8142211,-2.3251038
-2.736095,-2.2347298
-2.6706264,-2.140807
-2.5836809,-2.0494523
-0.36437303,-0.7129368
-0.2810894,-0.5638022
-0.1844837,-0.42792708
-0.09313446,-0.29259273
0.011443104,-0.15584049
0.11557085,-0.033800364
0.22587533,0.061065495
-0.8251207,-0.87479043
-0.7828616,-0.78073597
-0.7138412,-0.6862341
-0.63244396,-0.6049933
-0.5587494,-0.5294897
-0.47578326,-0.43898392
-0.40631446,-0.35299563
-0.33103848,-0.27720672
-0.26924935,-0.21706533
-0.21245971,-0.16470563
-3.032844,-2.7050495
-2.8932729,-2.6327488
-2.7316685,-2.5615208
-2.6142056,-2.4845395
-2.4934535,-2.4104953
-2.376325,-2.3375452
-2.2754657,-2.2640073
-2.1696835,-2.1923058
-2.0587168,-2.120617
-1.9607592,-2.0440705
-3.5171182,-3.609607
-3.4036343,-3.5336568
-3.2777672,-3.4566095
-3.1807275,-3.3814933
-3.0684562,-3.301523
-1.7591169,-1.6387222
-1.6971592,-1.5930488
-1.6301831,-1.5457346
-1.5616488,-1.5058904
-1.5094035,-1.4665341
-3.0984654,-2.3924274
-2.9246938,-2.3100748
-2.83988,-2.2337723
-2.8044934,-2.1575825
-2.806913,-2.0849164
-2.7125206,-2.0090868
-2.4595451,-1.9383962
-2.3882473,-1.8604894
-2.4613905,-2.1497858
-2.3104937,-2.0241385
-2.1650193,-1.9012415
-2.038252,-1.7847819
-1.9172674,-1.6746354
-1.7806789,-1.5761263
-1.6596187,-1.490907
-1.5480464,-1.4139979
-1.4203748,-1.331047
-1.304554,-1.2519373
-1.1776023,-1.1781077
-1.0763634,-1.0980053
-1.9048576,-1.2887645
-1.7056668,-1.2290694
-1.5877178,-1.1633558
-1.4374678,-1.1000968
-1.2989836,-1.0341358
-1.1863161,-0.98340774
-1.0548793,-0.9393926
-0.923736,-0.89550996
-0.8571954,-0.85660005
-0.7369294,-0.810627
-0.6691535,-0.7639059
-0.59181535,-0.70861256
-0.516366,-0.6586539
-0.42293954,-0.598147
-0.33074754,-0.549694
-1.9132351,-1.8711593
-1.8584545,-1.8026268
-1.7728034,-1.7369406
-1.7124556,-1.6638682
-1.6342281,-1.6052577
-1.596671,-1.564991
-1.5275112,-1.5238978
-1.4852386,-1.484534
-1.4314775,-1.4453316
-1.3527169,-1.4051774
-2.001026,-2.1381176
-1.8140123,-2.0068336
-1.6553323,-1.9116232
-1.5442493,-1.7863097
-1.4285191,-1.6443703
-1.3364209,-1.4969642
-0.87299657,-2.6790016
-0.8157228,-2.5540433
-0.73164386,-2.41842
-0.6732561,-2.276574
-0.61449784,-2.1336226
-0.5738629,-1.997675
-0.5477972,-1.8662295
-0.48633626,-1.7281451
-0.46844986,-1.5856383
-0.83745795,-0.4681029
-0.74666864,-0.3838148
-0.63022494,-0.3001786
-0.50752234,-0.19889921
-0.38547906,-0.08365917
-0.26381862,0.028494418
-0.14534211,0.12585741
-0.026938863,0.22454542
0.090743795,0.32430804
-1.5359578,-1.1378772
-1.3870091,-1.0659747
-1.2286589,-0.9851703
-1.1340067,-0.9330316
-0.9837279,-0.8429313
-0.86920613,-0.76021016
-0.7580676,-0.68510866
-0.63843,-0.5997463
-0.5161391,-0.503253
-0.39333355,-0.40784937
-0.88331234,-1.0400279
-0.78607,-0.93275124
-0.64373857,-0.7925314
-0.51425666,-0.6964847
-0.4261268,-0.6368507
-0.21582471,-0.44713062
-0.06856757,-0.31602973
0.053986408,-0.22510946
0.1640835,-0.13115495
0.2486892,-0.04102558
0.32793954,0.0460096
0.44088557,0.1724667
0.5270769,0.22669375
-1.249985,-1.4636306
-1.1798964,-1.3214171
-1.1096171,-1.1846142
-1.0428344,-1.0670457
-0.9826865,-0.96036637
-0.9203876,-0.8607659
-0.8617867,-0.7633647
-0.8030606,-0.67126775
-0.7362015,-0.5823472
-0.67859524,-0.4888942
-0.6211893,-0.3866408
-0.550268,-0.2925533
-0.48961616,-0.187585
-1.1728624,-1.0437498
-1.0267006,-0.94088745
-0.9411247,-0.82420564
-0.8602272,-0.6756891
-0.68904597,-0.50704825
-0.57273245,-0.2931563
-0.35916388,-0.09279615
-0.16443315,0.10672164
0.05715117,0.34791815
0.3093819,0.5986058
-0.43972844,-0.6148803
-0.35766324,-0.5470271
-0.24760608,-0.44546434
-0.096776344,-0.28111112
0.10029251,-0.09658936
0.2170999,0.008414984
0.3633426,0.17655069
0.5316187,0.4155562
0.65437794,0.5727059
0.76975423,0.7122387
0.88989884,0.82091135
-0.6229361,-0.7475669
-0.5456418,-0.6839708
-0.42865267,-0.56382257
-0.3803595,-0.51991963
-0.25407404,-0.3821268
-0.18404654,-0.32504454
-0.1457094,-0.2722907
-0.07463181,-0.20948923
0.015158514,-0.110250115
0.07515167,-0.04418379
-2.1515377,-1.4960315
-1.9705478,-1.3767602
-1.8610097,-1.2887608
-1.6711286,-1.2092259
-1.5603671,-1.1239104
-1.3987997,-1.0415274
-1.3079654,-0.96775526
-1.1960516,-0.88041604
-1.066965,-0.8000851
-3.069528,-3.374336
-2.973525,-3.325513
-2.8734598,-3.2657497
-2.8019087,-3.2114246
-2.7646189,-3.156253
-2.7395787,-3.103218
-4.54175,-4.5199513
-5.021389,-4.484639
-2.69453,-0.09900105
-2.681717,-0.033349693
-2.6660588,0.03335899
-2.6468003,0.096006095
-2.6274893,0.17489725
-2.5844862,0.2641644
-2.542209,0.34923643
-2.4918451,0.43072468
-2.4416525,0.50144345
-3.0605714,-3.7102969
-2.94485,-3.6185105
-2.832768,-3.5308235
-2.7170703,-3.4506567
-2.6146317,-3.3664165
-2.5156431,-3.2892697
-1.0454282,-2.5043867
-0.74786323,-2.439946
-0.5172554,-2.3780558
-0.3217429,-2.320917
-0.12068065,-2.2656312
0.08228099,-2.218633
0.2935264,-2.1758277
0.44924682,-2.132399
-2.1772013,-2.2216353
-2.1400495,-2.1425567
-2.1090422,-2.0646431
-2.0496843,-1.9962344
-1.9953212,-1.9281425
0.7439895,0.68243307
0.7887852,0.77601606
0.8359774,0.8481255
0.8762262,0.9050701
0.9255158,0.9598871
0.98778075,1.0067477
1.0270758,1.0517306
1.048331,1.0921633
1.0881937,1.1354432
1.1105367,1.1710434
1.133599,1.2070727
1.1623847,1.2387567
1.1959718,1.2665155
-1.1652076,-1.6010895
-1.099807,-1.3949275
-0.9673802,-1.1758449
-0.87697524,-0.9700881
-0.76844364,-0.7829673
-0.67494476,-0.60803944
-0.57855564,-0.4256027
-0.464639,-0.2365706
-0.33049488,-0.049696684
-0.22272009,0.070429504
-0.073979005,0.17404783
0.07577808,0.23564404
0.13340586,0.26476777
-2.2756329,-2.2863681
-2.14896,-2.1499612
-2.0094779,-1.9834864
-1.8581742,-1.8063495
-1.7244561,-1.6075764
-1.6903856,-1.5566816
-1.6352843,-1.4122896
-1.5737729,-1.3181797
-1.4980487,-1.157676
-1.4549515,-1.0899413
-1.2590075,-0.8074249
-1.1956029,-0.7255486
-1.0904243,-0.5749185
-0.9392291,-0.46799237
0.5310545,1.0072217
0.6496498,1.0521579
0.7402586,1.0925455
0.85683554,1.1317437
0.9531024,1.1714165
1.0037031,1.2074192
1.0595326,1.2390332
-2.294783,-2.2154663
-2.138845,-2.0296562
-1.9556916,-1.8342974
-1.7935998,-1.6515677
-1.6159948,-1.4721655
-1.4387614,-1.3067896
-1.2314156,-1.1089227
-1.03165,-0.88018143
-0.8400099,-0.66770136
-1.2996107,-0.22976905
-1.2992516,-0.16703588
-1.2989036,-0.10868502
-1.2990369,-0.057686746
-1.2991121,-0.010143697
-1.2994682,0.039440274
-1.3000399,0.090147436
-1.2999803,0.1412434
-1.3005091,0.18112147
-1.302113,0.2828278
0.8879561,0.91103214
0.99172777,1.0081699
1.054797,1.0940728
1.0981023,1.1639364
1.1502948,1.2384801
-3.3834877,-4.499669
-3.335116,-4.4243183
-3.217798,-4.3463197
-3.1546597,-4.270321
-3.0779338,-4.194212
-2.9915233,-4.111458
-2.9112856,-4.0264363
-2.8595147,-3.9421961
-2.138319,-2.614174
-2.1212096,-2.552013
-2.1006272,-2.4819117
-2.08638,-2.414584
-2.0704594,-2.3528774
-2.0506318,-2.2951417
-2.0380547,-2.2309458
-2.025702,-2.1668112
-2.0212839,-2.1079028
-2.016754,-2.0527773
-3.315396,-4.063496
-3.1700764,-3.978111
-3.1169276,-3.886545
-3.0725098,-3.7951758
-3.0037413,-3.6978087
-2.907018,-3.601548
-2.85855,-3.4865441
-0.38449124,-0.81196856
-0.30467713,-0.74958134
-0.20505638,-0.6917863
-0.07045731,-0.6422237
0.074964024,-0.6009164
0.21120189,-0.5657544
0.3399523,-0.5257584
0.46471056,-0.47068682
0.56894344,-0.40747344
0.6815809,-0.34551358
-3.1382658,-3.4650729
-2.967969,-3.3847818
-2.8462186,-3.3065102
-2.748812,-3.219021
-2.6582398,-3.1266696
-2.529316,-3.0257144
-2.384725,-2.9270804
-2.31143,-2.8275902
-2.1721368,-2.7364295
-2.0514152,-2.6388834
-0.97094345,-1.3568246
-0.85234654,-1.2639105
-0.7609363,-1.1700401
-0.6413788,-1.0655773
-0.54370487,-0.98278534
-0.3593545,-0.92591196
-0.27795258,-0.8821407
-0.20910503,-0.8444435
-0.12774388,-0.79954207
-0.06342848,-0.7438817
-2.9556653,-0.22834158
-2.7134836,-0.15674779
-2.4804597,-0.08758551
-2.1735864,-0.025280774
-2.0738835,0.027245522
-1.9652264,0.044902027
-1.8215157,0.113129795
-1.7029506,0.14765292
-1.5642118,0.17981929
-2.3806708,-1.0369295
-2.2828567,-0.95864534
-2.2032847,-0.8895576
-2.1530585,-0.83031595
-2.0699399,-0.77616197
-2.0004776,-0.7211882
-1.9125769,-0.6687226
-1.8236257,-0.6127533
-1.740888,-0.5570646
-5.080826,-3.7801669
-5.0270786,-3.6778095
-4.979481,-3.5874345
-4.9579964,-3.5072176
-4.9174843,-3.42559
-4.27284,-4.0578966
-4.140256,-3.9623337
-3.9645593,-3.77112
-3.8543184,-3.572032
-3.6889596,-3.3365362
-3.5805545,-3.093836
-3.3970697,-2.8580608
-3.3123996,-2.652916
-2.5886376,-2.1884136
-2.6218913,-2.1366174
-2.6368458,-1.9299076
-3.7627416,-3.6748176
-3.825503,-3.487006
-4.9544635,-4.077417
-4.7522273,-3.867252
-4.551699,-3.6704838
-4.3861084,-3.4702141
-4.229655,-3.2709973
-3.8218422,-4.2553988
-3.6958144,-4.17702
-3.5691056,-4.103856
-3.3760128,-4.000979
-3.3408096,-3.9274824
-5.1133976,-4.6577716
-5.0610175,-4.5705986
-5.0169783,-4.486346
-4.94257,-4.3732867
-4.89388,-4.2959747
-4.407799,-4.6228824
-4.3732557,-4.5705986
-4.2862515,-4.486346
-4.1866584,-4.3732867
-4.097999,-4.2959747
-5.101581,-2.943124
-4.913135,-2.8411953
-4.7654743,-2.7457063
-4.643076,-2.6549768
-4.3749332,-2.479702
-0.292753,-0.1531046
-0.07337028,-0.008421123
0.1543013,0.14438885
0.37183365,0.31230444
0.59517974,0.4621144
0.8221126,0.579027
1.0618178,0.6771763
-5.186369,-4.09756
-4.880745,-4.0024843
-4.577916,-3.9096851
-4.481403,-3.811485
-4.3392444,-3.7126548
-4.240153,-3.6219413
-4.1920323,-3.529752
-4.087983,-3.440153
1.0515927,0.7617647
1.0654253,0.79960734
1.0731732,0.8406498
1.0863044,0.87964195
1.0932822,0.9175766
1.1057979,0.9574881
1.1123701,0.9967504
1.1243318,1.0355065
1.133543,1.0692744
-1.9756696,-1.7469687
-1.88073,-1.6485231
-1.7929026,-1.5556192
-1.7083613,-1.4570497
-1.6274247,-1.3658752
-1.5444853,-1.273896
-1.4721415,-1.1905912
-1.3947914,-1.1181009
-1.3171215,-1.0503595
-1.240043,-0.98921263
-2.3560243,-2.2565863
-2.0668485,-2.1299431
-1.8786439,-2.0030735
-1.7572815,-1.8933375
-1.6538881,-1.7976828
-1.571072,-1.714505
-1.4983639,-1.6294162
-1.4400126,-1.5550681
-6.3346376,-4.18857
-6.1928067,-4.0930557
-6.055175,-3.993365
-5.924378,-3.8889663
-5.788275,-3.7801669
-5.652115,-3.6778095
-5.5277753,-3.5874345
-5.41016,-3.5072176
-5.290538,-3.42559
-2.0206668,-1.4835451
-2.005284,-1.391207
-1.9858855,-1.3165026
-1.9697036,-1.2520308
-1.9505857,-1.1933262
-1.9355108,-1.1397271
-1.9196788,-1.0916464
-1.9047403,-1.0472579
-1.8889511,-1.0092988
-1.8685623,-0.96357805
-3.9406838,-3.3750832
-3.826982,-3.284372
-3.7175887,-3.1928885
-3.611416,-3.1084192
-3.50603,-3.037677
-3.4106493,-2.9670877
-3.3128617,-2.8910353
-3.2230303,-2.8125467
-3.1264372,-2.7360506
-0.7234543,-0.9700881
-0.59217894,-0.7762583
-0.47685432,-0.58252096
-0.39762864,-0.46099734
-0.33590415,-0.33486807
-0.19765884,-0.13246173
-0.111260705,0.0027970672
-0.008145604,0.12762266
0.10924265,0.21866065
0.21289045,0.2587691
-3.7032166,-3.6823685
-3.6039705,-3.59429
-3.504823,-3.5022917
-3.4092183,-3.4072123
-3.3176553,-3.3047874
-3.2300658,-3.1879256
-3.1450772,-3.078081
-3.0628953,-2.9919174
-2.9805007,-2.9071462
-2.9016693,-2.8264105
-2.942193,-2.6625338
-2.8240676,-2.5575185
-2.709344,-2.444758
-2.5868893,-2.335413
-2.4681568,-2.231287
-2.359207,-2.112189
-2.2590175,-1.9900072
-2.1701283,-1.8833952
-2.0802896,-1.7753875
-1.9997557,-1.6840568
-1.9152489,-1.6086457
-1.7458841,-3.5646722
-1.6916736,-3.470546
-1.6407039,-3.382514
-1.5906663,-3.2992222
-1.5400467,-3.221249
-1.4915682,-3.147931
-1.4467676,-3.0795288
-1.401779,-3.0151787
-1.3536355,-2.95414
-1.8273962,-0.9729681
-1.7344823,-0.8808862
-1.6537915,-0.7837274
-1.5607152,-0.7017921
-1.4947383,-0.6193095
-1.3617635,-0.5426166
-2.3927095,-3.3673923
-2.2570696,-3.2671447
-2.134408,-3.170903
-1.9960233,-3.0770595
-1.8744353,-2.9845326
-1.7495319,-2.8888943
-1.6372929,-2.793081
-1.5278488,-2.6971536
-1.4168705,-2.6042879
-1.3136302,-2.5044992
-7.095296,-3.2983422
-6.950244,-3.1478002
-6.803553,-3.0027027
-6.6585646,-2.861275
-6.517876,-2.7297184
-6.3772497,-2.5975263
-6.241993,-2.4670534
-6.1216044,-2.343959
-5.9934535,-2.2258573
-6.2883334,-3.0713725
-6.170474,-2.9475558
-6.062344,-2.8174856
-5.9599667,-2.6897218
-5.8640447,-2.563931
-5.764907,-2.4466212
-5.6732254,-2.3343823
-5.579235,-2.2222102
-5.4888344,-2.1098092
-5.4113173,-1.9976931
-1.9157035,-2.8338282
-1.8403443,-2.6894817
-1.7767512,-2.5552366
-1.6989892,-2.4282
-1.6116965,-2.3118975
-1.5360656,-2.2021585
-1.4595182,-2.0879683
-1.3794293,-1.980345
-1.2956722,-1.8835759
-1.2023169,-1.7915742
-5.300819,-4.1516943
-5.2495184,-4.074162
-5.1579275,-3.9913757
-5.061628,-3.9058075
-4.920177,-3.8222513
-4.775867,-3.7395535
-4.6212177,-3.6610782
-4.375838,-3.5781143
-5.2830744,-4.047522
-5.204226,-3.959315
-5.124407,-3.8667843
-5.0482397,-3.7707605
-4.975202,-3.675571
-4.905731,-3.5826066
-4.836302,-3.4883525
-4.77104,-3.405538
-4.706874,-3.327481
-4.6444893,-3.2525916
-2.5864031,-3.2882392
-2.531138,-3.193514
-2.4742436,-3.1028554
-2.42381,-3.0157292
-2.3753285,-2.92531
-2.3254228,-2.839101
-2.276873,-2.758629
-2.2312229,-2.6740358
-2.1868708,-2.6025188
-2.1448598,-2.5374172
-5.332365,-4.2379184
-5.3098187,-4.1516943
-5.2356367,-4.074162
-5.1486907,-3.9913757
-5.0432134,-3.9058075
-4.897452,-3.8222513
-4.7484813,-3.7395535
-4.6026597,-3.6610782
-4.366654,-3.5781143
-3.000367,-4.00819
-2.793354,-3.8525443
-2.5941927,-3.6809618
-2.420692,-3.5083795
-2.1813188,-3.3430867
-2.0506318,-3.1777062
-1.8636754,-3.0248182
-1.6790776,-2.8743541
-1.518516,-2.7139313
-3.7145584,-4.626675
-3.6130645,-4.532041
-3.5072148,-4.439454
-3.4043124,-4.3524117
-3.2965775,-4.2660227
-3.1979098,-4.179067
-3.1033804,-4.1024356
-3.0114355,-4.0204363
-2.9298282,-3.9444675
-2.8427532,-3.8717628
-4.3862615,-4.4752345
-4.2440186,-4.398243
-4.2304354,-4.3221703
-4.2450633,-4.2448606
-4.1282926,-4.161705
-4.097057,-4.062503
-4.086238,-3.9635913
-4.0760145,-3.862334
-4.0063605,-3.7504776
-5.104629,-2.943124
-4.9111743,-2.8411953
-4.76408,-2.7457063
-4.626569,-2.6549768
-4.3704386,-2.479702
-0.11991487,-1.8727977
-0.07066137,-1.7305658
-0.032283057,-1.6042595
0.016568039,-1.5107251
0.070420265,-1.415297
0.1452355,-1.3243821
-2.4631,-2.7584226
-2.3484714,-2.6379564
-2.2051072,-2.5237582
-2.09461,-2.411262
-1.9856675,-2.3114362
-1.9558004,0.3551365
-1.6552938,0.44786936
-1.4798229,0.5246175
-1.3555887,0.57954997
-1.1131705,0.63286275
-0.93772745,0.6777683
-0.7691838,0.7200162
-0.5618455,0.75402504
-0.4286923,0.78460056
-0.23546804,0.8191052
-0.075313434,0.85560256
-7.4824004,-5.211926
-7.164106,-5.1058784
-6.6985674,-4.9973793
-6.2569036,-4.8897486
-5.9865584,-4.776017
-0.42854947,-0.9733014
-0.34428832,-0.82080805
-0.24556112,-0.6728906
-0.16725135,-0.55430806
-0.10028317,-0.45373473
-0.013950731,-0.33731908
0.05532039,-0.20910835
0.115888834,-0.074040055
0.17297834,0.03867787
0.25602528,0.14498258
0.1532881,-0.7576112
0.35257664,-0.6420104
0.5489981,-0.5371197
0.74406517,-0.44200432
0.9289152,-0.36705756
1.112741,-0.28001922
1.2920102,-0.18036652
1.46639,-0.08436835
1.6335948,0.009877086
1.8105248,0.10043383
-3.2279892,-1.5787251
-3.1864355,-1.4793847
-3.1486745,-1.3881049
-3.1109936,-1.3030214
-3.07932,-1.211679
-5.872619,-2.688475
-5.7919946,-2.5626743
-5.729406,-2.445463
-5.6829286,-2.333291
-5.642171,-2.221105
-0.9591186,-2.2449703
-0.8993962,-2.1785457
-0.8326718,-2.1184916
-0.76392627,-2.0521796
-0.69917476,-1.987678
-0.62645954,-1.9205499
-0.5600672,-1.853339
-0.49485743,-1.7854805
0.7389584,0.44062358
0.87799466,0.5573947
0.9543593,0.6460188
1.0835165,0.7297581
1.1916299,0.81166404
1.3084978,0.87580675
1.4121723,0.9270881
1.5624377,0.9740862
1.7200794,1.018472
-2.3398361,-2.352679
-2.2856162,-2.29067
-2.225799,-2.2216873
-2.1428907,-2.1461914
-2.0792606,-2.0693855
-1.2597431,-0.6863726
-1.1485989,-0.5992752
-1.024713,-0.5057017
-0.93048173,-0.40590253
-0.8402529,-0.29685557
-0.77104,-0.18312997
-0.6979007,-0.07321739
-0.616925,0.016121328
-0.5280594,0.07281798
-1.6688923,-1.8896842
-1.6072112,-1.7310917
-1.5406325,-1.5922549
-1.4816369,-1.4687502
-1.4078059,-1.3568366
-1.3486906,-1.2554971
-1.2665828,-1.159117
-1.1829622,-1.0802948
-1.661084,-1.8896842
-1.5448389,-1.5922549
-1.4010867,-1.3568366
-1.2573657,-1.159117
-1.0919508,-1.0101068
-5.1354513,-3.8667843
-5.0632877,-3.7707605
-4.9944663,-3.675571
-4.9271135,-3.5826066
-4.8620353,-3.4883525
-2.24779,-2.2216353
-2.1891408,-2.1425567
-2.1443229,-2.0646431
-2.1008446,-1.9962344
-2.0614932,-1.9281425
-3.353323,-2.0480587
-3.1611996,-1.8966041
-3.030063,-1.7557895
-2.9121225,-1.6267414
-2.804809,-1.5161121
-2.7143998,-1.4122059
-2.6091855,-1.3038493
-2.4937663,-1.2083347
-2.40163,-1.1172926
-2.3094528,-2.2216353
-2.2361426,-2.1425567
-2.182724,-2.0646431
-2.1657941,-1.9962344
-2.146219,-1.9281425
-6.59279,-5.311405
-6.321588,-5.21088
-6.1571326,-5.104817
-5.849771,-4.9962974
-5.6627364,-4.8886285
-5.578532,-4.774889
-5.3374457,-4.664935
-5.156375,-4.5538545
-4.989779,-4.4470415
0.009719589,-0.27068466
0.09226426,-0.17642185
0.16970259,-0.09041664
0.28436857,-0.011832833
0.36972046,0.06058055
0.47848544,0.11504489
0.5537466,0.16521317
0.6183887,0.20188761
0.6882295,0.23496383
0.7611238,0.26694554
-4.153573,-4.124282
-4.0488067,-4.0535545
-3.9496386,-3.9851365
-3.8570974,-3.91456
-2.7913353,-3.8443558
-2.0431225,-2.185266
-1.9369848,-2.0633664
-1.8334848,-1.9512672
-1.7296686,-1.8349001
-1.6319367,-1.7276106
-1.5298357,-1.6306922
-1.4378119,-1.5598497
-1.3418978,-1.4983528
-1.244097,-1.441565
-2.5752003,-1.7710817
-2.4703372,-1.6340418
-2.3655705,-1.5042455
-2.2550678,-1.3907346
-2.159953,-1.2810109
-2.049016,-1.174196
-1.9527956,-1.0725782
-1.8447763,-0.9671012
-1.7506987,-0.87014365
-1.6592782,-0.784087
-3.213067,-4.4454618
-3.0730581,-4.330176
-2.9432046,-4.2129374
-2.805228,-4.0993505
-2.6766603,-3.982743
-2.5484052,-3.8673747
-2.4267836,-3.7566817
-2.3085253,-3.6477797
-2.1935303,-3.5349748
-3.13306,-2.4243217
-3.167617,-2.324623
-2.9840689,-2.2325451
-2.9848602,-2.1412888
-2.6928647,-2.0545878
-2.305614,-1.9751034
-0.0964675,-0.45373473
-0.025228404,-0.33731908
0.048523284,-0.20910835
0.11523568,-0.074040055
0.18236758,0.03867787
-2.3069837,-2.2224288
-2.2356825,-2.1433535
-2.2044,-2.06538
-2.175397,-1.9968939
-2.1351168,-1.9288347
-3.9696393,-2.929219
-3.7920196,-2.82499
-3.6416538,-2.7256737
-3.502291,-2.6294043
-3.3901544,-2.5387154
-3.2748451,-2.4610894
-3.1637583,-2.3867016
-3.0570762,-2.312326
-2.952402,-2.2385297
-2.8517613,-2.1649473
-1.272959,-0.96308213
-1.1059327,-0.8884978
-0.9810502,-0.80425143
-0.85913026,-0.71813333
-0.77129084,-0.65031785
-0.6807037,-0.59291625
-0.59063834,-0.5255967
-0.498376,-0.45782185
-0.4086452,-0.38226795
-0.31804946,-0.29570645
-5.7506146,-4.287877
-5.5932674,-4.1865683
-5.478261,-4.0948663
-5.3431034,-4.0128174
-5.2575274,-3.9305885
-5.137661,-3.8498127
-5.006173,-3.7709029
-4.9274683,-3.6825523
-4.8152556,-3.5782738
-0.9534628,-1.1246448
-0.8534118,-0.8200067
-0.73338354,-0.6043211
-0.60662967,-0.4915555
-0.46457323,-0.40465832
-0.5340683,-1.4698462
-0.35175356,-1.1316965
-0.22056839,-0.8752213
-0.014475342,-0.6840081
0.20328394,-0.5021001
-1.9461415,-1.9327879
-1.9099026,-1.8284972
-1.8764344,-1.7289457
-1.8463676,-1.650464
-1.8171494,-1.5775347
-1.7942553,-1.5082445
-1.7705387,-1.4482859
-1.7474029,-1.3706498
-1.7209318,-1.3005681
-1.6961527,-1.2266161
-2.2335858,-3.294521
-2.1040268,-3.1756995
-1.9838703,-3.045635
-1.8616778,-2.9153097
-1.7464999,-2.7911687
-1.6389853,-2.6805332
-1.5280272,-2.5725446
-1.4234824,-2.4617138
-1.325237,-2.3531134
-1.2233586,-2.249178
-4.435121,-3.9354646
-4.3179035,-3.840017
-4.189699,-3.7459924
-4.0632343,-3.65984
-3.9353104,-3.57663
-3.8110318,-3.4967358
-3.6923633,-3.4245067
-3.5701778,-3.3672717
-3.4553275,-3.3163805
-3.345523,-3.2668877
-0.66322654,0.15561879
-0.5880521,0.24943727
-0.5192479,0.32500994
-0.4497968,0.4096108
-0.36473402,0.49826592
-0.3151221,0.5834649
-0.24537174,0.6550389
-0.1822371,0.7189234
-0.10977421,0.7739392
-0.04243358,0.8195575
0.022995751,0.86756057
-1.867735,-1.1130702
-1.8514235,-1.0034564
-1.7795954,-0.9276916
-1.6656833,-0.8674908
-1.5316299,-0.8174629
-1.4512339,-0.7749104
-1.3469284,-0.7472353
-1.2624387,-0.7154394
-1.1530935,-0.6848716
-0.48308372,-0.3787416
-0.34983402,-0.07743445
-0.117394716,0.20055413
0.113965124,0.448448
0.4983558,0.6510591
-2.436192,-0.9392586
-1.9466935,-0.72200274
-1.4842153,-0.5380839
-1.276791,-0.36311567
-1.1021736,-0.14913464
-1.7409575,-2.584357
-1.7115445,-2.386377
-1.6681463,-2.1743634
-1.614748,-1.9812014
-1.552547,-1.7848065
-1.4805666,-1.5253146
-1.4036181,-1.2538574
-1.3256731,-1.0321717
-1.2341405,-0.8253025
-1.1364301,-0.6134183
-1.6518955,-3.4073954
-1.5928069,-3.3389204
-1.530782,-3.2716663
-1.4847888,-3.2028632
-1.4368234,-3.1354458
-1.3951396,-3.0660963
-1.3600445,-2.9917424
-1.3150513,-2.9014275
-1.2740153,-2.8051605
-1.2330474,-2.7016118
-2.9253416,-1.8502979
-2.8171546,-1.7817726
-2.652385,-1.7187042
-2.5123656,-1.6568825
-2.3925102,-1.6008308
-2.2833598,-1.5280013
-2.1751127,-1.4362841
-2.0791419,-1.3599439
-1.9645475,-1.2865548
-4.4926686,-3.805424
-4.352946,-3.695732
-4.2213964,-3.57749
-4.0929523,-3.4519744
-3.9655476,-3.323824
-3.8407195,-3.1989336
-3.726499,-3.0677083
-3.607165,-2.9345276
-3.4960275,-2.7991712
-3.3870711,-2.6659174
-2.6466863,-2.3245072
-2.530254,-2.2356062
-2.4443402,-2.1481826
-2.3654017,-2.0566409
-2.3097613,-1.9742126
-2.2665675,-1.8968937
-2.221951,-1.8217697
-2.1887105,-1.7424419
-2.164243,-1.6611726
-0.39657158,-0.8955617
-0.3456328,-0.80877423
-0.28156787,-0.71001995
-0.15023775,-0.63108534
0.063005514,-0.55243593
0.24237241,-0.46623242
0.5092687,-0.37149253
0.7377173,-0.27839866
-2.35264,-1.3667288
-2.2473807,-1.2806921
-5.2377796,-5.1534967
-5.175138,-5.0978746
-5.1215296,-5.0446224
-5.0641236,-4.98937
-5.015371,-4.939446
-4.962841,-4.8887916
-4.908957,-4.8368864
-4.860045,-4.779948
-4.8193126,-4.721221
-4.778129,-4.6589837
-2.1510112,-2.2565863
-2.063223,-2.1299431
-1.9798561,-2.0030735
-1.9000409,-1.8933375
-1.822196,-1.7976828
-1.7484344,-1.714505
-1.6759275,-1.6294162
-1.6042107,-1.5550681
-1.28429,-2.6218526
-1.1885593,-2.5195289
-1.1028136,-2.416979
-1.0042421,-2.305619
-0.9189128,-2.194173
-0.8449547,-2.083856
-0.7769143,-1.964051
-0.705538,-1.8528838
-0.6387936,-1.7528033
-0.5696898,-1.6486602
-0.578199,-0.5444262
-0.47950438,-0.455158
-0.41284832,-0.36770508
-0.30006516,-0.2852855
-0.22552791,-0.21114793
-0.12461457,-0.15098357
-0.013401142,-0.09548178
0.07237383,-0.04504186
0.13671064,0.0015203357
-2.5235465,-2.239152
-2.348725,-2.0734441
-2.313291,-2.0005493
-2.245157,-1.973093
-2.1455164,-1.7894311
-2.0121117,-1.7046473
-1.8777452,-1.5310736
-1.8133334,-1.4817162
0.16304117,-0.5090484
0.16786115,-0.45580402
0.17202123,-0.39483127
0.17901835,-0.34333128
0.18444867,-0.29278094
0.18989989,-0.24193215
0.19468467,-0.19478706
0.20303458,-0.15205133
0.2156435,-0.10901877
-0.01579488,0.024928212
0.09726799,0.14154989
0.24060474,0.2642185
0.35188717,0.38126343
0.4683594,0.47509724
0.5842956,0.54871684
0.7146917,0.6200915
0.8323618,0.68198866
0.9176969,0.7426916
-0.55027443,-0.17634064
-0.43228272,-0.035499394
-0.3141065,0.07330799
-0.18701345,0.17280036
-0.06383988,0.2847721
0.057949733,0.3870092
0.17973933,0.476744
0.297701,0.561166
0.41577306,0.64239734
-0.1651562,-1.190104
-0.0837782,-1.1051657
0.011392898,-1.0219758
0.10138107,-0.9373995
0.20164494,-0.85984194
0.3075645,-0.78606206
0.39888236,-0.70704794
0.49786922,-0.62944776
0.59170765,-0.5606967
0.432093,-0.73273987
0.46383327,-0.63999915
0.49552125,-0.5477449
0.5186896,-0.47158054
0.5492598,-0.39832044
0.57080853,-0.33359054
0.6062952,-0.2753801
0.62841284,-0.23160654
0.65244406,-0.19525182
0.6787374,-0.15824291
-2.956243,-3.1469033
-2.861615,-3.0509813
-2.7778344,-2.9544299
-2.6928432,-2.8702326
-2.588544,-2.7867682
-2.478002,-2.693692
-2.4068513,-2.6302402
-2.155987,-1.2031826
-2.052728,-1.1282573
-1.9456847,-1.0638335
-1.8550043,-1.0038722
-1.7605789,-0.9499438
-1.674279,-0.89617825
-1.5922714,-0.8424199
-2.8733048,-2.3882267
-2.8054256,-2.2565863
-2.7404494,-2.1299431
-2.7028828,-2.0030735
-2.6384556,-1.8933375
-2.5754895,-1.7976828
-2.520394,-1.714505
-3.26776,-1.9393566
-3.0950413,-1.7977958
-2.9529436,-1.6759245
-2.7577589,-1.5285182
-2.5553646,-1.361465
-0.9892021,-0.9572964
-0.8998633,-0.8389722
-0.7655795,-0.72460324
-0.64147156,-0.5842102
-0.5336957,-0.47632295
-1.1650182,-1.5332117
-1.0498348,-1.354733
-0.90223604,-1.1682026
-0.7885739,-0.9813731
-0.6602789,-0.8809331
0.47607,0.3477804
0.4995799,0.41558248
0.77841395,0.47224098
0.91296667,0.5227104
1.0659989,0.560563
-3.4953094,-2.6752574
-3.3889754,-2.5823362
-3.2825055,-2.4946027
-3.1826828,-2.4085538
-3.086417,-2.3252957
-2.9955535,-2.2449481
-2.902915,-2.15707
-2.817837,-2.0649028
-1.5037785,-1.303644
-1.4148029,-1.1945984
-1.3129326,-1.0893438
-1.2158378,-1.0017457
-1.1240376,-0.911955
-1.0395067,-0.82089984
-0.9564746,-0.7468015
-0.8779272,-0.6827513
-0.801123,-0.6243354
-0.7280396,-0.57506734
-1.3217019,-1.3440951
-1.2630005,-1.288955
-1.1843863,-1.2344894
-1.09074,-1.1787939
-0.9926199,-1.1144743
-0.89835507,-1.0424905
-0.8083236,-0.9762754
-0.697821,-0.89534557
-0.60636765,-0.8082962
-3.8790693,-4.4020944
-3.7602189,-4.263325
-3.6175342,-4.1295223
-3.492982,-3.996596
-3.3824322,-3.8682852
-3.2671845,-3.7488613
-3.1554527,-3.6406698
-3.0578954,-3.5339692
-2.9521883,-3.4311297
-0.117458284,-0.08699453
0.003695825,0.024928212
0.12080543,0.14154989
0.25294268,0.2642185
0.36815733,0.38126343
0.48087388,0.47509724
0.6006606,0.54871684
0.7295045,0.6200915
0.84827274,0.68198866
-2.933419,-2.6625338
-2.824389,-2.5575185
-2.6997073,-2.444758
-2.583371,-2.335413
-2.4568605,-2.231287
-2.3538604,-2.112189
-2.262118,-1.9900072
-2.1690679,-1.8833952
-2.0925257,-1.7753875
-2.0079288,-1.6840568
-1.9233427,-1.6086457
-2.9241254,-2.3306494
-2.8046873,-2.2583532
-2.6982884,-2.1836367
-2.5899115,-2.107161
-2.4862084,-2.0243206
-2.3734062,-1.9426427
-2.277982,-1.8474176
-2.1806736,-1.7339439
-2.0899472,-1.5986867
-1.7483089,-2.9014246
-1.6590368,-2.8245947
-1.5592285,-2.753064
-1.4785054,-2.6852658
-1.3798287,-2.6107142
-1.2922084,-2.5173407
-1.2093216,-2.4312088
-1.1235443,-2.3507984
-1.0546871,-2.2744615
-0.9920405,-2.208168
-3.6885014,-4.626675
-3.6017506,-4.532041
-3.4998498,-4.439454
-3.3968158,-4.3524117
-3.301836,-4.2660227
-3.2094,-4.179067
-3.1181982,-4.1024356
-3.0302176,-4.0204363
-2.9448805,-3.9444675
-2.8620362,-3.8717628
-2.2935927,-1.3793063
-2.2385688,-1.275079
-2.1765313,-1.168978
-2.1224272,-1.0667737
-2.0716546,-0.9764292
-2.0238469,-0.9064398
-1.9764112,-0.8411728
-1.9236872,-0.77796584
-1.8751059,-0.7165446
-1.6132966,-1.9714694
-1.5041232,-1.8521595
-1.3953514,-1.742696
-1.2685633,-1.6469238
-1.1568769,-1.5317037
-1.0485818,-1.4285622
-0.94786465,-1.3088727
-0.853842,-1.1852162
-0.7644931,-1.0794888
-0.683431,-0.9884582
1.1076442,0.42642534
1.1524732,0.49848443
1.2036654,0.5605541
1.2417821,0.6134322
1.2856603,0.6679035
-3.5567925,-3.6823685
-3.4109242,-3.59429
-3.302166,-3.5022917
-3.1429684,-3.4072123
-3.0270712,-3.3047874
-2.896497,-3.1879256
-2.781892,-3.078081
-3.3525538,-3.2883322
-3.2557602,-3.2008493
-3.1098912,-3.1162834
-2.9776504,-3.0317535
-2.8589664,-2.953509
-2.7389994,-2.872771
-2.6247478,-2.7890964
-2.5186398,-2.7011976
-2.4147785,-2.6107244
-2.326324,-2.5174458
-1.178303,-2.8242507
-1.1061561,-2.7316506
-1.0547808,-2.6449263
-0.9976859,-2.564407
-0.936982,-2.4908502
-3.5151331,-3.6672666
-3.4007955,-3.5826132
-3.2916667,-3.4993064
-3.1923227,-3.4185953
-3.0893455,-3.3488917
-2.987156,-3.2808278
-2.8930392,-3.2157838
-2.7981923,-3.1493616
-3.2061462,-1.0771365
-3.127188,-0.9304081
-3.056285,-0.79172224
-2.9784396,-0.68784666
-2.898169,-0.6057124
-2.821831,-0.5549473
-2.7460058,-0.51360303
-2.6705766,-0.4788202
-0.14323479,-1.031884
-0.10286273,-0.89166117
-0.048721083,-0.7656024
0.028603438,-0.6470092
0.10166592,-0.53364223
0.18209738,-0.44044873
0.2644355,-0.36058176
0.34034652,-0.28498012
0.43497777,-0.23143852
0.53026533,-0.19105652
0.6460711,-0.15766865
-1.0057367,-0.9722869
-0.6942834,-0.7760919
-0.43149894,-0.6483823
-0.1325541,-0.56887007
0.1434894,-0.5054201
0.27961248,-0.4748472
0.36696276,-0.45919645
0.5127395,-0.42467964
-2.28994,-1.2450922
-2.1922054,-1.1958659
-1.8852941,-1.015333
-1.697088,-0.8585591
-1.5021288,-0.6486759
-1.3689928,-0.5047258
-1.2674809,-0.38682103
-1.2099448,-0.30443376
-1.1442835,-0.22858697
-1.095414,-0.15388408
-2.7141254,-2.535932
-2.6949615,-2.4906158
-2.6313748,-2.4416163
-2.5958538,-2.390564
-2.5719416,-2.33743
-2.5234804,-2.2901046
-2.5053968,-2.2488914
-2.4605637,-2.2003083
-2.4273684,-2.1534095
-2.3784895,-2.1032405
-2.3483884,-2.0503857
-2.301368,-1.9954939
-2.270879,-1.9620616
-2.2355056,-1.9097357
-2.2100809,-1.873178
-2.1486008,-1.7972021
-2.1112573,-1.7396889
-2.0832772,-1.700001
0.83819103,0.8481255
0.8655619,0.88329715
0.8924113,0.9157911
0.9179995,0.9489451
0.9351703,0.97023135
0.951829,0.98824126
0.97012025,1.0067477
0.9871688,1.0252998
1.0037286,1.043118
1.0195156,1.0603089
1.0364686,1.0769017
1.0523446,1.0921633
1.0684184,1.1075435
1.0840857,1.1231496
1.1002301,1.1395535
1.1308101,1.1710434
1.1613374,1.2000821
1.1839422,1.2209256
1.2060906,1.2387567
-3.716416,-2.3129034
-3.4969525,-2.1027725
-3.2100468,-1.8900924
-3.0307138,-1.7241273
-2.8317034,-1.595016
-0.38112283,-0.5413068
-0.33234727,-0.45011464
-0.24197328,-0.3570913
-0.14669603,-0.26538533
-0.05316464,-0.19740665
0.033186417,-0.1361618
0.1326028,-0.07363355
0.25288337,-0.023936689
0.38204518,0.01888138
0.5060105,0.05878496
-0.6179611,0.62138695
-0.46886727,0.6796141
-0.3261056,0.7318974
-0.15710488,0.7796634
0.000798768,0.8245128
-1.4029878,-0.02933389
-1.2819573,0.13190871
-1.2265857,0.29171252
-1.1200615,0.41587275
-1.0220466,0.5401959
-0.8984386,0.6113784
-0.7661058,0.6777206
-0.6508773,0.73905164
-0.4133504,0.79339176
-0.10457946,0.8403116
0.39895824,0.88233215
-0.39958048,-0.5406455
-0.39378348,-0.47582954
-0.4085684,-0.40641266
-0.40196192,-0.3686934
-0.38825548,-0.32040325
-0.3758519,-0.27598488
-0.3497552,-0.22737575
-0.3224306,-0.17184904
-0.2973668,-0.11554867
-0.24881916,-0.060991824
-0.20986947,-0.0048813224
-0.15135969,0.05654955
-0.10690247,0.11742723
-3.2601767,-3.658608
-2.7839978,-3.550628
-2.5630937,-3.4367318
-0.77231205,-0.6218848
-0.66670775,-0.5444262
-0.5323343,-0.455158
-0.40403533,-0.36770508
-0.30290687,-0.2852855
-0.19660775,-0.21114793
-0.10247379,-0.15098357
-0.016631467,-0.09548178
0.07226839,-0.04504186
0.17443721,0.0015203357
-1.1554942,-5.312397
-0.98659587,-5.211926
-0.8799158,-5.1058784
-0.7089243,-4.9973793
-0.59331864,-4.8897486
-0.44416147,-4.776017
-0.25561845,-4.6660094
-5.0896,-4.0988865
-5.075684,-4.010172
-5.0522003,-3.843234
-5.030411,-3.6597161
-5.00772,-3.4692764
-4.5434265,-3.4758813
-4.48518,-3.3147218
-4.4117174,-3.1532881
-4.343863,-2.9996986
-4.2751594,-2.8302715
-0.8094432,0.00691849
-0.7296528,0.10892314
-0.66595495,0.20109081
-0.60328174,0.2896629
-0.5189494,0.36709464
-0.44692314,0.4414962
-0.36403197,0.5258544
-0.28465098,0.6058472
-4.0520697,-2.9387767
-3.9492605,-2.902336
-3.8664203,-2.85757
-3.7969365,-2.8135111
-3.6641803,-2.7693803
-3.570639,-2.7256496
-3.488883,-2.6839328
-3.4127932,-2.6362417
-3.3181937,-2.587412
-3.2296104,-2.5352204
-3.147741,-2.477158
-0.22130443,-4.0124545
-0.21454611,-3.9716632
-0.19816692,-3.9318433
-0.1774427,-3.8833773
-0.15250845,-3.8360677
-0.12594573,-3.783128
-0.10191227,-3.7174118
-0.0716346,-3.6612804
-0.02524574,-3.6086528
0.031391155,-3.5504553
-2.4256713,-2.7263596
-2.3140004,-2.6388752
-2.2023473,-2.544201
-2.1133285,-2.4407928
-2.0315351,-2.3173146
-1.9477826,-2.220442
-1.8834403,-2.1136813
-1.7861408,-2.0208774
-1.7107686,-1.9289582
-1.6544545,-1.8498647
-1.5822144,-1.7717009
-1.4856055,-1.7009323
-1.4058894,-1.6344855
-1.3418123,-1.5777867
-1.2664489,-1.5414236
-1.2030997,-1.5045235
-1.1158926,-1.4691908
-1.025989,-1.4327586
-0.9732149,-1.397588
-4.1639175,-3.4385483
-1.244055,-1.3345995
-5.06144,-4.5731306
-4.373678,-4.5731306
-3.6950452,-4.179211
-4.6466794,-4.6408706
-4.31832,-4.432309
-1.8222303,-1.6109657
-0.8272922,-1.0365392
-1.7682328,-1.248822
-1.6850464,-2.4149623
-1.4332063,-0.9884602
-1.3579118,-0.90704334
-1.2923738,-0.84300613
-1.2366104,-0.7978674
-1.1842593,-0.7656618
-1.1409414,-0.7336152
-1.0884672,-0.69023645
-2.1201694,0.2806533
-1.6162142,0.42168337
-1.3455765,0.50780064
-1.1590027,0.57719475
-1.024291,0.65483266
-0.9134779,0.71299344
-0.83616287,0.7627385
-0.7440048,0.7984583
-0.6432055,0.8345626
-0.52828366,0.8676725
-0.46759722,0.90399426
-0.31778878,0.9965798
-3.4801688,-2.0930514
-2.824654,-3.2855089
-2.6333058,-3.1527889
-2.5246134,-3.0702426
-2.4124515,-2.9844356
-2.3039663,-2.885535
-0.3512634,-0.9768746
-0.28222123,-0.87936205
-0.17494917,-0.6565027
-0.1429943,-0.6308948
-0.017983584,-0.45373473
0.058574285,-0.28341955
0.07864804,-0.20652312
0.119308725,-0.1327843
0.16966435,-0.03465283
0.21677645,0.04303795
0.26068556,0.110487044
0.36026603,0.3107434
0.43461055,0.45278555
0.4786264,0.50169617
0.5263882,0.5562946
0.57098967,0.5908318
-1.4083602,-1.3568366
-1.3478864,-1.2554971
-1.2831751,-1.159117
-1.1858952,-1.0802948
-2.7448862,-3.240679
-2.6207201,-3.1436403
-2.4859607,-3.0465052
-2.3927662,-2.950229
-2.2356825,-1.7078619
-2.1553822,-1.6305685
-2.0567687,-1.5578728
-1.9884994,-1.467402
-1.0792834,-0.61596143
-1.0009943,-0.5843887
-0.89793456,-0.5390169
-0.74495786,-0.48427826
-0.624011,-0.4242202
-0.5297514,-0.36876017
-0.4249987,-0.29183283
-0.34386924,-0.19069883
-0.26233745,-0.07690829
0.5568588,0.6174565
0.5949971,0.6851837
0.63921416,0.7465094
0.693513,0.80995506
0.75832295,0.871968
0.83484095,0.9305952
0.9420541,0.98676306
1.0689831,1.0435958
1.2486695,1.0978675
-1.6719623,-1.593451
-1.5673764,-1.5225456
-1.4645492,-1.4521571
-1.3550849,-1.3858409
-1.2716527,-1.3206042
-1.1700956,-1.1786063
-1.0739388,-1.1425443
-0.9799272,-1.0632111
-1.5478001,-1.1728045
-1.3523593,-0.9938551
-1.2573993,-0.89061177
-1.1676649,-0.78051233
-1.0250471,-0.6507601
-0.8660155,-0.49353102
-1.1181024,-0.6549105
-1.0597045,-0.5948534
-1.00407,-0.540437
-0.94726104,-0.49254677
-0.890543,-0.45253992
-0.8471852,-0.41471207
-0.79698515,-0.38437784
-0.7376523,-0.3526463
-0.6902608,-0.3222886
-0.63641834,-0.2976911
-1.2920104,-0.94781876
-1.239722,-0.86817044
-1.1222739,-0.7215452
-1.0678895,-0.6715659
-1.0233703,-0.6226949
-0.95946366,-0.5717758
-0.90413374,-0.51106465
-0.85495114,-0.45755294
-1.7507385,-0.49411422
-1.520948,-0.4315816
-1.2865003,-0.36370322
-1.067833,-0.31394464
-0.8604937,-0.27450445
-0.6586904,-0.246167
-0.4622838,-0.22543365
-0.26690075,-0.2082498
-0.08870709,-0.18446112
0.09631259,-0.15942943
-1.0208455,-0.5097417
-0.8832911,-0.42642704
-0.7507926,-0.36884674
-0.639862,-0.31825557
-0.4985044,-0.26516372
-0.37833115,-0.17611706
-0.26182967,-0.08621216
-0.14978161,-0.01368922
-0.03391945,0.060935795
0.06777781,0.1350568
-2.2673383,-2.5297716
-2.1959176,-2.4592834
-2.09801,-2.3934035
-2.0421064,-2.3259206
-1.8616391,-2.2608082
-1.820714,-2.1903553
-1.7631582,-2.12541
-1.5942807,-2.0024912
-1.3973352,-1.881537
-3.3935258,-3.2718072
-3.0610747,-3.1902828
-2.820264,-3.1063664
-2.6802485,-3.021374
-2.6107936,-2.9469812
-2.5524752,-2.8465374
-0.325903,-0.13938773
-0.2353001,-0.03413725
-0.16352311,0.069704354
-0.03713784,0.17754424
0.06289327,0.26959127
0.16500719,0.34133118
0.28438896,0.4043222
0.3806403,0.4506119
0.076071054,0.13523829
0.17596601,0.27794427
0.27871543,0.39747578
0.38563094,0.500387
0.51417553,0.60596806
0.64432514,0.68676406
0.7583012,0.7548788
0.926606,0.8305034
1.0945693,0.8939889
1.2680544,0.95274764
-2.7519789,-2.411214
-2.615032,-2.295708
-2.490225,-2.1937888
-2.3600729,-2.0967562
-2.272875,-2.0147278
-1.0703963,-1.0606141
-1.0136191,-1.015115
-0.94298697,-0.94049823
-0.88944906,-0.8741408
-0.84689444,-0.8230065
-0.79929173,-0.7509413
-0.72526324,-0.6714878
-0.65594137,-0.608048
-0.5947051,-0.5435708
-0.54559636,-0.49137044
-0.47929683,-0.44207913
-2.8542442,-2.8391192
-2.7729921,-2.6821077
-2.5898893,-2.5425549
-2.4959722,-2.430421
-2.3937032,-2.3061595
-1.9079446,-1.4553907
-1.7593428,-1.3668544
-1.6122026,-1.2837782
-1.4634624,-1.202096
-1.3161055,-1.1087594
-1.1801391,-1.0284386
-1.0475318,-0.9539795
-0.91715145,-0.8730091
-1.3485702,-1.2919314
-1.3108516,-1.2312567
-1.2461183,-1.1742768
-1.1939191,-1.113234
-1.1331712,-1.0708292
-1.0676042,-1.0266113
-0.992218,-1.0155008
-0.89983416,-0.9983026
-0.013542784,-0.7601653
0.08114143,-0.6816058
0.15385056,-0.6166637
0.19054095,-0.54447925
0.23450275,-0.4546907
0.3266717,-0.34543335
0.46264052,-0.31072363
0.63817513,-0.23531982
-0.54885733,0.20694697
-0.4777874,0.24757123
-0.4214443,0.28846508
-0.31803018,0.33254385
-0.23813571,0.39159656
-0.174417,0.44794422
-0.11693502,0.49491554
-0.031320322,0.5501841
0.04671862,0.5977314
-4.253852,-4.272262
-4.094018,-4.1641297
-3.7978764,-4.070583
-3.3752325,-3.9664981
-3.1800902,-3.8597636
-1.6636868,-1.7756197
-1.6227237,-1.7205999
-1.5823697,-1.6656318
-1.5380685,-1.611634
-1.4943303,-1.5568571
-1.4527886,-1.5078292
-1.4147539,-1.4618795
-1.3809078,-1.419199
-1.3459163,-1.3817384
-1.3142871,-1.3463928
-1.2803631,-1.3116996
-1.2473732,-1.278583
-1.213011,-1.2462053
-1.1788583,-1.2139277
-1.1397679,-1.1831322
-0.5620675,-1.2405074
-0.5041331,-1.1788819
-0.45356575,-1.1149576
-0.41031885,-1.0518984
-0.35989693,-0.97713435
-0.32115868,-0.90240717
-0.2805988,-0.8330318
-0.2362633,-0.7655159
-0.19838326,-0.709002
-0.1666812,-0.64560986
-0.37847725,-0.22675914
-0.36098427,-0.20873913
-0.3482605,-0.1908772
-0.331625,-0.17432404
-0.3153485,-0.1561032
-0.3005088,-0.13665566
-0.28565085,-0.12159243
-0.26993963,-0.10472399
-0.25426242,-0.08467966
-0.23884183,-0.06531316
-0.22180976,-0.048238873
-0.2046856,-0.032447517
-0.18745491,-0.016791523
-0.16848035,-0.001188457
-0.14733933,0.013507783
-0.9009162,-0.83815384
-0.85674196,-0.80573714
-0.78882694,-0.7712318
-0.72195756,-0.7366946
-0.6538435,-0.6965972
-0.6100452,-0.65920293
-0.5556945,-0.62346536
-0.5024215,-0.58908993
-0.4497864,-0.556204
-0.40956146,-0.5267459
-0.3644018,-0.5001342
-0.32013127,-0.47396436
-0.27903214,-0.44536096
-0.23511031,-0.41023186
-0.19783638,-0.37042904
-1.4864147,-1.5513861
-1.4307523,-1.4690214
-1.3804803,-1.403858
-1.3115855,-1.3405666
-1.2522904,-1.2769394
-1.2028104,-1.207345
-1.1378127,-1.1425617
-1.0797555,-1.0797307
-1.0227252,-1.0155418
-0.9731484,-0.93990254
-0.06653739,0.14548135
-0.034599744,0.17415857
-0.005449468,0.20278811
0.026289273,0.22952062
0.056031294,0.25601953
0.086308815,0.2796327
0.114624135,0.3019926
0.14474298,0.32425088
0.17323606,0.34713757
0.2020209,0.3715394
0.2305244,0.3957839
0.25912192,0.42253536
0.2868347,0.44739896
0.3149125,0.46954066
0.34388348,0.48988003
-0.25583118,-0.25128803
-0.19789411,-0.22490185
-0.13606055,-0.19621357
-0.06762147,-0.1684007
-0.005664197,-0.1335308
0.054231606,-0.10247564
0.10952673,-0.069306314
0.1713,-0.031966507
0.22841042,0.000991404
0.2850428,0.035607815
0.34172806,0.070613384
0.39416146,0.10600108
0.4548235,0.138946
-1.0321138,-1.1632152
-0.9344367,-1.1013546
-0.8385534,-1.0325139
-0.7552417,-0.9619821
-0.6770545,-0.90369844
-0.6038087,-0.84970814
-0.5289078,-0.7935922
-0.45341998,-0.7429567
-0.3847823,-0.6967278
-0.31197447,-0.6568934
-2.531157,-1.1498117
-2.4708216,-1.1067693
-2.4056907,-1.0634668
-2.3582418,-1.0165393
-2.3084955,-0.9730724
-2.2851613,-0.93477154
-2.2611666,-0.8970673
-2.2346516,-0.86247385
-2.2208438,-0.8276044
-2.2053616,-0.791793
-1.3803114,-1.3386157
-1.3086106,-1.2601566
-1.238583,-1.1906886
-1.167449,-1.1205635
-1.0990858,-1.0610106
-1.0262427,-1.0183811
-0.95363927,-0.97822756
-0.8876967,-0.9381005
-0.8212855,-0.8999694
-0.75062215,-0.86139834
-2.025365,-2.0853457
-1.9475056,-2.0038326
-1.92494,-1.9225719
-1.8210976,-1.8410623
-1.7407997,-1.7506797
-1.6608261,-1.662358
-1.5702986,-1.583972
-1.4888598,-1.5173088
-1.4118226,-1.4470559
-4.306676,-3.0643537
-4.177103,-3.020206
-4.0623975,-2.9779904
-3.9582589,-2.9351935
-3.8666732,-2.891133
-3.7866247,-2.8558874
-3.713111,-2.823757
-3.6434007,-2.7918737
-3.5825918,-2.7616234
-0.21866947,-0.13192773
-0.16292712,-0.08182806
-0.10903476,-0.02840811
-0.05241003,0.043030977
-0.0014475551,0.098558486
0.051744495,0.16212839
0.10528506,0.22360271
0.15669446,0.29919565
0.20412265,0.37921572
0.25396922,0.45671552
-1.9260718,-1.4553907
-1.7725933,-1.3668544
-1.6284643,-1.2837782
-1.4804502,-1.202096
-1.333918,-1.1087594
-1.194753,-1.0284386
-1.0578276,-0.9539795
-0.9214971,-0.8730091
-0.7884629,-0.7739547
-0.6833393,-1.2193338
-0.61646104,-1.1758587
-0.51350486,-1.080955
-0.42544803,-0.9885418
-0.3478963,-0.8878273
-0.27728364,-0.77321637
-0.95490056,-1.5516764
-0.8829386,-1.451082
-0.8055805,-1.354269
-0.7368043,-1.2646425
-0.6696901,-1.1433158
-0.6060299,-1.0047147
-0.5380336,-0.8515133
-0.47993153,-0.7250798
-0.42015117,-0.6342275
-0.35744804,-0.5647528
-3.0487604,-2.632233
-2.928792,-2.5539293
-2.8261144,-2.4784882
-2.7233968,-2.4068506
-2.6226702,-2.339953
-2.5123062,-2.2743545
-2.4072225,-2.2038653
-2.2968879,-2.1363823
-2.1976569,-2.0665567
-1.2608334,-1.0759795
-1.2005205,-1.0049791
-1.1421945,-0.93189883
-1.085786,-0.85667646
-1.0313426,-0.7989672
-0.97870743,-0.74903584
-0.92813647,-0.70645744
-0.8786896,-0.665751
-0.8312123,-0.62317747
-0.49292555,-0.20380765
-0.37981582,-0.10222411
-0.23215844,0.004199207
-0.10887239,0.11100227
0.016339617,0.20312536
0.1609928,0.2854175
0.2900998,0.3715834
0.41510478,0.45930213
0.5386086,0.54312736
0.6959034,0.6177679
0.8484457,0.69335705
-1.2668682,-0.23514068
-1.1856792,-0.17257825
-1.1122191,-0.115478665
-1.0402036,-0.06970227
-0.9707464,-0.01974529
-0.8935508,0.03703791
-0.80744773,0.09668404
-1.9017117,-1.7278926
-1.8759983,-1.690422
-1.85211,-1.6546984
-1.8266865,-1.6248937
-1.8030111,-1.5985181
-1.7820783,-1.5721085
-1.7625476,-1.5450997
-1.8374999,-1.8602066
-1.7551148,-1.8040082
-1.6521181,-1.7489789
-1.544949,-1.6925101
-1.4663807,-1.6240447
-0.93972886,-1.1597974
-0.8744902,-1.127815
-0.81498384,-1.0920789
-0.73491967,-1.0443512
-0.5874272,-0.9247107
-0.51387763,-0.85986006
-0.4368332,-0.79711413
-2.6114118,-2.295708
-2.5430984,-2.2470148
-2.4862087,-2.1937888
-2.4069493,-2.142023
-2.3561585,-2.0967562
-0.100068286,0.11915767
-0.05162835,0.15301251
-0.001962533,0.18881786
0.043914657,0.21999282
0.08815121,0.24551708
0.13487148,0.26734346
0.18004087,0.28721368
0.22465031,0.30668676
0.2696859,0.3255797
0.31235304,0.34704822
0.35554928,0.37354833
0.39910412,0.41115558
0.44172654,0.44925326
0.4832008,0.48825318
0.52355653,0.5233291
0.5691959,0.55458266
0.61090857,0.5837231
-0.9226908,-0.73490095
-0.871582,-0.6890141
-0.8017818,-0.6524008
-0.6870599,-0.61359775
-0.6379633,-0.5718448
-0.55014247,-0.5069748
-0.4629161,-0.41860732
-0.37479433,-0.3110003
-0.05474112,-0.07188928
-0.0012192832,0.038288295
0.0930117,0.12868619
0.17312104,0.22179621
0.24286076,0.33187962
0.39049304,0.44682425
0.51164085,0.54833776
0.7318369,0.7119997
-1.878715,-2.452524
-1.8233169,-2.436433
-1.7688375,-2.423957
-1.7133982,-2.4035332
-1.6691407,-2.3783143
-1.6209627,-2.353824
-1.5685107,-2.3299446
-0.97487926,-0.815218
-0.96016324,-0.74969923
-0.9579132,-0.67557377
-0.9482602,-0.61370087
-0.93257517,-0.5541113
-0.92794573,-0.4765063
-0.9044992,-0.38402498
-0.89489377,-0.30962986
-0.87637156,-0.23834115
-4.706613,-3.287647
-4.646137,-3.2148879
-4.5852165,-3.140417
-4.528072,-3.0660913
-4.470518,-2.9898384
-1.4464118,-1.0408684
-1.380726,-0.97219783
-1.2907861,-0.9092841
-1.2012298,-0.8575862
-1.1258061,-0.8053365
-1.0458497,-0.7387645
-0.9785803,-0.67730135
-0.8993553,-0.5874817
-0.8394696,-0.5286553
-0.75883335,-0.4393177
-0.69278467,-0.35354096
-0.13975312,-0.09279415
-0.07933158,-0.0028486848
-0.021719592,0.083696604
0.035121534,0.15237302
0.090052105,0.22328031
0.14400709,0.29246914
0.19684921,0.3586033
0.24852583,0.4167599
0.2991745,0.4712332
-1.810904,-1.6076276
-1.7132473,-1.5573447
-1.6140203,-1.5074546
-1.5297675,-1.4649951
-1.4391527,-1.4222405
-0.80340546,-0.0072429776
-0.75882846,0.054849982
-0.7123658,0.12004542
-0.66654855,0.19548637
-0.6147191,0.25398898
-0.56184727,0.31943077
-0.5090868,0.38132
-0.4519759,0.43203193
-0.3926323,0.4772933
-0.32612786,0.522312
0.8952717,0.64939386
0.9221407,0.6807253
0.9475049,0.70526284
0.9671453,0.7281371
0.9834038,0.75088435
0.9978564,0.7734912
1.007054,0.79718024
1.0162,0.8217167
1.0252454,0.8481464
1.0308015,0.8752945
0.30194086,0.29309362
0.34978232,0.3514114
0.38605565,0.39696032
0.42303795,0.44410795
0.4748096,0.48925894
0.5176349,0.5503511
0.5659568,0.61048967
0.6090658,0.6658743
0.668237,0.71244174
0.72401047,0.7559988
0.06262345,0.29309362
0.104281425,0.3514114
0.14416519,0.39696032
0.1881022,0.44410795
0.23031366,0.48925894
0.2700318,0.5503511
0.3110105,0.61048967
0.35833466,0.6658743
0.40541953,0.71244174
0.4542876,0.7559988
-0.6655234,-0.12977529
-0.5828549,-0.02801168
-0.5124685,0.052072704
-0.4413918,0.1078887
-0.37253904,0.15576255
-0.29572067,0.20703322
-0.22704248,0.26550466
-0.1568969,0.3246854
-0.062870145,0.38322657
-1.2141572,-1.6173885
-1.1223427,-1.5353919
-1.0299338,-1.4596407
-0.957355,-1.3789866
-0.8670849,-1.2758403
-0.7814677,-1.1846483
-0.700803,-1.0892498
-0.6214751,-0.99134624
-0.54601157,-0.9027707
-4.940533,-3.7863674
-4.9054255,-3.727568
-4.9084654,-3.6732
-4.876587,-3.6226537
-4.8473287,-3.5752666
-4.8203287,-3.5324216
-4.7953157,-3.4879825
-4.747286,-3.4445431
-4.7269464,-3.3969605
-4.7078114,-3.3436353
-0.9939609,-0.8837553
-0.98041797,-0.815218
-0.9648095,-0.74969923
-0.9511732,-0.67557377
-0.93856424,-0.61370087
-0.9272741,-0.5541113
-0.91464585,-0.4765063
-0.90159553,-0.38402498
-0.8904965,-0.30962986
-0.8798381,-0.23834115
-0.85358554,-0.8520943
-0.7756946,-0.76815844
-0.70219666,-0.68507594
-0.61947113,-0.61216825
-0.5485563,-0.5463908
-0.4602132,-0.4635414
-0.38993773,-0.38116378
-0.3156035,-0.30593956
-0.22466081,-0.19469279
-0.14206235,-0.059681892
-2.0232067,-1.7735467
-1.9100072,-1.6604266
-1.7913424,-1.5502446
-1.6759793,-1.4491539
-1.5628592,-1.3502212
-1.4650031,-1.2694561
-1.3633869,-1.1952822
-1.2693527,-1.1138594
-1.1812322,-1.0381439
0.28454778,0.38042533
0.31566653,0.39618546
0.35027832,0.4156558
0.37841782,0.45304018
0.40111336,0.49345857
0.43702483,0.5279487
0.48869354,0.5559605
0.5318446,0.5849944
0.5800016,0.61105126
0.63610554,0.63940436
0.6925733,0.6694084
0.74872804,0.69960743
0.78422666,0.7320314
-2.0370612,-1.9814103
-1.9287353,-1.9231312
-1.8365834,-1.87058
-1.7390926,-1.8139858
-1.6473172,-1.7572563
-1.5606686,-1.7030115
-1.4648153,-1.6454046
-1.3820747,-1.5908589
-1.309823,-1.5384741
-1.2326891,-1.4908435
0.12603787,-0.047643602
0.14218158,0.05497861
0.21803744,0.15744805
0.3112285,0.2623337
0.4124192,0.39283925
0.5041669,0.5135104
0.62056655,0.62062913
0.7312659,0.71730894
0.87118405,0.81237537
1.0497023,0.89641017
-1.2253302,-1.0444927
-1.2026143,-0.9986654
-1.1922588,-0.95106626
-1.1269789,-0.9051969
-1.1110092,-0.86239266
-1.0644054,-0.82530427
-0.97849435,-0.77938056
-0.5856364,-0.6328314
-0.49009776,-0.5508536
-0.40453675,-0.47518378
-0.33095527,-0.4020972
-0.2610047,-0.31763285
-0.1905507,-0.20229
-0.118172824,-0.09034574
-0.05616564,0.02110809
0.052835166,-0.032955825
0.09133939,0.05332929
0.1321147,0.115222275
0.19086668,0.17606509
0.22876327,0.23255694
0.27227435,0.28981113
0.32131243,0.34793574
0.3724252,0.40293407
0.4898408,0.45407254
-1.8946275,-2.1254478
-1.6779493,-1.9681032
-1.5186045,-1.7726676
-1.3564284,-1.5938876
-1.1939247,-1.4658188
-0.93860316,-1.3389884
-2.182312,-1.7040801
-2.049735,-1.6537442
-1.8226599,-1.6076276
-1.7178762,-1.5573447
-1.6122026,-1.5074546
-1.5267943,-1.4649951
-1.4284482,-1.4222405
-1.3733478,-1.3805907
-2.38847,-2.0853457
-2.2692144,-2.0038326
-2.1737835,-1.9225719
-2.0931108,-1.8410623
-2.0004768,-1.7506797
-1.9207219,-1.662358
-1.849913,-1.583972
-1.7744527,-1.5173088
-1.707955,-1.4470559
-1.2391684,-0.9350667
-1.1795491,-0.8723786
-1.1215621,-0.814096
-1.0600405,-0.7509563
-0.99782,-0.7015978
-0.9349217,-0.6606044
-0.8771105,-0.619272
-0.81961,-0.5780055
-0.7652139,-0.5405845
-0.71207607,-0.49906802
-0.43289682,-1.0872667
-0.36183214,-0.99120444
-0.2591461,-0.8889138
-0.17628594,-0.79548466
-0.09817399,-0.69449574
-0.025217567,-0.5737107
0.068816684,-0.4571736
0.13000008,-0.22917002
0.15804918,-0.16241503
0.19830725,-0.09173924
0.24117666,-0.011539578
0.2898506,0.062093973
0.33462614,0.13302416
0.38499212,0.20054841
0.45117995,0.26722878
0.52393997,0.34141845
0.59354025,0.422755
-1.985861,-1.5901036
-1.8875021,-1.5013267
-1.7966418,-1.4054474
-1.7268089,-1.3112354
-1.6498804,-1.2202282
-1.5860479,-1.131528
-1.5283312,-1.0424528
-1.4708844,-0.9498055
-1.4196986,-0.86330616
-1.3745178,-0.7874185
-2.2309349,-2.2365913
-2.2340152,-2.2049987
-2.2366264,-2.174939
-2.2395885,-2.1511111
-2.2424254,-2.1285632
-2.24529,-2.1051962
-2.2481833,-2.0826144
-2.251137,-2.0664551
-2.2542207,-2.058058
-2.2573237,-2.0496535
-3.3033452,-3.4326894
-3.1911628,-3.299827
-3.1271565,-3.1865747
-3.024794,-3.08161
-2.9406056,-2.9691052
-2.9717252,-3.0267854
-2.783635,-2.8699918
-2.6638885,-2.6760643
-2.5662777,-2.4952116
-2.4708734,-2.3096406
-0.6391313,-0.59231925
-0.49591765,-0.4976128
-0.38606724,-0.37879074
-0.28663558,-0.26768893
-0.19918965,-0.1706773
-2.0567267,-1.745971
-1.9797564,-1.6892893
-1.9074484,-1.6351893
-1.8359686,-1.5787504
-1.7728572,-1.5158398
-1.7088685,-1.4414732
-1.6498872,-1.3724965
-1.5914459,-1.296046
-1.5344169,-1.2090263
-0.056680616,0.23031747
0.037981026,0.29957205
0.1316276,0.36867297
0.22541197,0.44309884
0.3129702,0.5079953
0.42212644,0.56736726
0.5150635,0.6272158
0.6052004,0.688657
0.31986094,0.5098588
0.43786156,0.62531143
0.5351964,0.7214199
0.64139414,0.8211854
0.7416627,0.9172495
0.84973085,1.00878
0.9702333,1.0986285
1.1014235,1.1773913
1.2573416,1.2488179
1.4596869,1.3193696
1.7427846,1.3861396
-1.4279492,-1.0587959
-1.3659105,-0.97164845
-1.3029548,-0.8792795
-1.2382691,-0.8011639
-1.1564447,-0.7313917
-1.0771124,-0.6668799
-0.9983297,-0.6115394
-0.92477745,-0.5675392
-0.8410389,-0.5229006
-0.76861393,-0.46716017
-1.5441464,-1.5701189
-1.4602637,-1.4875002
-1.3905061,-1.4125884
-1.3223183,-1.3397508
-1.2623024,-1.2753434
-1.2026855,-1.2160147
-1.1423141,-1.1571748
-1.0797563,-1.09109
-1.0215676,-1.0198203
-0.9643208,-0.93550885
-1.3620858,-2.9503593
-1.3573687,-2.898937
-1.3521167,-2.848285
-1.3465633,-2.798834
-1.3392545,-2.74706
-1.3327948,-2.6963694
-1.325351,-2.643372
-1.3199406,-2.5835795
-1.3118356,-2.51511
-1.3056026,-2.452245
-0.4258387,-0.51962733
-0.39946568,-0.47432
-0.3723847,-0.43304244
-0.34502414,-0.4002477
-0.31548262,-0.364699
-0.28245103,-0.3387003
-0.25229374,-0.31836987
-0.22122058,-0.29676253
-0.18357156,-0.26953956
-3.0961926,-2.5103176
-3.0651793,-2.462378
-3.005968,-2.4143283
-2.9249005,-2.3648453
-2.8804612,-2.3160841
-2.816803,-2.2722654
-2.7625723,-2.2297492
-2.696475,-2.1887193
-1.824754,-1.4378839
-1.7138182,-1.3697921
-1.6017016,-1.3101313
-1.504476,-1.2603328
-1.4083645,-1.2033286
-1.3259124,-1.1439061
-1.2571551,-1.0949842
-1.1849344,-1.0494924
-1.1196778,-1.004442
-0.82209265,-0.66823983
-0.7669701,-0.5965908
-0.7057822,-0.5280347
-0.646448,-0.45635366
-0.57587427,-0.38516405
-0.5157006,-0.3134815
-0.43853924,-0.26067126
-0.3544123,-0.20547238
-0.25106603,-0.13805485
0.014299738,0.0006632209
0.082799,0.08113259
0.1663103,0.15116966
0.24524772,0.24022478
0.3300099,0.33448637
0.41525966,0.41269964
0.52181345,0.48106176
-0.8800279,-0.3175899
-0.7931018,-0.2550577
-0.6977187,-0.18074328
-0.5986857,-0.09050301
-0.49858102,0.008959889
-0.39454225,0.118168056
-0.27072635,0.22790182
-0.18400046,0.33668053
-0.061804965,0.4482934
-3.86075,-3.158844
-3.8144546,-3.0627828
-3.7004876,-2.9606855
-3.6795812,-2.8413563
-3.6216617,-2.72139
-3.470505,-2.6049438
-3.2717533,-2.4865043
-3.0376446,-2.3844855
-2.7214043,-2.2927606
-0.92272305,-0.67975575
-0.7991432,-0.53645355
-0.63832116,-0.4189984
-0.51220936,-0.292538
-0.39818916,-0.17106372
-2.3158474,-1.8641195
-2.2076058,-1.7401004
-2.1388204,-1.7132518
-2.0667048,-1.6752782
-1.9962867,-1.632587
-1.8510023,-1.5670621
-1.7062597,-1.4852545
-1.604478,-1.4144983
-1.2019532,-1.1393805
-1.0814521,-1.0709183
-0.97576064,-1.0140305
-0.8823744,-0.9675042
-0.77926755,-0.9211503
-0.687422,-0.87507355
-0.5902507,-0.8281169
-0.49420208,-0.772248
-0.40891895,-0.7107347
-0.33047727,-0.65263295
-1.5379459,-1.419276
-1.4514967,-1.3483038
-1.3830394,-1.2812145
-1.3039875,-1.2296838
-1.2155099,-1.1765022
-1.1400605,-1.128592
-1.0708779,-1.0821706
-1.0000218,-1.0427673
-0.92798537,-1.0152602
-1.445161,-1.0126102
-1.4098969,-0.9326118
-1.3768142,-0.8518637
-1.3374145,-0.76902914
-1.2938789,-0.67274827
-1.2427679,-0.5663224
-1.188633,-0.46442014
-1.1198498,-0.358878
-1.0584346,-0.25594202
-0.057348073,-0.027566433
0.027862081,0.057425797
0.11716083,0.14899665
0.23908135,0.2549197
0.34608597,0.35949522
0.44916046,0.45251042
0.55526745,0.538837
0.6556045,0.62949675
0.7669384,0.72165567
0.06772582,0.14799684
0.081142426,0.22325724
0.12993479,0.30268532
0.17163171,0.36640608
0.23926337,0.44369465
0.3151966,0.51105195
0.3766495,0.5639654
0.4494125,0.61057216
0.51761806,0.65741915
0.6211731,0.71165496
-0.6032854,-0.35996476
-0.5497179,-0.2811078
-0.48305228,-0.21549037
-0.43159127,-0.14550763
-0.37665996,-0.09671447
-0.3293283,-0.054117978
-0.2898409,-0.014132082
-0.24506372,0.030632198
-0.20124553,0.0863564
-0.16067767,0.15821987
-0.7860877,-0.4837862
-0.6663254,-0.40765157
-0.5725571,-0.34383097
-0.48295784,-0.28278112
-0.39488378,-0.22035536
-0.3097723,-0.14748743
-0.22732653,-0.062714934
-0.1473006,0.04231733
-0.06829627,0.18763512
-1.9213758,-1.8458023
-1.8744999,-1.7976596
-1.8286498,-1.7451081
-1.7916197,-1.696058
-1.7601112,-1.6601853
-1.7318783,-1.6202335
-1.7046463,-1.5697066
-1.6734122,-1.5241764
-1.6488181,-1.4833815
-1.8734276,-2.214918
-1.7836655,-2.0775793
-1.6834316,-1.9257114
-1.55807,-1.7785859
-1.425757,-1.6636617
-3.565465,-3.4038765
-3.452995,-3.3443258
-3.3227746,-3.2855246
-3.1487682,-3.2217882
-3.026703,-3.1546693
-2.900683,-3.0833633
-2.7733715,-3.0073195
-2.64677,-2.9281728
-2.4940238,-2.851167
-2.3896763,-2.7749963
0.19744693,-0.03286791
0.2321788,0.06910646
0.26439628,0.15765923
0.30665386,0.23904234
0.3503331,0.3183741
0.4046025,0.38089126
-0.15115525,-0.60618156
-0.069607176,-0.5365561
0.0029176245,-0.45206916
0.071699515,-0.35989487
0.14551164,-0.26438317
0.22408724,-0.1903454
0.30568865,-0.11335859
0.3782133,-0.038668692
0.44914818,0.03445649
-2.2865539,-3.588063
-2.16515,-3.4572237
-2.04432,-3.3136287
-1.96383,-3.1161897
-1.8626167,-2.9107943
-3.186854,-2.8959894
-3.0260038,-2.8083704
-2.892773,-2.7183292
-2.756192,-2.6296394
-2.6029456,-2.5438046
-2.4545653,-2.4548748
-2.326303,-2.3576934
-2.1939335,-2.2629085
-2.070273,-2.1645842
-0.58555114,-1.4762124
-0.526877,-1.4044781
-0.4753339,-1.3312998
-0.36039042,-1.2642369
-0.3032808,-1.1984243
-0.20567995,-1.1300473
-0.09304504,-1.0578067
-0.024630453,-0.98285663
0.071408845,-0.9082953
-0.70188653,-0.48467112
-0.60701257,-0.40208948
-0.5427462,-0.311321
-0.45608425,-0.20694417
-0.36359802,-0.10431096
-0.2554666,-0.026580632
-0.15235728,0.03957802
-0.066809356,0.10872781
0.029335346,0.18444735
-0.8477189,-1.4331297
-0.8335124,-1.3243291
-0.80348814,-1.2107296
-0.7698196,-1.0976791
-0.73621744,-1.0056121
-0.6938621,-0.92980015
-0.65290374,-0.85363245
-0.608313,-0.78345114
-0.56807774,-0.7266685
-0.7970037,-1.2391174
-0.74351144,-1.1325196
-0.6739179,-1.038804
-0.5941132,-0.955393
-0.52281505,-0.8865708
-0.45670983,-0.817317
-0.39449593,-0.74209005
-0.3281511,-0.6754521
-0.26939198,-0.6077312
-0.21537066,-0.5526783
-0.053416528,0.18071842
0.013924074,0.28966445
0.09900646,0.36765277
0.19000539,0.4328466
0.28281882,0.4905252
0.3761021,0.55630845
0.476046,0.6215901
0.5805657,0.682054
0.7077817,0.7399855
0.6100511,0.5989756
0.70291173,0.69268674
0.7590786,0.77395004
0.8319299,0.8414375
0.92763203,0.9104803
1.0604665,0.9740456
1.1886318,1.0392292
1.3481817,1.1066473
1.6777167,1.1744385
-3.8452313,-3.2242932
-3.6787214,-3.167072
-3.5468447,-3.115434
-3.4349635,-3.0668178
-3.3353727,-3.018109
-3.2413845,-2.9724777
-3.1613345,-2.9247425
-3.072029,-2.8762705
-2.9999173,-2.8263917
-2.902869,-2.779404
-0.94328684,-1.100523
-0.3571873,0.01723355
-0.29873323,0.07246333
-0.23276262,0.13057166
-0.17108917,0.1891715
-0.10334802,0.24918777
-0.032908946,0.30790806
0.046803527,0.36376214
0.12884006,0.42161173
0.21381287,0.47885066
-1.0797123,-0.9930165
-1.04386,-0.9257635
-0.9858677,-0.8639522
-0.938999,-0.8097756
-0.8802123,-0.754565
-0.83278686,-0.69475657
-0.7821438,-0.622568
-0.7380779,-0.545912
-0.67112887,-0.4741528
-3.0300362,-2.632233
-2.9066079,-2.5539293
-2.8137667,-2.4784882
-2.7368777,-2.4068506
-2.6416953,-2.339953
-2.537227,-2.2743545
-2.4279943,-2.2038653
-2.3192468,-2.1363823
-2.2113023,-2.0665567
-1.4685733,-1.9474487
-1.4029051,-1.8632298
-1.3396362,-1.7666948
-1.2785418,-1.6786563
-1.2183694,-1.6051192
-1.1586932,-1.5393691
-1.1019925,-1.487782
-1.044493,-1.4434884
-0.9890762,-1.405451
-0.9342855,-1.3672667
-5.599189,-4.082307
-5.4787793,-4.018908
-5.330591,-3.9529674
-5.2151384,-3.8826683
-5.1019197,-3.8071387
-4.9975944,-3.724469
-4.9049644,-3.6401508
-4.8136296,-3.550699
-4.73108,-3.4569573
-1.3437405,-0.9610578
-1.2731639,-0.8926652
-1.2023158,-0.8335112
-1.1433893,-0.78599477
-1.0681496,-0.7430188
-1.0112654,-0.69939697
-0.94863003,-0.6564737
-0.88800836,-0.61700994
-0.8219662,-0.57895213
-0.7672858,-0.54132664
-0.7708014,-0.8156289
-0.714135,-0.7724917
-0.65621066,-0.736009
-0.6148484,-0.6985393
-0.5756991,-0.6625043
-0.5135939,-0.6267525
-0.46907875,-0.5855358
-0.42659414,-0.54126745
-0.39274704,-0.48968217
-0.35628572,-0.4309321
-0.33286628,-0.3544063
-1.6770871,-1.3332865
-1.6135247,-1.2575581
-1.53216,-1.1857136
-1.4165176,-1.1140234
-1.3215345,-1.0366058
-1.2316033,-0.96823025
-1.1508011,-0.90191305
-1.0672984,-0.83245856
-0.9936439,-0.7633663
-0.9196897,-0.7086936
-1.6844003,-1.3978845
-1.6106691,-1.3404186
-1.5471187,-1.2824228
-1.4867203,-1.2311745
-1.428384,-1.1865838
-1.378673,-1.1454573
-1.3318398,-1.1013844
-1.2859737,-1.0581764
-1.2420118,-1.0179636
-0.21351102,-0.19671881
-0.14637014,-0.09279415
-0.08040454,-0.0028486848
-0.01842239,0.083696604
0.032712054,0.15237302
0.100758895,0.22328031
0.14563346,0.29246914
0.20966302,0.3586033
0.26422325,0.4167599
-0.23085013,-0.25956327
-0.17127201,-0.19625407
-0.11907429,-0.13562953
-0.062231697,-0.07566798
-0.019636424,-0.021039605
0.04019394,0.04413891
0.085525766,0.08796418
0.1479666,0.15776306
0.18812865,0.21705717
0.25254264,0.28694463
0.2995361,0.34668088
-3.379849,-2.8497438
-3.2856157,-2.7654254
-3.1425188,-2.6867695
-3.0362492,-2.6082864
-2.952017,-2.5312102
-2.8502316,-2.4593241
-2.7440856,-2.4019582
-2.640731,-2.3465955
-2.5584211,-2.2909567
-2.4772155,-2.2349436
-2.3991387,-2.1796372
-2.315812,-2.1249173
-2.1578524,-2.4980986
-2.0950465,-2.4486766
-2.0226264,-2.399664
-1.9743032,-2.3528414
-1.8975779,-2.3057804
-1.8465308,-2.2565925
-1.7695833,-2.2030935
-1.7088345,-2.1435313
-1.6472514,-2.083071
-0.90868884,-0.6894833
-0.8579807,-0.6480778
-0.7951256,-0.6078167
-0.74401665,-0.56993157
-0.7065484,-0.5294206
-0.6623317,-0.4895748
-0.620218,-0.454029
-0.5796294,-0.4161715
-0.53520834,-0.37657273
-1.0499998,-1.0464516
-0.92115253,-0.9368767
-0.83695877,-0.87050223
-0.7298647,-0.8044936
-0.660927,-0.7603649
-0.5733534,-0.7120588
-0.4809969,-0.66418195
-0.38491932,-0.60901916
-0.29682848,-0.558706
-0.23944162,-0.5208201
-0.14643496,-0.44925368
-0.54629093,-0.4131533
-0.47616005,-0.36000806
-0.41749626,-0.31161153
-0.35869676,-0.2637012
-0.30289215,-0.21494013
-0.23999591,-0.15366212
-0.15992077,-0.09006703
-0.104202986,-0.020866692
-0.041670367,0.08068675
-1.973438,-1.9276628
-1.8822657,-1.8606305
-1.8137875,-1.7946022
-1.7410433,-1.7306619
-1.6799709,-1.6597705
-1.6125942,-1.598449
-1.5538721,-1.5431172
-1.4880017,-1.483177
-1.4349265,-1.4133282
-1.4816502,-1.3586948
-1.4424566,-1.3119316
-1.4015911,-1.268811
-1.3572428,-1.2255551
-1.314472,-1.1822592
-1.2731831,-1.140789
-1.2381676,-1.0938044
-1.2024081,-1.0524992
-1.1679058,-1.017813
-0.44035947,-0.37578014
-0.3721472,-0.33899686
-0.2911203,-0.29694033
-0.1654983,-0.24321839
-0.08087613,-0.2026594
0.018632658,-0.16153759
0.116977155,-0.130499
0.17699413,0.37016803
0.28690773,0.4064895
0.38930866,0.43842393
0.47064832,0.46375102
0.5746322,0.49732846
0.6722997,0.5383118
0.77783626,0.58311254
0.88730776,0.66912776
-7.037379,-3.2351618
-5.728401,-3.0080054
-4.735146,-2.7929728
-3.9646146,-2.5471783
-3.4676855,-2.2627995
-3.2891648,-2.1300588
-0.28127983,-0.023736298
-0.16959563,0.05313748
-0.08464406,0.14407265
0.019818231,0.24901354
0.24939005,0.41045588
0.34103373,0.4786994
0.5457493,0.61943394
0.6255496,0.67983466
0.73064375,0.7341874
0.85211015,0.79857534
-0.32156458,-0.23502782
-0.29924455,-0.21097082
-0.27851158,-0.1868648
-0.25705242,-0.16030881
-0.23417221,-0.13373667
-0.20890787,-0.105957925
-0.17925882,-0.06708884
-0.15475991,-0.028541148
-0.12706897,0.017340481
-0.11798437,0.030473053
-0.09501531,0.06518668
-0.062028915,0.12586528
-0.04728578,0.15170354
-2.0999713,-1.8955462
-2.1071715,-1.8495488
-1.9944977,-1.8166311
-1.9474014,-1.7878976
-1.8150971,-1.7317572
-1.7976214,-1.7153337
-1.7414362,-1.6839409
-2.3714764,-1.9853866
-2.2461095,-1.9202623
-2.1702588,-1.857542
-2.0698225,-1.797046
-1.9774159,-1.7474065
-1.8849688,-1.6932309
-1.792557,-1.6411135
-1.7388206,-1.5901656
-0.45062315,-0.0022604465
-0.26737136,0.13722044
-0.13657148,0.23941553
0.03345911,0.33071065
0.18067615,0.4084555
0.2929482,0.4793784
-1.4006522,-0.969131
-1.3412484,-0.9124243
-1.2566885,-0.84959745
-1.1481415,-0.7859153
-1.1044922,-0.7280479
-1.0221946,-0.6576161
-2.0263898,-1.457049
-1.8629428,-1.382909
-1.7243385,-1.3156779
-1.604433,-1.2587893
-1.4828203,-1.214134
-1.3593599,-1.1693571
-1.2275662,-1.1205168
-1.1166172,-1.0781071
-1.006024,-1.0391238
-1.7245971,-2.2189455
-1.647901,-2.1473062
-1.6103784,-2.082976
-1.5596054,-2.0191891
-1.4734951,-1.9521613
-1.4360807,-1.8877802
-1.388172,-1.8268445
-1.3334395,-1.7685282
-1.2775854,-1.7121975
-1.9735345,-1.4070148
-1.9326218,-1.3799856
-1.9091406,-1.3521883
-1.8665357,-1.3219485
-1.7968122,-1.2914482
-1.7366118,-1.2486336
-1.6972713,-1.2203901
-2.2607555,-1.7331338
-2.0324433,-1.6826034
-1.8818792,-1.6403692
-1.7817292,-1.604784
-1.6602415,-1.5671942
-1.6274315,-1.5245769
-1.5589703,-1.4723432
-1.5265884,-1.4241238
-1.4903578,-1.3807003
-1.4633449,-1.3262806
0.62412494,0.419881
0.7314314,0.50686103
0.80386174,0.5843242
0.9094047,0.6532225
1.0026484,0.70954305
1.1864194,0.7596368
1.2920761,0.80960804
-2.274235,-1.2510488
-2.2150455,-1.1594973
-2.1210332,-1.0625513
-2.0078976,-0.9752226
-1.9193239,-0.8814756
-1.8466002,-0.76929265
-1.7624396,-0.67014056
-1.6928824,-0.5787263
-1.6212913,-0.49095532
-1.5142215,-0.40051532
-2.9903853,-2.3014252
-2.879414,-2.228227
-2.7658968,-2.1627712
-2.6376185,-2.0980515
-2.5252428,-2.0395873
-2.4256153,-1.9820344
-2.3272054,-1.9345598
0.34306577,0.21692705
0.38846582,0.29236853
0.4561317,0.36750895
0.49201885,0.44032985
0.5884759,0.5186328
0.66386366,0.59671324
0.7450725,0.67023486
0.83210456,0.7412781
0.93360513,0.8131638
1.0358993,0.87898487
0.0925598,0.008236527
0.11446628,0.10267776
0.14948948,0.17552692
0.19162138,0.24619555
0.26506191,0.3244722
0.3082306,0.39897406
0.37024483,0.46075517
0.45618325,0.5099786
0.5481163,0.5607062
0.35004985,0.008236527
0.3663476,0.10267776
0.4224532,0.17552692
0.4756255,0.24619555
0.5508999,0.3244722
0.61780226,0.39897406
0.68219644,0.46075517
0.77670723,0.5099786
0.8804247,0.5607062
-0.31193334,-0.2637012
-2.6233537,-3.0580657
-2.543447,-3.009294
-2.4547524,-2.9607737
-2.3931108,-2.9142692
-2.3072724,-2.8622725
-3.2850025,-3.2408211
-3.2029376,-3.1880286
-3.1094496,-3.1366284
-3.022416,-3.0874481
-2.9221132,-3.0423806
-0.6433981,-0.6083117
-0.623557,-0.5758958
-0.5971616,-0.5476602
-0.5676864,-0.5227387
-0.542548,-0.5008987
-0.49574322,-0.46521246
-0.44655064,-0.41750965
-0.3950379,-0.36258632
-0.3413357,-0.30930126
-0.28559846,-0.2539175
-1.648395,-1.1474936
-1.556631,-1.0792651
-1.4576215,-0.9973258
-1.3770429,-0.8780113
-1.2871047,-0.7729988
-1.2077006,-0.6811813
-1.1104326,-0.5847554
0.13698214,0.099422455
0.19070229,0.17678124
0.25595763,0.21899277
0.31685755,0.2620185
0.37982288,0.29694545
0.43999442,0.32450438
0.4977433,0.34769118
0.5544303,0.38593382
0.60922545,0.43335062
0.66702664,0.4757226
-1.5276716,-1.597574
-1.4619352,-1.5214658
-1.4128647,-1.4644148
-1.3689324,-1.4275075
-1.3126898,-1.37854
-1.2395345,-1.3076527
-1.1669956,-1.2415557
-1.1131349,-1.1851526
-1.0550966,-1.1343787
-0.97274107,-1.0740905
-0.89919746,-0.99365735
-2.3976288,-2.4484522
-2.3945994,-2.3772607
-2.3882806,-2.302778
-2.3821068,-2.2281363
-2.375275,-2.1633027
-2.369161,-2.0995677
-2.3604264,-2.032655
-2.3475785,-1.9707699
0.096353576,0.082392156
0.17544904,0.1782766
0.25093913,0.28507292
0.33488593,0.3658381
0.4207635,0.43802744
0.49187303,0.5042557
0.56867903,0.55565864
0.6485539,0.6112488
0.7272763,0.6654652
0.84955657,0.8597546
0.9874463,0.93252546
1.0544091,1.0042748
1.1350089,1.0627933
1.2247047,1.1149092
1.4016548,1.1670179
1.5002841,1.2251475
1.7381351,1.2815435
-1.6758188,-1.4864469
-1.6313895,-1.4508388
-1.597426,-1.4149787
-1.5638331,-1.3820951
-1.5261409,-1.3505526
-1.4903449,-1.3200321
-1.454714,-1.2895212
-1.4258415,-1.2665074
-1.3876575,-1.2331212
-1.3473802,-1.2050989
-1.3116326,-1.1738827
-1.2790678,-1.1416333
-1.2474866,-1.1061451
-1.2137771,-1.0731592
-1.1834215,-1.0404148
-3.6070786,-3.4904902
-3.4731324,-3.4258146
-3.3845546,-3.357275
-3.2717736,-3.285322
-3.1549704,-3.2125957
-3.061181,-3.1404026
-3.012294,-3.07152
-2.918324,-3.0072415
-2.821534,-2.9475994
-0.82901824,-0.8195492
-0.78345835,-0.77904713
-0.74000704,-0.74049824
-0.6913251,-0.7036348
-0.6464617,-0.6673111
-0.60120195,-0.6323165
-0.5585413,-0.5915094
-0.5137752,-0.5541636
-0.47062096,-0.5175483
-0.4257957,-0.48013514
-0.38021442,-0.44033378
-0.3383968,-0.4067352
-0.29458985,-0.37549615
-0.25081408,-0.34668663
-0.20800182,-0.3204092
-2.5465055,-2.082302
-2.4654257,-1.9909723
-2.41552,-1.8985968
-2.3454306,-1.7810838
-2.2808633,-1.6577599
-2.1861994,-1.5522757
-2.1309438,-1.4676495
-0.7139933,-0.6048737
-0.67837226,-0.49814504
-0.6356246,-0.37255517
-0.58462167,-0.2707543
-0.5307365,-0.18258116
-0.47968897,-0.086863935
-0.43107584,0.0065281987
-0.37217483,0.09577674
-0.30852482,0.17457849
-2.7132812,-2.7277396
-2.6258008,-2.6378405
-2.543447,-2.5530167
-2.4663815,-2.4745946
-2.3791857,-2.399605
-2.3061185,-2.3299134
-2.223853,-2.2470934
-2.137272,-2.1652553
-0.94025916,-1.2463751
-0.8748699,-1.1541423
-0.8191681,-1.0641719
-0.75660044,-0.9757302
-0.74170315,-0.89021623
-0.71775615,-0.80383
-0.6770487,-0.73832625
-0.6473347,-0.7046235
-0.8173831,-0.8195492
-0.78272694,-0.77904713
-0.74366504,-0.74049824
-0.7079243,-0.7036348
-0.6692152,-0.6673111
-0.63344723,-0.6323165
-0.5983305,-0.5915094
-0.56085813,-0.5541636
-0.5271362,-0.5175483
-0.49116114,-0.48013514
-0.45635286,-0.44033378
-0.42270115,-0.4067352
-0.38854304,-0.37549615
-0.3535339,-0.34668663
-0.32039046,-0.3204092
-1.0557487,-1.0702112
-0.9522879,-0.9614502
-0.87689734,-0.9050895
-0.80146843,-0.85160685
-0.71870744,-0.7966919
-0.6128919,-0.7039442
-0.51040477,-0.6166446
-0.4093846,-0.57678455
-0.31391737,-0.52809376
-0.23884375,-0.4994461
-0.1848819,-0.4624486
-0.8197655,-0.88369507
-0.7726348,-0.85217017
-0.7222957,-0.8199399
-0.67645055,-0.7889923
-0.62958807,-0.7499052
-0.5788454,-0.70920795
-0.53644526,-0.6664801
-0.49075118,-0.61544037
-0.44299093,-0.564102
-2.3308096,-2.2390735
-2.2616777,-2.1458979
-2.189707,-2.0533524
-2.1133027,-1.9631677
-2.047485,-1.8689873
-1.9758135,-1.7689984
-1.9092263,-1.6625926
-1.8476989,-1.5650711
-1.7855185,-1.4845517
-1.1031662,-1.0843508
-1.0573115,-1.0367159
-1.0028703,-0.99396366
-0.9509423,-0.955762
-0.9043819,-0.9161407
-0.8379457,-0.8773611
-0.78689355,-0.83277804
-0.70648247,-0.7832297
-0.6530395,-0.74220955
-0.6004008,-0.7056564
-2.2457101,-2.3837545
-2.1705856,-2.3048885
-2.0997097,-2.2371304
-2.040182,-2.171667
-1.9858984,-2.1102972
-1.9316082,-2.0489347
-1.883808,-1.9895155
-1.8345773,-1.9337058
-1.7921841,-1.8799903
-1.0139153,-1.0843508
-0.9550609,-1.0367159
-0.90224004,-0.99396366
-0.8468253,-0.955762
-0.7978259,-0.9161407
-0.74646556,-0.8773611
-0.70304996,-0.83277804
-0.6603292,-0.7832297
-0.6134792,-0.74220955
-0.56823653,-0.7056564
-0.87165475,-0.76736593
-0.8066882,-0.7035516
-0.73841417,-0.6406206
-0.6778749,-0.59174246
-0.6123268,-0.547979
-0.55736387,-0.50747097
-0.49823058,-0.47177988
-0.44086298,-0.43589282
-0.386725,-0.4011256
-0.3315852,-0.37015128
-1.0381675,-0.8734635
-0.9811704,-0.812248
-0.89921606,-0.7625725
-0.82952815,-0.71982723
-0.7421936,-0.6698796
-0.6684747,-0.6359475
-0.59993476,-0.61060065
-0.5234129,-0.58225244
-0.4469257,-0.5390216
-2.1361914,-1.9457521
-2.0895944,-1.8754561
-1.9841655,-1.8108368
-1.9290076,-1.7508473
-1.8240473,-1.6948032
-1.7570057,-1.6340935
-1.6435572,-1.5561383
-1.5566244,-1.4604504
-1.4901392,-1.3786304
-1.3909456,-1.3010869
-3.4092636,-2.8968828
-3.2936766,-2.834782
-3.2111056,-2.7713716
-3.05672,-2.7120535
-2.8473613,-2.642884
-2.7242365,-2.5665882
-2.6052198,-2.4868875
-2.481286,-2.4040117
-2.365471,-2.3235655
-2.258679,-2.2442775
-2.6801877,-2.723778
-2.5886602,-2.6296961
-2.5014944,-2.5309415
-2.3974001,-2.434281
-2.2484484,-2.338821
-2.1251311,-2.245833
-2.0088356,-2.142046
-1.9001039,-2.0387099
-3.7782793,-3.674507
-3.6670182,-3.5740356
-3.5558236,-3.4721665
-3.449967,-3.3564284
-3.3540287,-3.2341733
-3.5642161,-3.4721665
-2.0371778,-1.9423103
-1.854221,-1.8475952
-1.7397211,-1.7612169
-1.6422396,-1.6789327
-1.538709,-1.5996151
-1.4227726,-1.5258608
-1.3357896,-1.4422855
-1.2287778,-1.3355854
-1.10214,-1.2174225
-0.9985318,-1.1212684
-1.4354503,-1.3822701
-1.3288028,-1.2965311
-1.2420101,-1.223001
-1.1296633,-1.155796
-0.9306613,-1.0869353
-0.67889446,-1.0153657
-3.528515,-2.5046108
-3.4624236,-2.4655886
-3.3951204,-2.425297
-3.3349705,-2.3876266
-3.2760394,-2.3495085
-3.2220595,-2.3107803
-3.1592867,-2.2722282
-3.1111383,-2.2358215
-3.0580456,-2.1990457
-3.003773,-2.1600206
-2.94888,-2.1163015
-2.891518,-2.0729196
-2.83549,-2.0313816
-2.7778535,-1.9912701
-2.7268107,-1.953306
-2.6693,-1.9153848
-2.62319,-1.8782406
-1.9390898,-1.9457939
-1.9202079,-1.9024558
-1.9024292,-1.8579736
-1.8763596,-1.8154445
-1.8520724,-1.7719312
-1.8328372,-1.7267175
-1.814585,-1.6833107
-2.01026,-2.1096306
-1.984289,-2.0424042
-1.9623601,-1.9819825
-1.9346578,-1.9268458
-1.9140717,-1.8808985
-1.895778,-1.8396487
-1.8752183,-1.8024158
-0.95894086,-1.2163527
-0.90536875,-1.1474936
-0.8335666,-1.0792651
-0.74750626,-0.9973258
-0.67320675,-0.8780113
-0.5910287,-0.7729988
-0.5027878,-0.6811813
-0.4231319,-0.5847554
-0.3450745,-0.5011687
-2.93607,-2.976027
-2.843581,-2.9078493
-2.7593803,-2.8389807
-2.7000175,-2.7716472
-2.6019704,-2.6994486
-2.50602,-2.6293495
-2.4255664,-2.5608554
-2.316734,-2.4922585
-2.9542563,-2.6375723
-2.8652313,-2.6113493
-2.796469,-2.5681515
-2.761335,-2.52779
-2.7084715,-2.493925
-2.6885266,-2.4623017
-2.6659462,-2.4344044
-2.8171237,-2.749048
-2.747721,-2.694314
-2.6652026,-2.641411
-2.6387656,-2.5953262
-2.5715938,-2.551567
-2.5338154,-2.5062413
-2.4905984,-2.4591725
-2.7449436,-2.4956815
-2.6953473,-2.456238
-2.6286669,-2.4271483
-2.6060798,-2.400786
-2.5515783,-2.3768077
-2.5330458,-2.354412
-2.4826937,-2.330686
-0.3377545,-0.4705296
-0.25429854,-0.35510784
-0.17257915,-0.23833919
-0.101860054,-0.15512753
-0.034157068,-0.07831234
0.030286783,-0.012714207
0.10799732,0.053859174
0.17606665,0.13576537
0.27239496,0.21623391
-1.1231402,-1.527234
-1.025966,-1.4536734
-0.8972698,-1.3769042
-0.76765114,-1.2952061
-0.63200325,-1.2182827
1.0285175,0.79984015
1.0351503,0.8418632
1.0417522,0.88552946
1.0499086,0.92302114
1.0582612,0.9562543
1.0648657,0.98587245
1.0714519,1.0110455
1.0796341,1.035825
1.0878329,1.0604639
1.0959705,1.0861607
-0.8565174,-0.82822704
-0.76662433,-0.74848056
-0.6697554,-0.65409595
-0.57727534,-0.57068765
-0.48087132,-0.49170014
-0.38716543,-0.41998076
-0.2930259,-0.35351428
-0.1994276,-0.2769813
-0.10582936,-0.19357973
-1.3298637,-1.1545796
-1.2380788,-1.0908852
-1.1182806,-1.0264374
-1.0351753,-0.95793176
-0.949237,-0.88905096
-0.872872,-0.8062385
-0.7890523,-0.72046053
-0.71980166,-0.6304978
0.79675436,0.6552859
0.88095886,0.73030514
0.97116685,0.8014919
1.0684774,0.86294526
1.1505605,0.9191063
1.2372433,0.9642251
1.3161192,1.0088506
1.4839283,1.0531399
1.7223109,1.0999975
-0.6535371,-0.33932143
-0.5701407,-0.2754354
-0.4887529,-0.20455301
-0.39793575,-0.11815351
-0.31541604,-0.010010779
-0.2510582,0.09016901
-0.18844718,0.1678893
-0.1247069,0.27180487
-1.0760862,-1.0367159
-1.0776014,-0.99396366
-1.0457712,-0.955762
-0.9956109,-0.9161407
-0.9746654,-0.8773611
-0.94086146,-0.83277804
-0.84124374,-0.7832297
-0.7769505,-0.74220955
-0.7290632,-0.7056564
-0.65006286,-0.6769765
-0.5853254,-0.63516057
-1.8391947,-1.6128364
-1.6664269,-1.5081353
-1.5554255,-1.4386741
-1.4334003,-1.363827
-1.3194793,-1.2899737
-1.2023321,-1.2154248
-1.0906996,-1.1378037
-0.985792,-1.0550728
-0.90203017,-0.98549855
-0.78149027,-0.87801933
-0.6651199,-0.7658936
0.5117973,0.40495336
0.55585575,0.46924812
0.6133108,0.5594085
0.6480835,0.5859384
0.6965235,0.6302425
0.7462161,0.67306525
0.7945351,0.71593136
0.83503866,0.7589306
0.8737116,0.79994637
0.91226405,0.84213895
0.10816171,0.051727414
0.17623213,0.114628136
0.23947994,0.173796
0.3062108,0.22462702
0.37910074,0.26976526
0.46089152,0.31423414
0.55547667,0.36782205
0.64713156,0.42596936
0.76826453,0.48056263
-0.589491,-0.6543436
-0.54002327,-0.51561445
-0.4772517,-0.36426887
-0.4080202,-0.2356781
-0.3415325,-0.139418
-0.25832456,-0.045882642
-0.20214711,0.052854657
-0.09165938,0.15190983
0.024627717,0.24815947
-2.0793602,-1.9083397
-1.9645488,-1.8309064
-1.8430783,-1.7550104
-1.7286706,-1.6745327
-1.6228342,-1.5928881
-1.5127438,-1.5121601
-1.4149247,-1.4248729
-1.3206576,-1.3404018
-1.2226303,-1.261805
0.38160387,0.33284742
0.41056448,0.3782754
0.46659237,0.41548973
0.51845104,0.447074
0.5500626,0.47783333
0.59743065,0.5069738
0.6469153,0.5371401
0.69500035,0.57072073
0.7475574,0.6062415
0.8058004,0.6421489
0.86524546,0.6769591
0.9282711,0.71143323
0.9806161,0.7460235
-2.4009647,-2.007383
-2.3511415,-1.9216647
-2.2814634,-1.841615
-2.176886,-1.7674909
-2.0593202,-1.7014346
-1.9534094,-1.6368873
-1.8523469,-1.5633845
-1.7526954,-1.4909837
-1.6514359,-1.4225073
-1.5556118,-1.3644783
-1.45958,-1.3044727
0.14305216,0.30458254
0.31829792,0.42889023
0.4759305,0.52192456
0.66381997,0.6054669
0.8866047,0.683649
1.1441759,0.7475707
1.4280733,0.8070472
1.8320681,0.86372346
-0.25997686,-0.21688974
-0.17247473,-0.14486969
-0.08153493,-0.073617905
0.023033457,0.013891637
0.12081062,0.115567505
0.22530566,0.21756458
0.33520183,0.32133466
0.52018577,0.43534
-1.860224,-1.7254903
-1.7628022,-1.62395
-1.6459001,-1.5186316
-1.5108751,-1.4074615
-1.3939754,-1.2824824
-1.2477976,-1.1605444
-1.1189903,-1.0547192
-0.9754491,-0.96270365
-0.85268974,-0.8661448
-0.6863807,-0.76149404
-2.4281561,-2.4872296
-2.4262612,-2.3181138
-2.3690395,-2.1492531
-2.0127182,-1.9922776
-1.7624305,-1.8064353
-1.4277719,-1.6158848
-1.8258936,-2.0341027
-1.7403611,-1.9321904
-1.6700476,-1.8310249
-1.5678608,-1.7295549
-1.4402788,-1.6183691
-1.435684,-1.3583374
-1.3509213,-1.2866745
-1.2780366,-1.2066756
-1.2050532,-1.1165996
-1.1430043,-1.0198075
-1.0867757,-0.95092034
-1.0347388,-0.8961158
-0.98708117,-0.8459144
-0.9381026,-0.8008322
-1.1121079,-0.9851302
-0.9898464,-0.91440773
-0.88776505,-0.83818614
-0.7865059,-0.7385531
-0.68315244,-0.65180576
-0.57075334,-0.59023523
-0.46472627,-0.52146804
-0.36236867,-0.44224614
-0.26287213,-0.36777118
-0.6027548,-0.5243276
-0.5220511,-0.42964828
-0.4419814,-0.3494392
-0.36877742,-0.29256973
-0.29365978,-0.24034029
-0.21645948,-0.18615234
-0.1317647,-0.11628425
-0.052338686,-0.046136975
0.032200165,0.027688384
0.12336497,0.1022864
-1.5387543,-1.3583374
-1.4065129,-1.2866745
-1.2797223,-1.2066756
-1.1596106,-1.1165996
-1.0367101,-1.0198075
-0.89038706,-0.95092034
-0.76634073,-0.8961158
-0.6562086,-0.8459144
-0.5261208,-0.8008322
-0.36416003,-0.28260553
-0.14247149,-0.16879886
0.043297913,-0.06338519
0.23125888,0.08351058
0.3610868,0.22783369
0.1487388,0.018701255
0.21211249,0.14591902
0.30262035,0.26776874
0.39682913,0.36931473
0.4817848,0.4560948
-2.5223064,-2.529124
-2.4365404,-2.4585922
-2.3495696,-2.3928084
-2.2672765,-2.3083072
-2.1888587,-2.2323334
-2.119182,-2.1668131
-2.051484,-2.1099048
-1.985958,-2.0550554
-1.9218851,-2.0048895
-1.1228149,-1.3011751
-1.0377456,-1.1567888
-0.9238831,-0.98544055
-0.8119668,-0.80389845
-0.70826757,-0.6542342
-0.6018762,-0.52847797
-0.48851007,-0.40281802
-0.3752783,-0.28374976
-0.26694173,-0.17443195
-0.16000895,-0.065919995
-0.7142063,-0.4268129
-0.49939686,-0.24446231
-0.27018943,-0.097569615
-0.019606067,0.03469187
0.20619461,0.13830829
-1.9861339,-2.092582
-1.9322858,-2.0312386
-1.8785787,-1.9746797
-1.8255094,-1.9159222
-1.7729329,-1.8593183
-1.7203257,-1.8019767
-1.6684315,-1.7390022
-1.617136,-1.6757998
-1.5663846,-1.6137145
-0.34872523,-0.72007203
-0.31941536,-0.5675553
-0.29264805,-0.42369497
-0.26608956,-0.32592314
-0.23865032,-0.24966389
-0.21408719,-0.17429316
-0.19117406,-0.10784271
-0.16837654,-0.041571617
-0.14264873,0.026636422
-0.11700282,0.08741999
-0.58295745,-0.9418278
-0.4447009,-0.8395585
-0.31498602,-0.74713326
-0.1730374,-0.6454562
-0.02491372,-0.5479557
-1.8456316,-1.7508631
-1.7112104,-1.6796298
-1.628068,-1.6143181
-1.5853199,-1.5562742
-1.462512,-1.5010972
-1.3699099,-1.4417073
-1.2942438,-1.3803232
-1.1851695,-1.318229
-1.0979064,-1.2477776
-2.0146127,-1.9414339
-1.8976135,-1.8645546
-1.7980971,-1.8003502
-1.7438335,-1.7543287
-1.6938756,-1.6968167
-1.625553,-1.6315558
-1.5546881,-1.5800374
-1.4799546,-1.532402
-1.4093904,-1.484084
-0.7662709,-0.82149184
-0.6795701,-0.7073363
-0.59915066,-0.5941022
-0.5378121,-0.49583238
-0.39368704,-0.41984466
-0.28996378,-0.3237153
-0.18921016,-0.22303289
-0.073921904,-0.09825364
0.05215239,0.0011963248
0.691082,0.36785716
0.738271,0.502924
0.7801205,0.61997765
0.83809817,0.7229838
0.91464657,0.8240563
0.997714,0.907744
1.074066,0.9853204
1.2039609,1.0601015
1.3039889,1.1313453
-0.6256387,-0.74786526
-0.5635447,-0.63178813
-0.5186143,-0.52855
-0.45191738,-0.43937278
-0.39345595,-0.37586015
-0.3320084,-0.32112443
-0.27775383,-0.26333514
-0.2059909,-0.20556062
-0.1497032,-0.15785936
-0.095971234,-0.10687032
-1.4457446,-1.4174134
-1.3324488,-1.3153036
-1.1967103,-1.2116625
-1.0744804,-1.0996721
-0.97202986,-0.98802847
-0.8494017,-0.8623525
-0.73003507,-0.7437068
-0.60652393,-0.6256551
-0.47385338,-0.46805367
-0.3374815,-0.4705296
-0.25325394,-0.35510784
-0.18012911,-0.23833919
-0.109346434,-0.15512753
-0.034157068,-0.07831234
0.030910274,-0.012714207
0.108585365,0.053859174
0.18449503,0.13576537
0.272828,0.21623391
-2.5321884,-2.6245735
-2.4859993,-2.484747
-2.4716327,-2.3495824
-2.4395533,-2.2305756
-2.42398,-2.1319501
-3.3108397,-2.976027
-3.1720042,-2.9078493
-3.1478994,-2.8389807
-3.05303,-2.7716472
-2.940787,-2.6994486
-2.8446426,-2.6293495
-2.736371,-2.5608554
-2.6666505,-2.4922585
-2.8825285,-3.0768068
-2.8426821,-2.9949129
-2.783187,-2.916636
-2.723323,-2.847171
-2.6653223,-2.7837012
-2.6077635,-2.7272258
-2.5466707,-2.6786442
-2.469664,-2.6312263
-2.3868785,-2.5867016
0.08941641,0.03793174
0.20818792,0.099845946
0.30512488,0.15260762
0.39474908,0.20431906
0.465959,0.2531616
0.54713583,0.30204397
0.6121659,0.348738
0.66862327,0.39199346
0.716627,0.4321944
-0.19683115,-0.2891187
-0.13981664,-0.23425674
-0.069151156,-0.1816206
0.03114706,-0.13005584
0.10428702,-0.07327539
0.2145491,-0.014774978
0.2931965,0.033943713
0.36580867,0.08122736
0.4256986,0.12002164
-0.6877764,-0.6706316
-0.6266946,-0.61397475
-0.5611317,-0.54460734
-0.49102038,-0.4753814
-0.41882902,-0.40635833
-0.36290604,-0.33932143
-0.29878014,-0.2726675
-0.2426776,-0.20145968
-0.17340674,-0.010010779
-1.3300225,-1.0882487
-1.2455919,-1.0099144
-1.1193419,-0.9362995
-1.0155082,-0.84811866
-0.91510177,-0.7879765
-0.81313586,-0.7366047
-0.71037656,-0.66093516
-0.6205296,-0.5634827
-0.5169679,-0.47810763
-0.7537966,-0.75862235
-0.6745903,-0.68047285
-0.58699954,-0.583399
-0.44887906,-0.5015576
-0.35954022,-0.3962738
-0.23742065,-0.30418873
-0.12979053,-0.22843629
-0.021755917,-0.12974808
0.07196103,-0.018587887
-0.71301997,-0.5225398
-0.6353729,-0.44906488
-0.5667139,-0.37592342
-0.50939405,-0.299226
-0.36052418,-0.22285354
-0.26297486,-0.161811
-0.1791648,-0.11320761
-0.1037159,-0.06458634
0.016444668,-0.015807807
-0.6449006,-1.3155737
-0.5362737,-1.2083869
-0.45036137,-1.0926852
-0.354606,-0.99500763
-0.25968367,-0.9176152
-0.16289946,-0.84906477
-0.062285498,-0.7877152
0.037957918,-0.7249225
0.1375979,-0.67142457
0.29386622,0.1795361
0.33528483,0.26955622
0.40521955,0.36867207
0.51452565,0.4375723
0.6196482,0.49240106
0.70869166,0.5501848
0.8345682,0.6080845
0.9498097,0.6662696
1.0457089,0.72294277
1.182576,0.776939
-1.8034087,-1.7720444
-1.7108964,-1.7097065
-1.6179044,-1.6437016
-1.532302,-1.5776758
-1.4382594,-1.5077355
-1.3560295,-1.4329292
-1.2796869,-1.3638232
-1.1962342,-1.2916367
-1.1220497,-1.2109659
-1.0395263,-1.1479113
0.26135698,0.19694656
0.31492084,0.25841165
0.3671058,0.30110633
0.41862482,0.34161973
0.46951953,0.39062423
0.5198455,0.4443261
0.57029986,0.4945373
0.621148,0.53894454
0.6723763,0.58909446
0.724644,0.64896375
-2.0379465,-1.9746797
-1.9251012,-1.8593183
-1.7411149,-1.7390022
-1.5710413,-1.6137145
-1.3897902,-1.4730346
-1.2305887,-1.3139527
-1.9110855,-3.2055168
-1.7423842,-3.0575511
-1.5707077,-2.8995106
-1.3876091,-2.7193515
-1.2608938,-2.4739013
-3.7998192,-3.2034762
-3.5621092,-3.0539997
-3.3110614,-2.8967311
-3.080788,-2.7182412
-2.8520455,-2.4721923
-2.3021712,-2.1369255
-2.251455,-2.0789993
-2.2073905,-2.0200355
-2.0982554,-1.9609447
-2.0520751,-1.8976922
-1.9802741,-1.8335347
-1.9040442,-1.7849796
-1.7458291,-1.74372
-1.6593518,-1.6983967
-1.9385327,-2.2853236
-1.9319599,-2.1679099
-1.9312769,-2.066515
-1.9142044,-1.9745076
-1.9082018,-1.8830001
-1.8999213,-1.7913811
-3.622873,-3.3382852
-3.5580037,-3.252154
-3.4889586,-3.1690676
-3.4319868,-3.0913184
-3.3731284,-3.019198
-3.3150911,-2.953674
-3.2273436,-2.8914707
-3.1103497,-2.8330195
-3.02079,-2.769358
-1.1827374,-1.0011184
-1.0825748,-0.94253737
-0.98660165,-0.88135624
-0.8837059,-0.80204064
-0.7893622,-0.7071612
-0.6847125,-0.6030225
-0.5845296,-0.5100084
-0.48159587,-0.43516147
-0.37570566,-0.34069508
-1.967924,-1.7112205
-1.8910688,-1.6592536
-1.8185217,-1.6072598
-1.7410021,-1.5546
-1.6641517,-1.497889
-1.5942041,-1.4320784
-1.5254842,-1.3611574
-1.4575686,-1.2936492
-1.3875942,-1.226208
-3.1811266,-3.1114056
-3.079735,-3.0430877
-2.9875576,-2.97201
-2.8953552,-2.907175
-2.8186438,-2.8514514
-2.7328563,-2.7993085
-2.6641452,-2.7464988
-2.5791242,-2.6823924
-2.4917617,-2.6210022
-2.4201093,-2.5541325
-2.3460402,-2.481229
-2.2867522,-2.3841562
-0.74631244,-0.860901
-2.867695,-2.813109
-2.7744641,-2.723778
-2.6623662,-2.6296961
-2.522773,-2.5309415
-2.421016,-2.434281
-2.2988477,-2.338821
-2.1519957,-2.245833
-2.0215812,-2.142046
-1.8940684,-2.0387099
-2.3037248,-2.23639
-2.2186046,-2.1355417
-2.1327093,-2.0405838
-2.0551803,-1.9377363
-1.9825335,-1.8440981
-1.9108474,-1.7531009
-1.8418115,-1.6734588
-1.7750009,-1.5988309
-1.7096665,-1.5311036
-1.6456167,-1.4824874
-0.95840585,-1.1403214
-0.88992834,-1.0401095
-0.8231461,-0.9537336
-0.7554777,-0.8808403
-0.6853555,-0.81529206
-0.6202498,-0.7438829
-0.5487941,-0.6630901
-0.47863021,-0.58731383
-0.41836944,-0.5301236
-3.8022666,-3.546314
-3.7340298,-3.4863079
-3.663258,-3.4275455
-3.582387,-3.3704712
-3.5133648,-3.3072598
-3.449168,-3.245527
-3.3788192,-3.1855018
-3.3156445,-3.1256819
-3.2516494,-3.0706167
-2.584226,-2.8574772
-2.5673578,-2.7783172
-2.5489821,-2.7031403
-2.529756,-2.6403697
-2.5092683,-2.58234
-2.487248,-2.5269284
-2.4646285,-2.4769406
-2.4411228,-2.430767
-2.4151146,-2.3871222
-1.522397,-1.2582291
-1.4278979,-1.1719363
-1.3175696,-1.0882487
-1.2059987,-1.0099144
-1.0996892,-0.9362995
-0.99468267,-0.84811866
-0.9030813,-0.7879765
-0.80746126,-0.7366047
-0.70767707,-0.66093516
-0.61759883,-0.5634827
-2.0584583,-1.8078432
-1.9848719,-1.730062
-1.9171791,-1.6479714
-1.8500607,-1.5549834
-1.7873176,-1.4658262
-1.7239933,-1.3691139
-1.6588589,-1.2563694
-1.5969272,-1.1342072
-1.5306252,-1.0249481
-0.6809894,-0.6871593
-0.6101299,-0.61676633
-0.53564596,-0.54265064
-0.46278256,-0.467188
-0.39573848,-0.4062664
-0.3262214,-0.34545535
-0.26093322,-0.28479552
-0.19911742,-0.229621
-0.13500546,-0.17194068
-1.8864278,-1.6688437
-1.794912,-1.5943096
-1.6933545,-1.5280678
-1.5991563,-1.4613304
-1.5197603,-1.398812
-1.4381155,-1.3435719
-1.3673202,-1.2764764
-1.3025635,-1.2141902
-1.2345115,-1.1518788
-1.1605487,-1.096061
-1.995431,-1.5880687
-1.8936216,-1.5399745
-1.8081449,-1.4911914
-1.7312274,-1.4472433
-1.6556499,-1.4033604
-1.5873338,-1.3651977
-1.5230223,-1.3349335
-1.4609419,-1.310319
-1.402748,-1.2836666
-3.7807927,-3.728647
-3.2930505,-3.456228
-2.9188113,-3.2137413
-2.5909321,-2.9968765
-2.06753,-2.7617257
-0.76408684,-0.697783
-0.7034127,-0.6337931
-0.63938487,-0.56428903
-0.56433845,-0.49759567
-0.49147898,-0.4408451
-0.42681682,-0.3940529
-0.3570306,-0.34324193
-0.28945732,-0.28253394
-0.22394593,-0.22407386
-0.16622016,-0.16185838
-1.2138059,-1.0901887
-1.1279075,-1.0352042
-1.0421791,-0.9836844
-0.9692515,-0.9347006
-0.9000394,-0.88621783
-0.8309818,-0.83910394
-0.77433527,-0.78963715
-0.7141934,-0.74204624
-0.6662881,-0.6967329
-1.8776851,-1.8532043
-1.8032573,-1.7939141
-1.733756,-1.741101
-1.6355562,-1.6818337
-1.5561752,-1.6188383
-1.4799578,-1.5631473
-1.4173244,-1.5053585
-1.348258,-1.4363275
-1.2859397,-1.3746767
-1.229857,-1.3156977
-0.78530514,-0.76522267
-0.7500549,-0.6729511
-0.6817624,-0.58277684
-0.6101989,-0.51302624
-0.5306054,-0.4402662
-0.45358926,-0.3596278
-0.3780998,-0.28615102
-0.30777758,-0.2267242
-0.24281783,-0.17946175
-0.18407817,-0.1327188
-1.5683153,-1.5656168
-1.4897233,-1.5019836
-1.4087986,-1.4329097
-1.3277625,-1.3653615
-1.2473854,-1.2932045
-1.1669552,-1.2110152
-1.0880474,-1.139823
-1.0113504,-1.0566531
-0.93839216,-0.97882164
-0.8652569,-0.897084
-3.390755,-3.3326151
-3.2522428,-3.2474647
-3.1483338,-3.1633248
-3.058097,-3.0857878
-2.9873269,-3.0005453
-2.9173756,-2.9050746
-2.8511255,-2.7878382
-2.786207,-2.6793902
-2.731499,-2.5870984
-0.9264701,-1.0035629
-0.8641012,-0.94741905
-0.7980338,-0.8903955
-0.7288953,-0.8275032
-0.6593707,-0.7713041
-0.5887047,-0.71481586
-0.5187119,-0.6534265
-0.44973838,-0.60905004
-0.3832168,-0.5748406
-0.31427664,-0.5433803
-0.34131804,-0.24350625
-0.28324658,-0.1919721
-0.22766931,-0.14754486
-0.17709558,-0.09686148
-0.11915145,-0.045547903
-0.062889434,0.011128128
-0.014485103,0.062861085
0.047494106,0.113343894
0.09799252,0.16262919
-1.7614707,-1.9340067
-1.6727545,-1.8791342
-1.594889,-1.8290956
-1.5163146,-1.7836936
-1.42397,-1.7379172
-1.9557028,-1.2138193
-1.8491093,-1.1618496
-1.6894829,-1.1117604
-1.55044,-1.0624257
-1.4231,-1.0194073
-1.2881422,-0.9713132
-1.1801692,-0.93025285
-1.0543402,-0.88519406
-0.96173453,-0.8542477
-0.8558696,-0.8165217
-0.7571659,-0.7742635
-0.66436195,-0.72480977
-0.5574533,-0.6613276
-0.47175363,-0.6068866
-0.4053016,-0.5557871
-0.28677806,-0.49343562
-2.5905063,-2.343033
-2.5734682,-2.3161411
-2.5411994,-2.2767963
-2.4961805,-2.2376034
-2.4706206,-2.2131054
-2.3720498,-2.157253
-2.2970228,-2.108436
-2.209006,-2.0589576
-1.5488085,-1.445791
-1.4325576,-1.38672
-1.2886785,-1.3259315
-1.2444594,-1.265983
-1.169514,-1.2041838
-0.9918669,-1.1293467
-0.20689867,-0.10836837
-0.13001217,-0.0258345
-0.077332295,0.016761482
-0.012748902,0.05407536
0.060299676,0.09821361
0.102767296,0.13103354
0.15755163,0.17447507
0.18167073,0.20620042
0.22355966,0.24615026
0.272784,0.28107798
0.30956092,0.31790185
0.3525521,0.35798174
0.3854492,0.39603734
0.42907366,0.42291403
0.43686584,0.46230513
-0.14072788,-0.45353612
-0.13011216,-0.4181087
-0.11548252,-0.38386908
-0.079237,-0.3570527
-0.041244302,-0.3263563
0.019543625,-0.29421937
0.076716125,-0.26134726
0.13864243,-0.22786173
0.23862843,-0.19206512
0.33020908,-0.14844507
0.44242728,-0.1031937
-0.9283921,-0.7792072
-0.8119668,-0.68812895
-0.6933239,-0.5845736
-0.5795263,-0.47533974
-0.46789756,-0.3780988
-0.35639128,-0.29228258
-0.24628288,-0.19678873
-0.13759898,-0.09772915
-1.8124574,-1.8342764
-1.7658371,-1.7780168
-1.7101052,-1.7218223
-1.6756406,-1.6545076
-1.5481249,-1.8498514
-1.5338839,-1.7924938
-1.5300759,-1.7334855
-1.5166658,-1.6723869
-1.4982846,-1.6105595
-1.3435798,-1.4950902
-1.2284176,-1.4474804
-1.0897896,-1.4063759
-0.7991991,-1.3305274
-0.6867312,-1.3065649
-0.91506755,-0.71404773
-0.7395085,-0.5967636
-0.66033,-0.54559004
-0.5412859,-0.45752382
-0.45263103,-0.39261365
-0.39172724,-0.34718472
-0.33156228,-0.2889543
-0.23371847,-0.19681516
-0.18768665,-0.145457
-0.14029925,-0.102693975
-0.073363885,-0.017560244
0.022682665,0.09312713
0.10330588,0.20010656
0.13017353,0.21924114
0.19063118,0.2703033
0.19507615,0.27134752
0.23047322,0.30699062
0.28960782,0.369523
0.32210913,0.42231888
0.36380085,0.44748694
-0.9214536,-1.020215
-0.78782505,-0.94860685
-0.70818824,-0.8761058
-0.62468594,-0.8014804
-0.55213505,-0.7138677
-0.47915706,-0.62433624
-0.39968538,-0.53212374
-0.30767778,-0.46174213
-0.19971213,-0.4025406
-0.6715488,-0.66953206
-0.6100218,-0.60739213
-0.5199809,-0.5339171
-0.4468288,-0.4497276
-0.3860255,-0.3863684
-0.29904684,-0.3313079
-0.20281753,-0.2656319
-0.14416055,-0.2131831
0.011339754,-0.15284157
0.16666462,-0.08147615
0.2801777,-0.012070775
-2.8890786,-3.2297876
-2.7814538,-3.1880286
-2.662669,-3.1366284
-2.561186,-3.0874481
-2.494061,-3.0423806
-2.4388807,-2.9897149
-2.513013,-2.4896493
-2.4610002,-2.3927824
-2.3501163,-2.3026893
-2.256259,-2.2177596
-2.1397283,-2.132132
-1.9801253,-2.0392036
-1.2123479,-1.2669735
-1.1852787,-1.1977894
-1.1562694,-1.1287687
-1.1352122,-1.065794
-1.1100574,-0.9986932
-2.2656984,-2.5972013
-2.1875477,-2.5342464
-2.1067894,-2.4718175
-2.0399787,-2.4162931
-1.9658079,-2.362881
-1.8989558,-2.3165379
-1.8298002,-2.2782977
-1.7644457,-2.2334087
-1.7027891,-2.186913
0.41787118,0.7107335
0.6027141,0.80441886
0.7570145,0.8811398
0.93017393,0.9575735
1.1189288,1.0287673
1.294018,1.094605
1.5126367,1.1651213
-1.0355917,-1.244138
-0.97190213,-1.1694005
-0.89242667,-1.0872314
-0.825435,-1.0075545
-0.7496186,-0.92740184
-1.0534619,-2.99777
-1.0882086,-2.934366
-1.1108055,-2.8723881
-1.1289389,-2.8116353
-1.1458033,-2.751579
-1.1597158,-2.689851
-1.1695971,-2.630769
-1.1838722,-2.5778959
0.20224027,0.16956443
0.42113668,0.24659699
0.6322473,0.3428188
0.7522994,0.40068537
0.83147156,0.43692952
0.9845027,0.4884972
1.0613984,0.52105767
0.013047872,0.114741385
0.107872754,0.17223018
0.19262177,0.23293287
0.27219796,0.3181888
0.35742652,0.39828783
0.43842143,0.4552303
0.51670927,0.50790316
0.6037896,0.5595625
0.11066233,-0.9588703
0.10999205,-0.8572979
0.10752819,-0.76483804
0.10548761,-0.6818506
0.10547051,-0.5874469
-1.9110221,-1.4478903
-1.80937,-1.3890116
-1.768689,-1.3671441
-1.7281243,-1.3461816
-1.7030839,-1.3366787
-1.6763521,-1.326916
-1.6478871,-1.3191254
-1.6157243,-1.3090014
-1.5939764,-1.3015904
-1.5734073,-1.2894752
-1.5474328,-1.2776616
-1.5228719,-1.2699628
-1.5000762,-1.2601132
-1.4784287,-1.251061
-1.4608256,-1.2462816
-1.4429765,-1.2390248
-1.4228413,-1.2341213
-1.4087713,-1.222434
-2.5253334,-2.4078567
-2.3845823,-2.2669096
-2.2925756,-2.1263623
-2.1686463,-1.9750326
-2.0553062,-1.8213463
0.48644534,-0.04903561
0.550088,0.008716941
0.6227381,0.0783115
0.68178684,0.14357626
0.8144743,0.21959335
0.80053854,0.31849915
0.89647,0.3585096
0.96931124,0.4201337
-0.10158714,-0.5257005
0.04370056,-0.43722403
0.25716794,-0.3496618
0.362142,-0.26800165
0.44947276,-0.16833243
0.5217421,-0.037924826
0.5782138,0.009210467
0.6285184,0.095467746
-1.6910523,-1.3633552
-1.6208003,-1.2819781
-1.5285275,-1.2200284
-1.442275,-1.1602407
-1.3728968,-1.0985858
-1.2941636,-1.0420723
-1.207256,-0.9936125
-1.1429975,-0.94606864
-1.0753703,-0.8974079
-1.0137662,-0.83472
-0.9559108,-0.7741036
-0.89599967,-0.71375775
-0.18431057,-0.45097816
-0.1367845,-0.38527417
-0.087867595,-0.2985306
-0.03685815,-0.22769678
0.016766386,-0.15863502
0.07088213,-0.09971464
0.123927236,-0.04411155
0.17543419,0.008844912
0.22489941,0.06858879
0.27525252,0.12587684
-0.54061687,-0.26952547
-0.52514076,-0.24948683
-0.51022273,-0.23133028
-0.49562266,-0.21257776
-0.47949335,-0.19526806
-0.46342874,-0.17593062
-0.4431742,-0.15238962
-0.42238083,-0.13073543
-0.40430644,-0.11174196
-0.38599315,-0.091288745
-0.3692683,-0.072208345
-0.35151166,-0.0507403
-0.3344399,-0.025554717
-0.31656498,-0.0016072989
-0.29577935,0.024808109
-0.96936446,-0.99027723
-0.87640387,-0.9135012
-0.7869285,-0.835356
-0.7003971,-0.7657616
-0.61741066,-0.7010233
-0.5365432,-0.6462418
-0.45490858,-0.5849738
-0.38287434,-0.5199982
-0.30974165,-0.45962834
-0.23881465,-0.40397555
-0.17182332,-0.35330808
-0.4204169,-0.67183095
-0.3996897,-0.64439845
-0.37241298,-0.61847275
-0.34921542,-0.597159
-0.32462752,-0.57597387
-0.30089486,-0.55722827
-0.27513847,-0.53279066
-0.25268883,-0.5085725
-0.22963789,-0.48457342
-0.20822166,-0.4632519
-0.18308568,-0.44110358
-0.16261876,-0.41996068
-0.14125903,-0.40073764
-0.12103102,-0.37844986
-0.096795455,-0.35588783
0.05010545,-0.37870622
0.06334868,-0.36637297
0.11415584,-0.34632772
0.20110567,-0.28698748
0.25862244,-0.245574
0.31635386,-0.19966304
0.38337114,-0.15432727
0.45487258,-0.10600424
0.5546193,-0.04413593
0.656846,0.009162068
0.7763844,0.0565719
0.87519294,0.10284668
-0.5008295,-0.55754066
-0.45091438,-0.50782293
-0.3939438,-0.45996964
-0.33873302,-0.42068344
-0.27981973,-0.38222155
-0.2284545,-0.34394595
-0.16921467,-0.3046596
-0.110692196,-0.25924483
-0.051156346,-0.20332891
-0.0022708988,-0.1487563
-3.5628989,-2.3837082
-3.4244714,-2.265667
-3.3070765,-2.1506448
-3.1936722,-2.0172844
-3.095214,-1.8925982
-3.0081272,-1.7838659
-2.9249587,-1.6767063
-2.838304,-1.5724072
-2.7533188,-1.4633865
-0.24329086,0.13179165
-0.16173327,0.18032604
-0.09018885,0.226206
-0.018487869,0.2817728
0.05563627,0.33417124
0.120956205,0.3763963
0.19813356,0.41539764
0.25963828,0.44871563
0.3226428,0.47997743
0.37918714,0.5117356
-1.3780968,-1.3424394
-1.3329116,-1.3019918
-1.280002,-1.2620647
-1.2102134,-1.2213802
-1.1390425,-1.1819867
-1.0699277,-1.1422429
-1.024971,-1.1023535
-0.9735515,-1.0568998
-0.92086744,-1.0144167
-1.4552627,-0.99270296
-1.3996917,-0.945747
-1.3041719,-0.90165114
-1.2686914,-0.8605206
-1.1950107,-0.8280362
-1.1252185,-0.8048988
-1.0700523,-0.7752067
-1.005436,-0.73580515
-0.95416135,-0.6884374
-1.0927895,-0.8763381
-1.014962,-0.813004
-0.9346041,-0.7453009
-0.8584841,-0.66638064
-0.7837236,-0.59259605
-0.7136825,-0.51923037
-0.65438867,-0.44964784
-0.58355826,-0.39064503
-0.5185828,-0.34358013
-0.45585227,-0.28461143
-1.7010125,0.32774955
-1.6172525,0.37076426
-1.5485922,0.42193997
-1.4875374,0.4657238
-1.435605,0.50255233
-1.3923422,0.53670293
-1.3540939,0.5689122
-1.3185891,0.60090655
-1.2758011,0.6299636
-1.2008177,-1.3888369
-1.1814029,-1.3210073
-1.1548452,-1.2669735
-1.1304756,-1.1977894
-1.1042842,-1.1287687
-1.0605332,-1.065794
-1.0345701,-0.9986932
-1.0147204,-0.95427287
-0.7821356,-0.8766663
-0.7041512,-0.8460106
-0.6334105,-0.8181295
-0.560994,-0.7870323
-0.49471444,-0.75880617
-0.43106323,-0.73351836
-0.36410698,-0.7014965
-0.29279673,-0.6598456
-0.22839054,-0.6104929
-0.15944548,-0.5570225
0.3734566,0.28877527
0.42629302,0.35020286
0.48676863,0.40981215
0.54420507,0.47386032
0.61180085,0.5411845
0.66452754,0.5962042
0.751667,0.6518212
-1.5278959,-1.5733058
-1.4673816,-1.5236762
-1.3837278,-1.4743233
-1.3436549,-1.4205797
-1.2824217,-1.3654684
-1.2360259,-1.3056252
-1.1701916,-1.2421355
-1.1350046,-1.1716043
-1.0674205,-1.0826836
-0.104613565,-0.3899275
-0.05038031,-0.3396128
0.007933291,-0.29578373
0.06192418,-0.25292096
0.12041185,-0.20265797
0.17045934,-0.14139584
0.22476262,-0.07611823
0.28414875,0.0034635663
0.33491552,0.0905571
0.38949418,0.17013186
-1.1195269,-1.0604963
-1.0723643,-0.9906275
-1.0175835,-0.9299866
-0.9651067,-0.88098454
-0.92052597,-0.8335679
-0.8755145,-0.786439
-0.8314097,-0.7356211
-0.7865431,-0.67638904
-0.74749196,-0.60493726
-0.7055118,-0.535158
-0.68550164,-0.74240935
-0.63156086,-0.69256103
-0.5797262,-0.6612281
-0.5288152,-0.6292203
-0.48006508,-0.5921087
-0.4326854,-0.5547775
-0.38696575,-0.511884
-0.3427135,-0.45832098
-0.29947773,-0.3991242
0.033501606,0.03263265
0.1153574,0.08958483
0.19760293,0.16614622
0.27367562,0.25019473
0.35169056,0.33687449
0.42487955,0.421879
-0.98223394,-0.88431996
-0.9316985,-0.8338646
-0.8936354,-0.78077143
-0.8587889,-0.7370045
-0.8243684,-0.7046024
-0.79590213,-0.67337155
-0.76704836,-0.6413475
-0.7384334,-0.6043263
-0.718036,-0.5631708
-0.70321137,-0.51800346
-2.0595884,-2.2628827
-2.0166795,-2.1542804
-1.9671139,-2.049354
-1.8704954,-1.9446604
-1.8157333,-1.8120205
-1.7282593,-1.7204297
-1.6153411,-1.6465604
-2.0788155,-2.5756872
-2.0611105,-2.4646626
-2.0213053,-2.348857
-1.9600215,-2.2217672
-1.9018382,-2.0924304
-1.869868,-1.968538
-1.8204693,-1.8370275
-2.3617558,-2.3499188
-2.3651886,-2.2525446
-2.3230438,-2.1473348
-2.2499716,-2.043012
-2.2136502,-1.933732
-2.1573765,-1.8195882
-2.1096892,-1.7031755
-3.4444606,-2.8220103
-3.3856206,-2.7519736
-3.3141384,-2.6677055
-3.2502713,-2.5883334
-3.1923485,-2.5138245
-3.1349578,-2.4531958
-3.0785186,-2.4069989
-3.0231614,-2.3707826
-2.9584687,-2.3454428
-2.8994615,-2.3242202
-0.89876896,-1.1652045
-0.83380675,-1.0779507
-0.76326853,-0.9984254
-0.6608876,-0.91848755
-0.589151,-0.8030051
-0.49896607,-0.69886
-0.41233692,-0.599021
-0.31687683,-0.50559723
-1.5285056,-1.644866
-1.451861,-1.5426981
-1.3922963,-1.4439046
-1.3519448,-1.3491669
-1.2484546,-1.243576
-1.1059016,-1.1285601
-1.002377,-1.0264795
-0.8780575,-0.95080256
-0.69701797,-0.8713228
-1.662714,-1.2067504
-1.6168813,-1.1519642
-1.5688186,-1.0955985
-1.5219274,-1.0405501
-1.475735,-0.98242176
-1.4287881,-0.9295924
-1.3767908,-0.88074905
-1.3223796,-0.83346343
-0.14361623,0.3444603
0.008589779,0.41996688
0.123989925,0.49815172
0.26027796,0.5749218
0.3690184,0.66283065
0.48935708,0.7430653
0.615204,0.81681186
0.7851402,0.88472587
0.95109844,0.9440277
-0.14166532,0.39205593
-0.06132115,0.47104126
0.007369613,0.54808
0.122709006,0.6271966
0.21639709,0.7048978
0.2954701,0.7753641
0.3974184,0.8491276
0.5124265,0.9246326
0.61056685,0.9965969
0.305857,0.29859155
0.38818356,0.3679735
0.46757153,0.43148774
0.5474366,0.49036318
0.62105477,0.53160006
0.69950664,0.5705014
0.7817696,0.6083105
0.8628522,0.64694744
0.95159686,0.6870027
-0.13125373,-0.13226801
-0.06674569,-0.08019933
0.012533673,-0.03338009
0.080107756,0.01869291
0.14747044,0.09258014
0.20383501,0.18496591
0.28108698,0.2687378
0.3604918,0.34934044
0.43714854,0.41961187
-2.1647537,-2.148213
-2.1022053,-2.079062
-2.038496,-2.002348
-1.9505872,-1.926501
-1.9055307,-1.8489363
-1.8227874,-1.7716625
-1.751176,-1.7051098
-1.6879487,-1.6436853
-1.5982864,-1.5866561
-1.5362391,-1.5275688
-0.84729916,-0.7101482
-0.77604926,-0.637273
-0.69723016,-0.5526401
-0.63411343,-0.46259707
-0.569584,-0.38416997
-0.49634656,-0.29457092
-0.44231826,-0.2183299
-0.3682166,-0.12313348
-0.3181419,-0.07043019
-0.24529132,0.0054275393
-0.17678033,0.09495336
0.144016,0.071344554
0.17166492,0.10003072
0.20101775,0.131316
0.22998236,0.16319436
0.26025066,0.20136166
0.2916177,0.23748744
0.3239479,0.26789534
0.35715988,0.29611516
0.391533,0.3390205
-2.8101954,-2.555225
-2.6914134,-2.4928572
-2.5585463,-2.4271185
-2.4450657,-2.3531928
-2.348991,-2.2746694
-2.251347,-2.1953664
-2.1592293,-2.1155443
-2.066494,-2.0449893
-1.9719269,-1.977833
0.1582406,-0.19924924
0.20899697,-0.16265363
0.2260469,-0.11100504
0.26945418,-0.07119644
0.30468768,-0.029016733
0.33880806,0.008520782
0.36548385,0.047825575
0.39308533,0.09792018
0.42847696,0.15030867
0.9593596,0.87623626
1.0046711,0.9125388
1.0354148,0.9452806
1.0569515,0.97717196
1.0762451,1.0078328
1.0925119,1.0404828
1.1049194,1.0766196
1.1157082,1.112272
1.1227832,1.1485288
1.1262639,1.1824827
-1.0285912,-0.8763381
-0.9272392,-0.813004
-0.8932082,-0.7453009
-0.7833879,-0.66638064
-0.71730906,-0.59259605
-0.6719739,-0.51923037
-0.61219895,-0.44964784
-0.5506972,-0.39064503
-0.4912902,-0.34358013
-0.4152967,-0.28461143
-0.8805579,-0.14585581
-0.72015095,-0.08617392
-0.5966963,-0.039375007
-0.46639907,0.012261927
-0.3515183,0.0614419
-0.22578898,0.11705649
-0.1265792,0.16987222
0.002053629,0.2439282
0.09315003,0.29286772
0.22487076,0.37303656
0.33688858,0.43895465
0.5011237,0.3769688
0.54082656,0.43657595
0.60784984,0.48696846
0.6748939,0.5337469
0.7444643,0.5815764
0.81390244,0.631228
0.88513106,0.687321
0.9571358,0.7503374
1.0295501,0.8148723
1.0978596,0.87701124
-0.8345923,-1.8784134
-0.7798309,-1.7773864
-0.7402846,-1.6838534
-0.6625264,-1.6028075
-0.58681834,-1.5160841
-0.51595473,-1.4236954
-0.46019801,-1.3601878
-0.4026339,-1.3088038
-1.7578132,-1.7105088
-1.7129152,-1.6389751
-1.6655122,-1.5677894
-1.6294657,-1.5060306
-1.5654932,-1.4514637
-1.5263742,-1.4044802
-1.4985255,-1.3477981
-1.4395251,-1.3011568
0.43029752,0.3769688
0.46190393,0.43657595
0.49223775,0.48696846
0.5214818,0.5337469
0.5527243,0.5815764
0.58564234,0.631228
0.61877686,0.687321
0.6556585,0.7503374
0.6919871,0.8148723
0.7315153,0.87701124
-2.575787,-2.4085915
-2.5088973,-2.3337195
-2.4398801,-2.2676575
-2.3703845,-2.1908474
-2.3108747,-2.1269794
-2.2462149,-2.059496
-2.1879249,-1.9759364
-2.12531,-1.8973558
-2.0717833,-1.8221197
-0.9321292,-1.1260679
-0.8616695,-1.0550681
-0.7873668,-0.9848642
-0.7207497,-0.92129767
-0.6526373,-0.82965565
-0.5868077,-0.7293427
-0.5241277,-0.6352634
-0.45754018,-0.5319886
-0.39431685,-0.43094042
-0.33192548,-0.3440938
-0.2646429,-0.041390955
-0.24071103,0.01783055
-0.2241346,0.08095062
-0.19948512,0.14072144
-0.1828916,0.20023787
-0.16230094,0.25818813
-0.13901685,0.31728333
-0.117916085,0.374806
-0.09794576,0.44194716
-1.5457759,-1.391804
-1.4666079,-1.2828429
-1.362402,-1.1827517
-1.2595022,-1.1054583
-1.1579168,-1.0422852
-1.0517315,-0.97420484
-0.9579489,-0.9137007
-0.8633278,-0.8584182
-0.773761,-0.81169397
-2.7261543,-2.478669
-2.6677988,-2.4115047
-2.552223,-2.3462195
-2.3987834,-2.2119749
-2.2641227,-2.0411663
-2.4731076,-2.4206538
-2.4436398,-2.3943415
-2.4003274,-2.359697
-2.328024,-2.3203607
-2.2750041,-2.2718365
-2.232456,-2.2056642
-2.1622832,-2.13461
-2.1058,-2.0632463
1.2378752,0.90410525
1.3014947,0.96962017
1.382506,1.0247083
1.4724573,1.0775371
1.5533547,1.1290216
1.6746272,1.1769588
1.8438013,1.2233362
2.068123,1.2698596
-1.610076,-1.8798337
-1.4205585,-1.6915908
-1.2122414,-1.559922
-1.0363823,-1.389742
-0.8845528,-1.2032442
-1.8382043,-3.0248103
-1.2309031,-2.9064348
-0.80619824,-2.8028395
-0.5424339,-2.7152443
-0.40353733,-2.6149228
0.76357454,0.44878358
0.7765374,0.4807108
0.7950967,0.5162601
0.81112564,0.55368394
0.6262269,0.5618374
0.68350685,0.6328648
0.8092269,0.6922985
0.9249174,0.7479022
1.0218558,0.79105884
1.1870936,0.83250195
1.3810604,0.873144
-0.5833306,-1.0844569
-0.47078556,-0.96888447
-0.32829046,-0.86201763
-0.3027816,-0.7566155
-0.114468984,-0.66125673
-0.022028359,-0.5380088
0.16049963,-0.026587725
0.1904886,0.021337032
0.23549382,0.079227984
0.2588673,0.14295441
0.28920132,0.20544642
0.34707415,0.26186198
0.36250544,0.30779207
0.60651016,0.45204526
0.64265376,0.5469087
0.68905187,0.63124734
0.73724335,0.7066496
0.7777849,0.78136
0.83361715,0.84690505
0.8805651,0.91198677
0.9340544,0.9781055
0.9917257,1.042655
-1.0533928,-0.9274802
-0.9742283,-0.8349762
-0.91042763,-0.72999823
-0.8563133,-0.63703394
-0.78190035,-0.5608655
-0.720241,-0.5019943
-0.6546585,-0.43400624
-0.58195984,-0.36789906
-0.5109757,-0.30600864
-0.44491526,-0.23232946
-1.8947183,-2.637594
-1.8218323,-2.5462084
-1.7227256,-2.4656305
-1.6544852,-2.3857846
-1.5589987,-2.3100364
-1.5038866,-2.244843
-1.4347982,-2.1776261
-1.3757442,-2.1037729
-1.3004206,-2.0372214
-1.2420772,-1.9663379
-2.604499,-3.2976027
-2.3919988,-3.1432354
-2.1422846,-2.9653466
-1.749324,-2.8029172
-1.3486001,-2.6692326
-4.3959556,-4.193518
-4.1536393,-4.155524
-3.9116158,-4.1114197
-3.739872,-4.068671
-3.64847,-4.027126
-3.4818442,-3.977455
-3.3836737,-3.927539
-3.300456,-3.8729894
-1.0021522,-0.813004
-0.95468897,-0.74515295
-0.87426454,-0.6665444
-0.7999512,-0.59175503
-0.72482663,-0.518535
-0.647529,-0.44869348
-0.57654876,-0.3905471
-0.5003354,-0.34281173
-0.42802596,-0.2833714
-2.799102,-2.6505578
-2.5609055,-2.6193388
-2.4574058,-2.5875785
-2.3589823,-2.5172875
-2.2428584,-2.402824
-0.65511465,-0.36080548
-0.4631465,-0.20810401
-0.31591824,-0.06728637
-0.1726574,0.044317663
-0.026963772,0.16698146
-0.15172696,-0.03338331
-0.061357908,0.026017308
0.017102161,0.07975471
0.089967914,0.14042908
0.17930697,0.20740384
0.26878217,0.27572143
0.35316023,0.33967376
0.43785113,0.40926653
0.5117802,0.47811824
-0.17342623,-0.234572
-0.15648577,-0.15195495
-0.12920989,-0.06348282
-0.09493923,0.011712313
-0.05242856,0.075237215
-0.00755229,0.13603038
0.043233305,0.19704348
0.09459823,0.25609028
0.15123382,0.3228218
0.21537885,0.3910306
-1.2795615,-0.8966211
-1.1626387,-0.84819096
-1.0479171,-0.7920715
-0.9299784,-0.7392102
-0.8144782,-0.6943864
-0.70185673,-0.6499935
-0.5942055,-0.6055833
-0.49166086,-0.5577671
-0.39218876,-0.501315
-2.0270455,-2.323462
-1.7976502,-2.158862
-1.6116296,-1.9844041
-1.4049058,-1.8184228
-1.1800234,-1.6279409
-3.145246,-2.4985034
-2.8759634,-2.4265811
-2.695139,-2.351803
-2.5251505,-2.2903
-2.407578,-2.2298608
-2.2994463,-2.1706738
-2.236794,-2.1023536
-2.1696327,-2.0419123
-2.1275651,-1.9699659
-1.6702987,-1.3939989
-1.6025198,-1.3244104
-1.5538921,-1.2590153
-1.4986117,-1.2034581
-1.4112551,-1.1595373
-1.3518789,-1.1200716
-1.2918684,-1.0807223
-1.2157886,-1.0341907
-1.1738986,-1.0009156
-2.9008934,-2.3899846
-2.8586736,-2.342719
-2.8247478,-2.2918334
-2.7794337,-2.2451842
-2.7390225,-2.1998405
-2.6968625,-2.1524222
-2.664104,-2.1042655
-2.6199534,-2.042609
-2.5737367,-1.991395
-2.5444758,-1.9446762
-2.4948688,-2.5641322
-2.4844706,-2.518375
-2.469161,-2.4765725
-2.4520226,-2.432401
-2.430541,-2.3843157
-2.4083724,-2.3363419
-2.38863,-2.296513
-2.3678799,-2.2595372
-2.3473275,-2.2206218
-2.3280199,-2.1818888
-2.6954336,-2.153623
-2.6533263,-2.0980663
-2.5990925,-2.0441139
-2.5448713,-1.9940982
-2.4976408,-1.9464164
-2.4425187,-1.9021811
-2.3988159,-1.8477457
-2.343196,-1.7801352
-2.2876463,-1.7092757
-2.2344584,-1.6336439
-1.3486241,-1.258526
-1.3176341,-1.1897823
-1.2991701,-1.1342884
-1.2849075,-1.0937103
-1.2505487,-1.0534152
-1.2296098,-1.0160052
-1.2031361,-0.98505676
-1.1821055,-0.94829684
-1.1450167,-0.9083447
-1.1061344,-0.8642541
0.42773697,0.5747667
0.4996122,0.6343463
0.5795306,0.69298273
0.6479213,0.7547825
0.72165656,0.8194408
0.7961506,0.8765082
0.8576475,0.9314626
0.94097,0.9842554
1.0204136,1.0375946
-1.0188956,-0.8986722
-0.97566533,-0.86697596
-0.92690915,-0.8352499
-0.87942743,-0.803722
-0.83029354,-0.76804435
-0.7873358,-0.73207474
-0.7432994,-0.6944609
-0.6995441,-0.6553723
-0.6577127,-0.62396353
-0.61576706,-0.5925086
-4.0363727,-2.5197108
-3.6776905,-2.4334097
-3.602971,-2.3346298
-3.4804823,-2.2226331
-3.3240385,-2.090377
-1.0225548,-0.8846279
-0.9571189,-0.8379845
-0.89226043,-0.7883705
-0.82658184,-0.7382349
-0.76267046,-0.6879847
-0.69426805,-0.62263405
-0.6261648,-0.5561316
-0.5610251,-0.4967513
-0.49650708,-0.4388485
-0.43180257,-0.37536675
-1.1176821,-1.0604963
-1.068722,-0.9906275
-1.019474,-0.9299866
-0.9742291,-0.88098454
-0.92967355,-0.8335679
-0.88836724,-0.786439
-0.84816325,-0.7356211
-0.8049064,-0.67638904
-0.7658528,-0.60493726
-0.71841043,-0.535158
-2.9518661,-3.3381224
-2.8441658,-3.2668757
-2.747692,-3.189047
-2.6847715,-3.1024969
-2.6264098,-3.0218718
-2.5208228,-2.9367735
-2.4116628,-2.8574274
-2.3640285,-2.7736075
-2.3113194,-2.696962
-2.8440504,-2.8420808
-2.8028953,-2.7677214
-2.7014806,-2.693885
-2.6109939,-2.6197152
-2.5055332,-2.5454626
-2.4160018,-2.4663255
-2.3203552,-2.3907862
-2.2402759,-2.3148916
-2.157097,-2.2267418
-2.0723178,-2.13141
-3.0816724,-2.7930205
-2.876098,-2.736159
-2.6621552,-2.693748
-2.5448713,-2.6600409
-2.4692616,-2.623482
-2.3716764,-2.5931523
-2.2921991,-2.5714607
-2.236808,-2.5441868
-2.1854582,-2.5048628
-2.3981066,-2.4802353
-2.2904382,-2.404211
-2.1767242,-2.3324564
-2.0871668,-2.2578795
-1.9730161,-2.1818373
-1.8565476,-2.1136973
-1.719636,-2.0513794
-1.5412755,-2.0057714
-1.3488747,-1.9523969
-0.56789845,-0.2519665
-0.5110298,-0.18943807
-0.44649377,-0.12270826
-0.38430017,-0.057359993
-0.32348472,0.0030267835
-0.25819787,0.064154744
-0.203728,0.118867576
-0.13892952,0.17632848
-0.098926455,0.23018688
-0.32964677,-0.13187295
-0.28583467,-0.059785187
-0.24678141,0.010431349
-0.20074362,0.07431823
-0.1615593,0.146321
-0.1208007,0.21976876
-0.07899889,0.29082268
-0.03464851,0.35189116
0.006391219,0.41884792
0.047471505,0.48835212
-6.0139003,-5.6051555
-5.964243,-5.5654283
-5.9196124,-5.5196676
-5.865975,-5.4682026
-5.8439064,-5.4040856
-0.031326346,-0.5380088
0.062044464,-0.3988654
0.16895065,-0.28495508
0.2702468,-0.1849134
0.36869878,-0.10297969
0.46983606,-0.006526947
0.057498273,-0.79879296
0.11531886,-0.6350766
0.22262962,-0.47170928
0.29336917,-0.3330436
0.4162234,-0.21977597
0.5415566,-0.47400114
0.5832052,-0.3934083
0.63237405,-0.32175228
0.70733005,-0.26378262
0.76567864,-0.21436834
0.82319367,-0.15849555
0.8945049,-0.07818651
0.97707486,0.0098288655
1.0496614,0.0903669
-0.337012,-0.17911863
-0.24023123,-0.11031622
-0.12679873,-0.05245161
-0.020771343,0.016505778
-0.9145259,-1.1652045
-0.8167153,-1.0779507
-0.7484139,-0.9984254
-0.6603328,-0.91848755
-0.59103453,-0.8030051
-0.49782005,-0.69886
-0.41296583,-0.599021
-0.31586242,-0.50559723
-0.21666977,-0.4275092
0.27162135,0.39114767
0.33592293,0.4927861
0.4065425,0.5747667
0.5694932,0.69298273
0.7097492,0.8194408
0.86695856,0.9314626
1.0479418,1.0375946
-2.4047163,-2.4405172
-2.2314808,-2.3139985
-2.0954275,-2.1881177
-1.9415451,-2.048488
-1.8210963,-1.9060812
-1.6998274,-1.7686148
-1.5698072,-1.6759522
-1.4491665,-1.5952706
-1.333977,-1.5116309
0.4573687,0.42511725
0.5142047,0.45681983
0.53080785,0.49587244
0.5666523,0.53382605
0.59455407,0.574665
-1.0805117,-1.5115433
-0.9648616,-1.4154203
-0.8555847,-1.3117788
-0.7532798,-1.2080538
-0.6607138,-1.0785246
-0.569747,-0.94112617
-0.47444504,-0.8051502
-1.184093,-1.2939197
-1.0945324,-1.2339176
-1.0176135,-1.1652045
-0.924815,-1.0779507
-0.82901865,-0.9984254
-0.7609312,-0.91848755
-0.70084715,-0.8030051
-0.6346023,-0.69886
-0.58150417,-0.599021
-0.5633291,-0.8839182
-0.4734598,-0.8113169
-0.3744517,-0.74450475
-0.27906817,-0.6828734
-0.1910179,-0.6256266
-0.11564201,-0.57670265
-0.047916744,-0.5269414
0.02076587,-0.4784023
0.08893212,-0.43228766
0.15536305,-0.38470083
-1.7831155,-1.6550798
-1.7136266,-1.5470948
-1.6148098,-1.4277209
-1.5389513,-1.2814751
-1.4789656,-1.1507338
-1.3872044,-1.0591674
-1.2915142,-0.96383786
-1.2189826,-0.861049
-1.1438854,-0.7682868
-1.0658034,-0.68868554
-1.3654351,-0.23576313
-0.754551,-0.94319034
-0.6121791,-0.8627136
0.20732011,0.12515044
0.24518105,0.19371516
0.2850392,0.24421507
0.3236736,0.29831177
0.36095187,0.35792524
0.39786643,0.41559768
0.43331495,0.47057182
0.47112882,0.5249724
0.51052207,0.58153945
-2.6182275,-2.7517493
-2.5426745,-2.6786633
-2.4585028,-2.6084206
-2.380279,-2.5392683
-2.302372,-2.466806
-2.2294018,-2.3925853
-2.1574094,-2.3286054
-2.089551,-2.2649121
-2.0153735,-2.2084548
-0.984211,-1.1583477
-0.9591883,-1.0987613
-0.9278913,-1.0393504
-0.8846616,-0.9816052
-0.8467186,-0.9209347
-0.7970812,-0.85594213
-0.73656404,-0.7962515
-0.6878751,-0.73398125
-0.6317871,-0.6559299
-0.5376996,-0.028464735
-0.46557918,0.039197087
-0.39378747,0.10196483
-0.32236192,0.15711981
-0.25013578,0.21221548
-0.17755187,0.2605636
-0.103870556,0.3150947
-0.029193664,0.37155432
0.046810057,0.4220507
0.124795474,0.47651237
-3.4603736,-3.4736516
-3.4450321,-3.4381225
-3.4267373,-3.4010758
-3.4055846,-3.362944
-3.3822353,-3.3200407
-3.3595269,-3.2729394
-3.332765,-3.2280166
-3.3067634,-3.1812022
-3.282522,-3.1227388
-3.257004,-3.0630567
-2.8418496,-3.380524
-2.706591,-3.3118403
-2.5237117,-3.2455695
-2.3507912,-3.1736162
-2.1983552,-3.0966227
-2.0492716,-3.0213926
-1.9266797,-2.9456804
0.26687717,0.06523603
0.2911488,0.1157068
0.31246427,0.15014005
0.34198776,0.1959222
0.36356395,0.23325795
0.39670944,0.2741493
0.4226746,0.30194426
0.45368034,0.329751
0.48650074,0.3558098
0.51794404,0.39623338
0.55744,0.45432502
-1.9850426,-1.6258085
-1.9424269,-1.5724823
-1.9040511,-1.5142362
-1.8619103,-1.4574357
-1.8239535,-1.385818
-1.7848126,-1.3103075
-1.7467469,-1.25175
-1.7091726,-1.2085532
-1.6752944,-1.1643158
0.041551262,-0.0015895963
0.074088976,0.054667175
0.104300514,0.09568089
0.13661094,0.13919657
0.16607885,0.17083162
0.20094441,0.2119124
0.23389694,0.24767041
0.27608153,0.30162328
0.31138092,0.36865705
0.35012427,0.41639674
0.38848403,0.4590394
0.16267563,-0.47055483
0.22545862,-0.4298605
0.29119557,-0.39114967
0.35848626,-0.35066453
0.4224411,-0.30590594
0.49749422,-0.26272127
0.58102405,-0.21667936
0.6726376,-0.17587489
0.76255304,-0.13588998
0.85724,-0.09443292
-3.0085607,-3.1324883
-2.8018363,-3.049928
-2.732553,-2.9723017
-2.658774,-2.8871624
-2.5800743,-2.8218167
0.121636175,0.093918025
0.16441295,0.14606243
0.25768638,0.2661448
0.34912902,0.39577967
0.46455842,0.5536544
0.54953855,0.66020113
0.72769535,0.852904
0.79271156,0.9145102
0.8779695,0.964649
0.95569986,1.0122173
1.0593749,1.0632477
1.1801401,1.1108274
1.296295,1.1512969
1.4174641,1.1893077
1.5744699,1.2278149
-2.0890136,-2.1224296
-1.9836594,-2.0573344
-1.8602021,-1.981941
-1.7543197,-1.8959284
-1.640596,-1.81246
-1.5470002,-1.7350528
-1.4482745,-1.6570437
-1.3498722,-1.5797341
-1.2467469,-1.4872985
-1.1476724,-1.3983984
-1.1594547,-1.1977894
-1.1297342,-1.1287687
-1.0948408,-1.065794
-1.0632086,-0.9986932
-1.0159174,-0.95427287
-0.9575708,-0.91061336
-3.7202103,-3.2833946
-0.6142558,-0.88004684
-0.5140727,-0.7847437
-0.48229054,-0.74809426
-0.43761426,-0.7154847
-0.40677541,-0.6844017
-0.3753967,-0.65433514
0.3647193,0.44230944
0.44323817,0.47272474
0.53058946,0.5053571
0.61344194,0.5373123
0.7025095,0.5783885
0.77969223,0.618615
0.85557723,0.6610616
0.9510018,0.73171836
-0.4293007,-1.6382608
-0.37929097,-1.5283052
-0.334586,-1.4001815
-0.28481606,-1.2864738
-0.25379923,-1.2338452
-0.17043957,0.33742237
-0.057340026,0.40018433
0.076102026,0.45476514
0.16773377,0.5060404
0.28292128,0.5626536
0.4130599,0.62186426
0.5234049,0.6897858
-0.38200364,-0.08784944
-0.22244757,0.08073884
-0.17185654,0.13906592
-0.07075228,0.24262989
0.02549942,0.3385523
0.132115,0.43249506
0.21411215,0.50980145
-0.36849934,0.1127072
-0.19806178,0.197635
-0.015861325,0.29723936
0.10817075,0.38341153
0.2729664,0.49182218
0.477175,0.58811146
0.65079325,0.6771783
-0.38351807,-0.38952583
-0.3099627,-0.3026147
-0.22552513,-0.19948378
-0.15568724,-0.11206761
-0.08008026,-0.03978449
0.04889931,0.06689978
0.12852307,0.1317364
0.23502763,0.20642823
-1.2720672,-1.4590676
-1.1885,-1.3887796
-1.1076303,-1.3147749
-1.0353968,-1.244138
-0.9720698,-1.1694005
-0.892473,-1.0872314
-0.825435,-1.0075545
-0.7492875,-0.92740184
-0.6853063,-0.8453921
-0.6174652,-0.7704872
-1.3393228,-0.85581636
-1.2439089,-0.83703154
-1.1628463,-0.8193211
-1.1004224,-0.800289
-1.0456274,-0.7705523
-0.9836834,-0.7327634
-0.9452348,-0.68831694
0.67024523,0.3479777
0.778207,0.45569795
0.84989613,0.5260355
0.9181661,0.60501057
1.0184736,0.6943632
1.1219757,0.7905541
1.2091739,0.86848277
1.3717105,0.9564145
0.33138108,0.42544824
0.3322683,0.49624258
0.38452795,0.5750558
0.4981359,0.67923945
0.58545697,-0.054325283
0.65437853,0.058707654
0.6912954,0.1093114
0.7291932,0.15737659
0.7765477,0.2155487
0.82779497,0.28711063
0.87414175,0.33730102
0.93310577,0.40016264
0.98181856,0.45628005
1.0363194,0.53894216
1.0932071,0.62940174
0.18295999,-0.4581784
0.35375544,-0.33345175
0.540319,-0.23121268
-1.6245282,-0.7361256
-1.5936859,-0.63468754
-1.5493327,-0.53575444
-1.509751,-0.4439434
-1.4541095,-0.3584697
-1.4190072,-0.2739105
-1.3820363,-0.18432206
-1.3307626,-0.08623698
-1.2914784,0.012680829
-1.2451593,0.09956348
-1.4183928,-1.0686862
-1.3676082,-0.9674146
-1.3323083,-0.8801606
-1.2728413,-0.7983903
-1.2129219,-0.7020167
-1.1415099,-0.6000487
-1.0837177,-0.49631536
-1.0323573,-0.38711685
-0.99087185,-0.28799963
0.3991583,0.22570163
0.41701373,0.2608096
0.45335552,0.3137445
0.5006859,0.36128145
0.54384714,0.41510278
0.5728859,0.45339912
0.61655897,0.5100537
0.6772,0.6363004
-1.507463,-1.7994807
-1.41853,-1.754123
-1.372456,-1.7051694
-1.3262672,-1.6510675
-1.2658811,-1.5885592
-1.2269261,-1.5248348
-1.1586834,-1.457546
-1.1124729,-1.3875266
-1.0335244,-1.3181503
-0.95033085,-1.2549863
0.28983143,-0.009776294
0.43104503,0.13370544
0.57366663,0.26739776
0.682625,0.36873162
0.7918921,0.48828322
0.8644041,0.56366307
0.90992963,0.6311038
0.9694362,0.69383746
-0.32363206,0.5166411
-0.28296894,0.53293866
-0.2293202,0.5512226
-0.18564957,0.56791884
-0.12767842,0.5878697
-0.085912235,0.60506314
-0.03738335,0.62721986
-0.00046254945,0.6455988
0.052146852,0.6678665
0.08615133,0.68517095
0.13445637,0.70416313
0.16998866,0.71997863
0.25548053,0.7402101
0.26756206,0.76217884
0.3130375,0.7821527
0.3572451,0.7955155
0.3963919,0.8088816
-2.1012337,-1.8335643
-1.9871955,-1.7699144
-1.894484,-1.707314
-1.7804406,-1.6444745
-1.6777655,-1.5752966
-1.5946385,-1.4993117
-1.5146359,-1.429965
-0.7374354,-1.7315769
-0.67135423,-1.4882193
-0.57232344,-1.305234
-0.49299297,-1.1605508
-0.45425782,-0.98986965
-0.8910962,-1.3478062
-0.8499791,-1.3297248
-0.73548126,-1.2829808
-0.6656049,-1.2512302
-0.5981071,-1.2301311
0.11206476,-1.0154506
0.112565145,-0.9062523
0.1134384,-0.8084363
0.110337734,-0.72319424
0.108738124,-0.6328439
-0.22133918,-0.11889714
-0.14984226,-0.052636325
-0.071355954,0.013928115
0.0020483553,0.075018525
0.0598362,0.13162178
0.1476646,0.19691509
0.22716436,0.25802475
0.3141625,0.3265096
0.43391088,0.39573836
-0.6844158,-0.76795876
-0.67224455,-0.7355916
-0.6602267,-0.7057265
-0.6437685,-0.6701789
-0.61950713,-0.6315072
-0.60495186,-0.583538
-0.5781007,-0.5422789
-0.56005484,-0.51076055
0.6662399,0.25166136
0.70746773,0.31195945
0.78410256,0.36869204
0.8248009,0.41492528
0.8641538,0.45910174
0.9043925,0.4992991
0.8579695,0.528583
0.89450246,0.55921394
0.9273782,0.5874947
0.95757335,0.61822814
0.986615,0.6400195
1.0134143,0.6662789
1.038241,0.6886886
1.0644289,0.7120071
1.0899075,0.7328008
1.1088259,0.7504886
-0.28553346,-1.1521697
-0.24520056,-1.0984004
-0.21231632,-1.0516112
-0.16350195,-0.9821683
-0.108988635,-0.89833397
-0.06814674,-0.83394873
-0.016206564,-0.74222255
0.038255066,-0.64243454
-2.360527,-2.0468402
-2.1859503,-1.9409518
-1.9657826,-1.8081422
-1.7114034,-1.7192171
-1.410419,-1.6500175
-0.9391205,-0.9541066
-0.8251092,-0.8850013
-0.71912956,-0.79903626
-0.61325896,-0.7032049
-0.48483568,-0.6210505
-0.39737505,-0.5562591
-0.3185003,-0.4963309
-0.20352952,-0.42673954
-0.119176075,-0.38404816
-0.017469961,-0.34155232
0.091632694,-0.29504165
-2.4502773,-1.972709
-2.4133513,-1.8949201
-2.3683822,-1.8323956
-2.328011,-1.7831635
-2.2914116,-1.743084
-2.2495213,-1.7027786
-2.211709,-1.6691058
-2.1702955,-1.6334231
-2.132849,-1.6056585
0.9241154,0.7255648
0.984962,0.81615263
1.0587038,0.9054623
1.1194034,0.9540463
1.1846387,1.0016665
1.31454,1.0811813
1.439998,1.1533098
1.531492,1.1947024
-1.8783872,-1.3011832
-1.738868,-1.2264438
-1.6289983,-1.1542705
-1.5317842,-1.079493
-1.4384763,-0.98850906
-1.3434931,-0.90096
-1.2559873,-0.8211895
-0.81973296,-0.8982779
-0.77198666,-0.8282962
-0.71614635,-0.7639716
-0.6336468,-0.7026398
-0.5829748,-0.6626065
-0.5192143,-0.620116
-0.45211816,-0.5786711
-0.37199792,-0.54234946
-0.29992753,-0.49841848
-0.22978997,-0.45746812
-0.15148173,-0.4210798
-1.9038512,-1.6348422
-1.626721,-1.5230412
-1.5318654,-1.4228007
-1.4791344,-1.3253531
-1.370943,-1.149859
-1.3006427,-1.0711136
-1.1166527,-0.91735184
-0.93994826,-0.7659503
-0.70687366,-0.5835207
-0.46478334,-0.2873912
-0.19049646,-0.026309311
0.07745217,0.16773719
0.2698174,0.3678406
0.53148896,0.53223497
0.81732225,0.6837371
1.2290866,0.8136968
-0.01390926,0.05782187
0.06702792,0.14126724
0.1390011,0.22184092
0.22076674,0.30037862
0.30306855,0.3665473
0.37717777,0.4221019
0.4549261,0.4794944
0.5370727,0.5348347
0.62298435,0.58706075
-1.6679173,-1.4921196
-1.5825617,-1.4071566
-1.4680538,-1.3018193
-1.3629107,-1.1863296
-1.290345,-1.0836976
-1.1988647,-0.99696755
-1.0999503,-0.92043036
-1.0126812,-0.8496096
-0.9239983,-0.78122544
-0.13918027,0.18029088
-0.05886247,0.28327096
0.0028016393,0.36169273
0.0688558,0.4328552
0.11690256,0.49403113
0.16957511,0.5504239
0.22495364,0.59729046
0.28815243,0.6498583
0.3475968,0.6979644
-1.0249609,-0.9092959
-0.96673715,-0.86869633
-0.9055068,-0.8329483
-0.8406702,-0.80219877
-0.7876178,-0.7772034
-0.7326484,-0.7495043
-0.68462145,-0.7162806
-0.63435334,-0.6837523
-0.5885376,-0.65320885
-0.5472933,-0.62338907
-0.5031036,-0.59084505
-0.4626762,-0.55668586
-0.4261931,-0.52677083
-0.3901709,-0.4946755
-0.3573262,-0.4578591
-0.10006842,-0.5193789
-0.08735241,-0.4929942
-0.0703936,-0.46558446
-0.054081738,-0.43385422
-0.032856893,-0.40345353
-0.012556304,-0.37309873
0.0074470425,-0.3489504
0.03146071,-0.3276776
0.05330499,-0.30722535
0.077636585,-0.2871175
0.1036158,-0.26813632
0.12962525,-0.25080222
0.15858203,-0.2343095
0.18204829,-0.21963924
0.20834178,-0.20668662
-0.6306483,-0.8579392
-0.5725967,-0.8082767
-0.5064024,-0.7593881
-0.44550464,-0.7089603
-0.38936782,-0.66026276
-0.32818764,-0.61175835
-0.27040783,-0.55632395
-0.21322832,-0.49235886
-0.1594229,-0.43849865
-0.101714626,-0.38971758
-0.045919556,-0.34212068
0.008709241,-0.29861906
0.06681894,-0.25131333
0.22938986,0.2128703
0.2530293,0.23625231
0.282955,0.25780654
0.3114031,0.278275
0.33852923,0.29796213
0.36780444,0.31602538
0.39775175,0.33683866
0.43021554,0.35801393
0.46249774,0.38018435
0.4925903,0.40006655
0.5243924,0.41900933
0.5567845,0.4388792
0.5879403,0.45848674
-1.1129696,-1.2768531
-1.1082386,-1.2232144
-1.0971488,-1.1741438
-1.0796702,-1.1221426
-1.0603783,-1.071578
-1.039627,-1.0248718
-1.0203532,-0.9805193
-1.000755,-0.9334679
-0.9736423,-0.88252175
-0.94550043,-0.8234122
-2.8178363,-2.819161
-2.697421,-2.7102277
-2.5110972,-2.5983586
-2.3821752,-2.4845638
-2.2706525,-2.3655548
-2.1527553,-2.2303271
-2.0373788,-2.0856118
-1.909469,-1.9449978
-1.8025649,-1.799391
-1.7023735,-1.6758318
-1.143671,-1.2355322
-1.0726967,-1.1740913
-1.0248955,-1.1132375
-0.96957767,-1.0517962
-0.90842915,-1.0011566
-0.8502045,-0.9579437
-0.7998162,-0.9101316
-0.74707747,-0.86636686
-0.6814318,-0.81642425
-0.6285179,-0.77378654
-1.0511825,-1.2355322
-1.0039053,-1.1740913
-0.9539374,-1.1132375
-0.90521014,-1.0517962
-0.8560942,-1.0011566
-0.81161565,-0.9579437
-0.7724263,-0.9101316
-0.72761786,-0.86636686
-0.6867812,-0.81642425
-0.6464781,-0.77378654
-0.21549115,-0.23987433
-0.11977583,-0.16898465
-0.026248867,-0.0935806
0.077292964,-0.025439441
0.19985877,0.042819142
0.26714453,0.10336429
0.34384716,0.17925149
0.42312786,0.24873471
0.5044644,0.31629962
0.5941649,0.3747983
-1.66917,-1.5088108
-1.5727038,-1.4307514
-1.4974616,-1.3526778
-1.3989813,-1.2889602
-1.3066077,-1.2376895
-1.2326254,-1.1822379
-1.1547842,-1.1337395
-1.0749758,-1.0867926
-0.99710655,-1.0362927
-0.92909914,-0.9782778
-2.0458717,-1.4223189
-1.9153057,-1.3504214
-1.7773983,-1.2813797
-1.6630429,-1.2149866
-1.5355523,-1.1412485
-1.4220315,-1.0734527
-1.3004235,-1.0085608
-1.1829984,-0.92643315
-1.0714253,-0.83915484
-1.8829714,-1.6844795
-1.7808481,-1.60783
-1.6913449,-1.5329144
-1.5975924,-1.4602873
-1.4908231,-1.375267
-1.372506,-1.2788146
-1.2794548,-1.2140799
-1.1823664,-1.1573646
-1.0868709,-1.102809
0.1368049,0.22184092
0.21658513,0.30037862
0.28973413,0.3665473
0.3786442,0.4221019
0.44355536,0.4794944
0.5413094,0.5348347
0.62426937,0.58706075
-0.957386,-0.98424035
-0.78382266,-0.8656925
-0.6198078,-0.73839927
-0.50377315,-0.6249945
-0.34392485,-0.5130967
-0.24450406,-0.4078271
-0.16280799,-0.32334387
-0.02942878,-0.23387551
0.106534384,-0.13526559
-1.4119408,-1.163543
-1.331426,-1.1161017
-1.2420722,-1.0714166
-1.1671313,-1.0274191
-1.1060928,-0.97604614
-2.2382247,-2.0592294
-2.1950107,-2.0093825
-2.156109,-1.9633543
-2.1199987,-1.9187479
-2.0869827,-1.8717246
-2.052047,-1.8217475
-2.0200286,-1.7758934
-2.2553258,-2.2530622
-2.2129953,-2.1713436
-2.17482,-2.1028886
-2.1407638,-2.0399966
-2.1094906,-1.9824486
-2.0737667,-1.9328098
-2.04108,-1.8855095
-1.0030109,-0.89138687
-0.94723284,-0.8527471
-0.8966042,-0.8220682
-0.84449744,-0.7836345
-0.79138887,-0.7424447
-0.7470208,-0.7059157
-0.6969055,-0.66639435
-0.64624935,-0.6136025
-0.60206676,-0.55654323
-1.2838342,-1.2531776
-1.2371413,-1.167953
-1.1842912,-1.1005216
-1.1388577,-1.0490005
-1.081221,-1.0055135
-1.2018309,-1.3781626
-1.1087984,-1.3011832
-1.0358646,-1.2264438
-0.9358929,-1.1542705
-0.85435903,-1.079493
-0.75462556,-0.98850906
-0.6669786,-0.90096
-0.5754552,-0.8211895
-0.487657,-0.7174858
-2.4844148,-2.2919495
-2.3614798,-2.1972237
-2.2665346,-2.1146119
-2.122388,-2.0381167
-2.0152345,-1.9765921
-1.8922534,-1.9095657
-1.7973111,-1.8553257
-1.6965407,-1.8100278
-1.5969415,-1.7534432
0.28259808,0.3393922
0.34562036,0.43862563
0.40281022,0.5183539
0.45555663,0.58288723
0.52865386,0.64492637
0.6379259,0.725787
0.73615265,0.80413276
0.94982576,0.9347108
-1.4372228,-1.7049818
-1.3971517,-1.6235893
-1.3479979,-1.5560658
-1.2893356,-1.5015233
-1.24052,-1.4540601
-3.8670704,-3.7527606
-3.7440467,-3.6568968
-3.6195595,-3.5599568
-3.5075717,-3.4713843
-3.4008102,-3.3895993
-3.317664,-3.303219
-3.2300587,-3.2130587
-3.1232948,-3.1179132
-3.0387266,-3.0314422
-2.1923957,-2.3716664
-2.08365,-2.2909002
-2.0267942,-2.202729
-1.8811218,-2.092075
-1.7337955,-1.976562
-1.6618173,-1.9033172
-1.6071819,-1.837466
-1.5373683,-1.7730336
-2.7606113,-2.5068536
-2.6455133,-2.4536724
-2.5794463,-2.4052405
-2.52263,-2.3584898
-2.4658952,-2.3196468
-2.4298763,-2.2859063
-2.3850822,-2.2580047
-2.7329354,-2.227087
-2.6975603,-2.1694062
-2.642429,-2.1251726
-2.608271,-2.0857582
-2.5595932,-2.0480707
-2.5186706,-2.0108957
-2.4826114,-1.9737482
-2.6572006,-2.6837025
-2.593473,-2.6290672
-2.5224175,-2.57888
-2.459224,-2.5338607
-2.4163847,-2.4924536
-2.3693714,-2.451784
-2.3272612,-2.4180346
-0.4552887,-0.73930246
-0.38739085,-0.65466464
-0.31473652,-0.5591275
-0.23448762,-0.45482022
-0.16786267,-0.348232
-0.10336972,-0.25658092
-0.038515806,-0.16504654
0.04031741,-0.08706102
0.114792414,-0.01657325
-1.4791778,-1.5773838
-1.3879956,-1.5138999
-1.2993368,-1.4443994
-1.213072,-1.366899
-1.1290781,-1.3029069
-1.0469744,-1.2422485
-0.9666806,-1.1811497
-0.8891637,-1.1178827
-0.81505233,-1.016319
-2.128092,-1.8736935
-2.0636961,-1.8081737
-1.9976401,-1.7360728
-1.9318575,-1.673178
-1.8703781,-1.6205859
-1.8425773,-1.7657309
-1.7475826,-1.7040901
-1.6185777,-1.6411414
-1.5003045,-1.5570326
-1.3905818,-1.4634976
-0.049717285,0.26693922
0.0072635124,0.2976057
0.06643441,0.3252409
0.12682323,0.3540854
0.2036991,0.38431805
0.27401945,0.4314006
0.33259866,0.49038154
0.43358332,0.5417343
0.5231796,0.58492416
-1.8976998,-1.60362
-1.8433905,-1.5302253
-1.7743546,-1.4433994
-1.74651,-1.403151
-1.7147253,-1.3629031
-1.6624167,-1.3167498
-1.6246145,-1.2931402
-1.5955521,-1.2674468
-1.5560557,-1.2461209
-1.5029346,-1.2047815
-1.4452028,-1.16833
-1.3792825,-1.1209872
-0.19493204,-0.31464905
-0.11187104,-0.18854141
-0.04539209,-0.08284822
0.02066278,-0.015478313
0.08046816,0.045939207
0.14797084,0.122430384
0.20687543,0.18946308
0.2645493,0.2542128
0.32693908,0.3186583
0.38079855,0.38521254
0.45042098,0.47706813
-2.8382382,-2.4818027
-2.6998143,-2.3818834
-2.5495715,-2.2768521
-2.4076278,-2.1741831
-2.2777612,-2.0810673
-2.1505537,-1.9940016
-2.025443,-1.9033539
-1.8967786,-1.8151877
-1.777638,-1.7270637
-1.6752536,-1.633302
-1.9891559,-1.782412
-1.8184923,-1.6804235
-1.7090747,-1.6113718
-1.5884539,-1.5323534
-1.4732829,-1.4600351
-1.3600808,-1.3802011
-1.2495024,-1.30094
-1.1462985,-1.2259943
-1.0624774,-1.1633964
-0.9416501,-1.070034
-0.82542336,-0.9597288
-2.2651575,-1.905689
-2.201449,-1.8300669
-2.1397858,-1.7538776
-2.0862794,-1.6796954
-2.0288415,-1.604104
-1.9696851,-1.5383663
-1.9104311,-1.4729884
-1.8520691,-1.3989496
-1.7923647,-1.3050753
-1.7302976,-1.2110147
-3.7882426,-3.428006
-3.7220356,-3.3886602
-3.6332712,-3.3468285
-3.5585349,-3.303098
-3.4909441,-3.2631986
-3.421667,-3.2208104
-3.3592877,-3.178437
-3.2814686,-3.1317613
-3.2183902,-3.0842407
-3.152554,-3.033682
-1.4238648,-1.272117
-1.3172567,-1.1934646
-1.2268203,-1.1179175
-1.1139717,-1.0456383
-1.0291713,-0.9795732
-0.9474802,-0.92081463
-0.8640495,-0.8650868
-0.7675695,-0.8112607
-0.6619207,-0.75599366
-0.31492087,-0.2752613
-0.2126046,-0.16545072
-0.09888185,-0.054627478
-0.0015236959,0.05514264
0.099287644,0.16187143
0.19435623,0.26542968
0.27816615,0.32782257
0.39109862,0.39960188
0.49686274,0.46632499
0.5975422,0.53338677
0.7007382,0.5937714
-1.6619482,-1.6584961
-1.6243093,-1.5999153
-1.5955172,-1.5482038
-1.5210139,-1.4970689
-1.4800193,-1.4421716
-1.4640965,-1.3918734
-1.4138128,-1.3394372
-1.0725926,-1.0258491
-0.9326348,-0.94764876
-0.8420256,-0.8627865
-0.7426124,-0.7824278
-0.6074106,-0.7062911
-0.46609303,-0.6059789
-0.36274594,-0.51754206
-0.27962738,-0.41288137
0.08436941,0.16277057
0.19613804,0.30889148
0.33238742,0.43746
0.44838673,0.5433546
0.57727534,0.64088255
0.72038746,0.73196286
0.8839551,0.8136733
1.077214,0.888357
-2.6417124,-2.364368
-2.566294,-2.2767148
-2.499565,-2.2021253
-2.3924296,-2.1289659
-2.2958844,-2.0491426
-2.1816955,-1.9597447
-2.0755515,-1.875339
-1.973526,-1.7855158
-1.8724566,-1.6872907
-1.7699097,-1.620481
-1.6765703,-1.5766389
-1.2623472,-1.3147349
-1.1266237,-1.2433813
-1.011295,-1.1696084
-0.9130812,-1.0641916
-0.80273896,-0.9269652
-0.6737991,-0.7952132
-0.57448167,-0.67960906
-0.46704558,-0.55789274
-0.34681147,-0.43617108
0.1463756,0.11680931
0.27418575,0.28368682
0.42472795,0.40847313
0.5558185,0.49657267
0.77539414,0.581134
1.0135242,0.66674715
1.3306625,0.7453361
1.7536218,0.8125399
-0.67058367,-0.42862654
-0.49111152,-0.34990907
-0.37528473,-0.2579552
-0.27648175,-0.16792288
-0.16364315,-0.095178515
-0.046481945,-0.025408328
0.033275776,0.041026413
0.11808605,0.11268288
0.17611414,0.17373699
0.2364502,0.22147477
-3.0081427,-2.5450237
-2.9509718,-2.500771
-2.8032413,-2.4601915
-2.6780725,-2.4098809
-2.5747085,-2.3373842
-2.4707654,-2.271897
-2.3992052,-2.225126
-2.3293426,-2.174054
-2.2612224,-2.125182
-1.9156553,-1.7891929
-1.7645609,-1.6827877
-1.6221787,-1.5748675
-1.5112406,-1.4691346
-1.3860035,-1.3636396
-1.2471284,-1.2387009
-1.1083281,-1.1324859
-0.9471025,-1.0217775
-0.78461707,-0.90158737
-0.6450193,-0.78664345
-1.4545047,-1.8745184
-1.3872889,-1.8104689
-1.3536409,-1.7508967
-1.2771553,-1.6922951
-1.1820031,-1.6259589
-1.0522224,-1.5548456
-0.9457938,-1.4784136
-0.87092733,-1.4135848
-0.78318334,-1.3718987
-0.7107879,-1.3294108
-0.88679934,-0.39698625
-0.80124897,-0.34624374
-0.71578294,-0.303482
-0.6545293,-0.26350564
-0.5727668,-0.2216878
-0.47331625,-0.17798811
-0.4152864,-0.1419447
-0.323835,-0.11466637
-0.26044858,-0.081546366
-0.1755839,-0.044596195
-0.04557578,0.21006685
0.0029651588,0.26615566
0.059497993,0.32693005
0.12163638,0.36827004
0.17303218,0.3929394
0.23331156,0.41660827
0.27682087,0.43832284
0.321949,0.460254
0.37448493,0.48658603
-0.23861629,-0.41093045
-0.18337004,-0.31325713
-0.117781356,-0.22926164
-0.049872354,-0.16687256
0.017220007,-0.11817229
0.081293486,-0.06792098
0.15020962,-0.00996989
0.22131972,0.04653859
0.29268587,0.11207503
0.3596401,0.18485165
-2.101135,-1.9030409
-2.0756226,-1.819792
-2.0247772,-1.7417929
-1.848203,-1.6558847
-1.7060848,-1.5674977
-1.5833237,-1.4629917
-1.5086602,-1.3443975
-1.40254,-1.2436016
-1.2198191,-1.1604149
-1.2252587,-1.2361131
-1.1795802,-1.1630185
-1.1326721,-1.0984588
-1.0321361,-1.0294365
-0.9366455,-0.97078556
-0.8689908,-0.92051
-0.82945377,-0.87218
-0.7494345,-0.8157002
-0.669866,-0.7616354
-0.5897278,-0.7066084
-0.47983786,-0.64863354
-0.31450546,0.019287527
-0.21660437,0.12866902
-0.09530372,0.21372479
0.04171621,0.2890603
0.16066465,0.37636036
0.3271474,0.4476903
0.47883615,0.51528746
0.62920934,0.58456904
0.7829395,0.6533173
-0.32462224,-0.22343615
-0.164717,-0.09047878
0.017111456,0.027216494
0.21633695,0.1651178
0.41995174,0.2964176
-1.9184763,-1.7883806
-1.8763051,-1.7155309
-1.8096807,-1.6388257
-1.728704,-1.5563536
-1.6520452,-1.4774747
-1.5754728,-1.4120116
-1.4998394,-1.3284955
-1.4350846,-1.2442026
-1.3744577,-1.152495
-1.3187131,-1.0766015
0.34112445,-0.7508696
0.35777414,-0.7362429
0.3896153,-0.71804595
0.43168038,-0.6866719
0.47986522,-0.6418742
0.52552706,-0.6054926
0.5680657,-0.5702185
0.60868645,-0.5432435
0.6485469,-0.4993785
0.68923503,-0.4531269
0.73127145,-0.4048917
-0.7090446,-0.6604691
-0.65859324,-0.6307469
-0.59963125,-0.60229987
-0.5364364,-0.5639393
-0.47488046,-0.5348932
-0.41188544,-0.4981177
-0.34799087,-0.45043567
-0.28713635,-0.40332228
-0.23088169,-0.3462387
-0.17680687,-0.29442337
-0.12087756,-0.242535
-0.07883461,-0.20142737
-0.47685388,-0.3169322
-0.404896,-0.26266354
-0.34391674,-0.22007364
-0.27717212,-0.17528069
-0.20163201,-0.13299522
-0.13697377,-0.095936894
-0.07681339,-0.057549775
-0.019111682,-0.017556071
0.03229849,0.021327853
0.08075319,0.058983684
-2.312884,-2.4244852
-2.1383774,-2.3342829
-1.9995701,-2.2558231
-1.883187,-2.1842723
-1.7843437,-2.1134248
-1.6990428,-2.0331118
-1.6174531,-1.947665
-1.5473948,-1.8663981
-1.4808688,-1.7698371
-0.047586653,0.21006685
0.002168491,0.26615566
0.05817313,0.32693005
0.11663872,0.36827004
0.16890466,0.3929394
0.22811458,0.41660827
0.26923087,0.43832284
0.33173773,0.460254
0.3797381,0.48658603
-3.0859663,-3.0691714
-3.0077543,-2.9639335
-2.8926878,-2.8815687
-2.789298,-2.8084698
-2.7233818,-2.7363696
-2.6457279,-2.6626964
-2.579398,-2.580128
-2.5117269,-2.511052
-2.4151106,-2.4517407
-1.3592556,-1.1308844
-1.2901392,-1.0268354
-1.2197032,-0.94394433
-1.1533815,-0.86403006
-1.0874197,-0.78409874
-1.0220065,-0.7339426
-0.956857,-0.69623446
-0.89496076,-0.6652864
-0.83461046,-0.63230336
-1.2687943,-1.0220609
-1.0994155,-0.93923223
-0.96259415,-0.852606
-0.8006918,-0.7385058
-0.6425318,-0.57277864
-0.5013383,-0.35127515
-0.3380827,-0.1523169
-0.19562688,0.03378874
-3.9314473,-3.8886616
-3.7973073,-3.8064075
-3.6904726,-3.725518
-3.59671,-3.6510208
-3.511453,-3.5833046
-3.4365041,-3.5192795
-3.3654916,-3.4542239
-3.302348,-3.3918662
-3.2411416,-3.3300428
-1.6033739,-1.6802361
-1.5418025,-1.5967472
-1.4695845,-1.5228136
-1.4036765,-1.456921
-1.328678,-1.3786421
-1.2544217,-1.3074684
-1.1726682,-1.2482138
-1.0972749,-1.1860389
-1.0166624,-1.1102345
-0.942509,-1.0415965
-1.1660907,-1.1577606
-1.0624679,-1.0479759
-0.95866716,-0.94650126
-0.85744876,-0.8383301
-0.7619778,-0.74813545
-0.662082,-0.67664766
-0.56691325,-0.6003981
-0.4758955,-0.5235683
-1.0977198,-0.944757
-1.008285,-0.8724899
-0.90597606,-0.8060258
-0.8024008,-0.73916376
-0.699622,-0.67382157
-0.5907805,-0.61784416
-0.4829722,-0.5719618
-0.37689453,-0.5243029
-0.26713994,-0.46909758
-1.4384149,-1.7950184
-1.1910672,-1.5981293
-0.99104667,-1.4185072
-0.85969007,-1.2153983
-0.7507,-0.9865639
-2.7657735,-2.738283
-2.6614192,-2.6137989
-2.5945804,-2.4986856
-2.4970243,-2.3714614
-2.4046783,-2.2573738
-0.7125031,-1.1852313
-0.67282295,-1.0978539
-0.6075325,-0.98696756
-0.5563084,-0.85748464
-0.49788275,-0.7284337
-0.44788,-0.6364879
-0.39685902,-0.5602102
-0.3389445,-0.47350398
-0.2674966,-0.36933273
-0.19678976,-0.25575238
0.23076473,0.32812345
0.3023789,0.37046695
0.3659367,0.38902903
0.42323974,0.43963712
0.45853606,0.48944455
0.4863448,0.5092893
0.51358336,0.53097206
0.5428439,0.5566476
0.5745723,0.59195083
0.60551685,0.6169618
0.6356107,0.6429977
0.6658988,0.67279965
0.6966218,0.70973533
0.7256172,0.7343152
0.75278485,0.7543412
0.7787601,0.7721669
0.0011305719,-0.08626953
0.12551244,-0.017612517
0.22844423,0.04230684
0.3052747,0.10275811
0.37876138,0.15810084
0.49188003,0.20990074
0.58183885,0.25979882
0.67312044,0.30467898
0.7499969,0.34982425
-2.2356093,-1.9625311
-2.1017094,-1.8706369
-1.9806709,-1.792242
-1.845611,-1.7249963
-1.7231137,-1.6618648
-1.5877001,-1.5959518
-1.4656539,-1.5400634
-1.3429098,-1.4894462
-1.2091767,-1.4384673
-1.6082971,-1.4678768
-1.2959588,-1.3087742
-1.1871756,-1.1642559
-1.0834856,-1.034548
-0.9199867,-0.90466464
-0.78693616,-0.80993867
-0.640715,-0.71634483
-0.474693,-0.62230086
-1.6005586,-1.5498648
-1.5406746,-1.4629309
-1.4612947,-1.3778048
-1.3937842,-1.2904694
-1.321574,-1.2017119
-1.2594123,-1.1181915
-1.2002804,-1.0277067
-1.1349211,-0.9323636
-1.0714207,-0.8314655
-1.9113747,-1.8955743
-1.8618153,-1.8362937
-1.7051283,-1.776036
-1.5828217,-1.704633
-1.4476534,-1.6386089
-1.3069773,-1.5786479
-1.2049357,-1.5187917
-1.095714,-1.4629387
-0.991259,-1.4089012
-3.0056243,-2.6566083
-2.8550801,-2.574395
-2.7095711,-2.489801
-2.5685716,-2.402165
-2.4267256,-2.3150997
-2.3235097,-2.2323852
-2.203401,-2.1520777
-2.0554438,-2.065616
-1.9165223,-1.9661727
-0.6596664,-0.5235627
-0.49805477,-0.37042207
-0.31430954,-0.25656706
-0.18943074,-0.145266
-0.05178523,-0.013939321
0.15397324,0.16038126
0.32272783,0.32466525
-3.0535877,-3.020479
-2.9445155,-2.9576306
-2.8406684,-2.8993967
-2.7576513,-2.8385365
-2.5955946,-2.7125285
-2.5975525,-2.5689073
-2.4117086,-2.3923502
-2.2724302,-2.219088
-2.0913076,-2.0576284
-1.9454329,-1.9043493
-0.6274041,-1.0629951
-0.5845093,-0.9779274
-0.5395596,-0.8971605
-0.49396473,-0.81725097
-0.4518344,-0.7418628
-0.41035256,-0.6699545
-0.37069482,-0.6032655
-0.32892832,-0.5305565
-0.5755801,-0.8396159
-0.50916976,-0.7625818
-0.44947112,-0.65597594
-0.3895088,-0.51204216
-0.32834885,-0.39602837
-0.26295722,-0.31867975
-0.19207394,-0.24641666
-0.12024087,-0.18271089
-0.050162047,-0.121112555
-2.686835,-2.9037757
-2.6110003,-2.818157
-2.5783026,-2.7309816
-2.509523,-2.6436827
-2.4422624,-2.5575805
-2.3188195,-2.46939
-2.1590805,-2.373971
-2.0068052,-2.27712
-1.8420724,-2.184609
0.1185767,-0.07313126
0.20412035,0.008624375
0.29607838,0.08682197
0.36639598,0.15381962
0.4508919,0.22320789
0.5247309,0.29167408
0.5840451,0.3607127
0.667908,0.43720275
0.7639722,0.5282119
-1.5524435,-1.6123402
-1.4538159,-1.5234048
-1.3652573,-1.4253969
-1.266486,-1.3100326
-1.1681979,-1.1946698
-1.0696796,-1.0629668
-0.9659716,-0.91578364
-0.86125636,-0.7927252
-0.7538469,-0.7079538
-0.8815187,-0.7680239
-0.7941354,-0.70542365
-0.7073979,-0.63594663
-0.62686247,-0.5692856
-0.5475309,-0.49413756
-0.472574,-0.42129183
-0.39988023,-0.35070673
-0.3257647,-0.286568
-0.2524001,-0.21080616
-1.8620565,-1.3721695
-1.8211167,-1.3177619
-1.7753536,-1.2701604
-1.7338358,-1.2273681
-1.694161,-1.1811476
-1.6553351,-1.1303036
-1.6172575,-1.0817244
-1.5793806,-1.0315791
-1.5438714,-0.97767687
-1.4084839,-1.3055148
-1.3155875,-1.2107615
-1.2019491,-1.1217246
-1.0946823,-1.039336
-0.9732515,-0.96429014
-0.84815973,-0.87584406
-0.7163688,-0.7622279
-0.6120097,-0.65007734
-0.49160495,-0.5324141
-0.3737014,-0.41084957
-0.2632582,-0.28171453
-0.15515669,-0.1426475
-3.6635377,-3.3193746
-3.614233,-3.2303977
-3.4864182,-3.136257
-3.4170322,-3.0540223
-3.2836747,-2.97908
-3.2136114,-2.902965
-3.0724132,-2.8332965
-3.005206,-2.7693434
-2.8963132,-2.7047045
-2.8400593,-2.6345053
-1.6107702,-1.6418798
-1.498566,-1.5773838
-1.3901225,-1.5138999
-1.3053185,-1.4443994
-1.2326182,-1.366899
-1.1371404,-1.3029069
-1.0529232,-1.2422485
-0.9760585,-1.1811497
-0.8858519,-1.1178827
-2.2752175,-1.8424819
-2.1539738,-1.7354596
-2.031367,-1.6444862
-1.9222383,-1.5506308
-1.8137648,-1.4527876
-1.7081658,-1.3438752
-1.61003,-1.2521992
-1.5107484,-1.1641455
-1.4159855,-1.0833871
0.42197326,0.35504073
0.45119908,0.398283
0.4895467,0.43985444
0.51768,0.50009114
0.55391455,0.5449725
0.58001375,0.5797227
0.6073,0.6069626
0.6409557,0.62964576
0.66867685,0.6511381
0.69974166,0.6732282
0.72921157,0.7010196
0.76095974,0.7318354
-4.3645,-4.093013
-3.6695733,-3.85821
-3.2304928,-3.651998
-2.8355129,-3.4333646
-2.4293945,-3.1947787
-1.4197011,-1.2223146
-1.2993466,-1.1254351
-1.210412,-1.0529671
-1.0929197,-0.96187556
-1.0393734,-0.889883
-0.94119537,-0.80479056
-0.8701669,-0.74040806
-0.77349156,-0.66311145
-0.70478743,-0.6032655
-0.623562,-0.5305565
-0.5437544,-0.45545915
-2.2788458,-1.7036893
-2.084809,-1.6127398
-1.9166452,-1.5219548
-1.753226,-1.4384073
-1.6116235,-1.3624434
-1.4699523,-1.2934755
-1.3329499,-1.2185209
-1.2099776,-1.1376388
-1.0902574,-1.0641727
-3.0145338,-2.8442018
-2.957839,-2.7872226
-2.8975327,-2.7373846
-2.8175247,-2.6907752
-2.7375333,-2.6425173
-2.6578996,-2.5786684
-2.5647948,-2.5102081
-2.4718988,-2.4339764
-2.363046,-2.3628194
-2.955523,-3.4097586
-2.916131,-3.3193746
-2.880383,-3.2303977
-2.8154776,-3.136257
-2.7331908,-3.0540223
-2.6646335,-2.97908
-2.5875158,-2.902965
-2.52263,-2.8332965
-2.4403713,-2.7693434
-2.3718626,-2.7047045
-2.285796,-2.6345053
-2.2072153,-2.5626836
-2.2791193,-2.3704686
-2.2301376,-2.3126836
-2.1554122,-2.2658796
-2.0801177,-2.2179341
-2.0020356,-2.1681874
-1.9232028,-2.1237502
-1.853399,-2.0789263
-1.7943857,-2.032311
-1.7253536,-1.9825435
-2.3819892,-1.8324108
-2.2609508,-1.7736654
-2.2089112,-1.7244639
-2.1188085,-1.679676
-2.0905952,-1.6359625
-1.9666151,-1.5967374
-1.9095069,-1.5597396
-1.8544894,-1.5231625
-1.8136306,-1.4886413
-1.8722552,-1.5037553
-1.787549,-1.4224375
-1.7225821,-1.3600729
-1.6266767,-1.3103604
-1.5481123,-1.2561092
-1.4757186,-1.2029455
-1.3884642,-1.1418833
-1.3187314,-1.0846698
-1.2352357,-1.034071
-1.1662905,-0.97841024
-0.59079117,-0.33908585
-0.49726117,-0.24930933
-0.40716758,-0.1672275
-0.30726817,-0.0901359
-0.2067886,-0.0037890077
-0.11470448,0.08989447
-0.010582787,0.17899221
-1.1363201,-0.96669686
-1.0627394,-0.8092091
-0.98496234,-0.7046471
-0.8991522,-0.5657048
-0.7828052,-0.44841385
-0.57651097,-0.27058175
-0.35124466,-0.06487632
-0.19740883,0.10912627
-0.01575508,0.2675832
0.19173631,0.42046303
0.3851796,0.5253864
0.5654358,0.61014384
0.7318403,0.7016397
1.0153968,0.7924424
1.2700315,0.8492753
-3.7006946,-3.5968454
-3.5863404,-3.532039
-3.4661963,-3.4572675
-3.36965,-3.3724914
-3.2732253,-3.290045
-3.184813,-3.2112257
-3.0889227,-3.1285074
-3.0016494,-3.0265536
-2.9312422,-2.9071357
-2.1073534,-1.8632987
-1.9593992,-1.7921367
-1.8165171,-1.7341781
-1.6784009,-1.6744056
-1.5285602,-1.62429
-1.4155555,-1.5688916
-1.2903407,-1.5125413
-1.1902075,-1.4550111
-1.1072739,-1.395303
-0.41845432,-0.42222774
-0.40418425,-0.33515888
-0.39313048,-0.26569396
-0.37779242,-0.19850245
-0.36327234,-0.13880515
-3.5763133,-2.9318454
-3.4988701,-2.8903592
-3.4299972,-2.845751
-3.344579,-2.8020601
-3.2644057,-2.762025
-3.1706116,-2.7169013
-3.0714545,-2.669617
-2.9743886,-2.6229553
-2.8601508,-2.5715005
-2.7394786,-2.5165498
-0.49648675,-0.2931754
-0.4320048,-0.17993495
-0.3187045,-0.074962735
-0.21492319,0.036133885
-0.10886303,0.15981776
0.015030531,0.2858988
0.1077128,0.42374146
0.3281977,0.575919
0.501386,0.7289867
0.7810642,0.83642536
1.046177,0.9254765
-1.7293847,-1.2105848
-1.6153144,-1.1660299
-1.4694513,-1.1297591
-1.4162575,-1.1138172
-1.3383055,-1.085468
-1.2749127,-1.0548968
-1.1748139,-1.0197008
-1.1051549,-0.97708684
-1.0365096,-0.9359898
-0.9680583,-0.8897928
-1.5564384,-1.3513372
-1.4792011,-1.2587328
-1.3898047,-1.1756122
-1.2968504,-1.0898386
-1.2053562,-1.0082572
-1.1175276,-0.9328417
-1.0145382,-0.85932285
-0.9237133,-0.79391086
-0.83897567,-0.7260472
-0.7415046,-0.64406425
-1.7053554,-1.3134773
-1.5822854,-1.2418597
-1.4728466,-1.175864
-1.3638234,-1.1121252
-1.2684295,-1.0509002
-1.1837597,-0.98375905
-1.0617007,-0.9312868
-2.7588735,-2.3272467
-2.5531166,-2.2273576
-2.4044096,-2.1379771
-2.286738,-2.0615387
-2.1608505,-1.9462497
-2.0392892,-1.8378923
-1.9431722,-1.758477
-1.8472055,-1.6976993
-1.7275796,-1.6347415
-1.6028068,-1.5776861
-1.4898856,-1.5175083
-1.3900774,-1.4592404
-1.4113032,-1.003001
-1.2616938,-0.87926936
-1.1127189,-0.7480111
-0.9635161,-0.6238681
-0.804594,-0.5179136
-0.65733176,-0.4222336
-0.52276564,-0.3549022
-0.38270202,-0.2961464
-0.23607361,-0.24297166
-0.111963585,-0.18688783
0.13368537,0.12154645
0.16188642,0.14795595
0.23535867,0.19904679
0.30351752,0.24872226
0.3753327,0.29598713
0.43519184,0.32333076
0.49403077,0.35177988
0.55184305,0.36799592
0.6411642,0.40245456
0.7189999,0.42499202
0.7988131,0.44075114
0.9087749,0.46046215
0.9788674,0.47409993
1.0649933,0.49267823
1.1362814,0.506051
1.2299385,0.52473336
1.3065906,0.5350422
-2.5371351,-2.5339055
-2.4519088,-2.4472275
-2.331746,-2.365056
-2.241219,-2.2795875
-2.1421895,-2.1911254
-1.9824915,-2.0872145
0.9644798,0.7329517
-1.7427641,-2.0316384
-1.682067,-1.8842134
-1.5895493,-1.737432
-1.525925,-1.5927818
-1.4389678,-1.4659371
-1.3544736,-1.3573835
-1.2727915,-1.2464423
-1.646701,-0.9494272
-1.4476322,-0.8616201
-1.3455105,-0.7666563
-1.145913,-0.66861576
-0.9876544,-0.55288225
-0.8051158,-0.45106262
-0.5760506,-0.35884494
-0.8779764,-0.16893539
-0.7710647,-0.12716904
-0.6861679,-0.076081455
-0.6510935,-0.02790004
-0.5560393,0.022693336
-0.5039989,0.073361576
-0.4136814,0.12144405
-0.0376696,-0.4194827
-0.0065465434,-0.355242
0.024929695,-0.29391128
0.05242668,-0.24728408
0.088106275,-0.20146397
0.11314117,-0.169238
0.13664642,-0.12764078
0.16589648,-0.076563
0.1936235,-0.028383136
0.22265092,0.022169232
-0.6257224,-0.5947496
-0.4672337,-0.5087039
-0.3406442,-0.4456116
-0.21884933,-0.37513593
-0.09484342,-0.25484616
0.018358385,-0.13132438
0.13521312,-0.0066236854
0.24858135,0.110036194
0.3623669,0.2133534
0.4694451,0.30737776
-0.99528813,-0.7930893
-0.84163636,-0.7159182
-0.7130079,-0.6436071
-0.5980852,-0.5805431
-0.47696173,-0.52205485
-0.3577373,-0.45089212
-0.24222392,-0.3616559
-0.12096781,-0.26380926
-1.1535856,-1.0140266
-1.0145947,-0.8396033
-0.84661084,-0.7641221
-0.67569506,-0.70375484
-0.5038369,-0.56968236
-3.3937242,-3.3569126
-3.3926096,-3.309701
-3.389544,-3.262132
-3.38657,-3.2134888
-3.3816922,-3.1588619
-3.376988,-3.104757
-3.3686464,-3.049566
-3.3553271,-2.9945436
-0.7863102,-0.89407283
-0.7469529,-0.84893346
-0.7034538,-0.8030999
-0.66181046,-0.75959426
-0.62363255,-0.71371156
-0.58341056,-0.66520566
-0.54165554,-0.62017107
-0.5037232,-0.5777416
-0.46050674,-0.5297443
-0.41791657,-0.47568345
-0.3828161,-0.41902882
-0.3452394,-0.36590418
-0.31043768,-0.31896666
-0.2708745,-0.27507266
-0.2345228,-0.23223716
-0.19686146,-0.19293594
-0.16004287,-0.158808
-0.718069,-0.18726483
-0.6697876,-0.16896093
-0.6258071,-0.14410788
-0.58971024,-0.12025225
-0.5519334,-0.09542322
-0.5187498,-0.0674355
-0.485987,-0.036283076
-0.46052903,-0.0027477145
-0.43177992,0.03191656
-0.40488175,0.05984819
-0.3758304,0.08393532
-0.34454978,0.1095317
-0.3170489,0.13474411
-0.28602844,0.15832615
-0.24989717,0.18180603
-2.0554478,-2.247193
-2.0222309,-2.1849062
-1.9942025,-2.1271794
-1.9566619,-2.0640597
-1.9299579,-1.9974232
-1.8950187,-1.9331737
-1.8479221,-1.8695016
0.2513357,-0.09926784
0.34144434,-0.0124697685
0.45559987,0.07500547
0.54383934,0.16731608
0.6274802,0.24074781
0.72017413,0.30951542
0.81090057,0.3742087
0.9007884,0.43270165
1.0134424,0.48431402
-1.5930382,-1.2773222
-1.5256895,-1.206915
-1.4260188,-1.120877
-1.3261962,-1.0425818
-1.2084035,-0.9697436
-1.0757971,-0.8947894
-0.95060533,-0.8192142
-0.8170198,-0.7486905
-1.9097646,-1.6964831
-1.8440009,-1.6072443
-1.7989128,-1.5184216
-1.7128092,-1.4273646
-1.6422902,-1.3430212
-0.27874845,0.4030282
-0.15043879,0.5017386
-0.020389976,0.58608586
0.0989374,0.6601965
0.21974792,0.729767
0.3346502,0.7772861
0.44717702,0.8233674
0.55388373,0.8773982
0.66267973,0.9331005
0.05736088,-0.29883757
0.08600326,-0.27505603
0.119956635,-0.25169483
0.14842807,-0.22539064
0.19007798,-0.19441831
0.21510732,-0.16349149
0.24962828,-0.1212863
0.27880886,-0.07033515
0.31320733,-0.016734958
0.3394052,0.031039298
0.37770513,0.07164115
0.40598643,0.10797489
0.43559128,0.14284354
0.4575486,0.17365265
0.4882224,0.20618218
-3.5916173,-3.0507917
-3.5264647,-2.9901896
-3.4612613,-2.932584
-3.4021823,-2.882538
-3.3461256,-2.8295743
-3.2947307,-2.7738302
-3.2397919,-2.7185657
-3.1885855,-2.6613486
-3.1316047,-2.6064656
0.14718674,0.22818166
0.23193139,0.31684542
0.3283736,0.38650835
0.41473144,0.4496854
0.5010853,0.4974317
0.5938392,0.5453754
0.67685753,0.5936852
0.7751859,0.63878495
0.86157435,0.68671495
0.95442545,0.7349958
-1.6000657,-1.6981595
-1.5276711,-1.6076367
-1.4336727,-1.5252619
-1.3482481,-1.4606876
-1.2825105,-1.4118907
-1.1471882,-1.3628154
-1.0722674,-1.3150995
-0.97040004,-1.261613
-0.903822,-1.1974709
-0.8662308,-0.7159182
-0.76002765,-0.6436071
-0.63009953,-0.5805431
-0.49914977,-0.52205485
-0.3799827,-0.45089212
-0.267363,-0.3616559
-0.14617088,-0.26380926
-2.215567,-1.8059955
-2.1818724,-1.7176073
-2.148845,-1.6253114
-2.0600305,-1.5361261
-1.9727529,-1.4611828
-1.8987615,-1.3776896
-1.8368088,-1.294224
-1.772953,-1.2160125
-1.6992025,-1.1380525
-2.0505588,-1.8350649
-1.9339678,-1.7728038
-1.818944,-1.7131476
-1.7503277,-1.6745424
-1.6868118,-1.6380641
-1.6102599,-1.5956986
-1.56393,-1.5553812
-1.5032204,-1.502126
-1.4521104,-1.4578099
-1.3855064,-1.3895283
-1.3079753,-1.2950964
-1.2163802,-1.1810248
-1.131377,-1.0983214
-1.7121427,-1.8733277
-1.6222398,-1.80689
-1.543514,-1.7392659
-1.4650549,-1.6786351
-1.3888915,-1.6082819
-1.314586,-1.5222497
-1.2476428,-1.4419146
-1.1785282,-1.3707051
-1.1006335,-1.3105953
-3.251323,-2.816138
-3.1442554,-2.756079
-3.0938404,-2.688807
-3.025516,-2.6180053
-2.935623,-2.5466712
-2.8465064,-2.4753022
-2.7759616,-2.4017262
-2.6814532,-2.3252435
-2.586885,-2.2512503
-2.4989777,-2.16971
-2.813505,-2.5787015
-2.6966689,-2.4912148
-2.5637102,-2.404411
-2.4616687,-2.325763
-2.365092,-2.25059
-2.254872,-2.1751935
-2.1019945,-2.103364
-1.9818709,-2.0257192
-2.0388823,-2.8787487
-1.958684,-2.7780397
-1.9047647,-2.669871
-1.8557237,-2.5592265
-1.802703,-2.4585395
-1.7386032,-2.375723
0.79065907,0.072063744
0.8609675,0.19453675
0.93703187,0.291717
1.0113784,0.37857968
1.084885,0.46312314
1.1594632,0.5432268
1.2371017,0.61750156
1.3253164,0.6887253
0.101557985,0.01287365
0.22895105,0.15362865
0.36444205,0.28223926
0.48055896,0.3917753
0.6130134,0.486345
0.75014794,0.5862327
0.89270324,0.67418987
1.0712745,0.7648311
-2.7250109,-2.0929756
-2.4925542,-2.0170338
-2.3886492,-1.9406846
-2.1518679,-1.8729141
-2.0750096,-1.8137403
-1.9574095,-1.7589369
-1.8576933,-1.7016048
-1.7168112,-1.6392844
-1.6227585,-1.5653629
-4.312478,-4.0475636
-4.1810994,-3.9803386
-4.0067263,-3.905803
-3.8204346,-3.8318245
-3.6631312,-3.7556703
-3.523698,-3.6632097
-3.3470092,-3.5658991
-3.1947038,-3.4617507
-3.0402195,-3.3563864
0.39945167,-0.11965227
0.4236907,-0.0340783
0.4532838,0.062027752
0.48184362,0.15571415
0.510552,0.24341023
0.5413475,0.33308893
-2.673405,-2.4167047
-2.6032338,-2.366138
-2.532143,-2.3129354
-2.4694698,-2.257773
-2.4048855,-2.2090473
-2.3297865,-2.1653318
-0.41257492,-0.70086676
-0.38079345,-0.6342285
-0.33778223,-0.5599782
-0.30013752,-0.47361958
-0.2611141,-0.4065831
-0.22592965,-0.34934253
-0.18494329,-0.3009149
-0.14647792,-0.25508684
-0.11028033,-0.20512778
-0.071514204,-0.15601718
-0.03366088,-0.11403006
0.004094012,-0.07830727
0.04283358,-0.043619215
0.08034729,-0.01029098
0.1209223,0.02295643
0.16160466,0.056231916
0.20352398,0.08700329
-1.3785782,-1.5113804
-1.3491008,-1.4406475
-1.3184761,-1.3764253
-1.2808578,-1.3165731
-1.2467378,-1.262223
-1.2103183,-1.2070804
-1.1760092,-1.15018
-1.1305287,-1.0873489
-1.2612604,-1.806387
-1.1699106,-1.6888261
-1.0817641,-1.5660222
-0.99677396,-1.4621879
-0.9145492,-1.3693347
-0.8351109,-1.2815158
-0.75819767,-1.187885
-0.68368316,-1.0900781
-0.61187917,-1.0038835
-5.6320596,-3.47736
-5.4476476,-3.3614697
-5.312752,-3.2422855
-5.184673,-3.1163733
-5.0602813,-2.9985201
-4.9012523,-2.8977911
-4.788315,-2.7951925
-4.7036967,-2.7050474
-4.570007,-2.621527
-0.49672663,-0.5500029
-0.4165006,-0.47982377
-0.34678298,-0.38874108
-0.26675004,-0.28550988
-0.19191901,-0.18092358
-0.12713827,-0.07021436
-0.04886099,0.019085228
0.04118724,0.10594028
0.14575791,0.18701911
0.16773376,-0.5543932
0.23824428,-0.46884456
0.32643825,-0.38197398
0.41842088,-0.28690478
0.5174714,-0.18695584
0.6087712,-0.080158025
0.705811,0.021827519
0.7950002,0.12740743
0.88189954,0.22679502
-0.07936959,-0.24456835
-0.018569248,-0.19210175
0.040061187,-0.1501404
0.110387184,-0.10938886
0.17078705,-0.05700606
0.23074037,0.006553471
0.28447163,0.06669688
0.34551486,0.1344127
0.40815917,0.17612797
0.4858812,0.24530715
0.5520028,0.30950677
-0.40041056,-0.056537867
-0.34729463,0.0028606057
-0.28894585,0.084056854
-0.23006555,0.16423577
-0.17088597,0.25343502
-0.106984295,0.34217805
-0.042814326,0.41163868
0.021506155,0.4861315
0.0936682,0.55010384
0.16937684,0.60612637
-0.48616916,-0.7902229
-0.40186518,-0.69544935
-0.35780698,-0.60466665
-0.29734126,-0.5262782
-0.23583446,-0.4497924
-0.17919567,-0.37454486
-0.12456171,-0.30607325
-0.066288784,-0.22588706
-0.009933453,-0.14181215
0.056150004,-0.058758557
-1.3785709,-1.7842898
-1.2825105,-1.6924894
-1.1893077,-1.5750511
-1.0958737,-1.4558449
-1.0073353,-1.3522995
-0.9191312,-1.2526941
-0.8320245,-1.1498876
-0.74770457,-1.0656698
-0.66441774,-0.9930227
-2.4804823,-1.7056832
-2.4256315,-1.6216717
-2.3485878,-1.5464338
-2.3029106,-1.5051789
-2.1898324,-1.4015131
-2.1605945,-1.3813974
-2.127604,-1.3535633
-2.082403,-1.3188621
-2.0244648,-1.2886089
-1.9365911,-1.2136557
-1.9108975,-1.1898776
-1.8104141,-1.1103555
-4.919188,-4.404085
-4.720443,-4.3433537
-4.5525475,-4.279787
-4.4255,-4.225037
-4.3047366,-4.173796
-4.1795497,-4.1173487
-4.0416493,-4.0561266
-3.9433906,-3.9926252
-3.823855,-3.928349
-0.20874143,-0.7294285
-0.15049706,-0.6289447
-0.105096355,-0.5403927
-0.043735847,-0.45775533
0.0054667597,-0.37913388
0.060093228,-0.28474396
0.12492437,-0.18899989
0.19509535,-0.12264556
0.25271356,-0.05537784
0.34894598,0.031508505
-1.1585606,-0.6307047
-1.1225771,-0.52094877
-1.0585393,-0.4142297
-0.9926006,-0.31332922
-0.9233155,-0.21867552
-0.84921885,-0.11857426
-0.77512324,-0.029998124
-0.70893997,0.057601035
-0.641183,0.1462242
-0.49837673,-0.42220137
-0.41144744,-0.3102617
-0.27381554,-0.22107127
-0.19221792,-0.13165224
-0.10043146,-0.045962393
-0.013519551,0.032638848
0.082573354,0.10690445
0.16832024,0.19407523
-1.1534668,-1.0140266
-1.0148506,-0.8396033
-0.846842,-0.7641221
-0.67573404,-0.70375484
-0.5037061,-0.56968236
-2.2110543,-2.4801183
-2.1282516,-2.373708
-2.049246,-2.2668307
-1.9938244,-2.163852
-1.9431812,-2.066176
-1.9023304,-1.9815619
-1.8395418,-1.8942006
-1.7948765,-1.8079975
-1.7643309,-1.7189631
-0.42455754,-0.8371717
-0.33711687,-0.74408406
-0.25136578,-0.66783595
-0.17173485,-0.59558237
-0.074725,-0.520324
0.0018753234,-0.4649573
0.07433453,-0.41814104
0.14422251,-0.37679306
0.2268378,-0.33601454
0.29790273,-0.29880816
0.37615836,-0.25128204
-0.49975386,-0.4652313
-0.3699422,-0.37052834
-0.27863657,-0.2673126
-0.17611746,-0.17143548
-0.0854927,-0.09963912
0.022696426,-0.033796012
0.12562153,0.023102641
0.21754768,0.0825901
0.3135762,0.14599776
0.39937645,0.20618814
-2.3865047,-1.9316337
-2.3210752,-1.8532612
-2.2254047,-1.7795634
-2.1516047,-1.7125554
-2.0619748,-1.6485329
-1.9918592,-1.5848703
-1.9220437,-1.51804
-1.8465735,-1.4530704
-1.7843093,-1.3850594
-1.7240536,-1.3102257
-0.32680178,-1.0865893
-0.20629515,-1.0340562
-0.18491162,-0.98635423
-0.09689136,-0.9426888
-0.07362976,-0.8972649
0.02653291,-0.8462994
0.03748016,-0.7975715
0.044334576,-0.039576232
0.19110781,0.096663535
0.35270694,0.24824256
0.52738225,0.41611594
0.7426646,0.5916986
0.95338804,0.7329517
1.156634,0.8509987
1.431223,0.93726426
-2.6427648,-2.7362123
-2.5706868,-2.7009852
-2.4935398,-2.6659355
-2.4337528,-2.6253254
-2.3679194,-2.5786934
-2.3072712,-2.5296125
-2.2167597,-2.4673753
-2.132261,-2.4033158
-2.0633197,-2.325829
-0.0035457967,0.25125867
0.17002115,0.41294843
0.3482901,0.5767676
0.5589034,0.71474904
0.7403396,0.8341295
0.95093,0.92742974
1.2111409,1.0136645
1.5119644,1.0989311
-2.6493711,-2.642152
-2.6096356,-2.589203
-2.576892,-2.5351965
-2.5411296,-2.4792287
-2.5085385,-2.4067965
-2.4762495,-2.3375218
-2.4443824,-2.2812119
-2.4237058,-2.2351859
-2.4020488,-2.1937966
-0.21922208,-0.09653786
-0.14467564,-0.004486084
-0.06931408,0.07617867
0.015362239,0.14904428
0.10378245,0.22006726
0.1805525,0.28316063
0.28612274,0.33826035
0.3573405,0.3923226
0.45359808,0.4533437
-1.7281904,-1.3341291
-1.5640476,-1.2770945
-1.441926,-1.2172711
-1.322685,-1.1567733
-1.2374128,-1.0989895
-1.14927,-1.04443
-1.0615838,-0.9973334
-0.97161806,-0.9436706
-0.88428694,-0.88993454
-0.7957925,-0.8415444
-0.17643231,-0.20049265
0.02443372,-0.10995647
0.1301779,-0.006973326
0.23273198,0.08823192
0.3671862,0.19539547
0.48119146,0.31195527
0.58280593,0.41055888
0.67671615,0.49735004
-3.934255,-3.484423
-3.8048604,-3.4146788
-3.6804671,-3.343095
-3.5609353,-3.2699735
-3.445995,-3.1945007
-3.330041,-3.1078444
-3.2243693,-3.0140357
-3.1188526,-2.9236996
-3.016236,-2.8366835
-2.9161313,-2.7493706
-2.2867644,-2.2261486
-2.0632887,-2.0787556
-1.8541394,-1.893213
-1.6309018,-1.6407332
-1.51704,-1.4755661
-1.1965823,-1.3151855
-1.2399294,-0.67367995
-1.0384583,-0.5753494
-0.8104819,-0.4788708
-0.6170859,-0.38064295
-0.41190463,-0.29203552
-0.0048859236,-0.11217314
0.19243148,-0.0084917545
-1.7650138,-0.937513
-1.650438,-0.8512062
-1.556101,-0.7749633
-1.4637564,-0.71013737
-1.3829653,-0.6508561
-1.3069352,-0.59659976
-1.2350736,-0.54956365
-1.1727667,-0.5012837
-1.1113646,-0.448103
0.48616242,0.091338575
0.50470567,0.18296409
0.5321112,0.26331276
0.56326264,0.32815254
0.58800924,0.38587427
0.6071449,0.43508607
0.6310713,0.47826093
0.6567166,0.51484495
0.6836347,0.54844314
-1.7937285,-1.9872661
-1.7448053,-1.8819051
-1.7001728,-1.773463
-1.6568393,-1.6528502
-1.6145855,-1.5285014
-1.5719752,-1.412591
-1.5278528,-1.3011346
-1.4774979,-1.200886
-1.427982,-1.105243
-1.8774358,-1.6981595
-1.781542,-1.6076367
-1.6936026,-1.5252619
-1.5932547,-1.4606876
-1.5064229,-1.4118907
-1.425502,-1.3628154
-1.355242,-1.3150995
-1.2787896,-1.261613
-1.2037457,-1.1974709
-0.8346534,-1.3092086
-0.71361333,-1.2601233
-0.5993104,-1.2102313
-0.49258924,-1.1598573
-0.39499518,-1.1071336
-0.30225927,-1.0475307
-0.22025506,-0.96816856
-0.13887848,-0.8815688
-0.06233954,-0.79099625
0.01866435,-0.69727683
-3.6354175,-2.7136185
-3.1750162,-2.5970867
-2.8614917,-2.530504
-2.7111988,-2.4700344
-2.5389433,-2.3749492
-1.3277069,-1.6830838
-1.2148709,-1.5718176
-1.1034167,-1.4661374
-0.98928815,-1.358742
-0.951372,-1.2579527
-0.7666892,-1.163794
-0.63460153,-1.0588084
-0.52529395,-0.95405364
-0.38668755,-0.8435167
-0.9721672,-0.6792855
-0.9053099,-0.5846959
-0.8418255,-0.49395984
-0.7711361,-0.42570373
-0.6976341,-0.36289835
-0.62051445,-0.31428295
-0.55251235,-0.26396057
-0.50252086,-0.21535233
-0.43859807,-0.17123869
-3.2215247,-1.3483195
-3.0019624,-1.2435606
-2.758886,-1.1507914
-2.536016,-1.0696807
-2.303061,-0.9868949
-2.0893052,-0.9098038
-1.8894192,-0.8456906
-1.7052938,-0.7889334
-1.5348762,-0.74110687
-1.3659005,-0.69167125
-0.14605464,0.35016137
-0.013347365,0.44986612
0.09110231,0.539931
0.20541032,0.6112339
0.32828075,0.68167156
0.42532456,0.75232893
0.5514383,0.81924087
0.681413,0.8800946
0.8414804,0.9438135
-3.1983728,-2.9064362
-2.9070256,-2.8363392
-2.7101572,-2.7530477
-2.5616777,-2.6810482
-2.4595864,-2.6119847
-2.3780618,-2.539776
-2.3089213,-2.481108
-2.2401555,-2.4237595
-2.1878245,-2.362801
-2.1258898,-2.2955098
-0.82247853,-1.2897706
-0.7635524,-1.2058547
-0.7050116,-1.1196697
-0.64535546,-1.0386528
-0.58799255,-0.9406202
-0.5258167,-0.86205214
-0.46297926,-0.807167
-0.39906412,-0.7469238
-0.33175403,-0.6662356
-2.3318758,-2.454831
-2.3342898,-2.4097302
-2.336743,-2.372378
-2.3394368,-2.3358119
-2.342084,-2.3048155
-2.344883,-2.2777514
-2.3475559,-2.2492576
-2.350297,-2.2241237
-2.353022,-2.2035553
-2.3560302,-2.1823335
-0.50635505,-0.7563607
-0.18052675,-0.6055344
0.045228872,-0.4813363
0.44628832,-0.3900785
0.7967407,-0.27034527
-0.51120865,-0.3908764
-0.46065518,-0.309637
-0.38631028,-0.21884671
-0.3138914,-0.108521014
-0.22926982,-0.012550771
-0.12135871,0.058421075
0.0017514797,0.120592415
0.12773147,0.18285388
0.27625293,0.23755437
0.41191483,0.29261178
-1.2472266,-1.2901037
-1.026748,-1.1019814
-0.7792688,-0.90218616
-0.5200414,-0.7487125
-0.21057835,-0.62613213
-3.3628469,-1.8516991
-3.2255259,-1.800468
-3.0944304,-1.7475069
-2.9966965,-1.6752381
-2.8381057,-1.5988326
-2.7209618,-1.5031481
-2.6206136,-1.3996344
-2.5254273,-1.2965946
-2.4572592,-1.1933239
-1.4304241,-1.4757624
-1.3629673,-1.4210699
-1.2967206,-1.3568585
-1.2258551,-1.2895472
-1.1711407,-1.222863
-1.0718813,-1.1630509
-0.9809401,-1.1008878
-0.9105531,-1.0435318
-0.851549,-0.986418
-0.3185318,-1.5014563
-0.26210773,-1.4521198
-0.20566402,-1.3997121
-0.15212631,-1.3441327
-0.12773524,-1.3021797
-0.115343824,-1.2729337
-0.10048157,-1.24862
-0.08865112,-1.2279049
-0.075548686,-1.2024412
-0.061975025,-1.176503
-0.041440386,-1.1521978
-0.032252453,-1.129198
-0.021245325,-1.1089206
-2.4983132,-2.3932238
-2.4229927,-2.333346
-2.3353777,-2.2753272
-2.2665296,-2.216422
-2.1960757,-2.146339
-2.1251721,-2.0727742
-2.0482802,-2.0073705
-1.972296,-1.9446526
-1.9007441,-1.882015
-0.6856882,-0.4366463
-0.590623,-0.3717656
-0.5117758,-0.3009544
-0.41753212,-0.22797886
-0.31564662,-0.1715492
-0.21050885,-0.12137973
-0.10319563,-0.06707263
0.0036639434,-0.006100595
0.11779872,0.060999215
-3.5377817,-3.1385868
-3.2865055,-3.0161126
-3.179536,-2.8757493
-3.1272693,-2.7386777
-3.0558953,-2.6174805
-0.9768618,-1.6175652
-0.88783157,-1.5224423
-0.78989786,-1.4233391
-0.6979717,-1.3210841
-0.61368465,-1.2177753
-0.5440272,-1.1300671
-0.47445133,-1.0571815
-0.4082862,-1.0005059
-0.34275234,-0.94926757
-0.2845688,-0.8867626
-1.6759794,-1.658292
-1.5287111,-1.5667155
-1.4064738,-1.4948916
-1.225438,-1.4120569
-1.1209872,-1.3219695
-1.0195607,-1.2401803
-0.83902335,-1.1635323
-0.6877583,-1.0830879
-0.52308595,-0.99933445
-2.3564177,-1.6884501
-2.186426,-1.6164203
-2.05381,-1.5482707
-1.9315714,-1.47949
-1.8182778,-1.414535
-1.6977092,-1.3510838
-1.5936844,-1.2979169
-1.4855788,-1.2412174
-1.3934467,-1.1902084
-1.290233,-1.1362505
-3.3270159,-2.767586
-3.1655836,-2.6866686
-3.0106196,-2.6069586
-2.8616698,-2.5215912
-2.72267,-2.43427
-2.5774782,-2.339304
-2.4449842,-2.2519324
-2.3190286,-2.1536272
-2.197767,-2.0546272
-1.2040882,-0.8385768
-1.1518009,-0.7194011
-1.0577399,-0.59365714
-0.9894943,-0.46328247
-0.9413923,-0.35033965
-0.8736426,-0.26466724
-0.8272444,-0.18739662
-0.757111,-0.09863618
-0.7136584,-0.008829594
-0.668302,0.07142156
-1.9574983,-2.0383925
-1.8854505,-1.8505611
-1.5708363,-1.6313558
-1.4145701,-1.4816921
-1.2541052,-1.3645141
-1.1508782,-0.96134496
-1.1261173,-0.93460673
-1.1037117,-0.91103375
-1.059776,-0.8669795
-1.0379143,-0.84801173
-1.0129696,-0.8288157
-0.9730211,-0.78737915
-0.95281607,-0.76697516
-0.9292878,-0.74892473
-0.8910078,-0.7096739
-0.87397087,-0.6899538
-0.85131645,-0.67003435
-0.8139717,-0.6160453
-0.7967281,-0.58773243
-0.7800661,-0.55932283
-0.74475867,-0.4988475
-1.2353383,-0.7099952
-1.1306192,-0.6347762
-1.0394638,-0.57611084
-0.95355934,-0.5092941
-0.8492242,-0.42154554
-0.74462616,-0.32299542
-0.64455944,-0.2562628
-0.5367283,-0.18681037
-0.41793853,-0.11747792
-1.3498576,-0.79604185
-1.3154442,-0.7619651
-1.280214,-0.72889113
-1.2439874,-0.7012676
-1.2075093,-0.67587507
-1.1758279,-0.6504086
-1.1379569,-0.6231537
-1.1023554,-0.59651965
-1.0687413,-0.5683118
-1.0338253,-0.53987896
-0.99876946,-0.5128888
-0.96154064,-0.48226342
-0.9263325,-0.4526654
-0.8918338,-0.42494568
-0.85434616,-0.39768997
0.21324258,-0.15799648
0.2502025,-0.11836785
0.30372822,-0.069443524
0.3509291,-0.008228719
0.40031946,0.060111344
0.44562778,0.12372643
0.4911491,0.17612797
0.54040253,0.23384374
-1.277358,-2.405677
-1.2193302,-2.2990043
-1.1752563,-2.212665
-1.1359029,-2.1360857
-1.0670931,-2.0595744
-1.0084546,-1.9774942
-0.9316687,-1.8919713
-0.863652,-1.8139937
-0.80197555,-1.7382932
-0.43431327,-0.7868211
-0.4224213,-0.70907927
-0.40509537,-0.6400121
-0.38635206,-0.5694589
-0.36541256,-0.5016366
-0.33953258,-0.4351043
-0.30860612,-0.37052962
-0.27082092,-0.318074
-0.230108,-0.27179483
-0.79539526,-0.89407283
-0.745797,-0.84893346
-0.6918442,-0.8030999
-0.66697925,-0.75959426
-0.6301884,-0.71371156
-0.59339845,-0.66520566
-2.1772954,-1.7524304
-2.0552557,-1.6526158
-1.9582909,-1.5444715
-1.861495,-1.4421535
-1.765237,-1.3222134
-1.6532315,-1.2013052
-1.5396019,-1.0862265
-1.4178107,-0.98021704
-1.3151606,-0.87437433
-1.2098277,-0.76918435
-3.6734476,-3.9136379
-3.6100702,-3.8285105
-3.49941,-3.7396479
-3.3795135,-3.654355
-3.2651448,-3.5632517
-3.1578763,-3.4752915
-3.059843,-3.39023
-2.9733315,-3.3045018
-2.8581445,-3.219183
-2.993532,-2.6627302
-2.8624425,-2.5787015
-2.7263117,-2.4912148
-2.6056778,-2.404411
-2.514022,-2.325763
-2.3770351,-2.25059
-2.2319632,-2.1751935
-2.1140661,-2.103364
-1.9915782,-2.0257192
-0.75144625,-0.817701
-0.65966535,-0.71234995
-0.57661325,-0.5797515
-0.4911613,-0.463044
-0.40925452,-0.36332127
-0.32996884,-0.26269874
-0.25401524,-0.17176923
-0.17665131,-0.07634592
-0.10051195,0.046340406
-0.13702925,0.13644618
-0.053992208,0.22079772
0.021588584,0.28497237
0.10593882,0.3413388
0.18531659,0.39398223
0.26841733,0.44382614
0.339261,0.49352604
0.4202463,0.5485161
0.4935028,0.6046336
0.5706099,0.65919715
0.6462385,0.7162431
0.724907,0.77827054
-0.24968518,0.13170832
-0.1645092,0.2163195
-0.0889167,0.3102976
0.0074439514,0.41164744
0.075335756,0.54424673
0.18141618,0.64213115
0.2628126,0.7145873
0.38243672,0.7802747
0.5054838,0.84095556
-3.1545558,-3.4938476
-3.1071823,-3.4422545
-3.0566232,-3.389977
-3.0096102,-3.3364377
-2.961071,-3.281494
-2.9052207,-3.2264936
-2.8593807,-3.1716468
-2.806246,-3.1158478
-2.7582397,-3.059829
-2.7861645,-2.8869112
-2.7138278,-2.8422282
-2.6303618,-2.795524
-2.5577314,-2.7481952
-2.4824839,-2.7016332
-2.406043,-2.6572282
-2.3342197,-2.613003
-2.2619324,-2.568421
-2.1896913,-2.5248163
-0.73833793,-0.5292758
-0.6716932,-0.46514934
-0.6216211,-0.40371653
-0.57087326,-0.35791826
-0.52308625,-0.30138117
-0.4779215,-0.2463279
-0.4420956,-0.19197252
-0.4093612,-0.13203543
-0.37944573,-0.06724852
-0.34969923,0.0025095344
-0.32585573,0.0782091
-1.1496404,-1.4584635
-1.0837984,-1.396714
-1.015169,-1.3310847
-0.9485819,-1.2647749
-0.8854437,-1.1795888
-0.82238305,-1.0930281
-0.76138043,-1.0349038
-0.70810634,-0.9836283
-0.6512213,-0.92720336
-2.637109,-3.027339
-2.5998797,-2.9747694
-2.562111,-2.921326
-2.5259402,-2.8704214
-2.4887006,-2.8263547
-2.4516234,-2.7798913
-2.4152236,-2.7338452
-2.3778696,-2.6892874
-2.3416905,-2.6412148
-1.3417845,-1.3734863
-1.2777182,-1.3350728
-1.2226382,-1.2969072
-1.1743995,-1.2596197
-1.1104715,-1.2134187
-1.055272,-1.1758468
-1.0235955,-1.1445396
-0.9500711,-1.1074018
-0.93936485,-1.0611477
-0.8732745,-1.0053062
-0.821776,-0.9404863
-2.9417727,-1.9994719
-2.7229772,-1.9623358
-2.5499563,-1.9273145
-2.3673685,-1.8863313
-2.1881192,-1.8501194
-2.0109928,-1.8121455
-1.8462354,-1.7664139
-1.7039684,-1.716553
-1.5376382,-1.6728914
0.8657243,0.6890425
1.191975,0.85812074
1.4694333,0.9914625
1.7524992,1.1075423
2.0399296,1.2398317
-0.61773723,-1.3747091
-0.5668817,-1.3361871
-0.4959158,-1.2980256
-0.43048272,-1.260813
-0.35380638,-1.2148919
-1.4698724,-1.4290106
-1.3668625,-1.3557043
-1.2462207,-1.2761521
-1.166089,-1.2156261
-1.1053222,-1.1554794
-1.0137742,-1.0918323
-0.9277892,-1.0368603
-0.8515175,-0.9786742
-0.77692556,-0.9167842
-0.6882687,-0.86615837
-0.6055291,-0.800671
-0.5200526,-0.741603
-1.5549514,-1.5132751
-1.4884619,-1.459258
-1.4225401,-1.3978548
-1.3777165,-1.3331127
-1.2968559,-1.2726281
-1.1936662,-1.2126298
-1.1374667,-1.1531746
-1.0707885,-1.0993071
-0.98641473,-1.0404078
-0.92330635,-0.9771722
-0.80372566,-0.9187521
0.17962229,-0.8563547
0.19157699,-0.71036106
0.2042825,-0.5834324
0.2178299,-0.47697222
0.2328542,-0.3791027
-2.4187355,-2.2190375
-2.3426003,-2.134086
-2.2787216,-2.0655744
-2.197482,-2.0096598
-2.130005,-1.9611006
-2.081983,-1.9121873
-1.9601549,-1.8589661
-4.343442,-3.841303
-4.328184,-3.7986403
-4.314259,-3.7352564
-4.300999,-3.6746714
-4.2883587,-3.616589
-4.261572,-3.5583827
-4.224761,-3.4919665
-4.1888785,-3.421321
-1.3744305,-1.0436915
-1.3271763,-1.0023296
-1.2963065,-0.96087795
-1.2524972,-0.9217486
-1.2079973,-0.88030124
-1.1598129,-0.8397901
-1.1132483,-0.7999933
-1.0738761,-0.76015276
-1.0264503,-0.71475923
-0.97871697,-0.66765267
-0.93304896,-0.6193872
-0.74690497,-0.6312517
-0.59628874,-0.5312403
-0.4503134,-0.43772206
-0.31930202,-0.34469146
-0.20055108,-0.25285167
-0.06527232,-0.18982416
0.080365576,-0.13243449
0.22722892,-0.08330685
-0.9340189,-1.6826117
-0.81783533,-1.568774
-0.76275325,-1.5161004
-0.701496,-1.4573052
-0.63721734,-1.3881997
-0.5783652,-1.3275299
-0.5238158,-1.288125
-0.4544147,-1.2345579
-0.38855007,-1.1903763
-0.33133242,-1.1533232
-0.26702517,-1.106664
-0.20573969,-1.0653545
-0.14049748,-1.0193377
-0.10062234,-0.9937931
-0.04357118,-0.9528001
0.00067953195,-0.9223612
0.050065544,-0.8896883
0.09689173,-0.85914385
0.1375921,-0.8304715
0.108226724,-0.17022246
-1.8227221,-1.176676
-1.6536866,-1.1528748
-1.4854774,-1.1235516
-1.3228314,-1.0958879
-1.1662403,-1.0715448
-1.014656,-1.0438712
-0.8676303,-1.0124977
-0.7249509,-0.97899973
-0.58811885,-0.94534254
-0.5822173,-0.95188296
-0.5602506,-0.94117683
-0.5377827,-0.93128324
-0.51319844,-0.9257977
-0.49038035,-0.9172796
-0.4646055,-0.9094728
-0.43953168,-0.9016174
-0.41589746,-0.89420265
-0.39076498,-0.88664395
-0.37180224,-0.87735844
-0.3451862,-0.8652142
-0.32277948,-0.85438156
-0.29878876,-0.84052765
-0.2706081,-0.8225174
-0.24574836,-0.8032392
-0.21188031,-0.78152376
1.0117918,0.4810353
1.0674316,0.5236611
1.1154954,0.5628678
1.197982,0.6026576
1.2472175,0.6489548
1.3008429,0.69697064
0.34661138,-1.8863883
0.40062737,-1.8022892
0.40016493,-1.722019
0.39978257,-1.6364081
0.40893745,-1.5583684
0.41124433,-1.4824238
0.41695052,-1.4136044
-0.047696587,-0.24317193
0.005196531,-0.20296997
0.060752474,-0.1739057
0.11639429,-0.1462956
0.18808483,-0.11416793
0.22797437,-0.07120675
0.2764522,-0.02876401
0.33200577,0.006438911
0.37744623,0.043933213
0.43233222,0.079413235
-1.5677669,-1.7423582
-1.5005028,-1.7006955
-1.4215581,-1.6633227
-1.3682269,-1.6311283
-1.3282311,-1.6020586
-1.2666819,-1.5725193
-1.2345152,-1.5476396
-1.185927,-1.5234029
-1.8370297,-0.85122526
-1.623336,-0.760275
-1.4428084,-0.67753935
-1.2580863,-0.5973818
-1.0922095,-0.51936823
-0.88921547,-0.44143635
-0.7479718,-0.361404
-0.6039252,-0.28175053
-0.04080122,0.22151512
0.029422797,0.2741269
0.10115075,0.31571883
0.1622172,0.35984647
0.23509231,0.40112084
0.2994023,0.44711214
0.36389726,0.50477153
0.42774358,0.55659145
0.49268544,0.6007897
0.55845577,0.6411527
-1.8370297,0.4699331
-1.6896098,0.5158922
-1.4784425,0.56231457
-1.2621627,0.6063817
-1.1289732,0.6488604
-0.9123994,0.6875438
-0.7805967,0.7234054
-0.63935125,0.7580375
0.5375573,-0.07179797
0.5656568,-0.050646603
0.5936699,-0.033242285
0.62302554,-0.013972819
0.6510941,0.004043281
0.67801446,0.021214068
0.705439,0.039416194
0.7328399,0.057739615
0.75802654,0.077233374
0.7845437,0.09816158
0.8099885,0.11635363
0.83681643,0.13414115
0.86307824,0.15281337
0.88875896,0.1727466
0.91364515,0.19348234
-1.5968939,-1.2064393
-1.5700877,-1.1619072
-1.5460997,-1.1285744
-1.5207789,-1.0998077
-1.4963272,-1.0730665
-1.47146,-1.0481044
-1.4479934,-1.025388
-1.4244385,-1.0040164
-1.401853,-0.98121953
0.22137572,-0.56913906
0.2891414,-0.53512657
0.3489437,-0.50323457
0.40328115,-0.47181028
0.45986378,-0.4430073
0.51868004,-0.415368
0.5812411,-0.38718572
0.6418399,-0.36519462
0.7015561,-0.34407908
0.75708824,-0.3292701
0.8160826,-0.31118596
0.31705064,0.04984659
0.34912238,0.13142675
0.3768447,0.20387113
0.405228,0.2676345
0.43500435,0.3253491
0.46739745,0.38220048
0.49763602,0.4340536
0.52010584,0.48907405
0.54885393,0.5410482
0.57877195,0.58647615
-4.1305337,-2.7991884
-3.9930646,-2.7102864
-3.872428,-2.6299493
-3.763596,-2.5459816
-3.6694846,-2.46377
-3.5737567,-2.3908718
-3.4870727,-2.3162792
-3.3996534,-2.233995
-3.318068,-2.1560683
-0.6304284,-0.60581857
-0.6020315,-0.4927885
-0.5727108,-0.38980275
-0.546075,-0.30555364
-0.51937187,-0.22895542
-0.49402794,-0.15308553
-0.4702595,-0.07920796
-0.44652727,-0.005226195
-0.42274404,0.06387037
-3.0085754,-2.1049318
-2.8863666,-2.04073
-2.766845,-1.9894421
-2.6551688,-1.9322834
-2.5404787,-1.8746893
-2.4405532,-1.8175421
-2.3265705,-1.7596622
-2.2222812,-1.7024016
-2.1379297,-1.6486597
0.5414533,0.22919923
0.5930273,0.26290786
0.62936354,0.2970186
0.67451745,0.3265369
0.71915823,0.35253435
0.7589221,0.37844175
0.81183755,0.4066726
0.8568986,0.43533105
0.9054922,0.4677425
0.9573656,0.5032509
-0.2974977,-0.8511931
-0.23521234,-0.8064225
-0.17480978,-0.76784194
-0.11719599,-0.7272629
-0.05995178,-0.6828473
0.057288107,-0.44050944
0.080188766,-0.39452928
0.10128043,-0.3386106
0.124266304,-0.2873267
0.14511842,-0.24773023
0.16598424,-0.20603126
0.18603678,-0.1612154
0.2042398,-0.12086648
0.22219658,-0.08198932
0.24021906,-0.042264998
0.13279448,-0.04862362
0.215298,-0.019291997
0.24441083,0.010046184
0.31177065,0.03905523
0.3185299,0.06835806
0.39885113,0.10108894
0.39961135,0.13484073
-1.0284885,-0.21795568
-0.9786396,-0.15557787
-0.935785,-0.08337009
-0.89548135,-0.010970175
-0.85054606,0.053375423
-0.8108563,0.109381735
-0.7680604,0.15670258
-0.73256207,0.20243484
-0.6909548,0.24486506
-0.64950293,0.28537333
0.08960365,0.11418396
0.13947384,0.14841288
0.19266255,0.18060511
0.24510013,0.2135194
0.3027695,0.25400406
0.36322486,0.30163997
0.42011803,0.34456033
0.47485948,0.38558358
0.53758466,0.4208945
0.60180426,0.45858914
0.035335183,-0.4841805
0.05443751,-0.44050944
0.07153995,-0.39452928
0.091803014,-0.3386106
0.10208693,-0.2873267
0.13991345,-0.24773023
0.14183076,-0.20603126
0.15715787,-0.1612154
0.17367503,-0.12086648
0.189626,-0.08198932
0.21354614,-0.042264998
-0.6360326,-0.60581857
-0.6137737,-0.4927885
-0.59324527,-0.38980275
-0.5694367,-0.30555364
-0.5466017,-0.22895542
-0.5230866,-0.15308553
-0.49894926,-0.07920796
-3.0203524,-2.75997
-2.946461,-2.7207716
-2.87586,-2.6855261
-2.8158848,-2.6507413
-2.7576504,-2.6076975
-2.7022374,-2.5571544
-2.6463363,-2.4965124
-2.5874655,-2.426866
-2.537988,-2.348944
-2.484955,-2.2657597
0.109963484,-0.64043534
0.1762306,-0.5459382
0.22946335,-0.45196915
0.28959033,-0.35548043
0.33674482,-0.281074
0.37307054,-0.2197831
-2.0088692,-1.9610648
-1.9787074,-1.8918893
-1.9521161,-1.8118753
-1.9229503,-1.7359347
-1.8960147,-1.6700981
-1.8712467,-1.601152
-1.8468158,-1.5300509
-1.8199927,-1.4717503
-1.7932249,-1.411416
-1.7680013,-1.3509226
-1.6656915,-0.5929004
-1.346257,-0.48496437
-1.1123654,-0.39434457
-0.89427537,-0.31287035
-0.6297361,-0.24436945
-1.3288436,-0.92845714
-1.1963563,-0.8906827
-1.0961401,-0.85063004
-0.99233216,-0.80651194
-0.90923065,-0.76696014
-0.82462573,-0.7305733
-0.7874036,-0.6949736
-0.7227833,-0.65962785
-0.6616804,-0.6232452
-1.1104931,-0.73259294
-1.0501275,-0.7001188
-0.997222,-0.6703452
-0.9441542,-0.6334374
-0.8871374,-0.59142846
-0.8209507,-0.5521139
-0.75165755,-0.51716256
-0.6815422,-0.48516804
-0.6145817,-0.456392
-0.54410547,-0.42964676
-1.0161418,-0.20946616
-0.93914485,-0.13475835
-0.85873103,-0.060302794
-0.7797889,0.014974952
-0.6990311,0.08549994
-0.62076056,0.15776211
-0.5498777,0.2338196
-0.48800474,0.30855292
-0.41982293,0.37719887
-0.35516343,0.44843954
-3.1188548,-2.9809973
-2.6056683,-2.950229
-2.324261,-2.9244535
-2.0623198,-2.8967328
-1.8821895,-2.8502939
-1.6807747,-2.789408
-1.504927,-2.7299259
-1.3455365,-2.6682508
-1.2330834,-2.5955265
-3.0821364,-2.900659
-3.0326512,-2.8221524
-2.9105518,-2.7330797
-2.740137,-2.6280346
-2.6331606,-2.5240018
-2.5456426,-2.421615
-2.4700165,-2.3300006
-0.3094917,0.009880245
-0.27080837,0.022096932
-0.23255216,0.03344381
-0.16381226,0.056768596
-0.13151486,0.07214838
-0.090459846,0.085068464
-0.022455717,0.10913128
0.009448492,0.121634305
0.04408451,0.13423389
0.11055558,0.16000819
0.14181866,0.1751048
0.17364688,0.1910165
0.23818421,0.22021168
0.26951563,0.23374015
0.301684,0.24672687
0.3619388,0.2746635
-2.099572,-2.4911714
-2.1584435,-2.4852421
-2.2043583,-2.4757125
-2.2421877,-2.4624734
-2.2930367,-2.438387
-2.3391225,-2.4102
-2.3652163,-2.38152
-2.40419,-2.3449376
-2.4358907,-2.3058238
-1.9020776,-1.2043822
-1.8218672,-1.13416
-1.7730173,-1.0646
-1.7102592,-1.0052073
-1.639943,-0.9441521
-1.585866,-0.8703221
-1.5287875,-0.78058136
-1.4527936,-0.69224364
-1.3711606,-0.6081905
-0.3781441,-0.03939879
-0.27294135,0.007669747
-0.16787528,0.05740583
-0.07335904,0.10511172
0.006376348,0.14530736
0.09112767,0.18388462
0.1730262,0.2148031
0.24946149,0.243617
0.31845805,0.27350742
0.38770807,0.30831343
0.2626038,-0.35548043
0.35900766,-0.281074
0.4490478,-0.2197831
0.54261947,-0.17127183
0.63960665,-0.12667072
0.742752,-0.07997534
0.84915996,-0.037480235
0.9612514,0.0033159852
1.0841378,0.040228665
-2.0682356,-1.5901191
-2.0039692,-1.5355799
-1.9449726,-1.4775636
-2.246823,-1.8392022
-2.1768458,-1.7735462
-2.0876935,-1.7128134
-2.0060527,-1.6451576
-1.9025166,-1.5746541
-1.8163944,-1.5016363
-1.7426561,-1.4344226
-1.642211,-1.3672347
-1.5601,-1.2952981
-1.4896741,-1.2342591
0.3336676,-0.113440216
0.40619853,-0.08276448
0.48350286,-0.052853465
0.56209576,-0.021265745
0.63996446,0.010260999
0.707386,0.0392043
0.774638,0.06385636
0.8595124,0.08814818
0.9467006,0.11468333
1.0531906,0.14137262
0.27296984,-0.49802917
0.36347675,-0.45272285
0.4436743,-0.4013169
0.5123489,-0.34992188
0.5840985,-0.30593112
0.6559266,-0.26786378
0.72222435,-0.22747988
0.793918,-0.19091043
0.86775804,-0.14751291
-0.4481162,-0.86809814
-0.4286793,-0.83231825
-0.40252534,-0.79776114
-0.3896993,-0.76398945
-0.37025028,-0.7281256
-0.3515332,-0.69692755
-0.34078097,-0.6625106
-0.3287478,-0.63042396
-0.31848663,-0.5973718
-0.30849704,-0.56728524
-1.5747447,-1.1037703
-1.5221518,-1.0070492
-1.4751714,-0.91832036
-1.4191962,-0.8511931
-1.3728793,-0.8064225
-1.3213552,-0.76784194
-1.2801888,-0.7272629
-1.2410531,-0.6828473
-1.1984022,-0.6233105
-0.67426944,-0.36057565
-0.591973,-0.3138361
-0.52125555,-0.2762973
-0.46790656,-0.23868287
-0.39328963,-0.1993615
-0.32810557,-0.17292923
-0.26122513,-0.15095481
-0.18283762,-0.1294949
-0.10902287,-0.10942629
-0.05475934,-0.09159893
-0.09146119,-0.5158304
0.010909884,-0.42556867
0.1118619,-0.3359788
0.19724748,-0.2534284
0.28994718,-0.17418835
0.3755493,-0.095229864
0.47460356,-0.031165898
0.55133975,0.029883325
0.6272691,0.09891158
0.7143005,0.16306025
0.1859064,-0.25259358
0.27584088,-0.21509498
0.36823523,-0.18064725
0.45820948,-0.14747944
0.55183655,-0.11359656
0.6501417,-0.079648644
0.7487268,-0.048068523
0.85571253,-0.015711129
0.9686649,0.01920408
1.0992182,0.050755203
1.2454917,0.084893465
-1.4842414,-0.56695503
-1.3812463,-0.50811994
-1.2814677,-0.44465154
-1.1922505,-0.37148964
-1.0984836,-0.29599935
0.2785197,-0.13409191
0.30858308,-0.055412352
0.33520868,0.0109936595
0.36280474,0.063700795
0.39018923,0.1101771
0.41890624,0.15378994
0.44221595,0.19625884
0.47175783,0.24002212
0.49236444,0.28037196
0.5188498,0.32456273
0.5394098,0.37137824
0.15373312,-0.4852861
0.16846186,-0.39638388
0.18322846,-0.31405744
0.19803089,-0.2472828
0.2128629,-0.18701407
-2.7273834,-1.0806715
-2.6309285,-1.0386131
-2.4940538,-0.99156046
-2.298288,-0.94979155
-2.0742176,-0.9081727
-1.9235549,-0.8687681
-1.1053071,-1.3509817
-1.1032457,-1.3264694
-1.1028454,-1.3057878
-1.1005986,-1.2801905
-1.1025482,-1.2507889
-3.4694946,-2.7815173
-3.2403593,-2.613025
-3.1054225,-2.443825
-2.9357622,-2.368398
-2.8097448,-2.248099
-2.6898284,-2.1435413
-2.559089,-2.029508
-1.4380704,-1.7964342
-1.3988692,-1.6979706
-1.3050643,-1.6087589
-1.2766426,-1.5273373
-1.2017925,-1.4484231
-1.1246051,-1.3691343
-1.0300733,-1.2987065
-0.96153224,-1.2404692
-0.88612187,-1.17009
-0.81131405,-1.0969803
-3.7297106,-2.9848313
-3.4037242,-2.9118521
-3.284497,-2.8290899
-3.207242,-2.7328694
-3.1367686,-2.6471574
-2.959624,-2.567552
-2.801865,-2.4800653
-2.6326954,-2.394894
-2.5134933,-2.3234422
-2.4291332,-2.260579
-2.6184626,-2.6473851
-2.5537708,-2.5824988
-2.481941,-2.513069
-2.421674,-2.4430418
-2.3677073,-2.3726165
-2.3168151,-2.302113
-2.2673984,-2.2374384
-2.2344513,-2.1902015
-2.1897728,-2.1250796
-2.1537733,-2.072787
-2.11496,-2.020413
-2.0801928,-1.9713032
-2.0490754,-1.9215822
-2.016359,-1.872488
-1.9794499,-1.8261662
-0.5336571,-1.2469164
-0.50420123,-1.1988542
-0.47272563,-1.1507256
-0.4420796,-1.1035397
-0.4135175,-1.0562036
-0.3823555,-1.0095748
-0.35429144,-0.9675456
-0.32601038,-0.9257989
-0.2976243,-0.8810359
-0.27013054,-0.8392225
-0.24260178,-0.8044696
-0.2152008,-0.7726095
-0.18860793,-0.7425099
-0.16218163,-0.71381104
-0.13651274,-0.68379295
-2.887189,-1.4018836
-2.8249722,-1.3588285
-2.7665138,-1.314508
-2.7124145,-1.2734292
-2.6561544,-1.2337177
-2.5996675,-1.195638
-2.5502522,-1.1575375
-2.496804,-1.1197445
-2.4445531,-1.0852153
-2.3994086,-1.0544027
-2.3514569,-1.0238779
-2.3055978,-0.99078953
-2.2572534,-0.9614021
-2.2097764,-0.9398944
-2.1650527,-0.9199222
-1.2872567,-1.7977924
-1.215415,-1.7250264
-1.1571012,-1.6559598
-1.0927999,-1.5830286
-1.0319266,-1.502033
-0.9715111,-1.422159
-0.9140008,-1.3505018
-0.85447574,-1.2802324
-0.7989177,-1.1995906
-0.95800877,-1.0927145
-0.8594114,-0.9899189
-0.7759981,-0.8767044
-0.6744051,-0.7179561
-0.584039,-0.56647676
-0.48799908,-0.4245502
-0.39486012,-0.30386746
-0.2942728,-0.20225048
-0.2048555,-0.098832905
-0.100452006,0.007623434
-2.111745,-1.6686864
-2.024484,-1.5837052
-1.93021,-1.5037351
-1.8411325,-1.4136336
-1.7585033,-1.2903081
-1.6780225,-1.1696904
-1.5978081,-1.0539262
-1.5240003,-0.9600085
-1.4489781,-0.86510026
-1.3751075,-0.7705551
-3.3525264,-3.4415715
-3.275217,-3.3625515
-3.1999242,-3.2904832
-3.1298926,-3.2211418
-3.0609417,-3.1554325
-2.9961436,-3.0898821
-2.9291606,-3.0264897
-2.8608062,-2.954631
-2.7949324,-2.8842633
-0.83190876,-1.1390438
-0.80586994,-1.1248124
-0.75873613,-1.0904777
-0.71526796,-1.0777549
-0.69496495,-1.0724347
-1.6780692,-0.5962918
-1.4272869,-0.47118258
-1.2549465,-0.3948062
-1.1010797,-0.32629234
-0.9950473,-0.25019154
-0.9022831,-0.18165371
-0.8344717,-0.11943853
-0.69843775,-0.047099948
-0.62477475,0.010297656
-0.49324945,0.08738333
-0.73060787,-0.842892
-0.61303645,-0.81581277
-0.5419333,-0.8006111
-0.37069213,-0.76596236
-0.3372152,-0.7575723
-0.22833656,-0.7273597
-0.16941343,-0.7083855
-0.10170663,-0.689751
-0.029406888,-0.6710841
0.06952648,-0.64190763
0.24219652,-0.5900476
0.42428365,-0.5286147
-0.967363,-0.8275621
-0.86134857,-0.66451514
-0.7695126,-0.500357
-0.6168704,-0.33360904
-0.57828104,-0.18966356
-0.51400495,-0.06918949
-0.44616714,0.025168836
-2.1378708,-3.057189
-1.9573637,-2.9982886
-1.8489234,-2.9393241
-1.729921,-2.8723822
-1.6537545,-2.8089902
-1.5750372,-2.750362
-1.4984443,-2.6823196
-1.4482131,-2.6216557
-1.3863537,-2.5720751
-1.347488,-2.5086825
-1.309202,-2.4378068
-1.2572674,-2.3653402
0.37317538,0.3296286
0.43144837,0.37613934
0.4890872,0.41863328
0.5480372,0.4558447
0.60864437,0.48993963
0.6703454,0.52505165
0.7339376,0.56316835
0.80217576,0.60305387
-1.1000931,-2.083572
-1.0231063,-1.9732292
-0.9335622,-1.8450959
-0.85244036,-1.7033236
-0.7740959,-1.5749114
-0.7031393,-1.4724928
-0.63781977,-1.3948882
-0.5739168,-1.3369792
-0.5096611,-1.285006
-0.44778433,-1.2253938
-0.03761017,-0.1708866
0.049858768,-0.08464387
0.13699457,0.016074121
0.21908613,0.10065818
0.30309653,0.16851622
0.40358013,0.22613925
0.49400857,0.2870381
-0.3851366,-0.7237935
-0.31029603,-0.62521684
-0.24374399,-0.50969815
-0.16520609,-0.40463868
-0.08600797,-0.3007053
-0.005732964,-0.19584274
0.060819335,-0.10455179
0.13701166,-0.033052802
0.20730205,0.034752905
-1.8960575,-0.17101395
-1.7782019,-0.12074703
-1.6784854,-0.06966543
-1.569617,0.0073257685
-1.4686202,0.07101983
-1.3904523,0.13487387
-1.2868403,0.19463521
-1.2039135,0.25156373
-1.1095788,0.3029123
-1.0370896,0.35073954
-0.59515566,-1.4063299
-0.5251418,-1.2972205
-0.43498617,-1.1962016
-0.34566054,-1.0772189
-0.25799698,-0.9529958
-0.1747818,-0.82606864
-0.08670122,-0.71218336
0.00089945947,-0.60292685
0.09095397,-0.51104546
-5.1729846,-2.8652947
-5.1086335,-2.7971494
-5.042669,-2.7443054
-4.9757223,-2.6985989
-4.90432,-2.648927
-4.8366685,-2.586993
-4.7722964,-2.508939
-4.709413,-2.430568
-4.6527658,-2.3437068
-4.599276,-2.2691326
-2.0703444,-2.5704021
-1.307497,-2.252472
-1.2144698,-2.106153
-1.1292367,-1.9626498
-1.0429614,-1.78403
-0.9592995,-1.58863
-0.8736155,-1.3973408
-0.777082,-1.219696
-0.6946967,-1.0660415
-0.62553453,-0.9137259
-0.5463057,-0.77846026
-1.9346182,-1.4729614
-1.8009888,-1.3855686
-1.682319,-1.3136098
-1.5511253,-1.2410285
-1.4346371,-1.1532767
-1.311697,-1.0334293
-1.1883686,-0.92683065
-1.0580295,-0.8558877
-0.9235646,-0.7663617
-3.6235664,-3.5412755
-3.5158963,-3.4914696
-3.4175177,-3.4433103
-3.3197021,-3.3927774
-3.233473,-3.3398542
-3.1546032,-3.2848217
-3.0726938,-3.2261252
-2.9906604,-3.1667712
-2.914301,-3.1050808
-1.3043438,-1.5546263
-1.2281665,-1.4670258
-1.1568004,-1.3741627
-1.0832295,-1.2792294
-0.9982145,-1.170841
-0.92434585,-1.0519192
-0.8354926,-0.94234896
-0.755893,-0.82458544
-0.66065574,-0.7227715
-1.9760587,-1.5096455
-1.8610678,-1.432925
-1.7578441,-1.369087
-1.6534741,-1.3109841
-1.5528741,-1.2533987
-1.4473437,-1.1964724
-1.3408744,-1.1337748
-1.2412145,-1.0577841
-1.1332747,-0.97210497
-3.7163026,-2.7738767
-3.58569,-2.7041614
-3.4788482,-2.6338608
-3.3879807,-2.5556257
-3.3045259,-2.4810588
-3.226335,-2.4112897
-3.1567323,-2.3455718
-3.0879924,-2.2810736
-3.0212946,-2.2090137
-2.796825,-2.2695522
-2.6909277,-2.234436
-2.612573,-2.2080903
-2.5625725,-2.183512
-2.514423,-2.1472137
-2.4675758,-2.1070971
-2.428501,-2.0627444
-2.3884203,-2.013882
-2.3573003,-1.9622407
-2.327713,-1.9045031
-2.2833738,-1.8118088
-2.24953,-1.7230222
-3.3307617,-3.18769
-3.2366834,-3.1224015
-3.166719,-3.050689
-3.0872753,-2.973259
-3.0238183,-2.88989
-2.9664383,-2.828622
-2.9065285,-2.778786
-2.847694,-2.7226474
-2.7852232,-2.6643565
-1.382271,-1.3060871
-1.2495193,-1.2134929
-1.1544123,-1.1381104
-1.0388086,-1.0381482
-0.96388143,-0.97791946
-0.8487797,-0.89520043
-0.76417845,-0.8246454
-0.65948254,-0.7470748
-0.58800304,-0.70041823
-0.4958477,-0.6519768
-0.42348662,-0.61362684
-0.40944517,-0.6116598
-0.33721992,-0.50157493
-0.26120463,-0.3874898
-0.18549293,-0.2911249
-0.10711031,-0.182594
-0.02357928,-0.069116056
0.067945704,0.052185595
0.15571861,0.16640359
0.24459267,0.28331757
-1.986599,-2.3580787
0.10857398,-0.95478725
0.2074329,-0.8888968
0.272377,-0.81674063
0.37583947,-0.7259244
0.43731827,-0.6388219
0.64588416,-0.43451172
0.7381573,-0.32654208
0.8108877,-0.24351427
0.9157134,-0.17113122
1.0615685,-0.088935256
-0.23548922,0.040308416
-0.19193198,0.08485776
-0.17022057,0.10932642
-0.1051572,0.1860401
-0.05134359,0.24704593
0.013566866,0.32531536
0.06795861,0.3865648
0.13037822,0.45288473
-0.24523735,-1.6065471
-0.22030376,-1.5384212
-0.19547011,-1.4704351
-0.17077585,-1.3990235
-0.15448278,-1.3490739
-0.13818297,-1.2907257
-0.1219509,-1.2314954
-0.105795346,-1.1812894
-0.08972378,-1.1342385
-0.07374248,-1.0916424
-0.05775205,-1.0563837
-0.041868284,-1.0300395
-0.025991172,-1.0057693
-0.010187464,-0.9814329
0.0055422746,-0.95802355
0.03680733,-0.9054344
0.06797233,-0.8599243
0.09172608,-0.8322139
0.11515403,-0.80155325
-0.82653594,-0.5887434
-0.7302377,-0.47547078
-0.6330653,-0.33973184
-0.5432104,-0.15672565
-0.43934613,0.0062146783
-0.32916152,0.12522358
-0.23656245,0.22725374
-0.13436735,0.31056112
-0.033769183,0.39208484
-0.3286264,-0.6933576
-0.27473995,-0.60976565
-0.23615046,-0.5420337
-0.20257369,-0.47714698
-0.17694701,-0.42560792
-0.14078166,-0.36071664
-0.08949099,-0.26654965
-0.04613659,-0.17889288
-0.020779872,-0.11567956
0.0051414743,-0.0667693
0.03924808,-0.012809634
0.066219956,0.016525209
0.078439884,0.03284818
0.085430555,0.03879744
0.1428032,0.10109395
0.18515538,0.14848787
0.21279398,0.17191976
-2.2450378,-1.7924135
-2.1224885,-1.7234988
-2.1225355,-1.7222712
-2.073171,-1.6733062
-1.9886719,-1.593507
-1.9508872,-1.5922368
-1.8567456,-1.5103657
-1.7558686,-1.4543571
-1.693989,-1.3972311
-1.6228064,-1.3509942
-1.5626622,-1.2855353
-1.4975404,-1.2230916
-1.409354,-1.181185
-1.336619,-1.1373773
-1.2744639,-1.0957389
-1.2083524,-1.0143973
-0.721876,-0.44826806
-1.048488,-1.0213897
-0.96847266,-0.9563806
-0.86318284,-0.88865054
-0.7544789,-0.81621873
-0.6449691,-0.723973
-0.52650267,-0.6136982
-0.41158113,-0.51667494
-0.30176103,-0.43427202
-0.041508134,-0.20063484
0.026301349,-0.02603513
0.12417118,0.10554165
0.2213423,0.20790088
0.31083876,0.28302062
0.39431036,0.35067922
0.48033231,0.42566139
0.56404984,0.48324972
-1.5079536,-1.3470607
-1.385408,-1.2547951
-1.2414085,-1.1487887
-1.0853268,-1.047795
-0.90351117,-0.95991284
-0.69520843,-0.89402646
-3.3509347,-3.183833
-3.2333453,-3.0702777
-3.1228833,-2.9647868
-3.0157142,-2.8689759
-2.8751967,-2.7813327
-2.72877,-2.7040625
-2.5999382,-2.6277082
-2.484605,-2.552629
-1.4142555,-1.207058
-1.3032655,-1.1480165
-1.2479148,-1.1019106
-1.1863012,-1.0629401
-1.1244789,-1.022471
-1.0537578,-0.9848963
-1.0105777,-0.9564476
-0.9583486,-0.92934924
-0.9209202,-0.8982433
0.13717847,-0.23265064
-1.1564102,-0.9032661
-1.0420105,-0.8545548
-0.93109334,-0.797295
-0.83572,-0.73242337
-0.6964015,-0.6647227
-0.58732104,-0.5945443
-0.49698865,-0.52906513
-0.42025548,-0.4709292
-0.68619615,-0.62894154
-0.6296572,-0.5552847
-0.5489288,-0.48947963
-0.4653914,-0.41354346
-0.3974023,-0.3523469
-0.32734495,-0.30015165
-0.2554595,-0.25001407
-0.18489249,-0.1972689
-0.11654565,-0.14077824
-0.6559585,-0.3121516
-0.5942499,-0.259733
-0.5334055,-0.2197631
-0.4729426,-0.18144411
-0.41353437,-0.14117575
-0.35344896,-0.08786845
-0.2937106,-0.029412806
-0.23478788,0.022477925
-0.17586139,0.07962829
-0.43406853,-0.29637867
-0.33904582,-0.1624592
-0.23275638,-0.043935597
-0.14250776,0.034648597
-0.050042696,0.12545401
0.038832728,0.20361966
0.11285277,0.25973004
0.21399882,0.3302474
0.3059811,0.39588195
0.3919349,0.45663995
0.47999054,0.5076353
-1.173434,-1.0949464
-1.0705463,-0.9607138
-0.9740305,-0.8066533
-0.86774206,-0.65852094
-0.74508524,-0.5317349
-0.61714065,-0.44826806
-0.47150996,-0.36369002
-0.3259793,-0.26685488
-2.5714602,-2.837396
-2.5252059,-2.746534
-2.4584,-2.6580703
-2.4070685,-2.5984983
-2.355716,-2.5481367
-2.327077,-2.5023534
-2.2775183,-2.460809
-2.2136447,-2.4167116
-2.1681857,-2.3633895
-0.8082975,-0.69682074
-0.70877814,-0.6208158
-0.6095022,-0.5608017
-0.5139202,-0.5026912
-0.4272627,-0.44896743
-0.33815235,-0.40296108
-0.2570491,-0.3602535
-0.1796146,-0.31585073
-0.10041965,-0.27023995
-1.6948129,-1.307394
-1.5667588,-1.233204
-1.4523203,-1.1609874
-1.3223819,-1.0947387
-1.1992048,-1.0220202
-1.0820278,-0.9336091
-0.9699951,-0.84321
-0.8598392,-0.74975574
-0.7696506,-0.66101825
-1.5999951,-1.6275401
-1.5352495,-1.526448
-1.4563705,-1.4244776
-1.3703586,-1.314292
-1.2817827,-1.1956704
-1.194392,-1.0844203
-1.1088743,-0.98395324
-1.0257652,-0.9082416
-0.9448395,-0.8255061
-0.8589909,-0.7452016
-0.822424,-0.5762809
-0.780494,-0.48463356
-0.7232132,-0.40833333
-0.6660304,-0.34071487
-0.6038021,-0.28320152
-0.5478092,-0.22177893
-0.48326406,-0.16458958
-0.40828866,-0.10802549
-0.33068556,-0.052259624
-0.24799165,0.016065538
-1.7683414,-1.5140994
-1.7231816,-1.4589152
-1.6565272,-1.3829043
-1.5981507,-1.2996325
-1.5048372,-1.2278752
-1.4502354,-1.1650429
-1.3559787,-1.0961354
-1.3046151,-1.044136
-1.2209978,-1.001124
-1.1426876,-0.9586874
-1.068263,-0.91398835
-2.1445382,-1.7930295
-1.8558177,-1.6934938
-1.6744243,-1.6075861
-1.5255988,-1.5268974
-1.3759334,-1.4427581
-1.2392149,-1.3481503
-1.1046002,-1.2515967
-0.9702647,-1.1535561
-0.8408354,-1.0766747
-1.523653,-1.4102597
-1.423668,-1.3376555
-1.3470004,-1.2698603
-1.2623702,-1.2040012
-1.1722739,-1.1390533
-1.0805624,-1.0812483
-1.0063545,-1.0212839
-0.93120533,-0.95924675
0.47209692,0.3401643
0.5810094,0.50203496
0.6730802,0.6347924
0.7684739,0.76843196
0.8636045,0.8974238
0.9653237,1.0127704
1.07977,1.1225119
1.2059216,1.2158382
1.3539981,1.3051679
1.5415503,1.3918393
1.8307698,1.4782004
-1.9463664,-1.7282722
-1.8955852,-1.6398368
-1.8135083,-1.5423025
-1.7040671,-1.4639376
-1.6204803,-1.4007854
-1.532414,-1.3244553
-1.4425834,-1.2426457
-1.3304611,-1.175936
-1.2104748,-1.1233997
-0.85852027,-0.5620526
-0.7806981,-0.48645282
-0.7040284,-0.4113309
-0.6315879,-0.34605372
-0.5562345,-0.29332906
-0.48580608,-0.23723194
-0.42118496,-0.19411767
-0.3744359,-0.14686137
-0.3235346,-0.09998864
-0.26261154,-0.05515015
-2.8802502,-2.9844482
-2.801355,-2.886096
-2.714461,-2.7853858
-2.63202,-2.6876872
-2.56051,-2.601683
-2.489139,-2.5095117
-2.4250953,-2.410536
-2.363309,-2.307838
-2.3027477,-2.2033327
-0.037433375,0.23356688
0.032255676,0.27157658
0.107080184,0.3063085
0.17115012,0.34405524
0.23387015,0.3782345
0.2906582,0.40382457
0.3613265,0.4291799
0.41418594,0.45587212
0.47006887,0.48972684
-3.2531428,-2.861561
-2.9152462,-2.7795985
-2.7537706,-2.695843
-2.5635812,-2.6176074
-2.4286401,-2.5355394
-2.3266451,-2.473819
-2.2289648,-2.4250288
-2.1552105,-2.3678944
-2.0767636,-2.3127573
-2.6001182,-2.4275885
-2.5208719,-2.3616676
-2.4446845,-2.294793
-2.3743057,-2.2273529
-2.3053377,-2.1547062
-2.2313738,-2.0857368
-2.1588984,-2.0200703
-2.0850575,-1.957823
-2.0139456,-1.899945
-3.6139042,-3.5064914
-3.5811834,-3.4479291
-3.550258,-3.3881009
-3.5130439,-3.3268635
-3.4713452,-3.2636592
-3.4279025,-3.202113
-3.3787472,-3.1427977
-3.326175,-3.0825374
-3.272017,-3.0204766
-3.2152922,-2.9598832
-3.0870717,-3.3608737
-3.0732818,-3.271109
-3.0043015,-3.1814868
-2.8738363,-3.0926294
-2.7701719,-3.0049236
-2.7004704,-2.9138973
-2.62382,-2.8284419
-2.5322967,-2.73724
-2.4692836,-2.6352847
-1.6590343,-1.646297
-1.6175963,-1.567774
-1.5471535,-1.4921007
-1.4684694,-1.4198965
-1.3968978,-1.3384765
-1.3237306,-1.252208
-1.2552528,-1.1648415
-1.1884881,-1.0736903
-1.107444,-0.9708148
-1.417519,-1.2277741
-1.2720265,-1.1632273
-1.1310381,-1.0873878
-0.99767476,-1.0073407
-0.8603924,-0.9129063
-0.73418427,-0.81253004
-1.0870261,-1.304014
-1.0388882,-1.2043209
-0.986507,-1.1103516
-0.92762274,-1.0253592
-0.8691712,-0.9493169
-0.81149626,-0.87614995
-0.7610361,-0.79735565
-0.6966923,-0.71788615
-0.6430744,-0.6297809
-0.5771429,-0.54562837
-0.5151493,-0.46142343
-3.1705706,-2.8436396
-2.980294,-2.709325
-2.7970364,-2.5681784
-2.6408184,-2.4413185
-2.5254536,-2.333376
-2.3571792,-2.2300286
-2.1975493,-1.9809687
-2.0987108,-1.8899593
-1.9874489,-1.8090217
-1.8718851,-1.7254596
-1.773636,-1.6442132
-1.6829703,-1.5641015
-1.6027491,-1.487033
-1.5213037,-1.4088972
-1.4347867,-1.3162756
-1.7474401,-1.3668655
-1.6782143,-1.3171167
-1.6166408,-1.2758689
-1.549104,-1.23736
-1.4729732,-1.2017732
-1.4135299,-1.1572671
-1.3707509,-1.1023239
-1.3048581,-1.0536902
-1.250966,-1.004051
-1.2086543,-0.957893
-1.159828,-0.9212614
-2.4942946,-2.0728118
-2.377883,-1.9716182
-2.2692776,-1.8887138
-2.1804976,-1.8087692
-2.0562499,-1.7223551
-1.9525906,-1.6357136
-1.8376786,-1.5372798
-1.7446636,-1.4349926
-1.6278677,-1.3448386
-0.79141426,-0.500476
-0.71958536,-0.4573116
-0.64558434,-0.41299352
-0.58963126,-0.37510857
-0.51694655,-0.34569427
-0.46256065,-0.3188477
-0.38610387,-0.28529885
-0.33769524,-0.25289288
-0.26130348,-0.21465582
-1.4367701,-1.4391465
-1.3405775,-1.3424551
-1.2706063,-1.25124
-1.1576828,-1.1639563
-1.0598493,-1.0793931
-0.9552257,-0.98997355
-0.85219646,-0.8790338
-0.73284006,-0.743812
-0.6084722,-0.63036025
-0.4836468,-0.5186592
-0.3562411,-0.4200675
-0.22161242,-0.31724522
-0.9495309,-0.75356925
-0.83993876,-0.69334394
-0.7709086,-0.6371592
-0.70964396,-0.58580136
-0.6327833,-0.54930437
-0.540513,-0.48486602
-0.47879183,-0.4105442
-0.3889923,-0.3051667
-0.31084844,-0.19282436
-0.25126892,-0.11477971
-0.15250337,0.042569637
-2.2284122,-2.1629045
-2.134505,-2.0721552
-2.04031,-1.9891672
-1.9496882,-1.9164505
-1.8628719,-1.8581297
-1.7825371,-1.8029127
-1.6756922,-1.750864
-1.5991815,-1.710455
-1.5249709,-1.6605046
-2.493111,-2.778105
-2.4686964,-2.6405723
-2.4487135,-2.546245
-2.4351327,-2.4911392
-2.4212313,-2.4165988
-0.9648316,-1.0705783
-0.9078688,-0.99831223
-0.8424212,-0.9250656
-0.76807755,-0.84848315
-0.6980232,-0.77245003
-0.62915146,-0.7165718
-0.56073797,-0.6628891
-0.49503493,-0.6228978
-0.43597147,-0.58837193
-0.3753291,-0.55392927
-1.7826356,-1.4558408
-1.6597288,-1.3669405
-1.5476326,-1.2829416
-1.4592328,-1.1889191
-1.3534436,-1.0951338
-1.251741,-1.0083022
-1.1498121,-0.91867226
-1.0516614,-0.8243189
-0.95076025,-0.7372993
-0.8525161,-0.6387204
-1.1903145,-0.9511112
-1.0646907,-0.87451434
-0.9422383,-0.7962774
-0.82090193,-0.6972173
-0.7016887,-0.6041792
-0.5854556,-0.5399415
-0.4701371,-0.46431416
-0.35797685,-0.37852985
-0.08169392,-0.31342384
-0.026583994,-0.24681932
0.03567708,-0.17980582
0.09688525,-0.12679106
0.1569558,-0.08203986
0.20753029,-0.03812927
0.2707549,0.010285616
0.32451364,0.057486475
0.38724777,0.09957081
-0.5231941,-0.7377764
-0.4578674,-0.67957616
-0.38488603,-0.62108666
-0.3001557,-0.5600959
-0.24043529,-0.5021234
-0.65119463,0.020606995
-0.5872075,0.039550483
-0.5311937,0.060299575
-0.480335,0.08395165
-0.43341368,0.10721153
-0.38501805,0.13026816
-0.33887222,0.15140945
-0.29456303,0.16958338
-0.24530588,0.18471628
-0.20048565,0.19586253
-0.16442761,0.20619291
-0.12327302,0.21595854
-0.08541483,0.22601634
-0.053922936,0.23726076
-0.018646482,0.24949783
-1.4152969,-0.5430535
-1.3589687,-0.5195166
-1.3224207,-0.49775004
-1.2768784,-0.47535786
-1.2266062,-0.45748603
-1.176726,-0.4386548
-1.1263013,-0.42114997
-1.0831634,-0.40462717
-1.0395772,-0.38693464
-0.9982018,-0.36941844
-0.95720446,-0.3523193
-0.92239237,-0.33715618
-0.8823354,-0.32080898
-0.55481166,-1.0196543
-0.49419323,-0.95070344
-0.41713792,-0.870683
-0.35214168,-0.7777631
-0.29151526,-0.7017768
-0.22317685,-0.6384053
-0.15938263,-0.5833177
-0.10171847,-0.5211586
-0.038820885,-0.45617002
-1.1864865,-0.8396062
-1.1439896,-0.807971
-1.1030594,-0.77586484
-1.0679344,-0.7444579
-1.0299381,-0.7077226
-0.9923991,-0.6675811
-0.95446616,-0.62949497
-0.920097,-0.5939797
-0.8812283,-0.56002355
-0.8433378,-0.5289124
-0.80803573,-0.49846917
-0.77244616,-0.4686878
-0.73712677,-0.4378178
-0.7050935,-0.40865117
-0.6633463,-0.38149104
-2.1728694,-1.724246
-2.1016495,-1.6670668
-2.0497346,-1.6095552
-1.986735,-1.5585861
-1.9273821,-1.5099096
-1.8733478,-1.4541276
-1.8195558,-1.3881848
-1.7607275,-1.3141704
-1.5201035,-1.0020375
-1.4125125,-0.9145476
-1.3250146,-0.82877916
-1.214893,-0.74855447
-1.131062,-0.6833372
-1.0381672,-0.62510973
-0.9450294,-0.5607766
-0.8510239,-0.49539217
-1.5439559,-1.0020375
-1.4367918,-0.9145476
-1.3346199,-0.82877916
-1.2380489,-0.74855447
-1.1384007,-0.6833372
-1.0545584,-0.62510973
-0.9571752,-0.5607766
-0.8711826,-0.49539217
-1.0076061,-1.2491875
-0.9529282,-1.1846397
-0.90145886,-1.1190372
-0.85941947,-1.0489191
-0.8123588,-0.97388434
-0.764337,-0.8881074
-0.7359861,-0.7947076
-0.6828069,-0.6741816
-1.4116466,-1.4436784
-0.30400535,-0.10584378
-0.2710174,-0.08327955
-0.22803605,-0.061494052
-0.19034857,-0.040513873
-0.15192191,-0.019771993
-0.11014104,0.00018793344
-0.07186366,0.020112813
-0.030657943,0.040636837
0.009960163,0.062206805
0.05091133,0.0846588
0.09106506,0.10654473
0.13520439,0.12810582
0.17690516,0.1498838
0.21991889,0.17386848
0.26236373,0.19681281
-1.2625594,-2.36464
-1.2384957,-2.302724
-1.2153108,-2.2423847
-1.192253,-2.1704838
-1.1681671,-2.0922437
-1.1399664,-2.013551
-1.1107881,-1.9367442
-1.0828228,-1.8615742
-1.0566845,-1.7841008
-1.7382635,-1.4308279
-1.5095406,-1.3739185
-1.3321866,-1.320555
-1.1919172,-1.2611282
-1.0885109,-1.1992722
-0.9918623,-1.1380513
-0.9182631,-1.0729909
-0.83554107,-1.0013015
-0.78051406,-0.9517235
-0.36638173,0.06387442
-0.343024,0.074498
-0.31014532,0.09236193
-0.31029868,0.09655565
-0.29977936,0.10074949
-0.2794337,0.1089707
0.1294331,-0.40122867
0.17617966,-0.35447383
0.19988954,-0.31997007
0.22256495,-0.2864579
0.23697107,-0.25811684
0.18203081,-0.5054882
0.23528548,-0.4205955
0.24990219,-0.40729588
0.2873761,-0.34861386
0.31989816,-0.3036892
0.33803108,-0.2594733
-1.0259136,-1.5028114
-1.0287596,-1.4426625
-0.9341293,-1.3795061
-0.89259505,-1.3721161
-0.85610574,-1.3271115
-0.78977466,-1.2854362
-0.7909249,-1.2586985
-0.7332547,-1.232447
-0.6839387,-1.1712761
-0.6179938,-1.1080618
-0.528322,-0.31638145
-0.49534228,-0.25336492
-0.464208,-0.2099852
-0.43524334,-0.16210222
-0.40823966,-0.11916894
-0.60120195,-0.013169885
-0.52664566,0.06980866
-0.5095113,0.080589354
-0.4340015,0.17355758
-0.4204101,0.19490111
0.48452866,0.44431764
0.5310408,0.48240763
0.5791116,0.5195182
0.6184937,0.550796
0.6636887,0.57979125
0.70540845,0.6098872
0.44824162,-0.09547475
0.58221525,0.00016957521
0.73889905,0.08670896
0.8384958,0.16370016
0.93318766,0.24385768
1.0420386,0.32187855
1.1677119,0.3878715
-1.7009515,-1.4100399
-1.622956,-1.3185973
-1.5363108,-1.2167174
-1.4616055,-1.1215948
-1.3944646,-1.0215003
-1.3099809,-0.92821884
-2.105226,-2.0688457
-2.0613024,-1.9556403
-1.9477057,-1.8410332
-1.8218615,-1.7242131
-1.685349,-1.607214
-2.231157,-2.3616607
-2.0955596,-2.2803087
-2.0436003,-2.2318466
-1.9992845,-2.1729934
-1.9469748,-2.0459564
-0.542008,-0.43334728
-0.45362577,-0.36995625
-0.2980093,-0.2637725
-0.08169927,-0.1395356
0.22819465,-0.01482147
0.24534778,-0.32732105
0.30671635,-0.28259093
0.362436,-0.23190397
0.4224023,-0.1877501
0.49028543,-0.1472742
0.56868815,-0.10182628
0.6548751,-0.03988707
0.7728839,0.02090478
-3.4065678,-2.7225087
-3.1899576,-2.6093073
-3.011022,-2.4857304
-2.7640235,-2.3834631
-2.620856,-2.282936
-0.40977156,-0.45174545
-0.37131816,-0.38237172
-0.3204369,-0.31011048
-0.2938861,-0.25395203
-0.2459594,-0.19230741
-0.17600161,-0.12870106
-0.117212735,-0.06787151
-0.06291023,-0.014931381
0.1400549,-0.20460734
0.16914925,-0.16351372
0.20041728,-0.12722605
0.2336855,-0.08232573
0.26447508,-0.030313909
0.2972266,0.019162536
0.3300162,0.06819993
0.3608872,0.113679945
-3.0617416,-2.6892912
-3.003704,-2.6170902
-2.9303527,-2.5520349
-2.850045,-2.4920313
-2.7709217,-2.4376616
-2.6921625,-2.380365
-2.634892,-2.3238995
-2.5483663,-2.260529
-2.4888947,-2.1984382
-2.4264748,-2.1279733
-2.3299522,-2.0587683
-2.2723296,-1.9885883
0.54510385,0.097379506
0.5813443,0.16868895
0.61020905,0.24162334
0.6447453,0.30713177
0.67827743,0.37503403
0.71537423,0.43556672
0.74956715,0.5030845
0.78878516,0.56296617
0.82115465,0.6180282
-0.5398954,-0.92006147
-0.5116955,-0.83048964
-0.47959384,-0.7469461
-0.43554887,-0.66371435
-0.39237875,-0.5621847
-0.33709392,-0.44842812
-0.23565327,-0.3118927
-0.16296296,-0.17756867
-0.067362666,-0.07132313
-0.7788631,-0.24228
-0.68640405,-0.19932425
-0.6379322,-0.1617192
-0.5917883,-0.12213606
-0.5416196,-0.0723418
-0.5185479,-0.029546559
-0.46162048,0.02521354
-0.4221408,0.08782047
-0.34412873,0.1601718
-2.3046985,-2.739096
-2.155715,-2.6469762
-2.012509,-2.5384834
-1.8741404,-2.4340372
-1.7367097,-2.3370883
-1.6082261,-2.2496672
-1.4763211,-2.1625347
-1.3611624,-2.0773125
-1.2507699,-1.9954419
0.33391982,0.011524558
0.3874368,0.083730936
0.43904898,0.14785045
0.5028482,0.20249808
0.5783195,0.2752902
0.63484496,0.3534146
0.70031023,0.44636196
0.76786524,0.53507787
0.8387113,0.60946435
0.8910994,0.6807681
-1.01032,-1.0617402
-0.9481983,-1.0259318
-0.889653,-0.98781466
-0.85792845,-0.9490378
-0.7975694,-0.9137152
-0.75635064,-0.8681109
-0.6859484,-0.81231
-0.604386,-0.73853475
-3.2220373,-2.2930741
-3.1471293,-2.2161388
-3.078102,-2.1548336
-3.0188482,-2.0958745
-2.9608526,-2.0302026
-2.9027061,-1.9709506
-2.8485,-1.9187839
-2.7944124,-1.86146
0.1533295,0.017427027
0.19103952,0.07883829
0.22856699,0.13295144
0.2650044,0.1778729
0.3010858,0.21532136
0.33544615,0.25323153
0.37053946,0.29042464
-1.0695698,-2.4776511
-0.99301744,-2.3919094
-0.9235776,-2.3145242
-0.8640297,-2.2436595
-0.80361724,-2.1768124
-0.753021,-2.109593
-0.68478,-2.0391035
-0.62501466,-1.9756119
-0.54972774,-1.9205606
-1.7999116,-2.5409732
-1.7271631,-2.5058112
-1.6583025,-2.4689703
-1.5927508,-2.4298391
-1.530224,-2.3932242
-1.4711468,-2.355076
-1.4148746,-2.3158724
-0.51909846,-0.40812397
-0.4543337,-0.34944028
-0.3929534,-0.27620447
-0.33005676,-0.18679294
-0.27001214,-0.09631875
-0.20941946,-0.016142786
-0.14182653,0.07677573
-1.0006065,-1.5141685
-0.9510673,-1.4474189
-0.8998117,-1.3876078
-0.8553312,-1.3368845
-0.8067139,-1.2867022
-0.7679328,-1.2363324
-0.68502724,-1.1108925
-0.6428038,-1.0469705
-2.7495792,-2.915777
-2.717256,-2.807514
-2.6724584,-2.7054622
-2.5760984,-2.5970461
-0.59440327,-0.08012864
-0.52565944,0.0007738471
-0.46254817,0.10594189
-0.40825412,0.19527858
-0.34639505,0.28352863
-1.4582479,-0.50187176
-1.3663753,-0.44819856
-1.3009745,-0.39644834
-1.1875905,-0.34258747
-1.1153222,-0.292417
-1.0274283,-0.24481732
-0.9463184,-0.18653882
-0.8577177,-0.12931576
-0.7143905,-0.82568824
-0.65001065,-0.77299815
-0.58682054,-0.7235168
-0.5249874,-0.67876536
-0.46501654,-0.63123333
-0.40835127,-0.5688043
-0.3515414,-0.49642053
-0.29704285,-0.41606507
-0.24399023,-0.32634324
0.43091798,0.05650395
0.53645056,0.14061552
0.6335008,0.19205427
0.6906729,0.23548883
0.75336367,0.28059107
0.825934,0.3281874
0.8762968,0.38822436
0.9175023,0.46441406
0.94880044,0.53607565
-1.1553504,-1.5814517
-1.1539181,-1.5402241
-1.1551206,-1.4944818
-1.1556447,-1.4497566
-1.155836,-1.4007452
-0.5214645,-0.5174563
-0.44783655,-0.45715445
-0.36328828,-0.40275347
-0.2785217,-0.35357404
-0.20120618,-0.3025908
-0.13317327,-0.23622757
-0.05005929,-0.15994471
0.033160593,-0.097426355
0.11345828,-0.03581673
0.21249206,0.024155617
-0.691197,-0.58899206
-0.62876326,-0.52718437
-0.56592095,-0.47701043
-0.50271374,-0.42220348
-0.43860257,-0.36788648
-0.37408763,-0.30563664
-0.30932495,-0.23338318
-0.24405491,-0.15833017
-0.1785794,-0.08486104
-0.11159471,-0.007314503
0.12708299,0.33215082
0.18799593,0.40475625
0.2681888,0.4796273
0.36137968,0.5512124
0.42996997,0.6129499
0.5232157,0.6665037
0.609802,0.72135395
-0.6994848,-0.546563
-0.6275404,-0.5007142
-0.5540153,-0.45548928
-0.48372105,-0.41136056
-0.41024578,-0.3647831
-0.33770397,-0.30993578
-0.2694708,-0.24354833
-0.19484557,-0.1594876
-0.12087298,-0.06667018
-0.046088133,0.009670436
-2.1959503,-1.7576041
-1.9909065,-1.6620889
-1.971815,-1.5733867
-1.872534,-1.484226
-1.7680866,-1.4026365
-1.640564,-1.305512
-1.5323384,-1.1973178
-1.3587335,-1.0914083
-1.1849539,-0.99667907
-0.4061623,-0.062422574
-0.27976412,0.03124696
-0.18113635,0.1370694
-0.10037908,0.2493136
0.030762263,0.3732869
0.18022719,0.4819848
0.2962397,0.57566744
0.42337966,0.66576964
0.5781323,0.7452348
-0.47865948,-0.273775
-0.4103945,-0.2121267
-0.3651573,-0.16025957
-0.30368787,-0.10491878
-0.25900796,-0.040728748
-0.1958838,0.015608966
-0.15306455,0.06568009
-0.09921309,0.11505693
-1.5295172,-1.3370906
-1.4404389,-1.2588294
-1.3648977,-1.1815538
-1.2761528,-1.1042302
-1.2024115,-1.0371588
-1.1336809,-0.98068875
-1.0607761,-0.9271449
-0.9849834,-0.8680568
-0.9189814,-0.8192971
-1.4078234,-0.838506
-1.2831032,-0.7519644
-1.169105,-0.6818925
-1.0590297,-0.623534
-0.96935964,-0.55699414
-0.8512929,-0.47465056
-0.74296105,-0.37721092
-0.6219035,-0.2566418
-0.5163605,-0.12936425
-0.4195932,-0.023627818
-1.9353713,-1.9990935
-1.8894113,-1.9278767
-1.8536147,-1.8611624
-1.8091486,-1.7991307
-1.7568907,-1.7441502
-1.7109033,-1.6929629
-1.6618669,-1.6423233
-1.5978585,-1.5901849
-1.5527945,-1.5419219
-1.5015732,-1.495106
-0.6702856,-0.60309666
-0.5892794,-0.5530291
-0.5116221,-0.50855964
-0.4385519,-0.4622323
-0.35217217,-0.3874442
-0.2829544,-0.33425754
-0.21761504,-0.29353216
-0.15416732,-0.2574396
-0.07970786,-0.22031885
-0.018667175,-0.19254252
0.049785756,-0.16365278
-0.5340811,-0.69963557
-0.4787944,-0.6360634
-0.43877873,-0.5786215
-0.39206365,-0.53422403
-0.34645635,-0.49119505
-0.3082003,-0.43864733
-0.26806137,-0.3839765
-0.22955671,-0.34163445
-0.18598406,-0.29981074
-0.15373336,-0.26307917
-0.79138887,-0.7097049
-0.6633656,-0.61172575
-0.563178,-0.5157684
-0.47006193,-0.43261057
-0.379338,-0.35202307
-0.29359773,-0.25479347
-0.20441736,-0.11585736
-0.1172586,0.018440545
-1.8042665,-1.9624197
-1.5869715,-1.780232
-1.3784063,-1.5778677
-1.1931807,-1.4305542
-1.0141848,-1.289954
-0.81866074,-1.1514349
-1.9193976,-1.6429636
-1.8233072,-1.5977745
-1.7706666,-1.5565295
-1.6613272,-1.5172997
-1.5804297,-1.4769089
-1.5003618,-1.4359484
-1.4388434,-1.3956661
-1.3554436,-1.3541985
-1.2814426,-1.3124064
-3.7172983,-2.6246567
-3.2944345,-2.551368
-2.9964283,-2.482136
-2.8378744,-2.4094667
-2.7206445,-2.34107
-2.5680006,-2.2776363
-2.46761,-2.216409
-2.3954182,-2.15815
-2.3158453,-2.1028614
-2.2452812,-2.050712
-1.0199934,-0.9411659
-0.9299917,-0.8908994
-0.84188795,-0.82905126
-0.7478347,-0.764631
-0.64095354,-0.6930025
-0.53955585,-0.6290661
-0.44764286,-0.5625009
-0.36004514,-0.4859718
-0.2707395,-0.4081364
-0.24551666,-0.1707057
-0.14835235,-0.103327334
-0.04684555,-0.030979455
0.032754444,0.03989154
0.13353734,0.1053713
0.21931134,0.16705698
0.2956044,0.22791785
0.36214593,0.28951144
0.43931636,0.3533631
-0.04216004,0.17398518
0.004458404,0.22803754
0.060681686,0.2756796
0.12790734,0.3202278
0.19540258,0.36520195
0.246759,0.41752785
0.3023738,0.46619552
0.3696002,0.5194414
0.4298223,0.56841224
-1.2784691,-1.167001
-1.1772324,-1.0825052
-1.109816,-0.9894743
-1.0285168,-0.8946104
-0.9532158,-0.7951035
-0.88029826,-0.70570165
-0.8119035,-0.6235536
-0.7462272,-0.54779667
-0.68385446,-0.48516735
-0.6237138,-0.43425873
-2.316891,-2.4390664
-2.2835498,-2.3913307
-2.2549226,-2.3519285
-2.2291572,-2.3184648
-2.1984637,-2.2830753
-2.1719067,-2.2402806
-2.1406672,-2.1899376
-2.1150863,-2.1268103
-2.0839982,-2.0568933
-2.0546587,-1.9837687
-0.29872802,-0.4038965
-0.26233226,-0.35972273
-0.22055802,-0.3163759
-0.18276657,-0.2798218
-0.14864486,-0.25055212
-0.11721918,-0.22571331
-0.089091234,-0.1984452
-0.063158505,-0.16921616
-0.032838665,-0.14220637
-1.6301998,-1.5212505
-1.5994008,-1.461133
-1.5883477,-1.4196284
-1.5425401,-1.3824301
-1.513932,-1.3439611
-1.4904723,-1.3093071
-1.4755183,-1.2771714
-1.4442285,-1.244107
-1.4102116,-1.2118006
-1.385634,-1.1879086
-0.30141646,-0.21391478
-0.24913606,-0.15039438
-0.17737108,-0.086993694
-0.089152515,-0.02338314
-0.017693639,0.023922503
0.0661015,0.07751173
0.13709694,0.1352225
0.22412272,0.20862758
0.30389577,0.28239042
-0.99739593,-0.6013524
-0.9297594,-0.5500864
-0.86060095,-0.49130857
-0.79790384,-0.43275595
-0.7355687,-0.3686995
-0.6790387,-0.30194166
-0.60754526,-0.22610557
-0.54763347,-0.13818944
-0.48300076,-0.035426676
-3.0336335,-2.5964584
-2.8943284,-2.5214925
-2.7515647,-2.4452784
-2.612397,-2.3682501
-2.4832163,-2.2730691
-2.3539913,-2.174062
-2.2136898,-2.0722983
-2.1097238,-1.9789634
-2.010501,-1.8955045
-0.6633189,-0.37436438
-0.52043396,-0.25400063
-0.39908302,-0.103633374
-0.2777625,0.04123813
-0.14344193,0.13928455
-0.03582796,0.22532177
0.10071176,0.30184215
0.22547518,0.36678523
0.5223999,0.6927616
0.59280163,0.7557731
0.68942845,0.81192094
0.7999382,0.8860541
0.9071819,0.95944434
1.0160372,1.0239158
1.1220471,1.0847554
1.2883402,1.1481516
1.4928477,1.2125299
-0.81981117,-0.7773033
-0.7494824,-0.72091174
-0.6727189,-0.66936463
-0.5972439,-0.62680376
-0.5312118,-0.5917843
-0.4705131,-0.5574777
-0.4041389,-0.52633893
-0.34248695,-0.4988591
-0.28258082,-0.470552
-0.22481507,-0.42673606
-0.3513815,-0.8775011
-0.34287906,-0.832567
-0.33245862,-0.7783303
-0.32078496,-0.71910816
-0.30795917,-0.66046643
-0.2946847,-0.6079103
-0.28095004,-0.5607129
-0.26738966,-0.52264464
-0.25472945,-0.49177384
-0.24237546,-0.46045262
-1.2238343,-0.77833015
-1.1309323,-0.6924357
-1.0177045,-0.6233007
-0.9316626,-0.55433893
-0.83996016,-0.44881147
-0.7645448,-0.32231402
-0.67183024,-0.20867655
-0.594198,-0.12140787
-0.51588666,-0.04996425
-0.43638548,0.02251321
-0.360398,0.09064478
-0.288049,0.15598327
-0.2757122,-0.54675686
-0.24407233,-0.5071473
-0.21379013,-0.45087406
-0.176661,-0.40356642
-0.15467073,-0.3699739
-0.1286304,-0.3305121
-0.09064295,-0.2743971
-0.051166765,-0.22901192
-0.018900134,-0.19903904
0.010165142,-0.17583707
0.03936909,-0.15057856
-0.28563437,-0.5454705
-0.25168318,-0.49695367
-0.21930853,-0.45087406
-0.18706836,-0.40356642
-0.15422794,-0.36006352
-0.12201672,-0.3178932
-0.08937007,-0.2743971
-0.059796136,-0.23714978
-0.03004046,-0.20828712
-0.002315646,-0.18362617
0.027628727,-0.16193819
0.052505434,-0.1384021
-2.9663243,-2.1470418
-2.904993,-1.8724635
-2.8253047,-1.5855155
-2.7475572,-1.3217728
-2.6580005,-1.1343815
-1.5059705,-1.2233686
-1.4606699,-1.180213
-1.4182261,-1.1327361
-1.3698728,-1.0893612
-1.3274125,-1.0495679
-1.2859061,-1.0133476
-1.2407691,-0.97705597
-1.1971416,-0.93799764
-1.1494853,-0.89243716
-1.110019,-0.84678376
-1.5852479,-1.1761556
-2.3416119,-2.3643284
-2.295652,-2.3145368
-2.2574549,-2.26197
-2.2203028,-2.2057
-2.17667,-2.152342
-2.1389863,-2.0959113
0.3966036,0.4036991
0.46394414,0.49529296
0.55756104,0.57871825
0.64764804,0.66937095
0.747893,0.76211435
0.84975356,0.849171
0.93142307,0.93451554
1.0775428,1.0129669
1.184301,1.091044
0.059860423,-0.6850296
0.11047115,-0.63888025
0.15858011,-0.59344494
0.20589009,-0.54529387
0.25856844,-0.50344944
0.3103515,-0.4621107
0.36955142,-0.41187268
0.4295374,-0.34875342
0.49731877,-0.2867514
0.5654991,-0.22582212
-0.4735026,-0.5607691
-0.41425225,-0.50945395
-0.35897893,-0.46611392
-0.30800372,-0.42429155
-0.25263843,-0.3671673
-0.19489445,-0.30375063
-0.1390635,-0.24210289
-0.085129224,-0.1769611
-0.036521915,-0.116939515
0.82275575,0.5872094
0.8527759,0.62422544
0.8850641,0.65965253
0.9228887,0.69502145
0.9656426,0.72770673
1.0112107,0.7572594
1.0625392,0.78569907
-1.5505161,-2.1569848
-1.4027079,-2.0844488
-1.266396,-2.0117252
-1.1564779,-1.9351196
-1.0597326,-1.8606656
-0.9685807,-1.7929847
-0.879044,-1.7434402
-0.80055976,-1.6960337
-0.715206,-1.6501844
-2.3275948,-1.9081216
-2.2205915,-1.8453691
-2.0839522,-1.7848091
-1.9411128,-1.7206388
-1.8226013,-1.6446152
-1.710677,-1.5586596
-1.6022692,-1.4616005
-1.5043414,-1.3705904
-0.78360957,-1.0238887
-0.70937794,-0.9630376
-0.63564175,-0.9058305
-0.56432754,-0.85527486
-0.4847895,-0.8138001
-0.4051637,-0.7724426
-0.33199096,-0.72309804
-0.25499597,-0.66219974
-0.18745376,-0.5757617
-0.113643296,-0.48696363
-2.5678003,-1.5746541
-2.4504933,-1.5227745
-2.3545735,-1.4745345
-2.23928,-1.4265852
-2.123963,-1.370101
-2.03511,-1.3157651
-1.9376088,-1.2685704
-1.8424234,-1.2305608
-1.7470913,-1.1938641
-0.42928034,-0.6698217
-0.37485823,-0.61027515
-0.32745257,-0.5512094
-0.27760506,-0.4757948
-0.21787272,-0.39532268
-0.14900474,-0.3207988
-0.07119032,-0.25055882
-0.015905708,-0.17798227
0.0029723465,-0.5303207
0.088730946,-0.49348587
0.16961402,-0.45123136
0.24791846,-0.39848328
0.32999814,-0.34071833
0.4080352,-0.2668864
0.48271996,-0.18670422
0.5399178,-0.10836887
0.63173854,-0.047834814
0.70638,0.0063816905
0.7699252,0.05771482
-2.1063664,-0.74441373
-2.0289614,-0.7104417
-1.9633876,-0.6500479
-1.9059691,-0.59557974
-1.851748,-0.53644127
-1.7885722,-0.46728855
-1.739067,-0.42373383
-1.6827676,-0.37784436
-1.6332499,-0.33172446
-1.8820641,-1.5806444
-1.7671752,-1.5218053
-1.6152947,-1.4494596
-1.5221324,-1.4018886
-1.4018162,-1.3442681
-1.2913617,-1.2948327
-1.201544,-1.2527821
-1.0645692,-1.1971635
-0.97752213,-1.1603951
-0.3736516,-0.70785105
-0.3149286,-0.6813477
-0.258348,-0.6522208
-0.20941061,-0.6144624
-0.15337439,-0.5717133
-0.101798184,-0.52037627
-0.06680016,-0.4689239
-0.016736591,-0.41960788
0.017202077,-0.37539917
0.06128828,-0.32570565
0.015970303,-0.4041745
0.016873589,-0.3478782
0.01665278,-0.301589
0.017817406,-0.2613217
0.018834613,-0.22440755
0.020511651,-0.19085321
0.023767438,-0.16778228
0.027340304,-0.14602497
0.03154688,-0.127191
0.037136983,-0.11099583
0.13001682,0.0413149
0.19176216,0.15667957
0.24872774,0.24668634
0.31132615,0.34600514
0.3469608,0.45100194
-0.27219766,-0.7445378
-0.2543109,-0.66904855
-0.22477733,-0.60206604
-0.18500921,-0.54214036
-0.13926777,-0.48933768
-0.10618966,-0.44374555
-0.046280663,-0.40017313
-0.010818101,-0.3624608
0.039306212,-0.31972834
0.6583834,0.57105476
0.67134655,0.6450115
0.6927509,0.71735245
0.71313316,0.83762354
0.73698837,0.93992144
0.76407915,1.032644
-1.1337353,-1.2835275
-1.0902246,-1.2346613
-1.0205594,-1.1848671
-0.97258574,-1.1231773
-0.8986322,-1.0603755
-0.84079766,-0.99890697
-0.78888416,-0.9321936
-0.7308059,-0.84370726
-0.6877118,-0.7539597
-0.6456013,-0.65772873
-0.58699256,-0.564913
-0.5473867,-0.456374
-1.5104463,-1.6133962
-1.4690781,-1.534329
-1.4476334,-1.4740746
-1.3982933,-1.3624932
-1.3739605,-1.3107611
-1.3553274,-1.2571337
-1.3045616,-1.1758482
-1.2704564,-1.1450198
-3.186342,-2.1711268
-3.1234987,-2.0911334
-3.0623393,-2.0152469
-3.0011528,-1.9177647
-2.9413006,-1.8076148
-2.8830752,-1.6935363
-2.8252616,-1.5783532
-2.765616,-1.467254
-2.7084913,-1.3563409
-2.6493337,-1.2494358
-1.2263123,-2.2238774
-1.212406,-2.1824136
-1.2026048,-2.1486583
-1.1861454,-2.110569
-1.1726912,-2.0753853
-1.1575644,-2.0329304
-1.1433572,-1.9785733
-1.1262188,-1.8805428
-1.1163574,-1.7973039
-2.2714126,-2.1127937
-2.2039962,-2.0742903
-2.1403673,-2.0390935
-2.0821602,-1.9995396
-2.0272634,-1.9492512
-1.9726858,-1.8770072
-1.9218364,-1.7869551
-1.8744087,-1.6661797
-1.8303899,-1.5298426
-0.025402661,-0.30244172
0.048347954,-0.22622731
0.11880611,-0.13774303
0.17905706,-0.06249982
0.2391777,0.0027418733
0.29723057,0.05298239
0.3678465,0.09835577
0.44019264,0.14226538
-1.2503647,-2.6048887
-1.1884831,-2.333665
-1.1290323,-2.0598803
-1.0757458,-1.7813177
-0.99297965,-1.489043
-1.1883547,-1.7122035
-1.1209409,-1.6688905
-1.0507197,-1.6182761
-0.9875125,-1.5741642
-0.91828537,-1.5227436
-0.8564226,-1.4680662
-0.79552144,-1.4074149
-0.73715734,-1.341738
-1.8726025,-1.5690062
-1.7568825,-1.4524486
-1.6510472,-1.3275247
-1.5439541,-1.2138333
-1.4409899,-1.120337
-1.3480847,-1.0357208
-1.231098,-0.96207696
-1.1446682,-0.8952066
-1.0442442,-0.8243445
-0.20845681,-0.71430504
-0.37377027,-0.63295233
-0.47849178,-0.57080334
-0.5798354,-0.5377798
-0.68799686,-0.51370656
0.6003336,0.6736643
0.66875297,0.74478763
0.7078261,0.7853461
0.7711795,0.829012
0.8217983,0.8718057
0.881139,0.9109058
0.9567359,0.948
1.0243702,0.9867559
1.0940299,1.0313067
1.1883714,1.0711126
1.2466438,1.1141295
1.2975223,1.1590247
-1.4913749,-1.6820748
-1.3984971,-1.4595084
-1.3408438,-1.4039054
-1.2910501,-1.3558187
-1.2846953,-1.2585027
-1.184076,-1.2516139
-1.2232765,-1.2095554
-1.0928591,-1.1021479
-0.7760498,-0.33759546
-0.5802252,-0.24014539
-0.35082853,-0.14293694
-0.07106293,-0.05961913
0.1835555,0.03157735
0.41378245,0.118364036
0.73544616,0.20396811
-0.60863006,-0.8092873
-0.5976995,-0.78259796
-0.5867502,-0.7606524
-0.5758647,-0.74090785
-0.5648869,-0.7221793
-0.5534944,-0.7045842
-0.5420078,-0.68426484
-0.53022575,-0.66159946
-0.5187699,-0.6421014
-0.50708693,-0.6261468
-0.49538186,-0.61351347
-0.48382673,-0.6000645
-0.47200608,-0.5871235
-0.45967266,-0.5748478
-0.44795066,-0.55841786
-0.20072362,-0.31018662
-0.1882405,-0.29267448
-0.17610979,-0.27808726
-0.16435261,-0.26546174
-0.15289783,-0.25516132
-0.14186133,-0.24337265
-0.13015154,-0.23078462
-0.118240684,-0.21775621
-0.10600221,-0.20292902
-0.09399193,-0.18750715
-0.081994906,-0.17006963
-0.07082609,-0.14529675
-0.06025283,-0.123309195
-0.04741159,-0.102685094
-0.035809755,-0.082820475
0.07063916,0.088736475
0.11535343,0.15531904
0.15270557,0.22165483
0.19358447,0.288431
0.2326898,0.34513646
0.26696151,0.39640057
0.30571193,0.44903797
0.34366047,0.50699645
0.38588476,0.5729094
0.43141994,0.6358798
-0.84746087,-0.20618165
-0.76024085,-0.1417669
-0.7290931,-0.07294342
-0.6554441,-0.022686303
-0.5916396,0.032192707
-0.49395266,0.085683405
-0.4514631,0.13749743
-0.38026157,0.18812972
-0.3653873,-0.039030552
-0.32008985,-0.021182775
-0.27558768,0.00067692995
-0.23632044,0.027014434
-0.19691758,0.053255677
-0.15720774,0.08001298
-0.11713534,0.10450524
-0.07360889,0.13031846
-0.030141158,0.15669453
0.011138182,0.18678397
0.05295486,0.21823502
0.091220446,0.24687052
0.13568094,0.27685755
0.1773796,0.3021
0.22326453,0.32748997
-1.0946174,-0.893732
-1.037516,-0.84936845
-0.9734676,-0.8086782
-0.890612,-0.74840873
-0.83213896,-0.69481426
-0.7559759,-0.6215666
-0.69193906,-0.5579465
-0.6145479,-0.48500127
-0.55598444,-0.4245907
-0.48208642,-0.33256853
-0.41564992,-0.23282325
-0.7701191,-0.9099696
-0.7191189,-0.85546935
-0.6547784,-0.79230064
-0.5913884,-0.72485405
-0.5304381,-0.6571153
-0.47559166,-0.56277966
-0.40741742,-0.4430381
-0.3501218,-0.3274216
-0.2821032,-0.23263344
-1.4160618,-1.2511275
-1.2458354,-1.129567
-1.1238837,-1.0228592
-1.0115662,-0.9141765
-0.9176461,-0.8232962
-0.8306831,-0.74646795
-0.7528545,-0.6829058
-0.6706368,-0.61272794
-0.5945774,-0.5365731
-0.8521305,-0.76064724
-0.76972157,-0.70180583
-0.69514155,-0.6372747
-0.60925025,-0.5577768
-0.5206411,-0.48368448
-0.4241759,-0.42220968
-0.33251747,-0.3438835
-0.24689291,-0.2593789
-0.16023977,-0.16156474
-3.3337667,-2.6860123
-2.9226818,-2.469749
-2.7025187,-2.2797601
-2.489351,-2.090859
-2.3318214,-1.9351847
-3.306068,-3.2348344
-3.177795,-3.1787531
-3.0633373,-3.1140845
-2.9655306,-3.03752
-2.8746727,-2.9454494
-2.7866156,-2.8585606
-2.6978557,-2.7839737
-2.618652,-2.7160733
-2.537215,-2.6410704
-0.27766344,-0.14680785
-0.15034106,0.0052732825
-0.041436777,0.12698841
0.060746998,0.23333603
0.12703593,0.33617026
0.017142378,0.19169754
0.10015336,0.24267185
0.19305176,0.28921753
0.27799013,0.3422895
0.3609487,0.40647215
0.46014953,0.49334222
0.5429322,0.57194763
0.62612873,0.63076884
-0.36037463,-0.18422496
-0.2896454,-0.13077533
-0.22354293,-0.07816172
-0.1562219,-0.01306349
-0.08644432,0.04313296
-0.009515315,0.09185094
0.06543008,0.14587837
0.14114913,0.1985268
0.21847574,0.25298953
-2.298147,-2.982568
-2.2666543,-2.9408877
-2.228921,-2.8961592
-2.1868534,-2.8428164
-2.1461296,-2.7866957
-2.1075768,-2.7309654
-2.0586355,-2.6725862
-2.0063,-2.5999691
-1.9580766,-2.5315335
-1.9169594,-2.4793422
-0.40887654,-0.10512495
-0.36507636,-0.045577884
-0.3277088,0.005090773
-0.2757885,0.052320898
-0.21841007,0.10299307
-0.15226386,0.15487516
-0.0698983,0.20576465
0.052335795,0.25457132
0.14241698,0.30291528
-0.80837935,-0.8138133
-0.7457935,-0.72883415
-0.64475197,-0.6443079
-0.5618576,-0.5494076
-0.48563024,-0.45507702
-0.42385766,-0.36167294
-0.3572133,-0.2784371
-0.24991877,-0.19682983
-0.16355313,-0.12494928
-2.6140366,-2.6296349
-2.537676,-2.5871952
-2.4481828,-2.5560462
-2.3367946,-2.5270061
-2.2526412,-2.499417
-2.1830533,-2.4707692
-2.1308925,-2.442584
-2.0615997,-2.4092152
-1.9931976,-2.3580956
-1.1617445,-0.79856896
-1.0721287,-0.73126674
-0.9906926,-0.68291795
-0.8994647,-0.6364553
-0.8010794,-0.6026783
-0.7074657,-0.5711966
-0.63128954,-0.5362471
-0.5663076,-0.4941836
-0.49081784,-0.45793396
-0.635879,-0.5572872
-0.55864656,-0.5234407
-0.44304347,-0.48198107
-0.3677736,-0.43899357
-0.2981899,-0.38993847
-0.19007765,-0.3448491
-0.10211367,-0.31097692
-0.021203006,-0.27685246
0.16970497,-0.23599201
-0.3239606,-0.28397393
-0.27802134,-0.2235614
-0.22306588,-0.17457455
-0.17333665,-0.115415335
-0.12857911,-0.060771465
-0.084725946,-0.013599694
-0.028482296,0.032950103
0.029437674,0.07853907
0.08582413,0.12309927
-0.6282689,-0.5298146
-0.5357839,-0.46740505
-0.43173614,-0.414527
-0.3756832,-0.37487996
-0.31271726,-0.34558892
-0.22232614,-0.30948228
-0.13697867,-0.26448813
-0.06957082,-0.20605057
0.013135507,-0.11827788
0.07384619,-0.03950435
0.15883029,0.06972951
-0.016152157,-0.3556358
0.01365466,-0.29405755
0.045423973,-0.2252819
0.12206978,-0.1789639
0.16443373,-0.11705181
0.2126194,-0.042183578
0.21840385,0.034190297
0.2823615,0.10306805
0.3583295,0.16431695
0.4517725,0.22975814
-0.73993355,-0.498293
-0.70883113,-0.47535965
-0.67998064,-0.45193353
-0.6484684,-0.42940065
-0.61691636,-0.40749556
-0.5897024,-0.3872324
-0.5598697,-0.36960995
-0.5289187,-0.3536513
-0.49793097,-0.33671114
-0.46791348,-0.31688872
-0.43510276,-0.29623312
-0.4040632,-0.2740108
-0.37373343,-0.25185195
-0.34041286,-0.2291202
-0.3082993,-0.20148414
-2.5815418,-3.3192296
-2.4652605,-3.2545042
-2.3490102,-3.1897714
-2.2424018,-3.1224496
-2.1238525,-3.0535433
-2.037859,-2.9798057
-1.9441265,-2.91906
-1.8461759,-2.8613536
-1.7393366,-2.8093703
-1.6619849,-2.751774
-1.5801843,-2.695152
-2.6716363,-2.3506618
-2.6219568,-2.3061812
-2.5660427,-2.2561984
-2.5397696,-2.2040553
-2.4852765,-2.1492434
-2.4216394,-2.0958776
-2.342651,-2.04608
-2.31287,-1.9927914
-2.2500236,-1.9450564
-1.0762416,-1.2816849
-1.0426971,-1.2459325
-1.0081978,-1.2109705
-0.96963084,-1.1729059
-0.92791706,-1.1353309
-0.8900243,-1.0958765
-0.8511182,-1.0474322
-0.81819344,-0.9931614
-0.7816914,-0.9407762
-2.993031,-3.110956
-1.1564037,-1.7067783
-1.1170139,-1.6267698
-1.0801729,-1.5607257
-1.0460674,-1.4909906
-1.0133834,-1.3892953
-0.97924554,-1.2559557
-0.9509437,-1.1197367
-0.916064,-0.9905253
-0.88815033,-0.8627289
-2.1737888,-1.7153418
-2.1096487,-1.6901958
-2.0544708,-1.6635652
-1.9603617,-1.640665
-1.9218212,-1.6182795
-1.8521163,-1.5968468
-1.7928104,-1.5773523
-1.767699,-1.5561812
-1.7194465,-1.5352302
-1.1816562,-1.4468235
-1.1288099,-1.3659222
-1.071661,-1.2836576
-1.0138624,-1.1953423
-0.95021963,-1.1106529
-0.88083214,-1.0351293
-0.8148262,-0.95124567
-0.75257194,-0.8760203
-0.67957956,-0.8057045
-0.60941285,-0.7332519
-0.5392786,-0.6628373
-0.47050092,-0.59156376
-0.7443472,-0.93547183
-0.6640555,-0.83762777
-0.6202391,-0.7947264
-0.5730519,-0.73960674
-0.53426117,-0.7029168
-0.501968,-0.6699234
-0.46275452,-0.6282426
-0.41252178,-0.58461815
-0.37228557,-0.5566483
-0.32916963,-0.5259546
-0.28865406,-0.5019182
-0.24851532,-0.48357916
-0.19160073,-0.46259806
-0.1590804,-0.4482554
-0.11647198,-0.4334462
-0.07183206,-0.41102073
-0.028787466,-0.3909144
-1.0197219,-1.3193249
-0.97400117,-1.2561114
-0.8925383,-1.177887
-0.8042412,-1.1115911
-0.70075446,-1.0396655
-0.5802707,-0.958339
-0.4072054,-0.85504967
-0.2500951,-0.7716454
-0.07581667,-0.68508035
0.39810476,-0.09341386
-1.9955039,-1.0112311
-1.8892173,-1.3520117
-1.7676526,-1.2762437
-1.6770732,-1.2055873
-1.585746,-1.1364744
-1.5005535,-1.0741363
-1.4234132,-0.98818195
-1.3256729,-0.88192886
-0.81923884,-0.7784213
-0.76143754,-0.73495114
-0.7020347,-0.69413334
-0.62610304,-0.65380996
-0.5583582,-0.61523074
-0.47867352,-0.5702316
-0.3978903,-0.5326808
-0.32011777,-0.5084708
-0.23105466,-0.47991568
-0.14004338,-0.4487458
-2.9383342,-2.7717834
-2.8635197,-2.6845026
-2.7681537,-2.596338
-2.6789103,-2.5101025
-2.4660003,-2.429207
-2.2783136,-2.347107
-2.0229123,-2.2701766
-1.76007,-2.1347492
-1.4592737,-1.9968035
-1.7265366,-1.3245181
-1.5375739,-1.2337277
-1.3225518,-1.1347189
-1.1797016,-1.0417849
-1.0271649,-0.94648075
-0.8671017,-0.82374287
-0.71898896,-0.72873926
-0.56346565,-0.6361191
-0.41932103,-0.5463544
-0.27640268,-0.47641268
-2.082548,-1.8124027
-2.0535488,-1.7835369
-2.0043166,-1.7560475
-1.9604882,-1.7307858
-1.9210337,-1.6984065
-1.8703471,-1.6633162
-1.802391,-1.626967
-1.7506821,-1.5841353
-3.1832883,-3.4564328
-3.1096826,-3.3735306
-3.030955,-3.2909446
-2.9637964,-3.2063594
-2.8971934,-3.1260526
-2.8389392,-3.0606215
-2.7836154,-2.9973629
-2.7256796,-2.929566
-2.6548884,-2.864588
-1.6476109,-0.88178724
-1.5801529,-0.7701321
-1.4719467,-0.65781134
-1.3679078,-0.56169987
-1.2658075,-0.48341882
-1.1327047,-0.40843764
-1.0565432,-0.32377696
-0.96013564,-0.23893464
-2.2270715,-2.083899
-1.9773903,-1.9189932
-1.6928728,-1.7535694
-1.4665184,-1.5311513
-1.223088,-1.316278
-0.92588717,-1.0742068
-0.6223084,-0.8346849
-1.1578555,-1.2242229
-1.0700575,-1.1585832
-0.99947643,-1.1015129
-0.9465459,-1.0468376
-0.8989733,-0.99917597
-0.84942865,-0.956786
-0.7854422,-0.91409636
-0.72663087,-0.8684045
-0.6652323,-0.8131916
-0.6126085,-0.7562052
-1.06782,-1.2242229
-1.016881,-1.1585832
-0.9673432,-1.1015129
-0.9200773,-1.0468376
-0.8749041,-0.99917597
-0.83041185,-0.956786
-0.7930158,-0.91409636
-0.74836785,-0.8684045
-0.7068478,-0.8131916
-0.6726003,-0.7562052
-1.760441,-1.6811011
-1.6830455,-1.6291342
-1.5839239,-1.5712583
-1.439263,-1.4999137
-1.4142363,-1.4153564
-1.3318607,-1.3487251
-1.2514682,-1.2908502
-1.1738604,-1.2242067
-1.0948448,-1.1575496
-1.018311,-1.0931169
-0.96576256,-0.81954306
-0.8879737,-0.7476591
-0.81135255,-0.6759696
-0.7469373,-0.6063594
-0.640814,-0.53531826
-0.55736405,-0.46622297
-0.46507615,-0.40977675
-0.3862377,-0.36025083
-0.29970858,-0.3129207
-0.1758648,-0.2637868
-2.8571126,-2.0651379
-2.7511833,-1.9673183
-2.6191685,-1.8681297
-2.4994793,-1.7708426
-2.3594887,-1.6691408
-2.2378063,-1.5750103
-2.1274595,-1.4689825
-2.0074592,-1.3512893
-1.8844715,-1.2532804
-0.7794829,-0.71566284
-0.7102636,-0.6445123
-0.6274807,-0.5762969
-0.5499139,-0.5079958
-0.46848866,-0.43151394
-0.38470885,-0.36667368
-0.30132857,-0.31029296
-0.21301593,-0.24530184
-0.1390744,-0.16051042
-0.049697436,-0.074617445
-0.89154327,-0.6929527
-0.767742,-0.5586147
-0.6515492,-0.39808697
-0.48555928,-0.28576645
-0.40811723,-0.19150385
-2.5090835,-2.3572402
-2.4286063,-2.3086326
-2.3219802,-2.2678177
-2.2364576,-2.210922
-2.154792,-2.1484542
-2.062853,-2.0791795
-1.9701258,-1.9820406
-1.8743742,-1.8788059
-2.5441306,-2.5173
-2.519557,-2.4665208
-2.4907687,-2.4237168
-2.4680812,-2.387611
-2.4472823,-2.356048
-2.4310935,-2.3215935
-2.4147346,-2.2885573
-1.194362,-1.0099704
-1.118039,-0.95305985
-1.0647179,-0.8987344
-0.97265494,-0.83941746
-0.90338975,-0.77698445
-0.8123786,-0.67996305
-0.74372685,-0.61860484
-0.65800816,-0.538886
-0.5943496,-0.48212063
-0.50684917,-0.41369772
-0.43302092,-0.3616891
-2.1318436,-2.021236
-2.0767012,-1.972019
-2.0176065,-1.9226074
-1.9553988,-1.8660386
-1.8905468,-1.8061085
-1.8190795,-1.743537
-1.7422227,-1.6855538
-1.6886848,-1.6343112
-1.5881032,-1.587256
-1.6619973,-1.5249503
-1.5743405,-1.4415693
-1.496216,-1.3705455
-1.423909,-1.3003051
-1.3399423,-1.2392018
-1.2593837,-1.1760726
-1.181517,-1.1073997
-1.1072546,-1.0715252
-1.0303826,-1.0363863
-1.3616693,-1.3325945
-1.2870504,-1.2553363
-1.2046778,-1.1711836
-1.1240251,-1.0938668
-1.0584449,-1.0235902
-0.9864639,-0.9438312
-0.913493,-0.8446312
-0.8299326,-0.74843395
-0.7674467,-0.66696614
-1.9017041,-1.6816218
-1.846375,-1.5896285
-1.7674564,-1.4926791
-1.7013992,-1.3954623
-1.6490504,-1.2856004
-1.5980617,-1.1621189
-1.5075384,-1.0686468
-1.4188762,-0.9818312
-1.3129635,-0.8996637
-1.0948659,-1.1090605
-1.0049839,-1.0306875
-0.91238356,-0.966447
-0.81259567,-0.9074885
-0.71406794,-0.8336481
-0.61638004,-0.7194751
-0.512969,-0.6235291
-0.41993335,-0.5368972
-0.32298046,-0.45919284
-2.183103,-2.0631332
-2.0230856,-1.9453795
-1.8388704,-1.8420768
-1.7130582,-1.727927
-1.5571288,-1.6501751
-2.2811573,-2.0455725
-2.135983,-1.9643512
-2.02351,-1.885273
-1.8465872,-1.8129714
-1.7872651,-1.7451589
-1.6835419,-1.6756041
-1.6153033,-1.6002457
-1.5634178,-1.5356193
-1.4830059,-1.4809506
-0.7657309,-0.54570484
-0.7023442,-0.4580258
-0.62247753,-0.3775074
-0.5143957,-0.2966814
-0.4259496,-0.2114361
-0.35854766,-0.13051826
-0.2890694,-0.056512177
-0.2156779,0.0072439313
-0.15807796,0.05623442
-1.6038053,-1.4718976
-1.4580144,-1.3544576
-1.3346618,-1.2380707
-1.2089034,-1.1327732
-1.0701777,-1.0318521
-0.94918174,-0.93140554
-0.8191748,-0.8312229
-0.69393814,-0.7135931
-0.57473385,-0.5950008
-2.228107,-2.0544686
-2.0565298,-1.9607089
-1.9279658,-1.875495
-1.8237289,-1.8132784
-1.7015699,-1.7525678
-1.5834103,-1.6909921
-1.4702612,-1.636116
-1.3489705,-1.5784225
-1.2329401,-1.5249588
-2.7292469,-2.7248843
-2.6377404,-2.6615345
-2.5541167,-2.5944498
-2.4690006,-2.545835
-2.3867416,-2.5069883
-2.3214421,-2.4701397
-2.2523112,-2.4460065
-2.1859124,-2.421971
-2.1199758,-2.3971992
-1.9062612,-2.4124954
-1.904288,-2.337389
-1.8025554,-2.2648637
-1.7290968,-2.2071738
-1.6064835,-2.1473691
-1.4876622,-2.083058
-1.3887367,-2.0127146
-1.2928326,-1.9410326
-1.1853346,-1.8692498
0.0071277404,-0.35144347
0.03706661,-0.27959794
0.052846625,-0.2144242
0.096451364,-0.14426422
0.13312984,-0.074243605
0.16017127,-0.016347408
0.18090409,0.032043397
0.21931407,0.078550875
0.24994293,0.12248546
-1.4136735,-1.3536046
-1.2983637,-1.2621503
-1.190489,-1.1493847
-1.085398,-1.0482252
-0.94977874,-0.91869175
-0.81439227,-0.76328343
-0.68806165,-0.6026269
-0.52487826,-0.42666683
-0.3422407,-0.2530438
-3.3868005,-2.6017988
-3.2615156,-2.5223851
-3.1478162,-2.4534976
-3.044819,-2.393805
-2.9341254,-2.3252378
-2.819836,-2.250726
-2.7095497,-2.1795983
-2.6076994,-2.109851
-2.5244446,-2.0481858
-0.8368338,-0.8454251
-0.75833124,-0.78113735
-0.70633096,-0.72924286
-0.6356678,-0.68816
-0.5811066,-0.6555118
-0.5090587,-0.61112267
-0.44261172,-0.5699434
-0.37685895,-0.49992773
-0.30810136,-0.41863325
-0.25541764,-0.3441035
-0.16762793,-0.18859857
-2.5599282,-2.1497786
-2.3520725,-2.1018317
-2.1722775,-2.0497842
-2.035897,-1.9977052
-1.9067702,-1.9449484
-1.7680663,-1.8768058
-1.6252922,-1.8192501
-1.4860142,-1.7684541
-1.3492714,-1.7094865
-1.2157618,-1.6467397
-1.0945145,-1.583451
-2.6964655,-1.074547
-2.6356475,-1.0517426
-2.5560627,-1.0198073
-2.4711313,-0.9835867
-2.3987017,-0.94836557
-2.3217096,-0.89802957
-2.2574675,-0.8550097
-2.1954927,-0.81171805
-2.130624,-0.7595064
-2.0502996,-1.9135308
-1.9511695,-1.8443353
-1.8796718,-1.7835369
-1.805689,-1.7307858
-2.5759404,-2.6585653
-2.4994366,-2.5701213
-2.3952224,-2.4849439
-2.2824533,-2.3937397
-2.1642125,-2.3119311
-2.041184,-2.226648
-0.9183081,-1.2769246
-1.3217814,-1.570729
-2.096804,-1.6807561
-2.0109448,-1.6097639
-1.9133402,-1.548101
-1.7852039,-1.4891601
-1.63842,-1.4129677
-1.5115561,-1.3431302
-1.3890755,-1.2568073
-1.2732961,-1.1646104
-1.1739498,-1.0781351
-1.686068,-0.40504768
-1.5666804,-0.30881125
-1.4615345,-0.19777077
-1.3633995,-0.111438334
-1.3147832,-0.040722787
-1.2462133,0.034612477
-1.1499959,0.111043274
-1.0670216,0.1832425
-0.3037795,-0.31688142
-0.20642103,-0.20142862
-0.10850229,-0.08611238
-0.018847143,0.013161778
0.07031907,0.09304726
0.15429519,0.15295714
0.23814365,0.21338016
0.3119825,0.26988077
0.3828866,0.32408488
0.4536709,0.38133186
0.3988943,-0.15886438
-3.4900162,-3.5301864
-3.4128199,-3.4634483
-3.3479986,-3.4013393
-3.2932384,-3.3377573
-3.1594424,-3.212466
0.30609718,0.23883468
0.32670477,0.30990618
0.3465085,0.36450785
0.36857727,0.418786
0.39604354,0.5242794
-0.7330401,-1.0076991
-0.6976041,-0.9478649
-0.658444,-0.90034044
-0.62076944,-0.84959066
-0.57170284,-0.8015114
-2.568792,-2.4930282
-2.4972324,-2.4402025
-2.4092107,-2.3864384
-2.3228824,-2.3143122
-2.248347,-2.2449272
-2.1770291,-2.1808646
-2.102296,-2.1121604
-2.0230768,-2.0401032
-1.4201168,-1.6590664
-1.3854936,-1.5742068
-1.3300757,-1.4969344
-1.2814155,-1.4319894
-1.230128,-1.3819273
-1.7475064,-1.8162293
-1.6347032,-1.7422144
-1.5205299,-1.6679585
-1.4113673,-1.5775833
-1.3086085,-1.4770458
-1.0173938,-0.8611246
-0.91636425,-0.8072602
-0.81837434,-0.742504
-0.77132213,-0.6958449
-0.7067515,-0.64579016
-0.6252202,-0.5963777
-0.5364572,-0.52852434
-0.4821592,-0.45842746
-0.42207614,-0.39961684
-0.54332095,-0.6747028
-0.45202866,-0.46375328
-0.36034355,-0.29889455
-0.25319138,-0.1701634
-0.1405333,-0.06865269
-0.04032478,0.019820035
0.053162884,0.09785968
0.13678418,0.1603468
0.22040406,0.21515507
0.2917185,0.26353037
-1.448708,-1.6884532
-1.3981296,-1.5990365
-1.3430746,-1.5261655
-1.2838997,-1.4646285
-1.2222835,-1.4041674
-1.164897,-1.3433068
-1.1168948,-1.2867085
-1.0606657,-1.2372663
-0.9900913,-1.188683
-2.4991393,-2.323773
-2.3950374,-2.2577503
-2.1900682,-2.0832257
-2.10037,-2.0241976
-2.0150497,-1.945924
-1.7959085,-1.7776768
-1.592801,-1.6185048
-1.5045913,-1.5608788
-1.4438034,-1.5241053
-1.2541702,-1.3890455
-1.5799463,-1.6133413
-1.5554428,-1.5479398
-1.5135045,-1.477351
-1.4815046,-1.4119368
-1.3997709,-1.3628536
-1.331959,-1.3125124
-1.2479193,-1.2506607
-1.1674036,-1.1881394
-1.1090995,-1.1291206
-1.0591189,-1.0727173
-0.97136915,-1.0217496
-1.091897,-1.0008819
-0.9936345,-0.9318011
-0.8940214,-0.85238194
-0.77642715,-0.7549701
-0.6641201,-0.6472301
-0.5538115,-0.5510538
-0.4470201,-0.47881028
-0.345342,-0.40627217
-0.24257116,-0.3408773
-0.9310869,-1.069584
-0.7878807,-0.9814477
-0.6551605,-0.8948378
-0.5188106,-0.79697454
-0.399537,-0.6702007
-0.2857365,-0.54244554
-0.1584557,-0.41010225
-0.056553774,-0.27692977
0.039967656,-0.17015815
-2.0740926,-1.9340844
-1.9484631,-1.7586198
-1.7061123,-1.5059819
-1.4082093,-1.3261268
-1.0025244,-1.168881
0.39351723,-0.8021062
0.4330383,-0.76853555
0.4984287,-0.69894195
0.56141025,-0.6358224
0.6187459,-0.55908275
0.6690423,-0.49664384
0.714178,-0.4282948
0.75527793,-0.3692551
0.7915013,-0.3089238
-1.8433671,-1.945107
-1.8300877,-1.8600492
-1.7888176,-1.7923961
-1.7471638,-1.7392576
-1.7053531,-1.688839
-1.6566472,-1.6424158
-1.6158212,-1.5956476
-1.5738378,-1.5391616
-1.5044571,-1.4782268
-1.9577851,-2.1957457
-1.7102604,-2.1472008
-1.5865533,-2.095139
-1.4541497,-2.0396404
-1.3131467,-1.975955
-1.1775411,-1.889826
-1.0714492,-1.7881536
-0.9476985,-1.6938324
-0.84015775,-1.6097729
-0.7475293,-0.6956791
-0.71354544,-0.6105681
-0.6063307,-0.54752314
-0.5144198,-0.48019236
-0.41006383,-0.4141665
-0.3123221,-0.32765162
-0.20884354,-0.2299603
-0.13082878,-0.16250134
-0.03762826,-0.10827196
-1.543892,-1.5591648
-1.4796008,-1.4855266
-1.3766367,-1.4156392
-1.2832797,-1.3414297
-1.2183181,-1.2620491
-1.1314912,-1.1817143
-1.0704532,-1.0971351
-0.960628,-0.9779656
-0.86633795,-0.83332324
-3.1767986,-3.029476
-3.023903,-2.9634192
-2.8802722,-2.9015715
-2.7604287,-2.8437057
-2.54301,-2.7253945
-2.974023,-2.0648136
-2.5571442,-1.9738541
-2.3847046,-1.8869402
-2.1051843,-1.8051374
-1.9921641,-1.7202518
-1.8477719,-1.6294367
-1.7403243,-1.5356705
-1.6399214,-1.4391525
-1.5322433,-1.3486907
-2.4857688,-2.9329484
-2.440844,-2.7999706
-2.3581588,-2.6910322
-2.230508,-2.6232913
-2.111682,-2.5646856
-2.4257517,-1.9865139
-2.2556388,-1.9223065
-2.0908947,-1.8597176
-1.9318477,-1.800533
-1.8069528,-1.7410924
-1.6705345,-1.6859539
-1.4845397,-1.6293781
-1.344492,-1.5698247
-1.2084861,-1.5119607
-2.0416594,-2.053015
-1.908209,-1.9466331
-1.7912903,-1.8432467
-1.6931748,-1.750474
-1.5855635,-1.6771774
-1.6882907,-1.9168208
-1.5996583,-1.846359
-1.5017846,-1.7698891
-1.3783922,-1.6914957
-1.2815629,-1.5970984
-1.1983725,-1.500632
-1.118481,-1.4057428
-1.0097456,-1.3077259
-0.9022436,-1.2215331
-0.79405016,-1.1416087
-1.250804,-1.1751268
-1.1923884,-1.0681257
-1.120788,-0.95960355
-1.0661098,-0.84014034
-1.0273242,-0.73210573
-3.4638586,-3.4713423
-3.422574,-3.415847
-3.353607,-3.3593638
-3.3304741,-3.2994342
-3.287641,-3.233291
-3.183225,-3.1618574
-3.1011624,-3.097286
-3.0166693,-3.0420823
-2.9419532,-2.9964154
-2.8601506,-2.931589
-2.769403,-2.8640654
-2.4091756,-1.9720592
-2.2995763,-1.8869402
-2.186923,-1.8034308
-2.0835285,-1.7202518
-1.9756132,-1.6294367
-1.8256743,-1.5356705
-1.7293857,-1.4391525
-1.6036073,-1.3486907
-1.5257583,-1.2634759
-1.3570824,-1.7132132
-3.5074294,-2.7808826
-3.274462,-2.5987053
-3.0460842,-2.4287722
-2.8482711,-2.2556787
-2.6564646,-2.0993464
-2.4713547,-1.9596877
-2.3600655,-1.8110518
-4.152502,-3.9256966
-3.9403586,-3.820585
-3.8170521,-3.7199888
-3.5814245,-3.5700753
-3.448608,-3.445527
-3.7200835,-4.036745
-3.5878484,-3.9416444
-3.4605796,-3.8441281
-3.3785346,-3.708019
-3.28165,-3.6083536
-0.42107055,-0.3826026
-0.20908017,-0.26792955
0.016854923,-0.1618216
0.28191373,-0.05379176
0.5869369,0.08696467
0.8593738,0.24925804
1.3821313,0.39503986
-5.971502,-4.8037972
-5.6499915,-4.69392
-5.5424,-4.578238
-5.472002,-4.4583135
-5.297151,-4.346292
-5.0972137,-4.2350245
-5.039573,-4.1231456
-4.9075265,-4.0124073
-4.797257,-3.9040382
-3.4909298,-4.150769
-3.3656468,-4.0513587
-3.2821531,-3.951925
-3.1933758,-3.8489456
-3.107697,-3.7375288
-2.6847796,-3.3913376
-2.5700974,-3.282204
-2.4621747,-3.1661973
-2.3440797,-3.0515132
-2.2450929,-2.9446013
-2.9310887,-3.1207764
-2.8798697,-3.0159729
-2.8344707,-2.913406
-2.79395,-2.8141067
-2.738939,-2.712343
-2.6908083,-2.6156497
-2.6481276,-2.523279
-2.5968914,-2.4295976
-2.5752482,-2.3323634
-2.5219924,-2.2338688
-4.6435027,-3.0081747
-4.547544,-2.9112966
-4.47198,-2.811919
-4.387389,-2.705928
-4.3043895,-2.6087372
-0.8155242,-2.3863676
-0.79837817,-2.245351
-0.7714292,-2.1197953
-0.7367615,-2.0049095
-0.6997519,-1.8939478
-0.66439605,-1.786298
-0.62469894,-1.6843517
-0.58600014,-1.5852406
-0.539875,-1.4787068
-0.48770413,-1.3654759
-4.519326,-4.400217
-4.35283,-4.1652646
-4.144562,-3.856292
-3.9641588,-3.5412323
-3.7885916,-3.270978
-1.413825,-2.0483243
-1.3047436,-1.9568841
-1.1818244,-1.8639505
-1.1054463,-1.7693927
-1.0055227,-1.6818779
-0.9170448,-1.5909429
-0.808954,-1.4835057
-0.67377365,-1.3759649
-0.5577967,-1.2853109
-0.54119205,-1.8686795
-0.5158079,-1.7287946
-0.45948556,-1.5685177
-0.40034658,-1.413342
-0.3523224,-1.2698483
-0.29941934,-1.1048667
-0.24696597,-0.9286083
-0.20085251,-0.7729385
-2.6389723,-2.4599013
-2.5933352,-2.346416
-2.5467255,-2.2292373
-2.4825785,-2.1302202
-2.4187787,-2.0448825
-2.325765,-1.9488904
-2.2349715,-1.861901
-2.1387265,-1.7913835
-2.0570672,-1.7194202
-2.372457,-1.8453467
-2.2538457,-1.7279742
-2.1152062,-1.6008518
-1.9954662,-1.4758677
-1.8799846,-1.3461432
-1.7699802,-1.2245247
-1.6631593,-1.1132088
-1.5485553,-1.0079403
-1.4743173,-0.9107578
-3.4944434,-3.678855
-3.2881956,-3.5679517
-3.1629033,-3.455532
-2.9923513,-3.3387945
-2.863904,-3.2127516
-2.7437875,-3.0829415
-2.6146934,-2.9438298
-2.5123887,-2.78596
-2.4121482,-2.6173298
-2.2659888,-2.435264
-1.9853402,-1.4361161
-1.9199108,-1.2880297
-1.8314071,-1.1495483
-1.7346205,-0.9854123
-1.6691418,-0.8629272
-2.7639804,-1.7666476
-2.6582313,-1.64538
-2.54006,-1.4925013
-2.3964176,-1.3284724
-2.3014793,-1.2252569
-2.767859,-2.4703476
-2.6861675,-2.4210682
-2.594513,-2.3712995
-2.5011294,-2.2993329
-2.411058,-2.2404463
-4.3908987,-3.5537796
-3.3765054,-1.7356625
-3.9431567,-1.4669588
-1.188982,-1.7740908
-1.047181,-1.5830302
-0.94432986,-1.3950741
-0.8316642,-1.2126772
-0.7455782,-1.0490683
-0.6508122,-0.9083743
-0.5402461,-0.78194946
-0.43144688,-0.6412786
-0.32985997,-0.473404
-0.22757468,-0.31339476
-0.12905785,-0.19589102
-2.9841664,-2.774817
-2.9190207,-2.706321
-2.8620234,-2.650256
-2.8302073,-2.621159
-2.8004477,-2.591359
-2.7465022,-2.5430896
-2.694487,-2.4943852
-2.635923,-2.4424362
-2.5951636,-2.4037068
-2.5544987,-2.3671997
-1.9379992,-2.0842059
-1.7830079,-1.8265729
-1.6817576,-1.6427929
-1.6180105,-1.4695184
-1.5400493,-1.3208184
-1.4873775,-1.1688192
-1.4155871,-1.042127
-1.335762,-0.9624596
-2.1458056,-1.596245
-1.8333198,-1.4894645
-1.464118,-1.3118327
-1.2472702,-1.1937604
-0.9812655,-0.99700904
-0.7683311,-0.78405064
-4.270729,-5.095898
-4.206809,-4.9791436
-4.165313,-4.8612657
-4.119702,-4.7568445
-4.0887427,-4.6440167
-4.070005,-4.5316224
-4.0382714,-4.422335
-4.0203905,-4.310743
-3.989361,-4.19767
-4.4450855,-4.829789
-4.354329,-4.7101026
-4.2536416,-4.593397
-4.178923,-4.477816
-4.082799,-4.361953
-4.4225316,-5.0453124
-4.3454657,-4.9535565
-4.271028,-4.8615174
-4.198005,-4.768272
-4.129383,-4.6695495
-3.7371924,-3.8012142
-4.522621,-4.335736
-4.6767387,-4.6235676
-4.6508713,-4.5607805
-3.3009653,-3.8075712
-0.63003445,-0.6682787
-0.4810901,-0.5749539
-0.3874285,-0.53560907
-0.21240366,-0.44040602
-0.03201595,-0.3540682
0.073829174,-0.29049772
0.19833478,-0.22316262
0.33989218,-0.15966284
0.40766275,-0.13470164
0.5563189,-0.08552098
0.6649196,-0.05731249
0.77671033,-0.00842911
0.9085953,0.044903517
1.0373607,0.10565513
1.2630928,0.21258199
1.4151896,0.27912503
1.6530257,0.3445025
-2.6567798,-1.347735
-2.5413888,-1.2746425
-2.4330614,-1.1673255
-2.2597544,-1.0542231
-2.2280445,-0.9688779
-1.0800325,-0.66955835
-2.5029356,-1.5344925
-2.3231893,-1.4267387
-2.1539207,-1.3254988
-2.0038784,-1.2219243
-1.8146383,-1.13988
-1.6783803,-1.0753231
-1.4964677,-1.0242175
-1.3452233,-0.9775508
-1.1845741,-0.93224823
-1.0559502,-0.89687467
-2.202047,-1.0497147
-1.9148246,-0.95523715
-1.5308036,-0.8698861
-1.2136202,-0.79523015
-0.93807364,-0.7260871
-0.7523724,-0.65632737
-0.5961217,-0.58816993
-0.43465054,-0.527123
-0.24802783,-0.46730015
-0.73793167,-1.0199914
-0.64118767,-0.9344661
-0.50695175,-0.82989395
-0.4148019,-0.73763895
-0.3093421,-0.6528346
-0.19203106,-0.56627643
-0.090412915,-0.4782483
0.0041102027,-0.3897384
0.09703063,-0.29533783
0.22847572,-0.20387572
-1.5392823,-0.6514873
-1.4201078,-0.5382915
-1.3398643,-0.48645216
-1.2780422,-0.4342004
-1.0863657,-0.3461917
-1.9257786,-0.49147075
-1.8621794,-0.37444466
-1.8242126,-0.33343428
-1.7732033,-0.29169294
-1.691161,-0.20773387
-0.60084903,-1.3606193
-0.57175916,-1.2943248
-0.5304773,-1.2338259
-0.4966709,-1.1820462
-0.4556724,-1.1199872
-0.426854,-1.0538443
-0.39890647,-0.97876585
-0.36636254,-0.91614753
-0.33791274,-0.8640613
-0.14598778,-0.71252936
-0.10219917,-0.5550378
-0.059903707,-0.45716923
-0.031857092,-0.4210698
-0.0034424395,-0.38955688
0.0248601,-0.34941548
0.04267423,-0.32319823
0.07072958,-0.28629577
0.08951836,-0.26754296
0.12060594,-0.23574781
0.15688486,-0.20159644
0.19579229,-0.16397366
-1.114449,-1.3099341
-1.0244048,-1.207186
-0.95321935,-1.0775001
-0.85042673,-0.93686104
-0.7637258,-0.82688284
-0.6978484,-0.7450394
-0.5917137,-0.6739478
-0.49400955,-0.609795
-1.177179,-1.2813458
-1.107544,-1.2190349
-1.041296,-1.1406937
-0.97169656,-1.0544683
-0.9072753,-0.9667951
-0.8464077,-0.90317994
-0.78825593,-0.85256445
-0.7299554,-0.80884314
-0.6738752,-0.77457786
-0.61981165,-0.7407413
-3.0437012,-2.7214248
-2.975505,-2.631518
-2.8711734,-2.5444217
-2.8050869,-2.4505816
-2.7195745,-2.353828
-2.6397607,-2.2632165
-2.5586047,-2.169208
-2.4499304,-2.0637088
-2.3428895,-1.9572287
-2.264552,-1.8470366
-0.42262125,-0.8750931
-0.39900157,-0.83349943
-0.3690578,-0.79181683
-0.3393639,-0.7456425
-0.3083478,-0.70009536
-2.1746418,-2.0314562
-2.0045283,-1.9812269
-1.844848,-1.9220378
-1.6906513,-1.8626859
-1.5942606,-1.8056262
-2.118081,-2.09077
-1.9670442,-2.008098
-1.826327,-1.9320483
-1.7139487,-1.8606694
-1.6127701,-1.7923474
-1.2620978,-1.2669504
-1.1778642,-1.2057796
-1.1056819,-1.1436555
-1.0519332,-1.0869284
-0.99966496,-1.026078
-3.3417764,-2.2512548
-3.3329563,-2.1880136
-3.267609,-2.1308928
-3.285099,-2.0780165
-3.2646718,-2.020585
-0.4700548,-0.10749668
-0.39184198,-0.019417346
-0.3008325,0.058385193
-0.19858816,0.12911683
-0.09897839,0.1880688
-0.022790466,0.23678988
0.041733235,0.2773742
0.11726119,0.315969
0.19961058,0.35356998
-3.0700953,-2.579537
-2.9872801,-2.506517
-2.9142897,-2.434764
-2.8420038,-2.3648598
-2.7716966,-2.2980785
-2.7127278,-2.2347195
-2.654486,-2.1664808
-2.599753,-2.0951254
-2.5495675,-2.014751
-2.4959052,-1.9327583
-1.3717942,-1.221617
-1.3039831,-1.1245848
-1.2292043,-1.0199547
-1.14531,-0.920485
-1.0683166,-0.83794534
-0.9898051,-0.76575375
-0.9182908,-0.71430176
-0.8475231,-0.6763568
-0.78384244,-0.64078754
-0.7193364,-0.60494775
-3.5059206,-3.044955
-3.4234052,-2.9594321
-3.3543153,-2.8699894
-3.2853568,-2.7778428
-3.2203712,-2.6829188
-3.1594849,-2.5851521
-3.10654,-2.4781892
-3.0499482,-2.372976
-3.0003726,-2.2637856
-2.9455726,-2.1546118
-2.6369886,-2.525148
-2.552042,-2.4359946
-2.4781256,-2.3630137
-2.4059265,-2.2873602
-2.3392777,-2.2080684
-2.2842395,-2.121405
-2.2314858,-2.031002
-2.1795769,-1.9398601
-2.1300924,-1.8494735
-2.0832446,-1.7565918
-2.6898553,-1.5566127
-2.6239176,-1.4714415
-2.5522728,-1.3941131
-2.4842117,-1.3004777
-2.4057033,-1.1945598
-2.3317518,-1.0940567
-2.2544487,-1.0043168
-2.1873267,-0.906843
-2.1204689,-0.8263731
-2.0511105,-0.75231975
-2.178735,-2.2170963
-2.1581528,-2.131856
-2.1301377,-2.0444925
-2.0981002,-1.9680209
-2.069369,-1.8993413
-2.03922,-1.8225157
-2.007263,-1.737226
-1.9726344,-1.6422834
-1.9387593,-1.5424836
-2.2776723,-1.6827092
-2.2283216,-1.588259
-2.1877055,-1.5026195
-2.1382434,-1.421195
-2.0844445,-1.3432434
-2.0351763,-1.2740825
-1.9798155,-1.2133567
-1.9450362,-1.1549702
-1.8883356,-1.0991356
-1.8378791,-1.0447588
0.28906816,-0.55182695
0.36932775,-0.4993893
0.41539645,-0.44152954
0.47921422,-0.37725192
0.5110384,-0.3087545
0.56120896,-0.2423203
-1.2930754,-1.2063813
-2.5636559,-1.5977128
-2.4653864,-1.5286379
-2.363605,-1.4674654
-2.2511165,-1.4087981
-2.151357,-1.3516774
-2.0600863,-1.2915895
-1.9656326,-1.2169001
-1.8787549,-1.1355968
-1.7902919,-1.0559602
-1.7094604,-0.9781306
-2.6383357,-2.6477034
-2.5105693,-2.5928302
-2.381428,-2.53933
-2.2634816,-2.4831676
-2.1472056,-2.4241738
-2.0402358,-2.3622136
-1.9396052,-2.2913525
-1.8432513,-2.2194567
-1.749001,-2.149646
-1.655821,-2.073271
-1.8309685,-1.954638
-1.7569054,-1.8180637
-1.6780757,-1.698313
-1.603588,-1.5846877
-1.5241866,-1.4632831
-1.4572307,-1.3569179
-1.3760996,-1.2609296
-1.3026441,-1.1808059
-1.2226977,-1.117926
-1.1375079,-1.050498
-1.222,-0.98324037
-1.1782489,-0.9248986
-1.1225389,-0.8661176
-1.0617561,-0.79490834
-0.99149936,-0.72323525
-0.915595,-0.65437716
-0.85812134,-0.59631306
-0.78466266,-0.5419714
-0.7082166,-0.4866261
-0.64216024,-0.4255045
-2.1581683,-1.3378942
-2.1078892,-1.2844644
-2.0195827,-1.235004
-1.9246624,-1.1793671
-1.837506,-1.1021492
-1.7600671,-1.0349075
-1.7018679,-0.96669376
-1.6362863,-0.88116264
-1.5900174,-0.7973591
-1.5411917,-0.7264514
-1.4878539,-1.2780509
-1.3836808,-1.1854365
-1.2955999,-1.094104
-1.185382,-1.0000492
-1.0890776,-0.9103716
-0.98804957,-0.8219529
-0.8800233,-0.7372432
-0.78100365,-0.67051995
-0.6750607,-0.6186662
-0.5479318,-0.5715327
-3.02333,-3.0175898
-2.9028032,-2.865206
-2.7856255,-2.72272
-2.699094,-2.5796654
-2.6035998,-2.429638
-0.85418123,-1.6219544
-0.70672125,-1.5188818
-0.5755258,-1.409111
-0.47720355,-1.2931085
-0.3969786,-1.1973128
-0.3256736,-1.1069317
-0.26441005,-1.0088975
-0.22558129,-0.90334296
-0.18985674,-0.8269893
-0.16300337,-0.7563435
-1.6467623,-1.3075693
-1.5218818,-1.2526689
-1.4390919,-1.2009759
-1.3444436,-1.1477809
-1.2557943,-1.0847347
-1.1191874,-1.0365434
-0.99008125,-0.99411047
-0.9297783,-0.9500575
0.25135413,-0.17035365
0.27310655,-0.14620084
0.29601312,-0.12100366
0.3171156,-0.09724772
0.3376613,-0.076565385
0.36131865,-0.05523342
0.38427275,-0.034087002
0.40752938,-0.012323856
0.42885008,0.007692635
0.45199928,0.025696695
0.47457755,0.045092165
0.49695665,0.06482297
0.52026093,0.0853976
0.5444022,0.10546428
0.57044715,0.12519675
-0.4523848,-0.294216
-0.43295428,-0.27710384
-0.4139964,-0.25785643
-0.3941451,-0.23831284
-0.37377962,-0.21800959
-0.35444948,-0.19609314
-0.33461115,-0.17392522
-0.31545767,-0.15337652
-0.2959834,-0.13406435
-0.2760313,-0.11420873
-0.2567714,-0.094191015
-0.23771928,-0.07410085
-0.2176381,-0.05486262
-0.19842696,-0.035733283
-0.17908777,-0.017089546
-1.2190367,-0.63161254
-1.1468127,-0.59444046
-1.0667386,-0.5532003
-0.9998851,-0.5129162
-0.9327021,-0.47690272
-0.8479509,-0.44187248
-0.7762228,-0.4120131
-0.7130798,-0.38062227
-0.64452976,-0.34577864
-0.46120855,-1.089914
-0.41374198,-1.038055
-0.3644495,-0.9910629
-0.30143806,-0.9308968
-0.24280062,-0.87512314
-0.18760538,-0.82699466
-0.13727112,-0.78027666
-0.08075399,-0.7430341
-0.021677004,-0.7067764
0.045094796,-0.66962737
-0.45224607,-0.5108981
-0.4270292,-0.45480227
-0.39654168,-0.40413845
-0.3685556,-0.35040388
-0.33719462,-0.29323828
-0.3124173,-0.24502772
-0.28615203,-0.20047843
-0.25816876,-0.15311202
-0.2339342,-0.115498334
-0.20943381,-0.079499006
0.013919727,-0.62619925
0.032374702,-0.5603102
0.048037056,-0.500467
0.064753726,-0.441544
0.080241375,-0.38834316
0.095072754,-0.33808005
0.11081245,-0.28938317
0.12718543,-0.24603257
0.14060006,-0.20487761
0.15352981,-0.16194308
-2.5721102,-1.0893177
-2.454897,-1.0236462
-2.3893635,-0.97248244
-2.309851,-0.91731167
-2.2450783,-0.862826
-2.1750126,-0.81334186
-2.101997,-0.774987
-2.0256915,-0.73676735
-1.9533268,-0.69988513
-1.8802075,-0.6611151
0.14860305,-0.4754376
0.12845743,-0.29853645
0.56324464,0.20290577
0.591514,0.24812692
0.6286594,0.29001278
0.65936315,0.33024347
0.6978886,0.36880165
0.7368109,0.4009363
0.7835881,0.42730093
0.820399,0.45507866
0.8706727,0.48342258
0.9161213,0.51223797
-1.6673924,-1.6568153
-1.656779,-1.6078598
-1.6064891,-1.5565338
-1.590542,-1.4906827
-1.5753042,-1.4275656
-0.89950365,-1.0048609
-0.83568645,-0.94427735
-0.78887564,-0.887505
-0.718807,-0.83174896
-0.68770784,-0.78732073
-0.62564063,-0.7494086
0.19424923,-0.7147871
0.21116146,-0.68016624
-0.48049912,-0.22618553
-0.35429463,-0.18607712
-0.2849079,-0.146384
-0.24017577,-0.11540109
-0.17580035,-0.084364265
-0.12027736,-0.051784933
-0.08075399,-0.016898572
-0.036631476,0.018507779
0.046072077,0.053831518
0.109674715,0.09331471
0.13107575,0.13483149
0.14104126,0.014404535
0.18984982,0.076815486
0.23746759,0.12912852
0.27884868,0.18159395
0.32858315,0.22779864
0.3691335,0.27150553
0.4136551,0.3111785
0.45135838,0.3490644
0.49819306,0.3888901
0.5371133,0.43159682
-0.4702035,-0.5187988
-0.4297853,-0.47899377
-0.39337757,-0.4340232
-0.34901875,-0.39204353
-0.31263107,-0.35081542
-0.27185154,-0.3107909
-0.22884312,-0.27077308
-0.18916683,-0.23265487
-0.14788298,-0.19402978
-0.106459215,-0.15651649
-1.2318403,-0.62962735
-1.2201723,-0.60283905
-1.1994964,-0.57633334
-1.1827075,-0.5507355
-1.1599611,-0.49935102
-1.1490579,-0.47117308
-1.1187062,-0.43168044
-1.0854495,-0.38011676
-1.0552016,-0.32185096
-1.0340571,-0.25733685
-0.9852796,-0.21618754
-0.9418898,-0.17800754
-0.9053011,-0.15146363
-0.8837901,-0.112578034
-0.80386555,-0.07832676
-0.7871047,-0.029764533
-0.72329265,0.037365735
-0.6146548,0.12361199
-0.5827925,0.16787046
-0.54165506,0.20390779
-0.5024164,0.23890454
-0.438488,0.27552754
-0.41659245,0.29080278
0.008875602,-0.6906976
0.018448183,-0.62619925
0.03015574,-0.5603102
0.042123638,-0.500467
0.05429713,-0.441544
0.06797701,-0.38834316
0.08271372,-0.33808005
0.09840065,-0.28938317
0.11430513,-0.24603257
0.40659043,-0.21886274
0.4596853,-0.17729568
0.51794314,-0.13204682
0.5807698,-0.08999094
0.645521,-0.04760027
0.7073008,-0.008321166
0.7754574,0.03226334
0.8415868,0.08052081
0.9127931,0.13227695
0.9902929,0.18844014
-0.045040876,-0.2579056
0.13227256,-0.22720784
0.35934687,-0.19711906
0.5626455,-0.16190648
0.77166164,-0.12550801
0.7698702,0.5526568
0.8027701,0.58192855
0.8357418,0.6080118
0.8718771,0.633905
0.9099788,0.6604703
0.95113295,0.6901774
0.9953125,0.7202551
1.0437818,0.7505742
-0.7921256,-1.2560172
-0.7397236,-1.2209401
-0.6704592,-1.189599
-0.62948066,-1.1590774
-0.5738368,-1.1274107
-0.5249609,-1.0923432
-0.4679699,-1.0505052
-0.42962196,-1.0141144
-0.38258964,-0.98022866
-0.3398703,-0.9436904
-0.29240087,-0.9029557
-0.24880265,-0.8574263
-0.014834725,-0.12267271
0.035455585,-0.079672515
0.08492804,-0.027580142
0.13349088,0.02378571
0.18150733,0.07380569
0.22878091,0.1152876
0.27533832,0.15682715
0.32151467,0.19776958
0.36726296,0.2369371
0.4129304,0.27423316
0.41238582,0.15128988
0.47546524,0.19695228
0.55389214,0.23989338
0.64881366,0.2837122
0.75171137,0.32736963
0.84648955,0.36836714
0.9432584,0.40601605
1.0500869,0.44328004
1.1646479,0.4801597
0.44015136,-0.46403548
0.5108656,-0.42795756
0.57833755,-0.38632455
0.6407431,-0.34113708
0.7067336,-0.29526076
0.76591635,-0.25296038
0.8318384,-0.20901841
0.90287405,-0.1641416
0.9725572,-0.115352035
-0.91697466,-0.48151785
-0.82646155,-0.4330262
-0.74236774,-0.39647198
-0.6679736,-0.36413425
-0.6022437,-0.3321486
-0.5255979,-0.2962779
-0.44555387,-0.26378828
-0.35935685,-0.22861528
-0.28372833,-0.19046122
-0.20463493,-0.14852679
-0.22122984,0.061833203
-0.169463,0.11238736
-0.07980185,0.16158372
0.006562817,0.2117148
0.09132381,0.2554353
0.16877727,0.30210125
0.23277575,0.3434559
0.3115859,0.37410194
0.37126717,0.4095186
0.46375585,0.4470424
-1.1075102,-0.742168
-1.0073581,-0.7115824
-0.90364116,-0.682489
-0.8086924,-0.65089905
-0.72268265,-0.6209861
-0.6398931,-0.59617496
-0.553194,-0.57111603
-0.46315506,-0.54403716
-0.37535217,-0.51968855
-0.29710236,-0.49573025
-0.34050742,-0.32239163
-0.31064194,-0.26653552
-0.28447884,-0.22310606
-0.25695068,-0.1813553
-0.23335937,-0.13769811
-0.21160778,-0.09781268
-0.18856631,-0.064245045
-0.16788848,-0.031442642
-0.1449482,0.001377821
-0.12095288,0.03221315
-0.088304386,0.066096485
-0.067580745,0.0959962
-0.049494077,0.12846488
-1.0129263,-0.8578124
-0.89961225,-0.83178836
-0.84321463,-0.8035188
-0.7421989,-0.7746696
-0.6821475,-0.7499144
0.31092343,-0.21182954
0.3493161,-0.14993936
0.44103688,-0.023496747
0.5605058,0.09301442
0.6724677,0.16738224
0.8228621,0.23302943
0.9748496,0.30868292
-1.1666892,-0.8454814
-1.1350421,-0.813389
-1.103837,-0.7857903
-1.0807915,-0.76130974
-1.0547289,-0.7384142
-0.99432796,-0.6847124
-0.96773857,-0.65714216
-0.9410902,-0.6287904
-0.9121107,-0.6028114
0.58817804,-0.14557174
0.6312269,-0.10799849
0.66674674,-0.07553697
0.7216267,-0.043652058
0.8006033,-0.011436641
0.85618144,0.018337607
0.90445447,0.049730718
0.9866536,0.08680862
1.0685539,0.12003189
1.1407069,0.15224332
-0.9907289,-0.7778688
-1.5570393,-1.0466605
-1.3913798,-0.9009038
-1.1316701,-0.72421485
-0.7544137,-0.63571805
-0.45955098,-0.5216227
-0.17142041,-0.45424992
0.09975739,-0.33605164
0.40662813,0.33413196
0.52673286,0.46843368
0.70149773,0.58978087
0.8711213,0.7334674
1.0975283,0.85897785
1.3412759,0.9225865
-1.8453865,-0.51287836
-5.9309015,-5.3263497
-5.563966,-5.1526036
-5.29406,-4.9822946
-5.034673,-4.822988
-4.91331,-4.6654553
-5.6036243,-5.4279757
-5.3719754,-5.2558293
-5.2222314,-5.0863066
-5.0850306,-4.923785
-4.951733,-4.7681584
-2.0165565,-1.983448
-1.956663,-1.9131646
-1.8979795,-1.8464634
-1.8319914,-1.7792215
-1.7757727,-1.7067177
-1.7094799,-1.6359661
-1.6513444,-1.5687232
-1.590324,-1.5057423
-1.534565,-1.4357586
-1.4712334,-1.3656063
-1.4124416,-1.2983127
-1.3514568,-1.2288811
-1.2925346,-1.1592326
-1.8618022,-2.1265903
-1.786244,-2.0677783
-1.721059,-2.0045333
-1.6519064,-1.9392474
-1.5802784,-1.8721516
-1.5096319,-1.7988846
-1.4387388,-1.7205606
-1.3772944,-1.6364603
-1.3123937,-1.5541736
0.5635437,-0.03540361
0.67967045,0.09362209
0.80886596,0.21531647
0.9339148,0.32798457
1.0706258,0.46701056
1.2231292,0.57076806
1.4037586,0.66686743
1.6539912,0.75813454
-3.313467,-2.3408382
-3.2485871,-2.281458
-3.1734235,-2.2228153
-3.0980508,-2.1640205
-3.0234127,-2.1047359
-2.9547741,-2.050461
-2.8825152,-1.9987559
-2.8074985,-1.9468045
-2.7407756,-1.8948867
-2.667257,-1.845547
-2.5964975,-1.8007946
-2.5326107,-1.7568212
-2.4640796,-1.7081013
-2.3983102,-1.6494753
-2.3347912,-1.5830164
-2.2732675,-1.514293
-2.2048895,-1.4362519
-1.1715099,-0.69222397
-1.0607715,-0.5844565
-0.9252717,-0.47283825
-0.75371724,-0.3502379
-0.53280205,-0.21951228
-0.29113394,-0.095936686
-1.8463553,-1.8465672
-1.7511117,-1.7202609
-1.6429929,-1.5919025
-1.5442443,-1.4702973
-1.4396415,-1.3433232
-1.3502285,-1.2163672
-1.2703236,-1.1046193
-1.1812787,-0.9978937
-4.918313,-4.862293
-4.6599135,-4.764664
-4.456885,-4.6655407
-4.264082,-4.5736585
-4.0679984,-4.488929
-3.8764892,-4.4106426
-3.6932464,-4.3217883
-3.5174856,-4.232252
-3.346432,-4.146426
-3.606136,-2.3291981
-3.3561757,-2.1785967
-3.1435819,-2.0592024
-2.8930044,-1.952657
-2.6793146,-1.8509543
-2.4869895,-1.754072
-2.2908094,-1.6590018
-2.1089485,-1.5633183
-1.952938,-1.4686878
-1.7985185,-1.3726666
-3.2476854,-2.2299855
-3.0742917,-2.1249871
-2.8849602,-2.026649
-2.6912389,-1.9233861
-2.531103,-1.7996011
-2.331268,-1.6761248
-2.1437852,-1.5440358
-1.9505248,-1.3844562
-1.816056,-1.2381654
-1.6854268,-1.0874946
-4.908591,-4.203619
-4.7855344,-4.1356983
-4.708929,-4.067223
-4.635816,-3.993707
-4.5450287,-3.9164722
-4.4827557,-3.837187
-4.3771114,-3.7569783
-4.2893705,-3.6717827
-3.3446052,-3.6079018
-3.315123,-3.5127466
-3.2740643,-3.4248717
-3.237714,-3.3441122
-3.195174,-3.2682898
-3.1535425,-3.191168
-3.0965233,-3.121831
-3.0377486,-3.045914
-2.465527,-2.4332652
-2.356818,-2.351481
-2.25607,-2.2796245
-2.1508667,-2.2115552
-2.0519114,-2.1441538
-1.9566513,-2.06904
-1.8585607,-1.9970384
-1.7606221,-1.9253161
-1.9332123,-1.7615833
-1.8290609,-1.6311486
-1.72324,-1.5036716
-1.6201205,-1.3828835
-1.5149053,-1.2686179
-1.4066186,-1.1582854
-1.2940924,-1.0422349
-1.1732519,-0.92652744
-3.3991451,-2.3405368
-3.2865973,-2.2653596
-3.1797237,-2.192879
-3.079608,-2.127165
-2.9775574,-2.0653963
-2.8839343,-2.0039563
-2.7874486,-1.9401743
-2.6972866,-1.8807752
-3.0140078,-3.0669634
-2.8215637,-2.9226737
-2.6743915,-2.7966413
-2.5123703,-2.6681788
-2.3776162,-2.5327942
-2.2537453,-2.3937023
-2.1376383,-2.2476003
-1.9983163,-2.09227
-1.8809052,-1.9446795
-1.9045035,-2.394279
-1.800986,-2.2763352
-1.6985657,-2.154247
-1.5968304,-2.026131
-1.498491,-1.9190588
-1.4036452,-1.8253534
-1.3124654,-1.7356567
-1.227455,-1.6479759
-1.142219,-1.5643494
-3.8915298,-2.6991527
-3.7487452,-2.5776954
-3.6166062,-2.4576356
-3.4755135,-2.3366477
-3.3482225,-2.2363715
-3.2212627,-2.1405559
-3.0927205,-2.0433173
-2.9672873,-1.9477706
-2.8472133,-1.8453124
-0.73226404,-0.7707145
-0.593188,-0.6703135
-0.45898497,-0.5794729
-0.3292303,-0.50132555
-0.20395507,-0.4182289
-0.082823165,-0.30907178
0.03427895,-0.1917465
0.14762886,-0.09286368
0.25738224,-0.0023183227
0.36371532,0.09577787
0.4669322,0.19701707
-1.8445455,-0.51287836
-2.1770065,-2.0282378
-1.9133085,-1.9048972
-1.638227,-1.7573814
-1.5380964,-1.6169927
-1.2868758,-1.4874532
-1.1138128,-1.3615581
-0.9024171,-1.2588965
-0.7817471,-1.1899309
-0.6994187,-1.1349032
-2.8295774,-2.5646875
-2.7576013,-2.4923558
-2.6965957,-2.4189932
-2.643769,-2.3587399
-2.5972478,-2.2954667
-2.5419817,-2.236838
-2.4816468,-2.1794775
-2.4398146,-2.1244173
-2.3925982,-2.0678425
-2.3421292,-2.0069284
-2.081713,-3.022814
-2.0843942,-2.8955524
-1.9998549,-2.7756445
-1.9647375,-2.6533241
-1.9004356,-2.519707
-1.8451056,-2.3794804
-0.24619919,-0.7679496
-0.19787899,-0.7138778
-0.14962867,-0.65912235
-0.10630996,-0.6061088
-0.055006467,-0.5525594
0.061781283,-0.50118595
0.22505854,-0.44792432
0.48824978,-0.39325184
0.68075854,-0.3317859
0.9818679,-0.26788518
1.4396843,-0.20530868
-0.8837944,-0.7679496
-0.82806545,-0.7138778
-0.75593054,-0.65912235
-0.72176635,-0.6061088
-0.6946708,-0.5525594
-0.5956771,-0.50118595
-0.5182834,-0.44792432
-0.44182187,-0.39325184
-0.39375317,-0.3317859
-0.34099394,-0.26788518
-0.27488157,-0.20530868
0.64361215,0.4393583
0.69634354,0.4893419
0.7502206,0.53707534
0.8052005,0.58488053
0.86310387,0.6351122
0.9224554,0.68277603
0.9826119,0.7236509
-1.4311444,-0.794585
-1.3759644,-0.75379884
-1.3117394,-0.71298003
-1.2601181,-0.6713646
-1.2116004,-0.62847364
-1.1703441,-0.5878362
-1.1307912,-0.549385
-0.54411215,0.2481013
-0.46450996,0.28360248
-0.38843405,0.32057756
-0.31550115,0.35892814
-0.24974392,0.4013278
-0.18823908,0.44904763
-0.12778589,0.49352401
-0.06687729,0.53256065
-0.3876272,-0.5107303
-0.32934892,-0.43343577
-0.27430373,-0.35723275
-0.21967167,-0.27869275
-0.16788869,-0.20541966
-0.11618404,-0.13335413
-0.06576952,-0.06467146
-0.016114587,0.0050601363
-0.18006559,-0.4165818
-0.161679,-0.3756143
-0.14040482,-0.3365951
-0.109292306,-0.29330704
-0.07217599,-0.25788936
-0.029104533,-0.22102734
0.019251311,-0.18689656
-2.0546112,-1.0379364
-1.963589,-0.96817017
-1.8951032,-0.90882224
-1.827776,-0.85272884
-1.7487669,-0.7950968
-1.6773134,-0.74508166
-1.60697,-0.6924931
0.118664764,-1.0233037
0.15262674,-0.7235957
0.18257779,-0.5529544
0.18525003,-0.44886017
0.21364325,-0.3668961
0.23159602,-0.26204944
0.24026386,-0.16123044
0.26895198,-0.086792886
0.38659477,0.14928597
0.39146408,0.20847636
0.39958984,0.26465493
0.40753967,0.31031722
0.41535506,0.35975236
-1.1128579,-0.79451084
-1.0394628,-0.7061194
-0.9765599,-0.6207025
-0.9114193,-0.5449142
-0.8586395,-0.48609856
0.38314098,0.14928597
0.38804847,0.20847636
0.39622954,0.26465493
0.4042325,0.31031722
0.4120989,0.35975236
-1.2288591,-0.108242095
-1.172159,0.035277665
-1.1182804,0.15660918
-1.0678,0.2577479
-0.99095756,0.42178458
-0.04931565,0.042339027
-0.01846823,0.09636563
0.027573276,0.14759094
0.102903,0.19971436
0.16132717,0.2485385
0.22585537,0.30192524
0.26813242,0.35146648
0.34378767,0.39796
0.40956894,0.44674152
0.32664597,-0.2124275
0.40580174,-0.16158903
0.48201743,-0.114840925
0.55188364,-0.07525009
0.62560654,-0.041552305
0.693823,-0.010515511
0.75769013,0.02032727
0.81875557,0.05611801
0.87891036,0.085514486
0.93674594,0.110122144
-3.0336554,-2.4755027
-2.9599867,-2.387052
-2.8719914,-2.3019488
-2.7765393,-2.218862
-2.696018,-2.1339154
-2.6261482,-2.0437968
-2.5660768,-1.9494905
-2.474623,-1.8541856
-2.3876505,-1.7696087
-0.8954239,-0.57520837
-0.84362936,-0.53770626
-0.78796154,-0.50070477
-0.7305401,-0.46046126
-0.67219996,-0.4246111
-0.6123122,-0.39344415
-0.5473006,-0.36051592
-0.06965985,-0.51841927
0.024500722,-0.43012843
0.11281553,-0.34986314
0.18201423,-0.2735237
0.24893211,-0.21330097
0.5237814,0.5281256
0.58236057,0.57234246
0.64479446,0.6213191
0.70725477,0.6674476
0.7699496,0.708739
0.8334867,0.74360067
0.9003792,0.78198296
0.97116137,0.8210309
-1.1510637,-0.6831075
-1.0438493,-0.61290133
-0.9271612,-0.55033034
-0.8248066,-0.49243087
-0.7272654,-0.44400382
-0.63015896,-0.39361835
-0.5365013,-0.32925698
-0.44372448,-0.24957353
0.45082217,-0.2989771
0.51929516,-0.22665393
0.59207684,-0.16596225
0.6626442,-0.11348975
0.73766667,-0.067022085
0.8095974,-0.022540033
0.8857246,0.022178113
0.964741,0.06899351
1.0488256,0.11581731
-0.7863615,-1.1009908
-0.75248367,-1.0463507
-0.699029,-0.99345815
-0.6672788,-0.9383373
-0.6065172,-0.8854422
-0.5750184,-0.84155655
-0.5154536,-0.80815727
-0.4751146,-0.78203297
0.04748849,-1.0233037
0.07094623,-0.87120616
0.09548091,-0.7235957
0.11816316,-0.6249822
0.16884536,-0.5529544
0.20932522,-0.49448848
0.22491376,-0.44886017
0.25318426,-0.40925705
0.28110197,-0.3668961
0.3063876,-0.31946325
0.33626455,-0.26204944
0.35898882,-0.2068088
0.394296,-0.16123044
-0.7510309,-1.2322168
-0.70003337,-1.1993725
-0.5910655,-1.1635745
-0.47374552,-1.1277051
-0.39657027,-1.0911155
-0.30003673,-1.0512253
-2.4301267,-2.5524886
-2.3306675,-2.4726079
-2.255924,-2.397441
-2.1659107,-2.321151
-2.096972,-2.2369576
-2.010655,-2.1503735
-1.922414,-2.0589616
-1.8528137,-1.9606619
-1.7712727,-1.856293
-1.6982273,-1.7495813
-1.0260379,-1.1042459
-0.97491306,-1.0571946
-0.9442644,-1.0113537
-0.89911383,-0.96867216
-0.8556633,-0.93325156
-0.8142527,-0.90201825
-0.7589653,-0.8595238
-0.7115845,-0.80596024
-0.67868775,-0.7445785
-0.6235484,-0.69488937
-1.0431018,-0.85785353
-1.0227902,-0.79126954
-1.0112725,-0.734162
-0.939345,-0.67910326
-0.76396227,-0.6322161
-0.6194283,-0.59250546
-0.54114884,-0.5476404
-0.43945125,-0.4951997
-0.32271782,-0.44420373
-0.22451954,-0.38876042
-0.13436152,-0.36594218
-0.052223522,-0.33188486
0.03303833,-0.3100508
0.15952775,-0.27909362
-1.1443917,-0.98597646
-1.0671068,-0.8965833
-0.98570704,-0.83757216
-0.90783405,-0.7822697
-0.82460594,-0.73294985
-0.74471474,-0.68433446
-0.6583769,-0.63737124
-0.5808595,-0.58184606
-0.4815786,-0.5425215
-0.4080986,-0.4926944
-2.600613,-2.0773706
-2.514605,-2.0205405
-2.4263408,-1.963444
-2.323972,-1.9070525
-2.2329724,-1.8498964
-2.1503923,-1.7999701
-2.0746222,-1.7517092
-1.990748,-1.7030823
-1.9102901,-1.6507056
-1.9433178,-1.858989
-1.843159,-1.7431514
-1.8020308,-1.6250556
-1.6949631,-1.5081763
-1.6233249,-1.4022048
-1.5863229,-1.2955463
-1.5648074,-1.2009153
-1.5224758,-1.1185521
-1.4561517,-1.0470743
-2.6099727,-2.4744444
-2.4980898,-2.3940675
-2.3789327,-2.32013
-2.268418,-2.2503912
-2.15265,-2.1805425
-2.0417597,-2.111966
-1.9356205,-2.0450308
-1.8158181,-1.9749317
-1.7089987,-1.9041059
-2.7299802,-2.6312299
-2.5627627,-2.5554605
-2.4734647,-2.4937274
-2.349426,-2.4344037
-2.2239041,-2.3710153
-2.1248984,-2.3056557
-2.0133562,-2.2411084
-1.9137125,-2.1732516
-1.8322847,-2.0920691
-3.4027398,-3.0553138
-3.2492154,-2.961507
-3.1010902,-2.8658283
-2.9571915,-2.7579057
-2.8184216,-2.6542969
-2.6799576,-2.564788
-2.5503674,-2.4777331
-2.4235172,-2.3959486
-2.2963233,-2.3150797
-3.526779,-3.3126814
-3.4732084,-3.2647033
-3.4028234,-3.2176614
-3.3172598,-3.1711152
-3.248224,-3.1265073
-3.1728163,-3.078966
-3.0900273,-3.0264354
-3.0363913,-2.973558
-1.4547533,-1.3125839
-1.3621327,-1.2455657
-1.3029156,-1.1837358
-1.2180512,-1.1205969
-1.1480862,-1.0558445
-1.0858201,-0.98626655
-1.0133905,-0.89180726
-0.9427932,-0.8064579
-0.8771452,-0.7128384
-1.0523007,-1.1666532
-0.9670287,-1.0741997
-0.88682085,-0.9819877
-0.8088739,-0.8838002
-0.7250278,-0.7911165
-0.6408529,-0.7119984
-0.5646873,-0.63922423
-0.48755607,-0.5785244
-0.4114849,-0.52558595
-1.7285058,-0.99830073
-1.6439697,-0.96603954
-1.5708177,-0.9382932
-1.507825,-0.90882623
-1.4511274,-0.874749
-1.3999056,-0.8479459
-1.3535665,-0.8226973
-1.3117939,-0.7883424
-1.2720003,-0.7504061
-1.2350751,-0.717023
-1.200998,-0.6804438
-1.1680462,-0.6478976
-1.1374615,-0.6158514
-1.1087867,-0.5892714
-1.0810437,-0.5662701
-2.8981364,-2.6118672
-2.7856834,-2.522967
-2.5550644,-2.3913674
-2.4682956,-2.3214707
-2.3850799,-2.2325928
-2.318235,-2.1281712
-2.1847548,-2.001566
-2.1214235,-1.8614416
-2.0144126,-1.7267401
-1.9459078,-1.6186912
-0.9641103,-1.1390419
-1.4282937,-1.2532127
-1.2739823,-1.0818739
-1.1736836,-0.96383333
-1.0155586,-0.7683761
-2.1484241,-2.7683957
-2.0887716,-2.7013953
-2.002511,-2.6358917
-1.9092913,-2.5487628
-1.8363206,-2.4864182
-1.7820249,-2.814198
-1.7214957,-2.738667
-1.6427771,-2.6773965
-1.5351368,-2.5999336
-1.45437,-2.5498743
-2.6564589,-2.552286
-2.5848455,-2.4347599
-2.4781694,-2.3721087
-2.3801982,-2.2943137
-2.2567773,-2.239138
-0.53217185,-0.9575072
-0.5090161,-0.9287724
-0.48795277,-0.89902914
-0.4642854,-0.87036884
-0.44350928,-0.84272325
-2.1294065,-1.9766052
-2.0261781,-1.9198232
-1.9531889,-1.8625462
-1.8624634,-1.79867
-1.776496,-1.732631
-1.7136285,-1.6652937
-1.6410639,-1.6004739
-1.520221,-1.5244939
-1.6550075,-1.6342492
-1.5718306,-1.5432422
-1.487035,-1.4426697
-1.3814398,-1.3520324
-1.276812,-1.2717927
-1.2272594,-1.2141659
-1.1881222,-1.1619514
-1.1421336,-1.1103677
-1.7689997,-2.1133928
-1.7248832,-1.9791992
-1.6838908,-1.8640294
-1.6252803,-1.7563894
-1.582645,-1.6828239
-1.4766457,-1.9508333
-1.4153028,-1.8840051
-1.3703015,-1.8274856
-1.3289917,-1.7724404
-1.2887334,-1.7210703
-1.6378453,-1.9115982
-1.5717405,-1.8236706
-1.491209,-1.7477791
-1.437886,-1.6810536
-1.3805072,-1.6169198
-1.2153376,-1.669477
-1.1143999,-1.589401
-1.0287062,-1.5082936
-0.9338517,-1.427332
-0.8488658,-1.3445086
-1.8675954,-1.7939374
-1.8230963,-1.6917903
-1.7739364,-1.6064601
-1.7298245,-1.5329974
-1.6826919,-1.4635329
-1.6341343,-1.3887832
-1.5917768,-1.3033099
-1.5431776,-1.20967
-1.4958634,-1.13904
-1.2922698,-1.305865
-1.2324433,-1.2378561
-1.1691532,-1.1652923
-1.1089678,-1.0889723
-1.0495623,-1.0004535
-0.9893529,-0.92571795
-0.93167895,-0.8672204
-0.8734987,-0.8149694
-0.81659013,-0.772288
-0.75869113,-0.7278191
-3.188814,-2.975184
-3.1650605,-2.9232714
-3.1210506,-2.8789656
-3.0769668,-2.8347461
-3.0193665,-2.788226
-2.9315603,-2.7376635
-2.8453283,-2.686051
-2.7848113,-2.6308959
-2.7283478,-2.5663862
0.024226373,-0.6534257
0.06022854,-0.5765771
0.09078267,-0.50669354
0.14270419,-0.42477778
0.1749127,-0.36926055
-1.1210917,-0.7811499
-1.073577,-0.7000421
-1.0311146,-0.61515623
-0.9641271,-0.5218255
-0.92180544,-0.47587973
-1.8567426,-2.636803
-1.84371,-2.5482104
-1.8267307,-2.4633653
-1.8034669,-2.3575554
-1.7773607,-2.2465627
-1.7447554,-2.150398
-1.7094259,-2.0526445
-1.6673082,-1.9563491
-1.6267781,-1.8369646
-1.5827489,-1.7173355
-2.6953325,-2.5209875
-2.6478434,-2.45479
-2.5950327,-2.3953137
-2.5408757,-2.3377154
-2.4820247,-2.2807572
-2.4198368,-2.2199361
-2.3553448,-2.1592314
-2.2871785,-2.0961294
-2.2191865,-2.034219
-3.6922855,-3.2928138
-3.6429515,-3.2270362
-3.5955155,-3.1578858
-3.5466375,-3.0901253
-3.4942071,-3.0270956
-3.4454985,-2.9731085
-3.3931766,-2.9214754
-3.3474214,-2.870954
-3.3027015,-2.8220453
-5.4592686,-2.9750326
-5.2162952,-2.9096649
-4.9801793,-2.8492265
-4.7708697,-2.7789295
-4.5674767,-2.694342
-4.377259,-2.6128938
-4.195027,-2.5291455
-4.0292177,-2.435698
-3.8739512,-2.3339972
-3.218075,-2.7588046
-2.088785,-2.7033541
-2.47625,-2.4368904
-1.7215092,-2.7409856
-2.3664923,-2.4368904
-0.5569734,-1.2669163
-1.7484597,-2.1250184
0.10160621,-0.11575097
0.14195156,-0.090776205
0.17569,-0.063097656
0.2054302,-0.042318523
0.22591253,-0.005220413
0.24608709,0.008963406
0.26515004,0.036181986
0.28310212,0.05276555
0.3172,0.08217871
0.35198516,0.098715425
0.38098395,0.13355964
0.4017304,0.19474447
0.42273846,0.21624643
-0.28385016,-0.7147049
-0.25773716,-0.670966
-0.23837572,-0.6627619
-0.20894615,-0.6332551
-0.19200997,-0.61883104
-0.15202828,-0.58147055
-0.13640329,-0.5687726
-0.12130968,-0.5528593
-0.10041217,-0.5399785
-0.08154861,-0.52638006
-0.062774055,-0.5024072
-0.03499703,-0.48219252
-0.012747883,-0.46127194
0.009683689,-0.43932506
0.030180413,-0.4254103
0.052098013,-0.41579542
0.07320507,-0.40643206
-3.2552528,-3.0093288
-3.2278552,-2.9337595
-3.200767,-2.8580227
-3.1737096,-2.786124
-3.1462197,-2.717247
-3.1196604,-2.6517632
-3.091337,-2.5820658
-3.0634074,-2.5029516
-4.055653,-3.3491983
-3.9487514,-3.2767646
-3.8385293,-3.206094
-3.7155967,-3.1382132
-2.493923,-2.2807572
-2.4229362,-2.2199361
-2.328453,-2.1592314
-2.2596674,-2.0961294
0.038579367,-0.36067787
0.060544413,-0.3100044
0.078284055,-0.26378417
0.10958179,-0.2179842
0.13507855,-0.1745741
0.16033351,-0.12185961
0.18546532,-0.06906533
0.22538595,0.029662073
-0.5897453,-0.49063933
-0.52480453,-0.44641715
-0.4649692,-0.40304556
-0.40661138,-0.37226814
-0.3461829,-0.3414559
-0.28643507,-0.30874455
-0.22828004,-0.27907926
-0.17519952,-0.2495566
-0.11782955,-0.21243668
-0.066925265,-0.18289483
-0.012781957,-0.1524845
0.03512633,-0.12216985
-0.58578587,-0.49173582
-0.52861845,-0.45680726
-0.45937344,-0.40304556
-0.4098248,-0.37226814
-0.3659687,-0.3495133
-0.29836524,-0.31687734
-0.23082192,-0.27907926
-0.15946355,-0.24079776
-0.08788424,-0.2006073
-0.04889611,-0.172295
0.008554267,-0.13673672
-0.7724086,-0.9319501
-0.7406786,-0.90917414
-0.7012536,-0.8866943
-0.6639414,-0.8629502
-0.6286841,-0.8384417
-0.59298474,-0.81184065
-0.5567513,-0.7843789
-0.52499026,-0.7591472
-0.4913668,-0.7331863
-0.4583817,-0.70629334
-0.42524478,-0.67831445
-0.39191395,-0.64919055
-0.36209852,-0.6200733
-0.3300962,-0.5915276
-0.29933888,-0.5642816
-1.0558447,-1.4654424
-1.0342159,-1.4091139
-1.0085931,-1.3531651
-0.9819488,-1.2945564
-0.9579643,-1.234532
-0.93116415,-1.1748695
-0.9094457,-1.1200693
-0.88299257,-1.0655572
-0.86282474,-1.0160584
-0.84032106,-0.9668806
-0.81930596,-0.9142051
-0.79669034,-0.86036575
-0.77456635,-0.8068806
-0.7537162,-0.7512181
-0.73333997,-0.7008826
-0.71304077,-0.65340495
-0.69165033,-0.6087414
-0.6746899,-0.56449336
-0.65075654,-0.52189344
-0.9376911,0.015904665
-0.84822416,0.08534771
-0.7553757,0.14538705
-0.6696867,0.2013666
-0.57928693,0.256732
-0.48890054,0.31636578
-0.40104967,0.37188506
-0.31148666,0.41974354
-1.8840041,0.04624152
-1.7765175,0.13326377
-1.6914582,0.21205181
-1.5846239,0.283413
-1.5016992,0.35281104
-1.4090143,0.41897964
-1.3224591,0.47062355
-2.0941005,-1.6757176
-2.030391,-1.6385572
-1.950434,-1.6001384
-1.8887414,-1.5625862
-1.8267273,-1.5258608
-1.7685437,-1.4854267
-1.7167019,-1.4407237
-1.6716872,-1.3839982
-1.6212034,-1.3213263
-1.575334,-1.2540731
-1.5290374,-1.1847639
-1.4768938,-1.1220341
-1.4391618,-1.0650066
-1.3860846,-1.0075778
-1.3444489,-0.94319206
-1.3016878,-0.8784257
-1.2596102,-0.81691
-1.8359855,-1.7219346
-1.8184658,-1.6780558
-1.8020043,-1.6297734
-1.7844104,-1.5858829
-1.7679287,-1.5429107
-1.7472373,-1.4985011
-1.7278781,-1.4506888
-1.8594505,-1.7811437
-1.844974,-1.7258797
-1.8333372,-1.6709921
-1.8200206,-1.6012349
-1.8074789,-1.5357392
-1.7945272,-1.4789107
-1.7839841,-1.421212
-1.8549398,-1.0878634
-1.783783,-1.0397687
-1.7235855,-0.96842486
-1.6228516,-0.9018935
-1.5422622,-0.8263998
-1.4439609,-0.74693215
-1.3643368,-0.67241555
-4.932202,-2.822899
-4.7983823,-2.7125509
-4.6684923,-2.580313
-4.5481777,-2.4253008
-4.441631,-2.2804523
-4.343974,-2.1355817
-4.2576094,-1.9800317
-4.179955,-1.8235414
-4.110348,-1.6489632
-1.7437108,-0.6849847
-1.6576798,-0.61542284
-1.5416454,-0.5445417
-1.4603605,-0.47521365
-1.3813326,-0.39996368
-1.2890278,-0.3225566
-1.2075744,-0.25062943
-1.1212358,-0.17071027
-1.0288275,-0.07397109
-2.164621,-1.8404591
-2.1333501,-1.7893338
-2.0996995,-1.7364857
-2.0397823,-1.6055596
-2.01075,-1.5412583
-1.97866,-1.4797802
-1.9219693,-1.3624499
-1.8966167,-1.302243
-1.8703129,-1.234318
-1.8155125,-1.087203
-1.7924486,-1.0212498
-1.7647727,-0.9548609
-1.711285,-0.83607036
-1.6896495,-0.7789165
-1.6663915,-0.72530425
-1.6181017,-0.628221
-1.4777145,-1.9099915
-0.90484893,-0.32579666
-2.3035865,-1.2140825
-2.2282417,-1.1388314
-2.1488502,-1.0707381
-2.0698369,-0.9929338
-1.9897166,-0.9132492
-1.9130182,-0.8313403
-1.834491,-0.74974906
-1.755881,-0.6686093
-1.6772615,-0.589653
-1.5987581,-0.4914789
-4.4368978,-3.7456086
-4.4235168,-3.674586
-4.408588,-3.5984325
-4.386348,-3.5126603
-4.3649354,-3.424463
-4.350634,-3.340276
-4.3243647,-3.255181
-4.30564,-3.1754367
-4.28097,-3.0965307
-4.2574134,-3.02246
-1.1593406,-0.8068822
-1.0827935,-0.7210909
-1.064363,-0.6932385
-1.01308,-0.633108
-0.9922558,-0.60290563
-0.94348216,-0.5607811
-0.9258435,-0.5377029
-0.9047672,-0.5096629
-0.876554,-0.47851795
-0.8323854,-0.41986245
-0.79236096,-0.3749413
-0.7499855,-0.32707012
-0.7194023,-0.2936759
-0.6958426,-0.27180874
-0.67110306,-0.24572974
-0.6432708,-0.21134686
0.28388336,0.11284447
0.36382833,0.21912771
0.44924775,0.31502098
0.55854565,0.40917158
0.65049946,0.4997235
0.7440869,0.5972617
0.8227162,0.67650896
-1.2024775,-0.8916025
-1.0722301,-0.84301245
-0.96816665,-0.7902559
-0.81053144,-0.74307716
-0.70970184,-0.69721544
-1.9904853,-1.1799967
-1.9528183,-1.1212224
-1.914088,-1.0660423
-1.8750285,-1.0108323
-1.8430412,-0.96326905
-1.8009803,-0.9022081
-1.768747,-0.84600544
-4.520184,-4.584828
-4.4541817,-4.5420876
-4.398866,-4.5108943
-4.353535,-4.47584
-4.3118424,-4.432945
-4.2765093,-4.3841004
-4.2646728,-4.318147
-4.249391,-4.232042
-4.248542,-4.133596
-1.5458597,-1.3827119
-1.4668453,-1.3130205
-1.3902433,-1.2468615
-1.3307179,-1.1895087
-1.2435892,-1.1391323
-1.1700855,-1.0925958
-1.0939825,-1.0578849
-1.021628,-1.0284033
-0.9478969,-1.0032668
-0.87241316,-0.9777223
-0.9889786,-1.0435122
-0.94162047,-1.0035379
-0.90464574,-0.95941913
-0.8583748,-0.92493105
-0.8154329,-0.8923443
-0.76960367,-0.85381967
-0.7186102,-0.7950084
-0.6707709,-0.7321642
-0.6316548,-0.6813398
-0.5795291,-0.637501
0.015112985,0.04186344
0.14191301,0.14719838
0.23479785,0.23416007
0.3508022,0.3288647
0.45534813,0.42227465
0.59022206,0.4846521
0.7074235,0.54549295
0.86503065,0.6079512
-1.285289,-0.87821096
-2.1275403,-2.139277
-2.051115,-2.0664263
-1.96834,-1.9847665
-1.8802171,-1.8938286
-1.8068177,-1.8045001
-1.7536688,-1.7265258
-1.6949557,-1.6506855
-1.6452128,-1.582515
-1.5972519,-1.5267613
-1.6953888,-1.7740207
-1.6258119,-1.7142758
-1.5223258,-1.6552536
-1.4386337,-1.593411
-1.3434079,-1.5291181
-1.2477144,-1.4493539
-1.1456487,-1.3780128
-1.0630686,-1.307234
-0.9652204,-1.2325169
-1.2222197,-1.523463
-1.1551088,-1.4762061
-1.0927827,-1.4131768
-1.0321769,-1.3554616
-0.9715772,-1.2969248
-0.90944445,-1.2315476
-0.84601986,-1.1581602
-0.78101295,-1.0823407
-0.7149675,-1.0002195
-1.2339624,-1.0264753
-1.1458232,-0.9515352
-1.0251782,-0.87798154
-0.9589991,-0.80758804
-0.87208897,-0.73914826
-0.79287905,-0.6793719
-0.7080425,-0.63788545
-0.60461956,-0.59874964
-0.5161315,-0.5602796
-2.3949077,-2.004916
-2.3187118,-1.9463899
-2.23761,-1.8894343
-2.1498299,-1.8339539
-2.0656543,-1.7849324
-1.9837902,-1.7357953
-1.9067701,-1.6819923
-1.825273,-1.6246052
-1.7457845,-1.561506
-2.2651227,-1.8868804
-2.140448,-1.830703
-2.0498397,-1.7813478
-1.9461087,-1.7324858
-1.84897,-1.6838307
-1.765801,-1.6311092
-1.6794931,-1.5774541
-1.6059427,-1.5235732
-1.5320988,-1.4761138
-0.5159891,-0.38621837
-0.42434695,-0.32025313
-0.29211095,-0.25880587
-0.17733313,-0.18580657
-0.03600779,-0.08389357
0.112147726,0.026595771
0.330657,0.15283805
0.48575288,0.27810818
0.6722712,0.39110702
-0.5610214,-0.52352905
-0.50203127,-0.47899148
-0.46646556,-0.43801266
-0.40553972,-0.405999
-0.3604557,-0.37884873
-0.31062382,-0.33766273
-0.2544437,-0.28930885
-0.19610736,-0.2371909
-0.14073165,-0.19401497
-1.3021725,-1.2317431
-1.218475,-1.1841156
-1.1459081,-1.1342857
-1.0570209,-1.0828454
-0.9764628,-1.0044183
-0.89014417,-0.9187957
-0.7983378,-0.826117
-0.71103865,-0.7461254
-0.6357118,-0.662853
-0.50859714,-0.5159645
-0.41159382,-0.42896152
-0.33891773,-0.3408286
-0.26156494,-0.25927216
-0.19329657,-0.18407744
-0.11733752,-0.105220705
-0.044750884,-0.021215498
0.014420793,0.067020416
0.091630325,0.14314967
-1.1485338,-0.96646863
-1.0759652,-0.9142167
-1.0053221,-0.87206113
-0.93734664,-0.8302097
-0.8658966,-0.7872823
-0.79386556,-0.74232996
-0.7259914,-0.69518256
-0.6538552,-0.6514204
-0.58261126,-0.599315
-1.0801022,-1.2817795
-1.0112069,-1.167511
-0.96061355,-1.0447693
-0.883289,-0.9548151
-0.79246944,-0.8694881
-0.70448446,-0.773029
-0.6224261,-0.6806966
-0.5483024,-0.59226036
-0.4569991,-0.50045514
-2.2739897,-2.2104144
-2.255498,-2.147402
-2.231474,-2.0900726
-2.2090178,-2.0360487
-2.1709177,-1.9890006
-2.1363535,-1.9394903
-2.0907373,-1.8949857
-2.050153,-1.8512373
-2.0096128,-1.8045855
-1.9529983,-1.7603133
-0.5227688,-1.5235311
-0.4389071,-1.4727961
-0.39976922,-1.409122
-0.33093747,-1.3529761
-0.30325884,-1.2995796
-0.26133588,-1.2436364
-0.20368457,-1.1992898
-0.1491773,-1.1652665
-0.082460366,-1.1345795
0.039052412,-1.0779165
0.5652931,0.19628215
0.6305669,0.26945883
0.6924774,0.3396048
0.7393081,0.40402132
0.8173237,0.45257574
0.8854895,0.516352
0.9446126,0.5424815
1.0240326,0.58669263
-0.92404,-0.7542063
-0.81035995,-0.6327841
-0.6968339,-0.53166395
-0.5813418,-0.44790167
-0.46364588,-0.3147127
-0.37763008,-0.12276542
-0.2888634,-0.05477214
-0.20166826,0.037135363
-2.530845,-0.57002246
-2.3842938,-0.49629557
-2.3040342,-0.4186479
-2.2060761,-0.32929546
-2.1395962,-0.23821008
-2.0363727,-0.15703315
-1.9713244,-0.07785538
-1.9142331,-0.00802958
-1.4826345,-2.339681
-1.3579655,-2.2301607
-1.269061,-2.1149423
-1.2032163,-1.9959645
-1.1070585,-1.8776371
-1.0030867,-1.7333596
-0.87194705,-1.5713501
-0.767973,-1.4182334
-0.66228116,-1.2761527
-0.5740752,-1.1111171
-0.4423521,-0.33997345
-0.31181073,-0.26729292
-0.1648112,-0.18718949
-0.057349868,-0.09549758
0.044283547,0.0064686537
0.15269424,0.12663871
0.27698347,0.24740416
0.39154533,0.36707968
0.527106,0.46126872
-1.6131363,-1.4723519
-1.4826502,-1.3981271
-1.3654715,-1.3345616
-1.2339228,-1.2804365
-1.1044961,-1.2323654
0.5301829,0.26380897
0.5899247,0.3348137
0.6457781,0.38227677
0.69004256,0.42010623
0.7376471,0.44486207
0.7741313,0.47093302
0.82270426,0.50269014
0.86705923,0.5280003
0.90793675,0.5503338
0.9504014,0.57134587
1.0026349,0.6070542
1.0491638,0.62407154
1.11239,0.6716773
1.1851792,0.69170386
1.2448269,0.7155643
1.3110191,0.75082046
1.3667679,0.77327794
1.4319048,0.8040145
1.4871298,0.83209234
1.6067915,0.8692542
-2.6991658,-2.2895222
-2.5692365,-2.227894
-2.4766126,-2.1804192
-2.39948,-2.1191027
-2.3097863,-2.0516186
-2.2582765,-1.9775357
-2.2323458,-1.8987176
-2.1678762,-1.8204181
-2.1312773,-1.7313769
-0.011427955,0.14148378
0.055563673,0.21371716
0.11801921,0.28135854
0.16343336,0.33325785
0.22748032,0.3832838
0.71685225,-0.12893537
0.73824465,-0.0418272
0.76663065,0.042515576
0.79834783,0.13891435
0.82138056,0.19508702
0.8581849,0.24777257
0.8740202,0.29457337
0.9125535,0.3578189
0.94342756,0.3956514
-1.4453709,-2.21709
-1.4201316,-2.1803648
-1.4028599,-2.1391563
-1.3813379,-2.0943842
-1.3626939,-2.0509717
-1.3447891,-2.0073185
-1.3257291,-1.9578257
-1.3064771,-1.8998251
-1.2902625,-1.8412471
-1.2820619,-1.0559644
-1.1650081,-0.9252322
-1.0622886,-0.8218377
-0.9505666,-0.71015906
-0.8612095,-0.6031286
-0.7639765,-0.48928845
-0.6768625,-0.36247486
-0.5940641,-0.21430475
-1.1263245,-0.7289913
-0.9785617,-0.55591786
-0.84572124,-0.41094223
-0.71752614,-0.28804374
-0.59087807,-0.14362419
-0.45191288,0.034153163
-1.2665286,-1.9207296
-1.2036238,-1.7754943
-1.1384141,-1.642683
-1.032937,-1.5284038
-0.9558702,-1.4233241
-0.86365205,-1.3192002
-0.7953506,-1.2316623
-0.70235825,-1.1096945
-0.65651643,-1.0486571
0.29664484,0.035538018
0.36650768,0.10290772
0.43484396,0.16533178
0.5021765,0.2320286
0.5684835,0.29223114
0.63397586,0.35344368
0.69913167,0.41597062
0.76494765,0.47627622
-0.92986965,0.3453592
-0.8308713,0.4098804
-0.73067766,0.46832722
-0.6435963,0.52848893
-0.54256725,0.585053
-0.45510018,0.6417857
-0.3670688,0.698005
-0.8657743,-0.06817049
-0.6950395,-0.008144677
-0.5704597,0.04882711
-0.5074724,0.10667962
-0.40040094,0.17139691
-0.30705354,0.23993552
-0.24358946,0.31890142
-0.16140668,0.3970335
0.26153237,-0.03912717
0.34471807,0.01595956
0.42650312,0.074798286
0.53474605,0.13752705
0.6340773,0.21355075
0.7116977,0.29110366
0.80012,0.36279202
0.8784919,0.45337528
-0.6916941,-1.2555406
-0.61353225,-1.164007
-0.5554265,-1.0703115
-0.50353605,-0.9780021
-0.45353946,-0.8863715
-0.40600857,-0.78781617
-0.36090654,-0.68389153
-0.31953305,-0.596632
-2.9680364,-3.309386
-2.676436,-3.2560515
-2.5415206,-3.201481
-2.4750948,-3.1510866
-2.3624294,-3.1014335
-1.0023917,-1.5778596
-0.953331,-1.467905
-0.86129504,-1.3702219
-0.7538107,-1.2682552
-0.6333317,-1.134037
-3.4203532,-3.6812766
-3.2984352,-3.6242301
-3.204341,-3.5691085
-3.10205,-3.5181744
-2.9554372,-3.4707973
0.3482765,0.5097067
0.41044018,0.55697685
0.48248914,0.60074157
0.55241513,0.646375
0.63883144,0.6951328
0.7178565,0.74558884
0.80883205,0.79686314
-0.2405993,-0.99941516
-0.20552084,-0.90178037
-0.16724621,-0.8067472
-0.13581876,-0.7199305
-0.10580522,-0.63416594
-0.077909976,-0.5383602
-0.051419344,-0.47804576
0.5224947,-0.21185488
0.5624258,-0.16886717
0.59773463,-0.13097763
0.6158733,-0.11197439
0.63314044,-0.09313029
0.65406597,-0.06942558
0.6710887,-0.04529971
0.6877966,-0.028258145
-1.0336039,-0.92538303
-0.94268495,-0.79851604
-0.86256254,-0.7064024
-0.78448486,-0.6137167
-0.69566554,-0.52817726
-1.0445223,-1.0480676
-0.99326676,-0.92538303
-0.9393146,-0.79851604
-0.8801382,-0.7064024
-0.79760253,-0.6137167
-0.68508124,-0.52817726
-0.6814684,-1.109612
-0.6382292,-1.0787673
-0.6076907,-1.0459172
-0.5824416,-1.0140069
-0.55722994,-0.9772887
-0.52857256,-0.95725346
-0.5067403,-0.9301643
-0.48214826,-0.90295845
-0.4585188,-0.8757178
-0.4346354,-0.8443552
-0.41457865,-0.8205316
-0.4035277,-0.80770046
-1.3131465,-1.4094992
-1.2733752,-1.3785522
-1.2199097,-1.3321717
-1.188053,-1.2965686
-1.1445453,-1.2416289
-1.1083788,-1.2011845
-1.059786,-1.1376595
-1.0301065,-1.0941544
-0.98933256,-1.0306368
-1.0587311,-0.6701009
-0.9858442,-0.60206956
-0.9095897,-0.5338703
-0.8263472,-0.44188735
-0.7251096,-0.3580358
-0.64333594,-0.27146244
-0.57387316,-0.19599253
-0.5122122,-0.11901885
-0.4494282,-0.032381058
-0.40178266,0.03273493
-1.607054,-1.3351375
-1.4972216,-1.2598169
-1.3850803,-1.1757154
-1.2867596,-1.0859706
-1.1776878,-0.99651384
-1.0946908,-0.9032285
-0.9897844,-0.81794053
-0.8843356,-0.72142804
-0.7885897,-0.6123634
-0.7242735,-0.7416373
-0.67657787,-0.66053736
-0.63060623,-0.58201045
-0.5861618,-0.50934756
-0.54045546,-0.4444222
-0.4963291,-0.38938016
-0.45037633,-0.3405741
-0.40161628,-0.29855672
-0.35430068,-0.254021
-0.307606,-0.21169722
-1.1431336,-1.8761177
-1.081083,-1.7940223
-1.0233884,-1.7143109
-0.9621554,-1.6389954
-0.9035246,-1.5776653
-0.84741855,-1.5311663
-0.795617,-1.4894606
-0.74348295,-1.4467671
-0.69320077,-1.4067957
-0.9594861,-0.600535
-0.86743075,-0.5042216
-0.7727272,-0.4013239
-0.6830847,-0.2891303
-0.6231938,-0.23553485
-0.5713014,-0.16015711
-0.503219,-0.081543386
-0.44053534,0.0059784055
-0.39071688,0.062124968
-0.3444219,0.120536506
-0.065486856,-0.05490142
-0.035468526,0.006341517
-0.0019748702,0.05355388
0.028130284,0.09197223
0.05610316,0.11106819
0.089681044,0.13623846
0.12327472,0.16278201
0.16364369,0.2018044
0.19646762,0.2303502
0.23892047,0.27564484
0.2767627,0.32555115
-0.93720526,-1.0954082
-0.8376394,-1.0164268
-0.75076103,-0.94349384
-0.65922564,-0.8775541
-0.5733338,-0.8168293
-0.48351145,-0.7530863
-0.39797214,-0.6937497
-0.31444192,-0.62377596
-0.23306325,-0.5525993
-1.0486132,-0.6533842
-0.96045655,-0.5799563
-0.8744415,-0.50222874
-0.7921282,-0.42685378
-0.72775006,-0.36168867
-0.62888825,-0.7154535
-0.5308907,-0.6430968
-0.46292543,-0.6040961
-0.38229755,-0.5606023
-0.32203496,-0.5311587
-0.24463513,-0.49098438
-0.17490184,-0.4542402
-0.09627453,-0.39970315
-0.029153662,-0.3532872
0.04364068,-0.28376424
0.101445876,-0.22720125
-0.8957075,-0.91003174
-0.8290509,-0.8358202
-0.78634006,-0.79792064
-0.7291962,-0.7518834
-0.6669781,-0.7065685
-0.5990916,-0.6675637
-0.54318863,-0.6342429
-0.47929832,-0.5968275
-0.44528475,-0.5759308
-0.39954236,-0.5520547
-0.34850857,-0.52341896
-0.3008293,-0.49700448
-0.25449032,-0.46687627
-0.17085509,-0.4047482
-0.13276795,-0.3650968
-0.091225706,-0.31730977
-2.8348835,-1.6876566
-2.6694756,-1.6236594
-2.4981852,-1.5477303
-2.3733702,-1.4811771
-2.2281353,-1.4065006
-2.093704,-1.3230455
-1.9785957,-1.2385516
-1.8727719,-1.1644335
-1.7723881,-1.0898625
-1.6824249,-1.0126364
-0.16026853,-0.4424255
-0.13166352,-0.39776528
-0.0616,-0.36810917
-0.01838146,-0.34725666
0.03833278,-0.32937843
-1.9395835,-1.845798
-1.7760669,-1.7727492
-1.7012995,-1.6980488
-1.5704554,-1.6311748
-1.494182,-1.5671532
-1.4183242,-1.5046871
-1.311665,-1.4432977
-1.2339344,-1.3842824
-1.1084512,-1.3262448
-0.995867,-1.2694283
-0.8873214,-1.2101601
-0.9025796,-1.0596498
-2.1950197,-1.999855
-2.308456,-1.9141414
-2.1802962,-1.8467319
-2.074933,-1.7870779
-1.9782907,-1.7366076
-1.8946217,-1.6870847
-1.0473542,-0.9447204
-0.99962234,-0.8915083
-0.93781215,-0.8377529
-0.88809544,-0.78591615
-0.85465145,-0.7330501
-1.5400666,-1.4374945
-1.4715902,-1.385103
-1.4082711,-1.3366528
-1.3441842,-1.2891984
-1.2819077,-1.2397242
-1.9827626,-2.059926
-1.8431058,-1.9785724
-1.7144684,-1.8965197
-1.5572224,-1.8183341
-1.4491516,-1.7406454
-1.7237502,-1.6290069
-1.6747102,-1.5710542
-1.6260161,-1.50386
-1.5825318,-1.4400473
-1.5410831,-1.3864369
-3.2119632,-2.593907
-3.2105575,-2.535166
-3.1915228,-2.4753072
-3.1207156,-2.4145577
-3.0501585,-2.3556252
-3.19557,-2.7129376
-3.1024008,-2.6046574
-3.0016487,-2.4956925
-2.9106143,-2.3915398
-2.8318448,-2.2872791
-2.758619,-2.186017
-2.6876225,-2.0728576
-2.6169693,-1.9466312
-2.552812,-1.8105586
-2.4851236,-1.6404715
-2.4496078,-2.3471136
-2.3791206,-2.271676
-2.2963367,-2.1885493
-2.2305474,-2.1038911
-2.163295,-2.0220246
-2.1076522,-1.9519928
-2.0565917,-1.878304
-2.005704,-1.8085835
-1.9560179,-1.7342486
-1.907013,-1.6620467
-3.2843306,-2.2535586
-3.0961483,-2.1645148
-2.943008,-2.0748448
-2.8111014,-1.9807372
-2.6892698,-1.8889463
-2.5542092,-1.7961872
-2.4258578,-1.7042534
-2.2955,-1.610332
-2.1649837,-1.5181384
-2.043175,-1.4259297
-2.6153352,-1.4085438
-2.5389414,-1.3448025
-2.4596272,-1.2760594
-2.381996,-1.2037845
-2.3035629,-1.1224263
-2.2326536,-1.0492018
-2.1573465,-0.9740579
-2.0874553,-0.89027035
-2.0171149,-0.8178769
-1.945112,-0.7533505
-0.61131227,-0.33925205
-0.52363104,-0.25227058
-0.4347932,-0.17227641
-0.30988458,-0.08975348
-0.20059265,-0.01419425
-0.098096,0.06487948
-0.029960921,0.13874477
-1.9720939,-1.7855175
-1.9396083,-1.7204695
-1.8997581,-1.6580937
-1.8635457,-1.5982769
-1.8223004,-1.5397804
-1.7813258,-1.4765563
-1.7423772,-1.4203128
-1.7024041,-1.3646193
-1.6647979,-1.2888479
-1.623911,-1.2102647
-1.6292162,-1.6651108
-1.4939549,-1.5828664
-1.3626163,-1.4950314
-1.2431377,-1.4018142
-1.127032,-1.288526
-1.0162418,-1.1889175
-0.9043054,-1.1051903
-0.7989159,-1.0269651
-0.6927844,-0.9512564
-0.77411985,-1.5848198
-0.74231666,-1.5079808
-0.6980213,-1.4309111
-0.64938134,-1.3541362
-0.59367985,-1.2843678
0.4623779,0.013479829
0.5668425,0.08620095
0.6542948,0.1352337
0.7304526,0.18713695
0.8011745,0.23761779
0.8658802,0.28202635
0.92680025,0.32078856
0.9851764,0.35923004
1.039656,0.39814585
1.0932319,0.43951756
1.1455172,0.48448473
1.1977897,0.5318101
1.2483945,0.5759693
1.3000914,0.6216802
1.3526212,0.65827614
-0.92651445,-1.8792737
-0.86339825,-1.8060925
-0.82668597,-1.7283118
-0.7933887,-1.6493015
-0.7661077,-1.5581009
-2.0604658,-2.1601377
-1.8507229,-2.0762432
-1.8353108,-1.9911053
-1.8056982,-1.9114234
-1.7323469,-1.8358047
-1.3937143,-1.1619701
-1.3072019,-1.0894518
-1.2346543,-1.0332475
-1.1715424,-0.9858638
-1.111924,-0.94001293
-1.0475589,-0.89178026
-0.9777995,-0.84002656
-0.91866815,-0.7921709
-0.8620137,-0.74473023
-0.8006195,-0.7011572
-1.0321883,-0.8782967
-0.97275805,-0.8082237
-0.91313523,-0.737941
-0.8521378,-0.6640382
-0.7919366,-0.6099649
-0.73015314,-0.55581695
-0.66816235,-0.5007063
-0.60594255,-0.44668734
-0.5431535,-0.39435098
-0.47996637,-0.33183947
-0.98283476,-0.83684623
-0.9220706,-0.7828508
-0.8665037,-0.7342543
-0.79309136,-0.6853688
-0.7341896,-0.637459
-0.67419916,-0.59307855
-0.6019907,-0.5404982
-0.5434295,-0.48275346
-0.47775343,-0.42002764
-0.41010863,-0.3519072
-3.2207613,-2.5595903
-3.1644452,-2.4746976
-3.0985749,-2.393546
-3.0590103,-2.3155878
-3.0069945,-2.2454233
-2.9605014,-2.1853576
-2.907306,-2.1332426
-2.8505986,-2.082964
-2.801085,-2.034733
-2.7473047,-1.9873822
-0.30111247,-0.6695142
-0.22890487,-0.56679076
-0.15872493,-0.47472155
-0.09283317,-0.40072864
-0.016226368,-0.33682424
0.046419207,-0.28793085
0.107936904,-0.2492952
0.1740088,-0.1932323
0.23418632,-0.13203555
0.29970714,-0.08206913
-1.6913232,-1.2988555
-1.5981039,-1.2293743
-1.5049696,-1.1629913
-1.410553,-1.1004531
-1.3192197,-1.0425825
-1.2326182,-0.9835976
-1.1485107,-0.9274415
-1.0709869,-0.8587061
-0.98547095,-0.7754849
-2.0137506,-1.7563496
-1.9255307,-1.6633093
-1.8273085,-1.5669668
-1.7521116,-1.4807084
-1.6813502,-1.4049349
-1.6008409,-1.308245
-1.5228512,-1.2094965
-1.4226546,-1.1175227
-1.341951,-1.0320678
-1.0616769,-0.90788305
-1.0090748,-0.8205234
-0.95690405,-0.7434732
-0.8955098,-0.6572684
-0.8384156,-0.5782428
-0.7796331,-0.520642
-0.7317692,-0.46680823
-0.6736255,-0.41200638
-0.60646594,-0.36865586
-1.3449394,-0.9711435
-1.2732089,-0.90946996
-1.2015082,-0.85412735
-1.1289489,-0.80322516
-1.0614486,-0.7505934
-0.98861784,-0.704674
-0.9176852,-0.65736306
-0.8432352,-0.61036605
-0.7707998,-0.5453925
-0.96291184,-0.5796335
-0.8978814,-0.5292143
-0.8326987,-0.4805024
-0.7775755,-0.43833983
-0.7096026,-0.38947165
-0.6390788,-0.33578777
-0.591768,-0.2688807
-0.5052839,-0.18931422
-0.44476342,-0.07903209
-0.08640875,-0.26223335
0.005581738,-0.14699483
0.063392326,-0.06592363
0.1197707,0.009456694
0.17600057,0.06396073
0.2311678,0.10900742
0.28611472,0.14576232
0.34104443,0.19129384
0.3960773,0.24934924
0.4570822,0.33441013
-1.038431,-1.518356
-0.9588484,-1.4108381
-0.88215744,-1.3046104
-0.80662614,-1.1969061
-0.7311258,-1.0754337
-0.6574064,-0.9586451
-0.58342,-0.86388385
-0.5083702,-0.7847165
-0.4313168,-0.71522856
0.22430182,0.27991754
0.23327146,0.3067705
0.24325942,0.32986683
0.25380227,0.35828817
0.26548633,0.39310813
0.27878684,0.4351409
0.29293928,0.4838912
0.30795404,0.5348024
0.32460657,0.5805139
-0.9655218,-0.98471516
-0.92415136,-0.8864386
-0.88367254,-0.78801113
-0.8438946,-0.68948317
-0.8046559,-0.5932983
-0.7661399,-0.51466656
-0.72792083,-0.4505145
-0.6904584,-0.39480057
-0.65364045,-0.35851386
0.14454755,0.045308053
0.17935666,0.08442128
0.21077296,0.12710994
0.24254264,0.17128831
0.27523604,0.20870972
0.30702388,0.23852038
0.33895138,0.26986498
0.3638937,0.30155337
0.398762,0.33411157
0.42590386,0.37222654
0.051801607,0.17006594
0.12954432,0.20138985
0.16754693,0.2379849
0.22198175,0.26549226
0.27411944,0.29238564
0.331486,0.31833446
0.39602587,0.3463289
0.43508905,0.37865955
-0.89166814,-0.8950124
-0.6415416,0.6560051
-0.47706363,0.7019735
-0.2745223,0.745704
-0.100159846,0.78792673
0.044614412,0.82844764
0.5967847,0.43309838
0.63419026,0.4773795
0.6711147,0.5136059
0.70768,0.54827684
0.7432297,0.5841263
0.775284,0.61703604
0.80770874,0.6503232
0.83818036,0.68281347
0.87348443,0.7115515
0.90560687,0.74309343
-0.7988239,-1.3762722
-0.7488177,-1.2388506
-0.6766069,-1.1352358
-0.6356515,-1.0489285
-0.564526,-0.98001957
-0.5041735,-0.91141987
-0.4640604,-0.8475094
0.030465195,0.5096989
0.08182121,0.54238206
0.14420292,0.5752972
0.20878272,0.6058441
0.27306628,0.63823694
0.336178,0.6737488
0.3990012,0.71234447
0.46196014,0.7524714
0.51980084,0.78885704
0.58775675,0.8245947
0.24326666,0.32986683
0.256831,0.35828817
0.26860255,0.39310813
0.28209537,0.4351409
0.2948651,0.4838912
0.3139615,0.5348024
0.3205988,0.5805139
0.34985313,0.62863785
0.3705089,0.6832568
0.3224085,-0.102113456
0.33609736,-0.09673706
0.3732554,-0.085300475
0.40952018,-0.069595635
0.4301416,-0.05998856
0.4565602,-0.047986686
0.4778227,-0.040044487
0.50048393,-0.029013753
0.52230483,-0.022292674
0.54620326,-0.012782693
0.5664371,-0.0023204684
0.5881953,0.0040742755
0.6058643,0.011555612
0.62596935,0.021569788
0.644675,0.025059164
0.66511214,0.03355527
0.68174946,0.039025247
0.6996869,0.049966514
0.71989423,0.06110829
0.73785573,0.071556985
0.7548611,0.08113575
0.77262664,0.08822638
0.79208285,0.09497076
0.80624694,0.100429535
0.81979066,0.1054399
0.83314246,0.109369695
0.84887457,0.1158939
0.8657684,0.120236635
0.88706315,0.12555486
-1.0438589,-0.28991085
-0.91099304,-0.2389248
-0.81266826,-0.20326245
-0.764938,-0.1722045
-0.7002843,-0.13462532
-0.6362339,-0.095959604
-0.57116175,-0.0669471
-0.5401861,-0.041566133
-0.4917877,-0.012334466
-0.5088847,-0.0054448843
-0.4429772,0.039578557
-0.37754464,0.07987207
-0.33627087,0.10375768
-0.26870152,0.115496695
-0.2863752,0.14370173
-0.21936698,0.1781072
-1.521637,-0.9161649
-0.14240628,-0.5476719
-0.08645159,-0.4679002
-0.039594773,-0.39082035
0.01858024,-0.3212605
0.069722384,-0.26391727
0.11587211,-0.1958122
0.16415223,-0.12157202
0.20979151,-0.04233998
0.25731495,0.04018587
0.30520275,0.13045853
0.042610615,-0.09945601
0.1017141,-0.027033567
0.15519941,0.028117836
0.22816706,0.088299096
0.28457955,0.14653498
0.33900437,0.19784957
0.4013982,0.24558687
0.46268788,0.2971611
0.52085817,0.34192908
0.5856188,0.38791257
-1.7345301,-1.7901013
-1.6246974,-1.6998334
-1.5214821,-1.6108918
-1.4051701,-1.5255394
-1.2962079,-1.4409814
-1.1966534,-1.3431941
-1.1066349,-1.2475693
-1.0134313,-1.1684537
-0.91708344,-1.0918562
-0.10361065,-0.26886463
-0.058067925,-0.19668671
-0.012612247,-0.12878221
0.024585811,-0.066461205
0.060685962,-0.0033842921
0.11153244,0.04534352
0.14728849,0.08630663
0.18824497,0.12568635
0.22980201,0.16029358
0.27334604,0.19239658
-0.76905215,-0.84927607
-0.7137471,-0.7934657
-0.65873647,-0.738153
-0.6091284,-0.6920869
-0.56185305,-0.64832294
-0.5094263,-0.6070387
-0.46388245,-0.57195026
-0.4176169,-0.5368558
-0.37318784,-0.49727356
-0.32909805,-0.4494915
0.20394346,-0.07765782
0.23736197,-0.029338658
0.2714608,0.022225201
0.3059794,0.07828486
0.34234333,0.13301963
0.3782751,0.18592232
0.41652012,0.24033898
0.4558888,0.29981357
0.4955612,0.36380178
0.54063547,0.43442875
0.1141051,-0.20462939
0.1434902,-0.12221873
0.17623249,-0.041084528
0.21466222,0.029416919
0.25478354,0.09621948
0.29578587,0.15846157
0.3291432,0.20953685
0.37735215,0.25134456
0.42461684,0.28793025
0.4737971,0.32308376
-0.33979645,-0.5430033
-0.27493328,-0.44868228
-0.21748936,-0.37237617
-0.14861776,-0.2955513
-0.09021017,-0.23396209
-0.028366636,-0.17223924
0.040233135,-0.1037159
0.093943425,-0.028600395
0.16916148,0.054260194
0.23426661,0.13223451
-0.39152807,-0.5489507
-0.3005694,-0.49262744
-0.2466639,-0.4317336
-0.1844077,-0.3650862
-0.12719955,-0.3037864
-0.06388212,-0.24645883
0.008113218,-0.18457216
0.076864876,-0.124509096
0.13627945,-0.081332445
0.19790687,-0.045620203
0.16611212,-0.07880819
0.21017846,0.06166148
0.25140527,0.15964288
0.30413046,0.2568037
0.41724044,0.41724128
0.4692626,0.49307472
0.49841854,0.5735176
0.5422809,0.6397591
0.59286726,0.7052801
0.64275223,0.76047045
0.7099217,0.8140181
0.7613056,0.86443764
0.8050474,0.9154735
0.8687597,0.9692562
0.910531,1.0105953
-1.1726934,-0.86507696
-1.1171541,-0.7978261
-1.0786147,-0.7407056
-0.96377313,-0.54990125
-0.8898022,-0.4262649
-0.82083356,-0.3202977
-0.7317394,-0.21291357
-0.6661462,-0.11689085
-0.57957506,-0.0133059025
-0.44666493,0.18598658
-0.3692546,0.26465034
-0.3126793,0.32716626
-0.48625743,-0.47649303
-2.033644,-1.0180261
-1.9087362,-0.9825762
-1.7939299,-0.95002115
-1.6758763,-0.91864145
-1.5994537,-0.88867843
-1.4553033,-0.86156416
-1.3549818,-0.8393889
-1.2541097,-0.81927896
-1.1544927,-0.79585123
-1.049945,-0.7727838
-0.96627384,-0.7452698
-0.8777326,-0.72309256
-0.78056186,-0.69637346
-0.6904591,-0.6712326
-0.6107072,-0.6485363
-0.52837914,-0.6311263
-0.92603546,-0.9310971
-0.536941,-0.8266466
-0.49274883,-0.78476596
-0.4485261,-0.7467609
-0.4039556,-0.7131328
-0.3633137,-0.6852783
-0.3228193,-0.6629036
-0.27903578,-0.6422073
-0.2391019,-0.6204638
-0.20000459,-0.59925497
-0.16059357,-0.5789437
-0.12068743,-0.5592516
-0.08299163,-0.5408644
-0.045052793,-0.5236762
-0.007874382,-0.5045802
0.029978933,-0.48616976
-1.9991716,-2.0571504
-1.9068515,-1.9832399
-1.776712,-1.9200194
-1.6685504,-1.8461404
-1.5817214,-1.7626305
-1.4381481,-1.676867
-1.3092183,-1.5777037
-1.2146723,-1.4915073
-1.1053191,-1.4227045
-1.1088055,-1.3851984
-1.0598905,-1.3207078
-1.0169013,-1.2625748
-0.96729237,-1.203166
-0.9277546,-1.150363
-0.88435286,-1.1057065
-0.8440194,-1.0608767
-0.80096143,-1.0129695
-0.7612051,-0.96146333
-0.7140896,-0.9067583
-0.49296585,-0.50645745
-0.3954603,-0.33981252
-0.28704888,-0.21778029
-0.19514984,-0.13056758
-0.10033646,-0.063249886
-0.009485401,0.026116014
0.06774227,0.105976164
0.17193322,0.20486146
0.2676718,0.28258723
0.3568014,0.345663
0.44611686,0.40107936
-1.4278091,-1.2798345
-1.324343,-1.1850551
-1.2202063,-1.0947957
-1.1161335,-1.0137167
-1.0175381,-0.9348148
-0.91256404,-0.86059237
-0.804054,-0.79072046
-0.70411223,-0.7336935
-0.5882946,-0.68406844
-1.0174134,-0.8816623
-0.9179205,-0.7936461
-0.82866186,-0.707032
-0.7487298,-0.63408166
-0.6670787,-0.57805204
-0.5753473,-0.52341855
-0.4846102,-0.46002334
-0.39611197,-0.37928155
-0.28309175,-0.28544798
-0.49362412,-0.607695
-0.44929433,-0.5432587
-0.3747519,-0.4531015
-0.29128543,-0.33377627
-0.21091339,-0.2214756
-0.12832676,-0.094228566
-0.039138876,0.021058023
0.06924515,0.122093976
0.18139964,0.21849895
0.26997957,0.289276
0.36547104,0.36183125
0.4762113,0.4244048
0.591506,0.48428327
-0.16087063,-0.049326837
-0.06846108,0.08324903
0.049060572,0.14824873
0.13623467,0.21348637
0.23151365,0.26852018
0.3061566,0.3435704
0.10352398,0.3368864
0.20414227,0.37679935
0.30985275,0.41201466
0.38849622,0.44568402
0.4874904,0.489662
0.58625233,0.5334051
0.6900859,0.57825214
0.8061535,0.64007694
-0.44149515,-0.38625002
-0.007848281,-0.06874579
0.09076453,0.011335313
0.19152507,0.09676421
0.3008225,0.18184167
0.49829224,0.32921952
0.64669704,0.410497
0.7621392,0.46877736
0.8751709,0.53895885
1.095612,0.62467676
1.2708663,0.65984756
-1.0338744,-1.3110127
-0.9466036,-1.1913357
-0.8626583,-1.0925059
-0.78176963,-0.98184294
-0.7710652,-0.9685917
-0.67554665,-0.88797605
-0.55206746,-0.807854
-0.405983,-0.7462461
-0.2486104,-0.6888353
-0.06878724,-0.6402138
0.11332927,-0.61542577
0.24788848,-0.6072912
-1.2579938,-1.2583433
-1.1671226,-1.135019
-1.0743475,-1.0242444
-0.9808591,-0.92103
-0.888158,-0.835595
-0.78932935,-0.7639973
-0.68253326,-0.6934406
-0.5708007,-0.62822145
-0.4667684,-0.5723535
-0.36602277,-0.47548243
-0.20063762,-0.3669979
-0.07868431,-0.2927936
-1.7380598,-1.7877285
-1.6524411,-1.6890807
-1.5577154,-1.5960965
-1.4687276,-1.5053759
-1.3815029,-1.4154015
-1.291748,-1.330555
-1.201022,-1.2509742
-1.1146569,-1.1747108
-2.3919108,-2.559294
-2.2852268,-2.4540052
-2.1851203,-2.3470592
-2.0862257,-2.23288
-1.9918865,-2.128454
-1.898706,-2.0387113
-1.8132969,-1.9506407
-1.726998,-1.8735244
-1.6429827,-1.8054423
-1.5627896,-1.7354634
-0.5705904,-0.4963074
-0.3912334,-0.35883266
-0.17235163,-0.25474715
0.048733417,-0.118735075
0.28969625,0.06473482
0.58205825,0.20917898
0.9266832,0.34447086
-1.8922149,-1.9298463
-1.801306,-1.826637
-1.7131734,-1.7278242
-1.6273671,-1.6309578
-1.5440719,-1.5385385
-1.4629414,-1.4525771
-1.383712,-1.3752172
-1.3062463,-1.3056012
-1.2324945,-1.2411311
-2.3722377,-2.1306543
-2.2207167,-2.0309484
-2.1174514,-1.9401047
-2.0039303,-1.8616054
-1.8799845,-1.7841947
-1.7671398,-1.7266278
-1.655501,-1.6727977
-1.5539309,-1.626997
-1.4708351,-1.5902224
-1.3826445,-1.5531406
-1.1786832,-2.6137538
-1.1358087,-2.5280287
-1.0947914,-2.4826517
-1.0392699,-2.4130685
-0.97550064,-2.341924
-0.90772754,-2.2679486
-0.8194421,-2.1851466
-0.744258,-2.096996
-0.6885639,-2.0043674
-0.6159281,-1.9133835
-0.52046376,-1.764607
-0.46633318,-1.6253707
-0.39641804,-1.4795864
-0.34862605,-1.3795731
-0.29007524,-1.2766502
-0.20963892,-1.128603
-0.109704174,-0.9831684
-1.1815227,-1.9217713
-1.0497651,-1.747325
-0.9428276,-1.5556498
-0.87690884,-1.3707695
-0.75360215,-1.204032
-0.6204098,-1.0594646
-0.5403612,-0.93378484
-1.8546579,-1.7528932
-1.7195776,-1.6613789
-1.5642021,-1.5648533
-1.1900187,-1.4504527
-1.6230389,-1.9403479
-1.5788218,-1.7864704
-1.52893,-1.6511037
-1.4845879,-1.5120802
-1.4292071,-1.3170154
-1.387621,-1.1170859
-1.3436426,-0.9350022
-1.3099709,-0.7613418
-0.5518414,-1.6493576
-0.467484,-1.5019222
-0.38182557,-1.3719332
-0.29600596,-1.2499099
-0.20682006,-1.1019185
-0.11612156,-0.93812245
-0.027308842,-0.78029746
0.06972715,-0.6472705
0.16751227,-0.55539405
0.26800898,-0.49122632
-1.3043804,-1.3169329
-1.2424889,-1.2683293
-1.1621021,-1.1845317
-1.1005515,-1.1112874
-1.0544666,-1.0559269
-0.9962019,-0.9823725
-0.9203054,-0.89029086
-0.8385737,-0.79792106
-0.77172625,-0.7186699
-0.7244681,-0.6541417
-0.67353886,-0.59030586
-0.37693495,-0.8685889
-0.34884652,-0.82338464
-0.3211154,-0.7740676
-0.29395515,-0.72839093
-0.26711413,-0.6899985
-0.24516481,-0.65611583
-0.2220154,-0.628424
-0.19829577,-0.5968188
-0.17523752,-0.5627963
-0.14688241,-0.52293277
-0.81959283,-1.007556
-0.8082303,-0.9414629
-0.79246426,-0.8759434
-0.7818603,-0.8118379
-0.7599845,-0.75863963
-0.7421259,-0.70687526
-0.7221903,-0.658366
-0.69408643,-0.59973544
-0.14944738,-0.25546563
-0.09225429,-0.19086844
-0.05121968,-0.13175717
0.008671174,-0.071124196
0.07997369,0.0031870008
0.14913893,0.077160776
0.21400785,0.123832524
0.27419922,0.17253143
-1.7199273,-1.7672029
-1.5898659,-1.6701598
-1.5886595,-1.5833812
-1.5018709,-1.486018
-1.4203546,-1.3753933
-1.3044366,-1.2590716
-1.2162415,-1.1499678
-1.1241474,-1.0527146
-0.97546875,-0.95005137
-1.2664648,-0.91575104
-1.2376217,-0.84438014
-1.1868439,-0.79526496
-1.120124,-0.73540145
-1.0606143,-0.679987
-0.97504604,-0.608071
-0.9139448,-0.55451876
-0.8263221,-0.47197688
-0.76343876,-0.3866041
-0.6814152,-0.26287588
-0.60927933,-0.16743046
-0.24374044,-0.118985176
-0.14458404,-0.055146933
-0.09711926,-0.023709476
-0.018689295,0.02491498
0.0583609,0.09714383
0.12050563,0.17203552
0.19155997,0.27220833
0.26501447,0.3604381
0.32499626,0.42261857
0.39140028,0.48300916
0.46906775,0.5445433
-1.5818502,-1.4347482
-1.4471915,-1.3516592
-1.303258,-1.2678537
-1.1734684,-1.1704679
-1.0506399,-1.0830669
-0.92639995,-1.0114539
-0.82123214,-0.92710304
-0.706389,-0.846157
-0.59378177,-0.77708477
-0.8604456,-0.24081263
-0.7488645,-0.16109881
-0.6400525,-0.06829184
-0.5373567,0.038378477
-0.44493368,0.13606685
-0.34762698,0.24682033
-0.2070131,0.3636344
-0.124920055,0.472943
-0.05453132,0.57394296
-0.11365354,0.043632567
-0.08116721,0.10796034
-0.026763935,0.16903538
0.032413404,0.23668307
0.0945028,0.3053382
0.16909787,0.3731737
0.2317331,0.43206495
0.2946663,0.49077827
0.37160975,0.54600316
0.48598656,0.60277885
-0.57176465,-0.3425827
-0.50080603,-0.2846104
-0.43597236,-0.21714324
-0.3742161,-0.13964564
-0.31044966,-0.05476904
-0.24548201,0.0155751705
-0.17535819,0.0736199
-0.10292829,0.13931328
-0.027922735,0.19850403
-1.4704345,-1.075339
-1.4440061,-1.0278138
-1.414497,-0.97808623
-1.3825573,-0.9254144
-1.3498846,-0.87941146
-1.3152336,-0.8401241
-1.2793735,-0.7976382
-1.2438813,-0.75751454
-1.2078375,-0.7201777
-2.5955424,-2.126604
-2.4678535,-2.048989
-2.276873,-1.9798598
-2.1755292,-1.9181323
-2.0249145,-1.8515975
-0.027551617,-0.049824297
0.09025381,0.10700375
0.20680855,0.24861997
0.31992835,0.3616544
0.42376813,0.44356102
0.56103,0.5288636
0.65135944,0.61415464
0.8081279,0.69551235
0.9546695,0.77858454
1.1146421,0.86179954
1.2663535,0.9418219
-2.2274122,-1.9440138
-2.1263673,-1.8693926
-2.0139074,-1.8099506
-1.9134862,-1.7583084
-1.8104001,-1.6989372
-1.7229334,-1.636941
-1.6259899,-1.5687342
-1.537682,-1.507688
-1.4542226,-1.4369131
-2.7988834,-2.7036917
-2.744221,-2.6175327
-2.6884136,-2.5431724
-2.639146,-2.4779541
-2.5823178,-2.4165103
-2.5234187,-2.3556933
-2.4625382,-2.2983556
-2.4010153,-2.2397838
-2.3384392,-2.167859
-2.2953715,-1.2784083
-2.210785,-1.2179034
-2.1276531,-1.1609988
-2.0425026,-1.0995955
-1.9503198,-1.0333343
-1.8646271,-0.9604175
-1.7880869,-0.9003811
-1.7164191,-0.84528446
-1.6534016,-0.7942377
-0.85314214,-1.5594828
-0.77020353,-1.4892321
-0.69159573,-1.4132118
-0.6031782,-1.3250194
-0.50243163,-1.2228353
-0.41756624,-1.0993435
-0.33441743,-0.9584836
-0.242723,-0.81004894
-0.1429653,-0.6717839
-0.5261286,0.28552932
-0.43698344,0.34947473
-0.31531215,0.4337669
-0.23693551,0.47957987
-0.1438385,0.5364743
-0.032746393,0.59681636
0.058471028,0.65106636
0.17012662,0.7038242
0.28926677,0.75917846
0.38099253,0.8066699
-2.114624,-3.9579556
-2.0321298,-3.872758
-1.9545461,-3.784548
-1.8812015,-3.6941476
-1.81217,-3.6060045
-1.7467637,-3.527483
-1.6851833,-3.4476264
-1.6268004,-3.3584335
-1.5706068,-3.2609012
-0.08423586,0.32207644
0.06411805,0.37023652
0.17543875,0.40126568
0.3177796,0.44156355
0.48550195,0.48599
0.6223261,0.5278061
0.79856175,0.57179457
-0.34515134,-0.2287668
-0.19403438,-0.14182419
-0.00943331,-0.06567544
0.14659551,0.010284483
0.32842073,0.07707304
0.48393327,0.14736396
0.66964877,0.21995783
0.89113855,0.27882367
1.1392919,0.34678817
0.13456202,0.10557312
0.22024362,0.22508365
0.29690745,0.30320936
0.3643654,0.37946898
0.4278787,0.43290454
0.49703756,0.48295778
0.5825848,0.53734297
0.6560167,0.585471
0.729759,0.63102597
0.81224847,0.67654365
-1.5807922,-0.8893192
-1.3766338,-0.76679695
-1.2307085,-0.6634252
-0.9116731,-0.496648
-0.5914117,-0.33954722
-0.3357761,-0.1711207
-0.16417176,-0.06601262
-0.034869082,0.0074120164
-0.620746,-0.2708539
-0.51819646,-0.1613133
-0.43788087,-0.027518213
-0.38152468,0.07972914
-0.32200623,0.17242438
-0.26901144,0.25393063
-0.19670062,0.3363492
-0.13387726,0.4091094
-0.067943975,0.47288376
0.09425336,-0.14079374
0.18900865,-0.025616169
0.23988843,0.07679206
0.32151014,0.1564582
0.377141,0.21870255
0.45876774,0.27678436
0.51932,0.33783996
0.5977686,0.39885348
-2.8784857,-2.3602953
-2.7827883,-2.2654214
-2.6936314,-2.1913838
-2.602205,-2.126427
-2.5117257,-2.0684247
-2.4198787,-2.011692
-2.3317869,-1.9564426
-2.2479684,-1.8982756
-2.168556,-1.835279
0.9095619,0.25215262
1.0023047,0.39493346
1.1445124,0.5310531
1.2537094,0.63147634
1.3486915,0.6928976
1.4706962,0.7313728
1.6596915,0.7680469
-0.27330947,-0.23993069
-0.19633909,-0.17500606
-0.12077326,-0.11238736
-0.052695308,-0.058464527
0.02272489,0.0022140145
0.10016172,0.06608546
0.16409406,0.13461125
0.23483208,0.20072395
0.30458578,0.270998
0.36652306,0.33598453
-2.3354917,-1.8061857
-2.2305112,-1.7163448
-2.102864,-1.635925
-1.9543959,-1.5540316
-1.8292835,-1.4744343
-1.7132969,-1.3835397
-0.90248495,-1.0931561
-0.8659433,-1.0377642
-0.8328953,-0.99949515
-0.7474379,-0.896839
-0.69562155,-0.8241582
-0.6391938,-0.7746963
-0.5740768,-0.72198415
-0.5191924,-0.67373717
-0.47148618,-0.64363766
-0.41404086,-0.61804646
-0.36561266,-0.5973712
-0.309549,-0.5750039
-0.25778607,-0.5561254
-0.21225569,-0.53941405
-0.16338636,-0.5259772
-0.11201201,-0.5146294
-1.5021172,-1.9592624
-1.4516107,-1.9249127
-1.3443443,-1.8746333
-1.2811772,-1.8415964
-1.0826496,-1.7910545
-0.9664204,-1.7616172
-0.9026656,-1.7240036
-0.8657125,-1.6990962
-0.38310382,-0.4693682
-2.1107202,-2.7744958
-2.0695868,-2.6878183
-2.0365243,-2.597932
-1.9655294,-2.5118632
-1.9126253,-2.4231868
-1.8096238,-2.339804
-1.739322,-2.2641451
-1.5827602,-2.1278834
-1.4158925,-1.9863908
-2.3645089,-2.5310106
-2.2736344,-2.4580045
-2.1842773,-2.3895607
-2.0967894,-2.3354557
-2.008133,-2.281595
-1.9214274,-2.2305086
-1.835381,-2.1838787
-1.7497761,-2.1377273
-1.6614913,-2.0876288
-1.1888466,-1.3636882
-1.154368,-1.2998941
-1.140259,-1.2613559
-1.117019,-1.2171226
-1.0928576,-1.1945946
-1.0699698,-1.169944
-1.046661,-1.1664362
-1.021958,-1.1526542
-0.9990138,-1.1346815
-0.97918683,-1.1219678
-0.955888,-1.1064942
-0.93297195,-1.0943522
-0.9123859,-1.0846267
-0.8939157,-1.068532
-0.8781518,-1.0606108
-0.86157,-1.052585
-0.8446465,-1.0409067
-0.8283002,-1.028779
-2.140587,-2.0860121
-1.9998075,-1.8845615
-1.7243575,-1.6648941
-1.4625281,-1.4297276
-1.2228904,-1.1685882
-0.9313853,-0.8875538
-0.6332294,-0.61588246
-0.3053651,-0.3426078
-0.92371464,-0.7946573
-0.8189748,-0.7121205
-0.72241455,-0.6341627
-0.62740827,-0.57609254
-0.53334445,-0.5405284
-0.44759873,-0.5086328
-0.35577443,-0.4738116
-0.27125394,-0.43136477
-0.18719646,-0.39006457
-2.2731917,-2.3091023
-2.172271,-2.2289457
-2.1130211,-2.1612966
-1.9409201,-2.0947175
-1.764793,-2.0351324
-1.6224825,-1.9788136
-1.4998084,-1.9191377
-1.3969809,-1.8561883
-1.2904837,-1.7997289
-1.0289725,-0.9558301
-1.0136348,-0.9289092
-0.99565566,-0.9013978
-0.9774252,-0.8749679
-0.9613565,-0.8495128
-0.9448577,-0.82518023
-0.9278433,-0.8031739
-0.9089248,-0.7808198
-0.89001226,-0.7587281
-0.87167376,-0.7376318
-0.8523202,-0.71526384
-0.8334196,-0.68952656
-0.81530553,-0.66102016
-0.7984657,-0.6307122
-0.7813507,-0.6022604
-0.933201,-0.8965764
-0.86320513,-0.82647616
-0.84488887,-0.77513456
-0.7500915,-0.72454566
-0.69500184,-0.6869885
-0.61194456,-0.6425309
-0.55315584,-0.61099565
-0.47472906,-0.5690609
-0.4124733,-0.5027374
-0.33533165,-0.42394695
-0.27228415,-0.32013944
-1.2240213,-0.9324535
-1.0435426,-0.81624484
-0.9716153,-0.78689635
-0.9466072,-0.75469697
-0.8666767,-0.69694734
-0.8348313,-0.6610633
-0.76687443,-0.60708296
-0.69774765,-0.56080556
-0.64369524,-0.5138098
-0.5969722,-0.48411167
-0.5040192,-0.4173426
-0.44093025,-0.3765152
-0.3626039,-0.31791455
-0.270884,-0.24486423
-0.18716359,-0.16654548
-0.1426926,-0.11698502
-0.07876049,-0.058615446
0.014503267,0.042688966
0.080274574,0.090310395
-0.48136732,-0.40320337
-1.5535364,-0.71646535
-1.0259758,-1.209989
-0.9367599,-1.11495
-0.84808666,-1.0051891
-0.7769483,-0.9052553
-0.7111715,-0.8259082
-0.6267351,-0.7663186
-0.5541655,-0.69984907
-0.47874603,-0.6393506
-0.3997756,-0.5726448
-0.32036936,-0.5068902
-0.62611073,-0.66655034
-0.5529841,-0.6233106
-0.48272774,-0.56965816
-0.42622855,-0.51781386
-0.36463997,-0.46448344
-0.3079082,-0.40691143
-0.24960813,-0.34147096
-0.19229221,-0.2730328
-0.13374008,-0.20212287
-0.08546934,-0.13410929
-2.2413597,-2.2055
-2.0628595,-2.089953
-1.8771968,-1.9778543
-1.723079,-1.8621576
-1.5557072,-1.7406342
-1.4076465,-1.6073318
-1.2593291,-1.4564254
-1.1183487,-1.2967219
-0.97357357,-1.1234884
-0.8341296,-0.97378886
-1.0354077,-0.7997474
-0.9763854,-0.7553949
-0.906813,-0.717705
-0.83758765,-0.67938995
-0.7700705,-0.6359935
-0.7116207,-0.58583885
-0.639965,-0.54707456
-0.5717412,-0.514698
-0.51503605,-0.47913796
-0.47519353,-0.50435686
-0.43229634,-0.4705656
-0.38820064,-0.43755254
-0.34215415,-0.39778024
-0.30164698,-0.34455162
-0.2576663,-0.28634036
-0.21409297,-0.23212263
-0.1750279,-0.18300939
-0.13365787,-0.13010201
-0.08970971,-0.07680678
0.24952163,0.12604183
0.2826063,0.20309746
0.324119,0.26539618
0.36089978,0.3208676
0.40110922,0.37120408
0.4395166,0.4258091
0.480677,0.48908776
0.52369744,0.5490665
0.56721926,0.59952503
0.6129726,0.64733154
0.35227847,0.01440686
0.37551492,0.08446413
0.40152505,0.1539939
0.43273252,0.22283632
0.46249324,0.29211622
0.49159613,0.35659844
0.5264634,0.4131003
0.564961,0.46661955
0.604674,0.5137865
0.6431498,0.5490963
-0.20204316,-0.18412668
-0.14324237,-0.10810244
-0.07850465,-0.040162563
-0.005240362,0.015864432
0.071701564,0.06265658
0.14869398,0.106141746
0.24025027,0.14480191
0.32382476,0.17957652
0.42099783,0.2139548
-0.42774805,-0.45329276
-0.34479055,-0.41442734
-0.24429594,-0.3614576
-0.17776477,-0.29834506
-0.13384639,-0.25522256
-0.0943445,-0.20888954
-0.04856053,-0.15778923
0.016896402,-0.10463244
0.08189259,-0.03820318
0.1325779,0.017307281
0.19230808,0.08045316
0.25951272,0.15842813
-1.0964575,-1.039763
-0.9687319,-0.9133339
-0.9144926,-0.8440329
-0.8647255,-0.77585864
-0.8196759,-0.71355486
-0.7332744,-0.64270204
-0.6483544,-0.53382343
-0.5943883,-0.454642
-0.5440604,-0.39038417
-0.44856057,-0.3168829
-0.37313977,-0.246595
-0.39545387,-0.32740706
-0.2927594,-0.21004403
-0.16205361,-0.09049237
-0.037244912,0.0043335557
0.0840678,0.08452666
0.20811397,0.14009231
0.33619446,0.18339032
-0.933939,-0.7257587
-0.89445204,-0.64344436
-0.8488613,-0.56326705
-0.7804056,-0.48891747
-0.71817225,-0.42255974
-0.6315203,-0.3479513
-0.586081,-0.27255774
-0.506121,-0.1844213
-0.40816727,-0.095716715
-2.2180738,-2.0295522
-2.0942163,-1.940198
-2.0116067,-1.8619423
-1.9464414,-1.7869222
-1.8638611,-1.7105494
-1.7747594,-1.6395824
-1.70589,-1.5732214
-1.6145265,-1.5068991
-3.7540557,-2.493911
-3.7226386,-2.4580865
-3.627002,-2.400911
-3.6048038,-2.338757
-3.5536642,-2.2831602
-3.3810272,-2.2234695
-3.296259,-2.1627939
-3.2319655,-2.1059172
-3.2013025,-2.0442045
-3.1356707,-1.9819055
0.23391007,-0.08399001
0.29139945,-0.0171054
0.35810217,0.034853935
0.41977558,0.082708776
0.5027681,0.13349009
0.57161915,0.19014478
0.66694313,0.25328916
0.7474528,0.31012803
0.83356845,0.37026834
0.9281116,0.43337375
-1.5927091,-0.68412644
-1.554068,-0.6276429
-1.5058124,-0.5717442
-1.4565543,-0.5159469
-1.4104403,-0.46524632
-1.3727986,-0.41780645
-1.3276201,-0.37100828
-1.2869642,-0.3211842
-1.2443008,-0.2738841
-1.2059792,-0.22662014
-1.1662606,-0.18551677
-1.1300188,-0.14320037
-1.0877018,-0.09495878
-1.0474176,-0.05022782
-1.0073503,-0.014990747
-0.9691029,0.020540655
-0.9264876,0.052893817
-2.4901772,-1.3386378
-2.413036,-1.2959316
-2.2897522,-1.2389729
-2.1871395,-1.1875069
-2.106834,-1.1403122
-2.009918,-1.0796309
-1.8892322,-0.99851084
-1.783651,-0.89327526
-1.703628,-0.77619684
-2.80052,-1.1681793
-2.7004373,-1.0956725
-2.566905,-1.0256214
-2.4531522,-0.96929675
-2.3434944,-0.9147855
-2.2815063,-0.8605703
-2.17256,-0.7823692
-2.0650797,-0.7264884
-1.9842918,-0.66386956
-1.9164447,-0.61280555
-1.8465927,-0.537783
-1.6972055,-0.4401225
-1.616356,-0.36319637
-1.7508621,-1.8110039
-2.6178207,-3.014974
-1.8183556,-2.3114512
-1.7140815,-2.28788
-1.5942494,-2.2517266
-1.5300037,-2.2267466
-1.4489719,-2.1922865
-1.4221398,-2.1770117
-1.3853585,-2.1541994
-1.3616961,-2.1404073
-1.3309884,-2.120274
-1.5205734,-2.5035753
-1.503242,-2.492211
-1.4942007,-2.4814377
-1.4927379,-2.4706082
-1.4878308,-2.460591
-1.4850367,-2.4509988
-1.4692271,-2.4410655
-1.4531469,-2.4300435
-1.4328724,-2.4196534
-1.4237121,-2.4104
-1.4106555,-2.401759
-1.0398268,-1.207191
-1.0052093,-1.1547837
-0.95051676,-1.1022744
-0.91736823,-1.0454152
-0.8677459,-0.9886652
-0.82185584,-0.9385609
-0.78932124,-0.8943758
-0.7404119,-0.8502383
-0.6979842,-0.8113478
-0.6495587,-0.7577152
-1.9046953,-1.3134127
-1.7162555,-1.2090855
-1.5308497,-1.1012988
-1.389853,-0.99218976
-1.2239053,-0.9020505
-0.9768038,-0.8170537
-0.8484607,-0.71909475
-0.70119715,-0.6101033
-0.56895566,-0.5029316
-0.098076254,-0.1644029
0.017375419,-0.016137958
0.08760058,0.14534557
0.16703768,0.31633866
0.26364577,0.44722515
0.3525936,0.55369264
0.4457111,0.65675217
0.5380242,0.7531063
0.6558343,0.8342776
-1.1990185,-0.8387866
-1.1470757,-0.7890104
-1.0970057,-0.743106
-1.0451763,-0.69204754
-0.99841833,-0.63897514
-0.94732237,-0.5864047
-0.8933161,-0.5386048
-0.8418302,-0.47958592
-0.7906741,-0.40242922
-0.51416487,-0.49477047
-0.44659537,-0.35988745
-0.37287575,-0.26429746
-0.31020707,-0.16972092
-0.24287322,-0.0932087
-0.1686808,-0.022540987
-0.09732019,0.054648638
-0.020082135,0.12707514
0.0581094,0.19179553
-0.83614373,-0.45838237
-0.70756525,-0.4156208
-0.61518776,-0.3710426
-0.49902156,-0.33658743
-0.4066812,-0.30965993
-0.28722462,-0.28561932
-0.20128447,-0.25035632
-0.08913726,-0.20640647
0.0089092,-0.15515676
-1.1887056,-2.3592374
-1.144666,-2.2771854
-1.1049802,-2.1837199
-1.060311,-2.0882776
-1.0134084,-1.9807642
-0.9654032,-1.8888409
-0.9197739,-1.8046653
-0.88115627,-1.7288113
-0.8099762,-0.6709843
-0.77102715,-0.6232376
-0.7409179,-0.5744113
-0.7095265,-0.5266826
-0.67882067,-0.47812724
-0.6503039,-0.43478715
-0.6140643,-0.39355674
-0.5757294,-0.35445958
-0.6476759,-0.59915
-0.612176,-0.5383919
-0.57565355,-0.47373214
-0.5408979,-0.41865832
-0.5099057,-0.36583573
-0.6314643,0.0034567118
-0.6026041,0.053506613
-0.57440007,0.098297834
-0.5468445,0.14335269
-0.5221768,0.17756313
-0.28304693,0.36160332
-0.22501047,0.41620857
-0.17780234,0.4715758
-0.13174212,0.52895325
-0.083050415,0.5903049
-1.2463667,-1.5277436
-1.1652507,-1.4088926
-1.0888344,-1.2752094
-1.014027,-1.1397648
-0.939083,-1.0244246
-1.8717842,-2.4167666
-1.8307956,-2.3588638
-1.7917178,-2.3030424
-1.7579921,-2.2536068
-1.6874993,-2.1565504
-0.43081358,-0.29663515
-0.40738788,-0.17324391
-0.37647572,-0.08035129
-0.3456057,-0.00052928925
-0.31672576,0.07847589
-0.021189783,-0.15888262
0.02034115,-0.10177863
0.055174045,-0.047366202
0.09143023,0.0019358993
0.12914173,0.03923148
0.16184215,0.07127118
0.19903545,0.10225564
0.23182759,0.13144445
0.26526603,0.15488344
-1.1346571,-1.2997108
-1.046803,-1.1908845
-0.96310115,-1.0768709
-0.87698793,-0.9888012
-0.7905172,-0.9130448
-0.7031933,-0.83477426
-0.6190779,-0.7662376
-0.53582835,-0.70042884
-0.45345864,-0.6295981
-0.3722856,-0.56866777
-2.3018203,-2.295959
-2.2579026,-2.2159522
-2.1962514,-2.1304717
-2.1278675,-2.0470104
-2.0406556,-1.9604304
-1.9501953,-1.8767478
-1.855749,-1.7979987
-1.774982,-1.7192883
-1.6986475,-1.6352012
-1.6238861,-1.5456338
-0.8888408,-0.99186003
-1.5135056,-1.1383474
-0.942901,-0.8346737
-0.6019807,-0.60283697
-0.4497159,-0.47981405
-0.2121764,-0.31339374
-0.072644025,-0.22534496
0.060315035,-0.14279473
0.14440171,-0.08742541
0.2279943,-0.029768765
0.26070338,-0.018318474
-1.039623,-1.0725033
-0.99771285,-1.0296133
-0.9575918,-0.9884144
-0.91426724,-0.9512357
-0.8744103,-0.916234
-0.8349524,-0.8768083
-0.79299897,-0.8374568
-0.7547595,-0.79740536
-0.7161475,-0.756245
-0.67660254,-0.7132514
-0.639182,-0.67328453
-0.60223496,-0.6409079
-0.5654936,-0.6129416
-0.52818906,-0.5884651
-0.4922987,-0.5637673
-2.3614068,-2.3578143
-2.3179078,-2.3099694
-2.2764447,-2.2630663
-2.228434,-2.2179918
-2.188614,-2.177318
-2.1485214,-2.137487
-2.1116276,-2.097181
-2.0681815,-2.0578244
-2.0218518,-2.0176497
-1.979006,-1.9809446
-1.9440607,-1.9451706
-1.9097352,-1.9109187
-1.8706931,-1.8776915
-1.8327655,-1.8428822
-1.7903892,-1.8048368
-1.7544913,-1.7637699
-1.7020899,-1.7255027
-1.3280582,-1.4968667
-1.245055,-1.3757486
-1.1882999,-1.2470264
-1.0974296,-1.1260322
-1.012705,-0.9984547
-0.9553557,-0.8698454
-0.87638026,-0.75279796
-0.78424186,-0.6444422
-0.7122609,-0.5350648
-0.6353724,-0.43101412
-0.55370027,-0.3339846
-0.4368302,-0.25131598
-0.69549114,-0.87861836
-0.615574,-0.75395083
-0.5315721,-0.6439128
-0.4432551,-0.52910775
-0.35120326,-0.41493338
-0.25462982,-0.3032537
-0.15388134,-0.20434955
-0.047312938,-0.107174814
0.059560053,-0.01711005
0.17961401,0.08097863
0.30509466,0.17309117
0.439558,0.25185603
-2.736746,-2.2682567
-2.665882,-2.2224636
-2.5645494,-2.1664991
-2.5404413,-2.1260428
-2.423429,-2.078913
-2.3975766,-2.0456576
-2.2706535,-2.000887
-2.2529492,-1.9702928
-2.1586206,-1.9444368
-2.140756,-1.9031098
-2.0433476,-1.8654268
-2.019231,-1.8183308
-1.9239738,-1.779489
-1.8874111,-1.7295444
-1.8091676,-1.6924014
-1.7790388,-1.6429048
-1.7054739,-1.5887897
-1.6492394,-1.5199928
-1.5923752,-1.4288907
-1.5267442,-1.3672795
-1.4801964,-1.2980089
-1.4395949,-1.2141812
-1.3557043,-1.1218953
-2.7460926,-2.5001807
-2.6705148,-2.456873
-2.609375,-2.4207354
-2.5581367,-2.389623
-2.5103464,-2.3502364
-2.4610434,-2.3045814
-2.4037457,-2.2648904
-2.3577209,-2.2138505
-2.298562,-2.150245
-2.2227368,-2.0839746
-2.989882,-1.7592521
-2.903654,-1.6867685
-2.8255394,-1.6102443
-2.752554,-1.5430205
-2.6791296,-1.4767137
-2.6100147,-1.405428
-2.5417128,-1.3333496
-2.4753351,-1.2542107
-2.4098287,-1.1741521
-2.3440118,-1.0916059
-2.2781057,-1.0181372
-2.211904,-0.9427436
-1.8527356,-2.183731
-1.7918577,-2.12685
-1.7686831,-2.0749834
-1.769324,-2.0304444
-1.7398213,-1.9795697
-1.6824468,-1.9299932
-1.5987561,-1.8838463
-1.5510094,-1.8410828
-1.4781916,-1.8004777
0.22032009,0.05334574
0.26461548,0.11610228
0.30080616,0.17844754
0.3406281,0.23901695
0.37986714,0.30132854
0.417091,0.36235315
0.45147002,0.41244245
0.485005,0.4535392
0.5217027,0.4932031
0.557197,0.5302115
-0.24659823,-0.4585448
-0.2177189,-0.38632828
-0.18886788,-0.30521888
-0.1487473,-0.24084693
-0.11208528,-0.18768457
-0.076761276,-0.1451543
-0.04080476,-0.09607494
-0.0072584306,-0.055648983
0.027427351,-0.022822678
0.061130267,0.014015496
-1.3631985,-2.1421695
-1.2539564,-1.9087541
-1.1670303,-1.6523995
-1.1124339,-1.4189055
-0.99952304,-1.2264736
0.55531627,-0.5141442
0.59529495,-0.48230296
0.6374035,-0.449291
0.68052703,-0.41055134
0.7245741,-0.36284566
0.76921326,-0.30894515
0.8135345,-0.2475797
0.85846883,-0.18950409
0.9024863,-0.12853843
0.949523,-0.09734285
-2.551327,-2.3264284
-2.4263403,-2.2833607
-2.3225238,-2.2374003
-2.1403768,-2.1953027
-2.0640368,-2.154016
-1.924779,-2.1167665
0.43572563,0.12115598
0.47774345,0.14611816
0.52214754,0.18086195
0.56410563,0.22240567
0.60019404,0.26361847
0.6335573,0.3055178
0.66407096,0.34272963
0.69405925,0.3753028
0.7240449,0.41142267
0.7545133,0.44603902
0.7845048,0.48079473
0.8112168,0.5245884
0.8398191,0.53520197
0.85958785,0.54803985
0.8848649,0.5693801
0.9041233,0.5857962
0.92044204,0.60098654
0.35636613,-0.13830483
-0.08757163,-0.3955398
-0.04296781,-0.30807596
0.000989377,-0.24247497
0.04081691,-0.18691352
0.08035608,-0.1452187
0.118869804,-0.09322485
0.15654965,-0.0346781
0.19514553,0.02667576
0.23662308,0.08809334
0.27449927,0.14461344
-2.2339437,-2.307719
-2.2367785,-2.2544773
-2.2393882,-2.2052166
-2.241577,-2.157789
-2.244255,-2.1113417
-2.2469819,-2.0648608
-2.2503605,-2.0217764
-2.253154,-1.9859774
-2.2560494,-1.9530873
-2.2586784,-1.9194677
-1.8427525,-1.844018
-1.8270689,-1.777596
-1.7497917,-1.72049
-1.6795119,-1.6743295
-1.6178527,-1.63782
-1.5955542,-1.6094143
-1.5910438,-1.584693
-1.5884819,-1.5644116
-1.5602925,-1.5445247
-2.6795897,-1.7921855
-2.6224608,-1.7491736
-2.5672064,-1.7144818
-2.513283,-1.682708
-2.4825487,-1.6372354
-2.4095583,-1.5801122
-2.358761,-1.5244682
-2.308499,-1.4733956
-2.2590036,-1.4268621
-2.0321472,-1.1242795
-1.8848988,-1.0543966
-1.7065338,-0.96619904
-1.6220242,-0.9230673
-1.4562293,-0.8489784
-1.3202726,-0.788708
-1.1875534,-0.7253287
-1.0581547,-0.65224063
-0.9561679,-0.59234416
-0.30177146,-0.38455716
-0.23680624,-0.30795586
-0.1906357,-0.23658556
-0.12523332,-0.16836968
-0.066651925,-0.10290316
-0.0028408868,-0.041205227
0.0582679,0.01686287
0.12049868,0.06176859
0.19759,0.095553935
0.26469934,0.13342434
0.3607028,0.23145878
0.3697675,0.2681874
0.43746042,0.31919843
0.49302825,0.35138237
0.5525689,0.39011538
0.60470027,0.46266526
0.6405826,0.50225383
0.6843355,0.55752724
0.72963786,0.59186083
0.8062953,0.64756614
-2.2947097,-2.0115855
-2.2128315,-1.9617906
-2.1430407,-1.9140134
-2.0497367,-1.8655944
-1.9651396,-1.8100028
-1.8752472,-1.7508156
-1.7664706,-1.6861539
-1.6646208,-1.6141641
-1.5556927,-1.5573497
-1.3849161,-1.3352553
-1.2708255,-1.2666767
-1.1998996,-1.2195208
-1.1622354,-1.18553
-1.1201887,-1.1476526
-1.0767453,-1.1239736
-1.0384426,-1.081312
-0.98961484,-1.0363289
-0.9465027,-0.9840225
-0.8977575,-0.9289249
-1.3097442,-0.8795941
-1.2292476,-0.82861316
-1.155372,-0.7694075
-1.0805198,-0.7233622
-1.0089449,-0.6798092
-0.9424155,-0.6429163
-0.87733126,-0.6055836
-0.81325775,-0.56489104
-0.7468704,-0.51815265
-0.677131,-0.47665024
-0.6032589,-0.43264717
-0.52251565,-0.3655477
-0.4275374,-0.2928449
-0.33170968,-0.23061356
-0.2369972,-0.15941733
-0.15087904,-0.089746535
-0.23767087,-0.558424
-0.18515182,-0.513351
-0.11616056,-0.4655828
-0.036668755,-0.36689478
0.024506079,-0.3155093
0.116630755,-0.20868722
0.19210704,-0.12297979
0.27106088,-0.057947338
0.34722865,0.04216796
0.39906088,0.071168005
-1.9586697,-1.2684991
-1.9238328,-1.2388384
-1.8834306,-1.205493
-1.8507752,-1.1715953
-1.820514,-1.1397454
-1.7961959,-1.1071016
-1.7666236,-1.0705683
-1.7424244,-1.0263177
-1.7196351,-0.9749972
-1.6984122,-0.90996885
-1.9656913,-1.7923284
-1.9282829,-1.7528567
-1.8091483,-1.6939573
-1.7744218,-1.6597781
-1.677617,-1.6110365
-1.6288493,-1.557343
-1.5366666,-1.509494
-1.4871626,-1.4654785
-1.4135735,-1.4324975
-1.3728267,-1.3864756
-1.2815583,-1.3208045
-1.2468805,-1.2690649
-1.166668,-1.1840664
-1.1197629,-1.0893456
-1.0493143,-1.0307057
-1.0114522,-0.96671355
-0.9360101,-0.9069085
-0.9096638,-0.8506362
-0.80767787,-0.77462333
-0.74107856,-0.7227954
-0.7166811,-0.66419345
-0.63066924,-0.6176744
-0.5641158,-0.5641672
-0.53007627,-0.56151927
-1.0516562,0.08750415
-0.9047386,0.15767878
-0.7928547,0.21882689
-0.71059537,0.27366585
-0.62279105,0.31591386
-0.53682756,0.35151362
-0.4431994,0.38535297
-0.35346258,0.4184094
-0.2576187,0.44959217
-1.114243,-1.6589205
-1.0877448,-1.6243005
-1.0597863,-1.5873451
-1.0172951,-1.5436246
-0.9663399,-1.497966
-0.9198921,-1.4599917
-0.87549317,-1.422967
-0.80762494,-1.3761325
-0.7425512,-1.3232267
-2.5012622,-1.6675689
-2.4329736,-1.6445522
-2.283045,-1.593888
-2.2256782,-1.5574055
-2.1094534,-1.5155461
0.3613072,0.3727364
0.40242076,0.4255951
0.44007853,0.47931033
0.48462597,0.5199755
0.5409319,0.5589017
0.60233945,0.6026465
0.6779895,0.6599508
0.01537119,-0.52102935
0.07291575,-0.34562278
0.13528773,-0.20212802
0.20019732,-0.09119341
0.33371314,0.12968677
0.371348,0.19624966
0.56100714,0.40190375
0.624262,0.4652924
0.74577576,0.54418594
0.8158496,0.6178189
0.921489,0.68095785
1.0633413,0.7480151
1.161852,0.8036142
1.2876078,0.8579169
1.4448061,0.9025864
-1.2304525,-1.7996273
-1.1464508,-1.7348416
-1.0482881,-1.6702104
-0.99301493,-1.6281848
-0.94565403,-1.5830009
-1.2450906,-1.9118214
-1.1572387,-1.8490758
-1.0675774,-1.7842019
-1.0138444,-1.7427523
-0.96040916,-1.6996505
-1.3856976,-1.0462487
-1.2931548,-0.9721525
-1.2146947,-0.90254295
-1.1410028,-0.8396119
-1.0702647,-0.7970588
-1.0045427,-0.7369211
-0.9421194,-0.6664527
-0.88153917,-0.596801
-0.81819767,-0.52037203
-0.7458921,-0.45196486
-0.6674445,-0.3806374
-0.5839739,-0.30910206
-0.49850306,-0.24378037
-0.41456267,-0.18657333
-0.3315197,-0.13565183
-0.25115374,-0.08968237
-0.1743089,-0.04454714
-0.24936408,-0.16763878
-0.14070308,-0.09182137
-0.085333936,-0.045750022
0.023302205,0.02039522
0.07059481,0.04344088
0.15836178,0.08748442
0.21811777,0.11506927
0.34486437,0.19173115
0.40550613,0.23928255
0.4306582,0.26590174
-1.1532786,-0.8615631
-1.0925732,-0.8144342
-1.0261794,-0.7617556
-0.9595047,-0.6875421
-0.8890126,-0.5991865
-0.8182252,-0.50938714
-0.7469799,-0.44352424
-0.6737998,-0.36604753
-0.59760916,-0.29773754
-0.5174243,-0.24378037
-0.43495214,-0.18354425
-0.35201398,-0.12429291
-0.2664851,-0.06469369
-2.192607,-1.6184139
-2.1428313,-1.5887346
-2.0870392,-1.5636075
-2.042619,-1.5379436
-1.9955492,-1.5122244
-1.9550544,-1.4853578
-1.915848,-1.455625
-1.8814968,-1.4253502
-1.8498809,-1.39209
-1.8130305,-1.3559477
-1.2243415,-1.4835846
-1.0974443,-1.4128668
-0.9923488,-1.3462646
-0.88412786,-1.2804953
-0.7736426,-1.2178583
-0.6764811,-1.1653564
-0.5714772,-1.1175251
-0.46060893,-1.075618
-0.35205638,-1.0345951
-1.6467335,-1.5680786
-1.0294423,-1.7043746
-0.96027833,-0.71577495
-0.87910366,-0.61770666
-0.7628617,-0.52568734
-0.7259185,-0.45048925
-0.6531795,-0.37762082
-0.56614465,-0.3067081
-0.5088459,-0.24913895
-0.3873547,-0.4846866
-0.26778463,-0.40255272
-0.21800536,-0.37911522
-0.17393415,-0.34518158
-0.13402344,-0.32308102
-0.099184394,-0.27978563
-0.06779489,-0.20911163
-0.040011156,-0.13387415
-0.16292977,-0.8336216
-0.09407486,-0.78244615
-0.0035233232,-0.7396169
0.10169837,-0.6971226
0.1731005,-0.65441656
0.29456258,-0.61493856
0.38911134,-0.57876873
0.5398954,-0.5418776
0.67805994,-0.50459725
-0.5212499,-0.8195275
-0.37441453,-0.75309145
-0.16861244,-0.6754713
-0.035902593,-0.59896356
0.11471218,-0.5304688
0.2988941,-0.45201457
0.4447731,-0.37256888
0.5877214,-0.2880244
0.77607423,-0.20373863
-1.0707278,-1.3669672
-1.3506836,-1.8031373
-1.0110487,-1.4858603
-0.9782384,-1.387399
-0.91748095,-1.3006451
-0.8685626,-1.2116778
-0.7964978,-1.1184819
-0.7486012,-1.0214802
-2.417741,-2.4909673
-2.347022,-2.413752
-2.2747765,-2.3371952
-2.2054412,-2.2600098
-2.1308575,-2.1830845
-2.0834048,-2.101547
-2.0439816,-2.0245304
-1.958782,-1.9534919
-0.83484113,-1.4862348
-0.81345636,-1.4351404
-0.7583951,-1.3647329
-0.6995179,-1.298431
-0.628392,-1.2076409
-0.5578262,-1.1273227
-0.48168612,-1.0269108
-0.40366176,-0.9636228
-0.30810598,-0.84152627
-0.19048956,-0.6204213
-0.07864469,-0.17497763
0.011592197,-0.13067627
0.06142901,-0.08389503
0.094142705,-0.033922732
0.12421263,0.015524447
0.14069463,0.06078762
0.1536607,0.099108815
0.16075031,0.12625551
0.16971993,0.15324563
-0.53460073,0.42223114
-0.4745613,0.47153193
-0.394147,0.519278
-0.32033604,0.5651507
-0.2523155,0.61624295
-0.19340952,0.6684635
-0.12945163,0.72164637
-0.08438534,0.7730419
-0.044105217,0.8213499
-0.27469572,-0.22133654
-0.18177998,-0.1892708
-0.10702556,-0.16125762
-0.034304246,-0.12930769
0.031566564,-0.09850973
0.10521379,-0.05284381
0.17085627,-0.0080702305
0.23447475,0.039967
0.30248576,0.09885484
0.3642153,0.16111302
0.43957216,0.22910368
-1.4477932,-1.8494434
-1.3534012,-1.7459564
-1.2811781,-1.6506689
-1.203873,-1.5582135
-1.1444467,-1.4646538
-1.0687541,-1.3705739
-1.0020353,-1.264735
-0.94496375,-1.1517072
-0.87068903,-1.0139129
-0.6649787,-1.7202694
-0.5841545,-1.6033921
-0.5049369,-1.4892509
-0.4220192,-1.389714
-0.33448195,-1.2919828
-0.2455746,-1.1827074
-0.15318605,-1.0680044
-0.057882354,-0.9562427
0.03907979,-0.8614032
-0.63632995,-1.6527262
-0.5550708,-1.518921
-0.49164563,-1.3763094
-0.42450538,-1.2463672
-0.37407392,-1.1147783
-0.28060392,-0.9856883
-0.20533782,-0.8732317
-0.14084733,-0.7663251
-0.058605123,-0.66396487
-3.0917022,-3.06863
-2.9857345,-2.9850104
-2.9214563,-2.904957
-2.7970715,-2.8235347
-2.7032483,-2.736004
-2.5456512,-2.6448827
-2.380228,-2.556297
-2.2779105,-2.4678857
-5.5451756,-4.441251
-0.07420829,-0.47549137
-2.3456974,-2.2440445
-2.3098295,-2.204191
-2.2302237,-2.1718233
-2.121719,-2.0898252
-2.0590858,-2.035491
-2.002251,-1.9720466
-1.9346117,-1.9025588
-1.8940431,-1.8363969
-1.8033859,-1.7700377
