SMILES_Solute,SMILES_Solvent,Temperature_K,count,mean,std,min,max,Max_Min_Spread
Brc1sc(Br)c(Br)c1Br,C1CCOC1,286.15,2,-0.21654932941554245,0.003902090640177346,-0.2193085241680164,-0.2137901346630685,0.0055183895049479015
Brc1sc(Br)c(Br)c1Br,C1CCOC1,290.15,2,-0.18186468020735763,0.007359117329508018,-0.1870683619746002,-0.1766609984401151,0.010407363534485098
Brc1sc(Br)c(Br)c1Br,C1CCOC1,302.15,2,-0.09000650919446335,0.0009000628524041008,-0.0906429497408924,-0.0893700686480343,0.0012728810928580997
Brc1sc(Br)c(Br)c1Br,CCO,286.15,2,-1.56336535273297,0.027848993691956935,-1.5830575650217742,-1.543673140444166,0.03938442457760827
Brc1sc(Br)c(Br)c1Br,CCO,290.15,2,-1.5074273636524993,0.00182408819569755,-1.5087171887851594,-1.5061375385198392,0.0025796502653201436
Brc1sc(Br)c(Br)c1Br,CCO,302.15,2,-1.3415617052914115,0.0006671094476354803,-1.3420334229056283,-1.341089987677195,0.0009434352284334313
Brc1sc(Br)c(Br)c1Br,ClC(Cl)Cl,286.15,2,-0.46217131027463443,0.003956794093248409,-0.4649691862097292,-0.4593734343395396,0.005595751870189625
Brc1sc(Br)c(Br)c1Br,ClC(Cl)Cl,290.15,2,-0.40821808640281076,0.00227220876136948,-0.4098247806262466,-0.4066113921793749,0.00321338844687169
Brc1sc(Br)c(Br)c1Br,ClC(Cl)Cl,302.15,2,-0.22955098037650068,0.0017973781850748698,-0.2308219186795239,-0.2282800420734775,0.002541876606046406
C#C[C@]1(O)CC[C@H]2[C@@H]3CCC4=CC(=O)CC[C@@H]4[C@H]3C(=C)C[C@@]21CC,CC(C)O,278.15,2,-1.1178409083849992,0.028094603826385258,-1.1377067932653857,-1.0979750235046126,0.039731769760773084
C#C[C@]1(O)CC[C@H]2[C@@H]3CCC4=CC(=O)CC[C@@H]4[C@H]3C(=C)C[C@@]21CC,CC(C)O,283.15,2,-1.0535459957229283,0.029908549565969812,-1.0746945339364795,-1.032397457509377,0.042297076427102454
C#C[C@]1(O)CC[C@H]2[C@@H]3CCC4=CC(=O)CC[C@@H]4[C@H]3C(=C)C[C@@]21CC,CC(C)O,288.15,2,-0.9935609378446651,0.02911002749550997,-1.014144835687267,-0.9729770400020632,0.0411677956852039
C#C[C@]1(O)CC[C@H]2[C@@H]3CCC4=CC(=O)CC[C@@H]4[C@H]3C(=C)C[C@@]21CC,CC(C)O,293.15,2,-0.9322430279968568,0.025130672586317373,-0.9500130969984206,-0.9144729589952928,0.03554013800312783
C#C[C@]1(O)CC[C@H]2[C@@H]3CCC4=CC(=O)CC[C@@H]4[C@H]3C(=C)C[C@@]21CC,CC(C)O,298.15,2,-0.8701181282825612,0.02023951573546201,-0.8844296271070382,-0.8558066294580842,0.02862299764895404
C#C[C@]1(O)CC[C@H]2[C@@H]3CCC4=CC(=O)CC[C@@H]4[C@H]3C(=C)C[C@@]21CC,CC(C)O,303.15,2,-0.8122760898697037,0.014775400284810995,-0.8227238756058392,-0.8018283041335681,0.020895571472271057
C#C[C@]1(O)CC[C@H]2[C@@H]3CCC4=CC(=O)CC[C@@H]4[C@H]3C(=C)C[C@@]21CC,CC(C)O,308.15,2,-0.7562783903041831,0.011573035417068323,-0.7644617621265042,-0.748095018481862,0.01636674364464219
C#C[C@]1(O)CC[C@H]2[C@@H]3CCC4=CC(=O)CC[C@@H]4[C@H]3C(=C)C[C@@]21CC,CC(C)O,313.15,2,-0.6965755742307573,0.003624725144251031,-0.6991386419601946,-0.69401250650132,0.005126135458874637
C#C[C@]1(O)CC[C@H]2[C@@H]3CCC4=CC(=O)CC[C@@H]4[C@H]3C(=C)C[C@@]21CC,CC(C)O,318.15,2,-0.6423101576070294,0.006566324702386848,-0.6469532503315599,-0.6376670648824989,0.009286185449061013
C#C[C@]1(O)CC[C@H]2[C@@H]3CCC4=CC(=O)CC[C@@H]4[C@H]3C(=C)C[C@@]21CC,CC(C)O,323.15,2,-0.5842520115751935,0.021409893313826533,-0.5993910923218808,-0.5691129308285062,0.03027816149337459
C#C[C@]1(O)CC[C@H]2[C@@H]3CCC4=CC(=O)CC[C@@H]4[C@H]3C(=C)C[C@@]21CC,CCCO,278.15,2,-1.1583747919333205,0.006248086914860082,-1.162792856560261,-1.15395672730638,0.008836129253880998
C#C[C@]1(O)CC[C@H]2[C@@H]3CCC4=CC(=O)CC[C@@H]4[C@H]3C(=C)C[C@@]21CC,CCCO,283.15,2,-1.1019280258620467,0.003237816177864045,-1.10421750763765,-1.0996385440864436,0.00457896355120635
C#C[C@]1(O)CC[C@H]2[C@@H]3CCC4=CC(=O)CC[C@@H]4[C@H]3C(=C)C[C@@]21CC,CCCO,288.15,2,-1.044787389463013,0.009179340690673509,-1.05127816351221,-1.0382966154138162,0.012981548098393692
C#C[C@]1(O)CC[C@H]2[C@@H]3CCC4=CC(=O)CC[C@@H]4[C@H]3C(=C)C[C@@]21CC,CCCO,293.15,2,-0.985224407648515,0.012090170124520553,-0.9937734489292626,-0.9766753663677676,0.01709808256149492
C#C[C@]1(O)CC[C@H]2[C@@H]3CCC4=CC(=O)CC[C@@H]4[C@H]3C(=C)C[C@@]21CC,CCCO,298.15,2,-0.9261836813007658,0.012736631624312041,-0.9351898398917918,-0.9171775227097396,0.018012317182052207
C#C[C@]1(O)CC[C@H]2[C@@H]3CCC4=CC(=O)CC[C@@H]4[C@H]3C(=C)C[C@@]21CC,CCCO,303.15,2,-0.8734680661567076,0.016737958614146942,-0.8853035901959907,-0.8616325421174246,0.023671048078566126
C#C[C@]1(O)CC[C@H]2[C@@H]3CCC4=CC(=O)CC[C@@H]4[C@H]3C(=C)C[C@@]21CC,CCCO,308.15,2,-0.8172433544982036,0.012769862600063069,-0.8262730109375287,-0.8082136980588785,0.018059312878650147
C#C[C@]1(O)CC[C@H]2[C@@H]3CCC4=CC(=O)CC[C@@H]4[C@H]3C(=C)C[C@@]21CC,CCCO,313.15,2,-0.7693651556085193,0.020390021466183433,-0.7837830780557968,-0.7549472331612417,0.02883584489455515
C#C[C@]1(O)CC[C@H]2[C@@H]3CCC4=CC(=O)CC[C@@H]4[C@H]3C(=C)C[C@@]21CC,CCCO,318.15,2,-0.7146342920285707,0.016664551137094384,-0.72641790914304,-0.7028506749141011,0.023567234228938916
C#C[C@]1(O)CC[C@H]2[C@@H]3CCC4=CC(=O)CC[C@@H]4[C@H]3C(=C)C[C@@]21CC,CCCO,323.15,2,-0.6666082852759991,0.017375288200284646,-0.678894469387491,-0.6543221011645072,0.02457236822298381
C#C[C@]1(O)CC[C@H]2[C@@H]3CCC4=CC(=O)CC[C@@H]4[C@H]3C(=C)C[C@@]21CC,CN(C)C=O,278.15,2,0.0558628080453829,0.0020156746427674004,0.0544375108368163,0.0572881052539495,0.002850594417133201
C#C[C@]1(O)CC[C@H]2[C@@H]3CCC4=CC(=O)CC[C@@H]4[C@H]3C(=C)C[C@@]21CC,CN(C)C=O,283.15,2,0.07586435876223604,0.0061156325000882635,0.0715399535501788,0.0801887639742933,0.0086488104241145
C#C[C@]1(O)CC[C@H]2[C@@H]3CCC4=CC(=O)CC[C@@H]4[C@H]3C(=C)C[C@@]21CC,CN(C)C=O,288.15,2,0.09654172158231944,0.006701539740325143,0.0918030173875444,0.1012804257770945,0.009477408389550093
C#C[C@]1(O)CC[C@H]2[C@@H]3CCC4=CC(=O)CC[C@@H]4[C@H]3C(=C)C[C@@]21CC,CN(C)C=O,293.15,2,0.1131766182536897,0.01568318294216888,0.1020869332446929,0.1242663032626865,0.02217937001799361
C#C[C@]1(O)CC[C@H]2[C@@H]3CCC4=CC(=O)CC[C@@H]4[C@H]3C(=C)C[C@@]21CC,CN(C)C=O,298.15,2,0.14251593227203851,0.0036804681747685383,0.1399134482677184,0.1451184162763586,0.005204968008640204
C#C[C@]1(O)CC[C@H]2[C@@H]3CCC4=CC(=O)CC[C@@H]4[C@H]3C(=C)C[C@@]21CC,CN(C)C=O,303.15,2,0.15390750006599518,0.01707909305628995,0.1418307575493765,0.1659842425826139,0.024153485033237415
C#C[C@]1(O)CC[C@H]2[C@@H]3CCC4=CC(=O)CC[C@@H]4[C@H]3C(=C)C[C@@]21CC,CN(C)C=O,308.15,2,0.17159732167224356,0.0204204813772074,0.1571578608153266,0.1860367825291605,0.02887892171383391
C#C[C@]1(O)CC[C@H]2[C@@H]3CCC4=CC(=O)CC[C@@H]4[C@H]3C(=C)C[C@@]21CC,CN(C)C=O,313.15,2,0.18895741643072933,0.021612556810325485,0.1736750309513687,0.20423980191009,0.030564770958721316
C#C[C@]1(O)CC[C@H]2[C@@H]3CCC4=CC(=O)CC[C@@H]4[C@H]3C(=C)C[C@@]21CC,CN(C)C=O,318.15,2,0.20591128811227827,0.02303087629908715,0.1896259993045252,0.2221965769200313,0.03257057761550611
C#C[C@]1(O)CC[C@H]2[C@@H]3CCC4=CC(=O)CC[C@@H]4[C@H]3C(=C)C[C@@]21CC,CN(C)C=O,323.15,2,0.22688259844700026,0.018860601300833873,0.2135461393699248,0.2402190575240757,0.026672918154150904
C#C[C@]1(O)CC[C@H]2[C@@H]3CCC4=CC(=O)CC[C@@H]4[C@H]3C(=C)C[C@@]21CC,O,278.15,2,-3.0635283552762687,0.032147945583619456,-3.0862603855996618,-3.040796324952875,0.04546406064678665
C#C[C@]1(O)CC[C@H]2[C@@H]3CCC4=CC(=O)CC[C@@H]4[C@H]3C(=C)C[C@@]21CC,O,283.15,2,-2.9865903025447134,0.01999032650815062,-3.00072559797676,-2.972455007112667,0.028270590864093226
C#C[C@]1(O)CC[C@H]2[C@@H]3CCC4=CC(=O)CC[C@@H]4[C@H]3C(=C)C[C@@]21CC,O,288.15,2,-2.9150769153226532,0.013165415355480724,-2.9243862697976515,-2.9057675608476554,0.018618708949996066
C#C[C@]1(O)CC[C@H]2[C@@H]3CCC4=CC(=O)CC[C@@H]4[C@H]3C(=C)C[C@@]21CC,O,293.15,2,-2.844624904199075,0.004521514832302292,-2.847822097998232,-2.841427710399919,0.006394387598313234
C#C[C@]1(O)CC[C@H]2[C@@H]3CCC4=CC(=O)CC[C@@H]4[C@H]3C(=C)C[C@@]21CC,O,298.15,2,-2.765192205260009,0.0004949269419745384,-2.765542171456871,-2.7648422390631464,0.0006999323937244561
C#C[C@]1(O)CC[C@H]2[C@@H]3CCC4=CC(=O)CC[C@@H]4[C@H]3C(=C)C[C@@]21CC,O,303.15,2,-2.692969745402651,0.003180716889411926,-2.6952188518841886,-2.690720638921113,0.00449821296307551
C#C[C@]1(O)CC[C@H]2[C@@H]3CCC4=CC(=O)CC[C@@H]4[C@H]3C(=C)C[C@@]21CC,O,308.15,2,-2.627489615609117,0.003306107754574634,-2.6298273868217104,-2.625151844396524,0.004675542425186308
C#C[C@]1(O)CC[C@H]2[C@@H]3CCC4=CC(=O)CC[C@@H]4[C@H]3C(=C)C[C@@]21CC,O,313.15,2,-2.5626799661128006,0.007415438793163738,-2.5679234731689204,-2.5574364590566807,0.010487014112239734
C#C[C@]1(O)CC[C@H]2[C@@H]3CCC4=CC(=O)CC[C@@H]4[C@H]3C(=C)C[C@@]21CC,O,318.15,2,-2.501324624698893,0.012475640864105185,-2.5101462349535497,-2.492503014444236,0.01764322050931355
C#C[C@]1(O)CC[C@H]2[C@@H]3CCC4=CC(=O)CC[C@@H]4[C@H]3C(=C)C[C@@]21CC,O,323.15,2,-2.44311459312465,0.01920226041658655,-2.456692641679328,-2.4295365445699715,0.027156097109356736
C=C(C)[C@@H]1CC[C@]2(CO)CC[C@]3(C)[C@H](CC[C@@H]4[C@@]5(C)CC[C@H](O)C(C)(C)[C@@H]5CC[C@]43C)[C@@H]12,CC(C)=O,278.2,2,-2.0647332419636455,0.06608228131793241,-2.1114604711998326,-2.0180060127274584,0.09345445847237421
C=C(C)[C@@H]1CC[C@]2(CO)CC[C@]3(C)[C@H](CC[C@@H]4[C@@]5(C)CC[C@H](O)C(C)(C)[C@@H]5CC[C@]43C)[C@@H]12,CC(C)=O,288.2,2,-1.8923268123300425,0.04636702207063473,-1.9251132480596145,-1.8595403766004703,0.06557287145914414
C=C(C)[C@@H]1CC[C@]2(CO)CC[C@]3(C)[C@H](CC[C@@H]4[C@@]5(C)CC[C@H](O)C(C)(C)[C@@H]5CC[C@]43C)[C@@H]12,CC(C)=O,298.2,2,-1.6815606730776596,0.015591469059497124,-1.6925855065782902,-1.670535839577029,0.02204966700126132
C=C(C)[C@@H]1CC[C@]2(CO)CC[C@]3(C)[C@H](CC[C@@H]4[C@@]5(C)CC[C@H](O)C(C)(C)[C@@H]5CC[C@]43C)[C@@H]12,CC(C)=O,308.2,2,-1.5431893975267763,0.03540306630168262,-1.568223145783493,-1.5181556492700594,0.05006749651343356
C=C(C)[C@@H]1CC[C@]2(CO)CC[C@]3(C)[C@H](CC[C@@H]4[C@@]5(C)CC[C@H](O)C(C)(C)[C@@H]5CC[C@]43C)[C@@H]12,CCCCCO,298.2,2,-1.9666103416097211,0.12294961808864917,-2.053548850304501,-1.879671832914941,0.17387701738956007
C=C(C)[C@@H]1CC[C@]2(CO)CC[C@]3(C)[C@H](CC[C@@H]4[C@@]5(C)CC[C@H](O)C(C)(C)[C@@H]5CC[C@]43C)[C@@H]12,CCCCCO,308.2,2,-1.883088593823706,0.10945958876513502,-1.960488211305424,-1.8056889763419883,0.15479923496343573
C=C(C)[C@@H]1CC[C@]2(CO)CC[C@]3(C)[C@H](CC[C@@H]4[C@@]5(C)CC[C@H](O)C(C)(C)[C@@H]5CC[C@]43C)[C@@H]12,CCO,278.2,2,-1.9146887342419738,0.11497056599961089,-1.9959852010971544,-1.8333922673867935,0.16259293371036088
C=C(C)[C@@H]1CC[C@]2(CO)CC[C@]3(C)[C@H](CC[C@@H]4[C@@]5(C)CC[C@H](O)C(C)(C)[C@@H]5CC[C@]43C)[C@@H]12,CCO,288.2,2,-1.8631375748566317,0.11599431533341333,-1.945157941807979,-1.7811172079052844,0.16404073390269458
C=C(C)[C@@H]1CC[C@]2(CO)CC[C@]3(C)[C@H](CC[C@@H]4[C@@]5(C)CC[C@H](O)C(C)(C)[C@@H]5CC[C@]43C)[C@@H]12,CCO,298.2,2,-1.7771258036839843,0.0532938028166168,-1.8148102130508328,-1.7394413943171358,0.07536881873369694
C=C(C)[C@@H]1CC[C@]2(CO)CC[C@]3(C)[C@H](CC[C@@H]4[C@@]5(C)CC[C@H](O)C(C)(C)[C@@H]5CC[C@]43C)[C@@H]12,CCO,308.2,2,-1.6984707821001022,0.028488659042984674,-1.718615306096308,-1.6783262581038962,0.04028904799241184
C=C1CC[C@H](O)C/C1=C/C=C1\CCC[C@]2(C)[C@@H]([C@H](C)CCCC(C)C)CC[C@@H]12,CCO,273.2,2,0.44758949598941483,0.010071746809198529,0.4404676955222366,0.4547112964565931,0.014243600934356504
C=C1CC[C@H](O)C/C1=C/C=C1\CCC[C@]2(C)[C@@H]([C@H](C)CCCC(C)C)CC[C@@H]12,CCOC(C)=O,273.2,2,0.012962320839319901,0.007849837015645495,0.0074116478543478,0.018512993824292,0.0111013459699442
C=C1CC[C@H](O)C/C1=C/C=C1\CCC[C@]2(C)[C@@H]([C@H](C)CCCC(C)C)CC[C@@H]12,O,273.2,2,-4.969528833348161,0.015998025029596696,-4.98084114533218,-4.9582165213641405,0.022624623968039437
C=C1CC[C@H](O)C/C1=C/C=C1\CCC[C@]2(C)[C@@H]([C@H](C)CCCC(C)C)CC[C@@H]12,O,278.2,2,-4.787507587639396,0.00524957506292185,-4.791219597764736,-4.783795577514057,0.007424020250679675
C=C1CC[C@H](O)C/C1=C/C=C1\CCC[C@]2(C)[C@@H]([C@H](C)CCCC(C)C)CC[C@@H]12,O,283.2,2,-4.621161159496763,0.011428023971160436,-4.629241992742333,-4.613080326251193,0.016161666491139925
C=C1CC[C@H](O)C/C1=C/C=C1\CCC[C@]2(C)[C@@H]([C@H](C)CCCC(C)C)CC[C@@H]12,O,288.2,2,-4.500383727221061,0.0021588331291329086,-4.5019102527661214,-4.498857201676001,0.003053051090120107
C=C1CC[C@H](O)C/C1=C/C=C1\CCC[C@]2(C)[C@@H]([C@H](C)CCCC(C)C)CC[C@@H]12,O,298.2,2,-4.238305532784958,0.008816669504655957,-4.244539859579181,-4.232071205990735,0.012468653588445733
C=CC(=O)N1CCC[C@@H](n2nc(-c3ccc(Oc4ccccc4)cc3)c3c(N)ncnc32)C1,O,298.15,2,-5.103105075817738,0.002155044752353351,-5.104628922575888,-5.1015812290595886,0.003047693516299077
C=CC(=O)N1CCC[C@@H](n2nc(-c3ccc(Oc4ccccc4)cc3)c3c(N)ncnc32)C1,O,303.15,2,-4.912154848114441,0.001386425114274855,-4.913135198714352,-4.91117449751453,0.001960701199822168
C=CC(=O)N1CCC[C@@H](n2nc(-c3ccc(Oc4ccccc4)cc3)c3c(N)ncnc32)C1,O,308.15,2,-4.7647771479743435,0.0009858521110207858,-4.765474250687293,-4.764080045261394,0.0013942054258997416
C=CC(=O)N1CCC[C@@H](n2nc(-c3ccc(Oc4ccccc4)cc3)c3c(N)ncnc32)C1,O,313.15,2,-4.63482243491589,0.011672386629737644,-4.643076058654409,-4.626568811177371,0.0165072474770378
C=CC(=O)N1CCC[C@@H](n2nc(-c3ccc(Oc4ccccc4)cc3)c3c(N)ncnc32)C1,O,323.15,2,-4.372685724443393,0.003178220456533765,-4.374933065680313,-4.370438383206472,0.004494682473841216
CC(=O)CCc1ccc(O)cc1,CC(C)=O,293.15,2,0.6806340132304094,0.0036660588759159208,0.6780417181390201,0.6832263083217988,0.0051845901827786145
CC(=O)CCc1ccc(O)cc1,CC(C)=O,298.15,2,0.7457885310049638,0.0013372947097127722,0.744842920847281,0.7467341411626466,0.0018912203153655938
CC(=O)CCc1ccc(O)cc1,CC(C)=O,303.15,2,0.8026390209627987,0.0032392581730685066,0.8003485195426081,0.8049295223829894,0.004581002840381321
CC(=O)CCc1ccc(O)cc1,CC(C)=O,308.15,2,0.8684460064308901,0.012846635286560696,0.8593620635043326,0.8775299493574475,0.018167885853114907
CC(=O)CCc1ccc(O)cc1,CC(C)=O,313.15,2,0.9528116322524736,0.002422562251463554,0.9510986220566172,0.95452464244833,0.003426020391712803
CC(=O)CCc1ccc(O)cc1,CCCCO,293.15,2,0.27016863254480605,0.15086101273540467,0.1634937874229313,0.3768434776666808,0.2133496902437495
CC(=O)CCc1ccc(O)cc1,CCCCO,298.15,2,0.3686139228660952,0.11969077599864031,0.2839797635119765,0.4532480822202138,0.16926831870823728
CC(=O)CCc1ccc(O)cc1,CCCCO,303.15,2,0.4689532424368457,0.0891316267853172,0.4059276647187594,0.531978820154932,0.12605115543617262
CC(=O)CCc1ccc(O)cc1,CCCCO,308.15,2,0.5655858322060822,0.06814794728456627,0.517397956557222,0.6137737078549423,0.09637575129772036
CC(=O)CCc1ccc(O)cc1,CCCCO,313.15,2,0.6561573419213833,0.061343481332181524,0.6127809502898073,0.6995337335529592,0.08675278326315194
CC(=O)CCc1ccc(O)cc1,CCCO,293.15,2,0.3449462486470094,0.0030246641225775118,0.3428074881351232,0.3470850091588956,0.004277521023772435
CC(=O)CCc1ccc(O)cc1,CCCO,298.15,2,0.46296400524727627,0.005220769899561518,0.4592723634482817,0.4666556470462708,0.007383283597989121
CC(=O)CCc1ccc(O)cc1,CCCO,303.15,2,0.5701273093928733,0.013637578928629194,0.5604840848534728,0.5797705339322737,0.01928644907880095
CC(=O)CCc1ccc(O)cc1,CCCO,308.15,2,0.6806745894371706,0.00800552103521043,0.6750138312262417,0.6863353476480994,0.011321516421857747
CC(=O)CCc1ccc(O)cc1,CCCO,313.15,2,0.7763522745824543,0.02327238405212514,0.759896214004819,0.7928083351600896,0.032912121155270646
CC(=O)CCc1ccc(O)cc1,CCO,293.15,2,0.5754284846184721,0.0016644606616971756,0.5742515331975678,0.5766054360393764,0.002353902841808586
CC(=O)CCc1ccc(O)cc1,CCO,298.15,2,0.6675912249289571,0.0023706155574696984,0.6659149465926839,0.6692675032652302,0.003352556672546303
CC(=O)CCc1ccc(O)cc1,CCO,303.15,2,0.7580890661173416,0.018055236744829797,0.7453220857791439,0.7708560464555393,0.02553396067639535
CC(=O)CCc1ccc(O)cc1,CCO,308.15,2,0.8536081918542571,0.00749328333896837,0.8483096403919204,0.8589067433165938,0.010597102924673418
CC(=O)CCc1ccc(O)cc1,CCO,313.15,2,0.9571275703024846,0.01645004361902777,0.9454956329086556,0.9687595076963136,0.023263874787658012
CC(=O)CCc1ccc(O)cc1,CCOC(C)=O,293.15,2,0.26252040674589183,0.03146565585476005,0.2402708281165088,0.2847699853752748,0.04449915725876602
CC(=O)CCc1ccc(O)cc1,CCOC(C)=O,298.15,2,0.36521164595232414,0.04240181684317067,0.3352290337278882,0.3951942581767601,0.05996522444887192
CC(=O)CCc1ccc(O)cc1,CCOC(C)=O,303.15,2,0.46748749190968986,0.051536226180810184,0.4310458769004753,0.5039291069189045,0.07288323001842917
CC(=O)CCc1ccc(O)cc1,CCOC(C)=O,308.15,2,0.5584797827094231,0.037489465409883405,0.531970727495036,0.5849888379238102,0.053018110428774134
CC(=O)CCc1ccc(O)cc1,CCOC(C)=O,313.15,2,0.6489528556828656,0.0293167664992416,0.6282227712887893,0.6696829400769421,0.04146016878815273
CC(=O)N1CCN(c2ccc(OC[C@H]3CO[C@](Cn4ccnc4)(c4ccc(Cl)cc4Cl)O3)cc2)CC1,CC(C)O,293.2,2,-1.9948821596276916,0.00039732428692998016,-1.99516311032531,-1.9946012089300733,0.000561901395236708
CC(=O)N1CCN(c2ccc(OC[C@H]3CO[C@](Cn4ccnc4)(c4ccc(Cl)cc4Cl)O3)cc2)CC1,CC(C)O,298.2,2,-1.8929659213549557,0.0225023541510688,-1.9088774885678377,-1.8770543541420737,0.03182313442576401
CC(=O)N1CCN(c2ccc(OC[C@H]3CO[C@](Cn4ccnc4)(c4ccc(Cl)cc4Cl)O3)cc2)CC1,CC(C)O,303.2,2,-1.7798100056218376,0.03593429408134628,-1.805219388643909,-1.754400622599766,0.05081876604414304
CC(=O)N1CCN(c2ccc(OC[C@H]3CO[C@](Cn4ccnc4)(c4ccc(Cl)cc4Cl)O3)cc2)CC1,CC(C)O,308.2,2,-1.6076911334119868,0.038510515636150384,-1.634922180165299,-1.5804600866586742,0.0544620935066249
CC(=O)N1CCN(c2ccc(OC[C@H]3CO[C@](Cn4ccnc4)(c4ccc(Cl)cc4Cl)O3)cc2)CC1,CC(C)O,313.2,2,-1.47296878951433,0.06320105049822661,-1.5176586808997394,-1.4282788981289205,0.08937978277081893
CC(=O)N1CCN(c2ccc(OC[C@H]3CO[C@](Cn4ccnc4)(c4ccc(Cl)cc4Cl)O3)cc2)CC1,CC(O)CO,293.2,2,-1.6765662499104268,0.0258947497442969,-1.6948766030517477,-1.6582558967691057,0.036620706282642024
CC(=O)N1CCN(c2ccc(OC[C@H]3CO[C@](Cn4ccnc4)(c4ccc(Cl)cc4Cl)O3)cc2)CC1,CC(O)CO,298.2,2,-1.5511848638869532,0.03571875684323048,-1.5764418390663548,-1.5259278887075514,0.05051395035880346
CC(=O)N1CCN(c2ccc(OC[C@H]3CO[C@](Cn4ccnc4)(c4ccc(Cl)cc4Cl)O3)cc2)CC1,CC(O)CO,303.2,2,-1.4234252756016321,0.03209557016712661,-1.446120270912856,-1.4007302802904082,0.04538999062244775
CC(=O)N1CCN(c2ccc(OC[C@H]3CO[C@](Cn4ccnc4)(c4ccc(Cl)cc4Cl)O3)cc2)CC1,CC(O)CO,308.2,2,-1.3024984435694837,0.03512089238070761,-1.3273326647332049,-1.2776642224057624,0.0496684423274425
CC(=O)N1CCN(c2ccc(OC[C@H]3CO[C@](Cn4ccnc4)(c4ccc(Cl)cc4Cl)O3)cc2)CC1,CC(O)CO,313.2,2,-1.14228542133848,0.0317975325518442,-1.1647696722308891,-1.119801170446071,0.04496850178481804
CC(=O)N1CCN(c2ccc(OC[C@H]3CO[C@](Cn4ccnc4)(c4ccc(Cl)cc4Cl)O3)cc2)CC1,CCO,293.2,2,-1.3597574053583328,0.04839367637773051,-1.393976902091573,-1.3255379086250922,0.06843899346648086
CC(=O)N1CCN(c2ccc(OC[C@H]3CO[C@](Cn4ccnc4)(c4ccc(Cl)cc4Cl)O3)cc2)CC1,CCO,298.2,2,-1.2522705890677739,0.05548590302135156,-1.2915050473544307,-1.213036130781117,0.07846891657331367
CC(=O)N1CCN(c2ccc(OC[C@H]3CO[C@](Cn4ccnc4)(c4ccc(Cl)cc4Cl)O3)cc2)CC1,CCO,303.2,2,-1.1716720798031408,0.05678125989790273,-1.2118224937212636,-1.131521665885018,0.08030082783624559
CC(=O)N1CCN(c2ccc(OC[C@H]3CO[C@](Cn4ccnc4)(c4ccc(Cl)cc4Cl)O3)cc2)CC1,CCO,308.2,2,-1.075944244855193,0.07638564467365033,-1.1299570521892373,-1.0219314375211488,0.10802561466808847
CC(=O)N1CCN(c2ccc(OC[C@H]3CO[C@](Cn4ccnc4)(c4ccc(Cl)cc4Cl)O3)cc2)CC1,CCO,313.2,2,-1.0061995937221222,0.06432342131701267,-1.051683121124501,-0.9607160663197432,0.09096705480475786
CC(=O)N1CCN(c2ccc(OC[C@H]3CO[C@](Cn4ccnc4)(c4ccc(Cl)cc4Cl)O3)cc2)CC1,CN1CCCC1=O,293.2,2,-0.6707918911830841,0.03433520082683885,-0.6950705445211439,-0.6465132378450245,0.04855730667611946
CC(=O)N1CCN(c2ccc(OC[C@H]3CO[C@](Cn4ccnc4)(c4ccc(Cl)cc4Cl)O3)cc2)CC1,CN1CCCC1=O,298.2,2,-0.6008926381702306,0.015995660420201906,-0.6122032781229128,-0.5895819982175486,0.02262127990536411
CC(=O)N1CCN(c2ccc(OC[C@H]3CO[C@](Cn4ccnc4)(c4ccc(Cl)cc4Cl)O3)cc2)CC1,CN1CCCC1=O,303.2,2,-0.5321394981766238,0.012566083782128734,-0.5410250612319253,-0.5232539351213222,0.017771126110603053
CC(=O)N1CCN(c2ccc(OC[C@H]3CO[C@](Cn4ccnc4)(c4ccc(Cl)cc4Cl)O3)cc2)CC1,CN1CCCC1=O,308.2,2,-0.4815669651104978,0.020389428478870594,-0.4959844682524253,-0.4671494619685703,0.02883500628385499
CC(=O)N1CCN(c2ccc(OC[C@H]3CO[C@](Cn4ccnc4)(c4ccc(Cl)cc4Cl)O3)cc2)CC1,CN1CCCC1=O,313.2,2,-0.42523781755835205,0.03866439775240637,-0.4525776753995725,-0.3978979597171316,0.0546797156824409
CC(=O)N1CCN(c2ccc(OC[C@H]3CO[C@](Cn4ccnc4)(c4ccc(Cl)cc4Cl)O3)cc2)CC1,O,298.2,2,-4.642152891772252,0.018617378789335955,-4.655317366562111,-4.628988416982394,0.026328949579716543
CC(=O)N1CCN(c2ccc(OC[C@H]3CO[C@](Cn4ccnc4)(c4ccc(Cl)cc4Cl)O3)cc2)CC1,O,303.2,2,-4.584169955165345,0.03509736463883202,-4.60898753970324,-4.55935237062745,0.04963516907579013
CC(=O)N1CCN(c2ccc(OC[C@H]3CO[C@](Cn4ccnc4)(c4ccc(Cl)cc4Cl)O3)cc2)CC1,O,308.2,2,-4.569163879968594,0.01253613748165189,-4.5780282677917565,-4.560299492145431,0.0177287756463258
CC(=O)N1CCN(c2ccc(OC[C@H]3CO[C@](Cn4ccnc4)(c4ccc(Cl)cc4Cl)O3)cc2)CC1,O,313.2,2,-4.4834591721310595,0.09664539048254003,-4.551797783111685,-4.415120561150434,0.13667722196125176
CC(=O)NCC(=O)O,CC(C)O,293.15,2,-1.3946416648504638,0.05025263220373015,-1.4301756418541949,-1.3591076878467327,0.07106795400746213
CC(=O)NCC(=O)O,CCCCO,293.15,2,-1.5686778135700696,0.04092438937164099,-1.5976157268106757,-1.5397399003294636,0.057875826481212034
CC(=O)NCC(=O)O,CCCO,293.15,2,-1.4338385803937745,0.030033814838692288,-1.455075694531115,-1.412601466256434,0.04247422827468106
CC(=O)NCC(=O)O,CCO,293.15,2,-1.1502566841433772,0.005475105904287181,-1.1541281686560132,-1.1463851996307413,0.00774296902527194
CC(=O)NCC(=O)O,CO,293.15,2,-0.7774932909678544,0.04130857818136462,-0.8067028667210719,-0.7482837152146368,0.058419151506435174
CC(=O)NS(=O)(=O)c1ccc(N)cc1,O,278.15,2,-1.6649881773095077,0.005521292651519966,-1.6688923207843127,-1.6610840338347024,0.007808286949610332
CC(=O)NS(=O)(=O)c1ccc(N)cc1,O,288.15,2,-1.5427356980152291,0.002974382059155345,-1.5448389037390975,-1.5406324922913608,0.004206411447736702
CC(=O)NS(=O)(=O)c1ccc(N)cc1,O,298.15,3,-1.405750954807447,0.004048886670622877,-1.408360284903531,-1.401086672131043,0.007273612772487947
CC(=O)NS(=O)(=O)c1ccc(N)cc1,O,303.15,2,-1.3482885497953232,0.0005686250473790367,-1.3486906284222773,-1.347886471168369,0.0008041572539083663
CC(=O)NS(=O)(=O)c1ccc(N)cc1,O,308.15,3,-1.2690412365403916,0.013079103980217785,-1.28317507701379,-1.2573657507969709,0.025809326216819084
CC(=O)NS(=O)(=O)c1ccc(N)cc1,O,313.15,2,-1.184428691766409,0.0020739182586445018,-1.1858951734307233,-1.1829622101020951,0.0029329633286281354
CC(=O)Nc1ccc(O)cc1,O,293.15,5,-0.9047575536719338,0.36374231467432994,-1.075628454917407,-0.2542463975367556,0.8213820573806515
CC(=O)Nc1ccc(O)cc1,O,298.15,7,-0.9914625186830553,0.0310126859650957,-1.0521019183111893,-0.9534974512642872,0.09860446704690207
CC(=O)Nc1ccc(O)cc1,O,303.15,8,-0.8217236825011415,0.30877804257146013,-0.9779480230142102,-0.0598427492003381,0.9181052738138722
CC(=O)Nc1ccc(O)cc1,O,308.15,7,-0.8451832714090354,0.02977131862284254,-0.8955069109804634,-0.7980436468544649,0.09746326412599848
CC(=O)Nc1ccc(O)cc1,O,313.15,8,-0.6635802274863717,0.3228530789411659,-0.8264883445557669,0.1328462149146125,0.9593345594703794
CC(=O)Nc1ccc(O)cc1,O,318.15,2,-0.7210583717873578,0.026727370825590034,-0.73995747694142,-0.7021592666332956,0.03779821030812436
CC(=O)Nc1ccc(O)cc1,O,323.15,2,-0.17983285733342377,0.6748998056783464,-0.6570590865500657,0.2973933718832182,0.9544524584332839
CC(=O)Nc1ccc(OC(=O)c2ccccc2OC(C)=O)cc1,CC#N,278.15,2,-1.7387507171082368,0.1961302905164186,-1.877435775528484,-1.6000656586879898,0.2773701168404943
CC(=O)Nc1ccc(OC(=O)c2ccccc2OC(C)=O)cc1,CC#N,283.15,2,-1.6546064722817286,0.1795137951907438,-1.7815418941776366,-1.5276710503858206,0.253870843791816
CC(=O)Nc1ccc(OC(=O)c2ccccc2OC(C)=O)cc1,CC#N,288.15,2,-1.5636376093208884,0.1837981330419638,-1.6936025155642882,-1.4336727030774885,0.2599298124867997
CC(=O)Nc1ccc(OC(=O)c2ccccc2OC(C)=O)cc1,CC#N,293.15,2,-1.4707513965309345,0.17324580535363793,-1.5932546803086165,-1.3482481127532524,0.2450065675553641
CC(=O)Nc1ccc(OC(=O)c2ccccc2OC(C)=O)cc1,CC#N,298.15,2,-1.394466708340328,0.15832988307980878,-1.506422842330534,-1.282510574350122,0.22391226798041197
CC(=O)Nc1ccc(OC(=O)c2ccccc2OC(C)=O)cc1,CC#N,303.15,2,-1.2863450648688555,0.19679759201076594,-1.4255019767008517,-1.1471881530368595,0.27831382366399215
CC(=O)Nc1ccc(OC(=O)c2ccccc2OC(C)=O)cc1,CC#N,308.15,2,-1.2137547191655482,0.20009330498693628,-1.355242051991839,-1.0722673863392576,0.28297466565258134
CC(=O)Nc1ccc(OC(=O)c2ccccc2OC(C)=O)cc1,CC#N,313.15,2,-1.1245948578265716,0.21806437591616007,-1.2787896567721009,-0.9704000588810424,0.30838959789105846
CC(=O)Nc1ccc(OC(=O)c2ccccc2OC(C)=O)cc1,CC#N,318.15,2,-1.0537838518345821,0.21207807611854196,-1.203745697599,-0.9038220060701644,0.2999236915288356
CC(=O)Nc1ccc(OC(=O)c2ccccc2OC(C)=O)cc1,CC(C)O,278.15,3,-2.8046431717151408,0.16631546806254813,-2.9956300738991417,-2.6917187908578155,0.3039112830413262
CC(=O)Nc1ccc(OC(=O)c2ccccc2OC(C)=O)cc1,CC(C)O,283.15,3,-2.6640522859433733,0.16280230896988895,-2.849425816087092,-2.544308496876458,0.30511731921063356
CC(=O)Nc1ccc(OC(=O)c2ccccc2OC(C)=O)cc1,CC(C)O,288.15,3,-2.557844657823777,0.15620175390595242,-2.738173394286131,-2.464494692676182,0.2736787016099491
CC(=O)Nc1ccc(OC(=O)c2ccccc2OC(C)=O)cc1,CC(C)O,293.15,3,-2.4547244046574406,0.15595838714161944,-2.633157005132511,-2.3444279280545817,0.2887290770779294
CC(=O)Nc1ccc(OC(=O)c2ccccc2OC(C)=O)cc1,CC(C)O,298.15,3,-2.3266705297445345,0.19339960665895958,-2.549600510848852,-2.2038004745515347,0.34580003629731726
CC(=O)Nc1ccc(OC(=O)c2ccccc2OC(C)=O)cc1,CC(C)O,303.15,3,-2.23069753714388,0.2073085254977814,-2.4700299509272963,-2.106929924576427,0.36310002635086924
CC(=O)Nc1ccc(OC(=O)c2ccccc2OC(C)=O)cc1,CC(C)O,308.15,3,-2.1164526364577694,0.22994197194188695,-2.381463730406264,-1.969799633044633,0.411664097361631
CC(=O)Nc1ccc(OC(=O)c2ccccc2OC(C)=O)cc1,CC(C)O,313.15,3,-2.015993417979449,0.2440731717314912,-2.297732163790551,-1.868865252006492,0.4288669117840589
CC(=O)Nc1ccc(OC(=O)c2ccccc2OC(C)=O)cc1,CC(C)O,318.15,3,-1.9130576291792443,0.25118213866283806,-2.202826058144227,-1.7573032737311776,0.4455227844130496
CC(=O)Nc1ccc(OC(=O)c2ccccc2OC(C)=O)cc1,CCCCO,278.15,2,-2.589031898205109,0.16065985300516503,-2.702635569729495,-2.475428226680723,0.227207343048772
CC(=O)Nc1ccc(OC(=O)c2ccccc2OC(C)=O)cc1,CCCCO,283.15,2,-2.4671009211363946,0.16871657572717796,-2.5864015559316558,-2.3478002863411334,0.2386012695905224
CC(=O)Nc1ccc(OC(=O)c2ccccc2OC(C)=O)cc1,CCCCO,288.15,2,-2.364132981317855,0.16720499299552743,-2.4823647657132417,-2.2459011969224685,0.23646356879077324
CC(=O)Nc1ccc(OC(=O)c2ccccc2OC(C)=O)cc1,CCCCO,293.15,2,-2.2703241597956225,0.16567240028326638,-2.387472237491372,-2.1531760820998724,0.23429615539149973
CC(=O)Nc1ccc(OC(=O)c2ccccc2OC(C)=O)cc1,CCCCO,298.15,2,-2.190994919402021,0.15656278499665854,-2.3017015263546097,-2.080288312449432,0.22141321390517765
CC(=O)Nc1ccc(OC(=O)c2ccccc2OC(C)=O)cc1,CCCCO,303.15,2,-2.1061650867221204,0.1604965670051118,-2.219653297608596,-1.9926768758356448,0.2269764217729513
CC(=O)Nc1ccc(OC(=O)c2ccccc2OC(C)=O)cc1,CCCCO,308.15,2,-1.9979527307715004,0.19114684271810436,-2.1331139594598705,-1.8627915020831305,0.27032245737674
CC(=O)Nc1ccc(OC(=O)c2ccccc2OC(C)=O)cc1,CCCCO,313.15,2,-1.9271352223470808,0.15834206799168987,-2.039099972371106,-1.8151704723230555,0.22392950004805057
CC(=O)Nc1ccc(OC(=O)c2ccccc2OC(C)=O)cc1,CCCCO,318.15,2,-1.8431054898370767,0.15932967220756117,-1.955768581499273,-1.7304423981748802,0.2253261833243927
CC(=O)Nc1ccc(OC(=O)c2ccccc2OC(C)=O)cc1,CCCO,278.15,2,-2.766018836100829,0.22149151010356977,-2.9226369848703118,-2.609400687331346,0.31323629753896576
CC(=O)Nc1ccc(OC(=O)c2ccccc2OC(C)=O)cc1,CCCO,283.15,2,-2.6015841115947698,0.2269711210454588,-2.7620769304195263,-2.441091292770013,0.3209856376495135
CC(=O)Nc1ccc(OC(=O)c2ccccc2OC(C)=O)cc1,CCCO,288.15,2,-2.4738136356681504,0.22595085809328966,-2.633585019640835,-2.314042251695466,0.31954276794536884
CC(=O)Nc1ccc(OC(=O)c2ccccc2OC(C)=O)cc1,CCCO,293.15,2,-2.3339943916117933,0.2960655007508713,-2.543344314868125,-2.124644468355461,0.4186998465126641
CC(=O)Nc1ccc(OC(=O)c2ccccc2OC(C)=O)cc1,CCCO,298.15,2,-2.2353934356710647,0.30952454541894325,-2.454260340680483,-2.0165265306616464,0.4377338100188366
CC(=O)Nc1ccc(OC(=O)c2ccccc2OC(C)=O)cc1,CCCO,303.15,2,-2.1218592713228897,0.3416234368541364,-2.363423520134704,-1.8802950225110755,0.4831284976236283
CC(=O)Nc1ccc(OC(=O)c2ccccc2OC(C)=O)cc1,CCCO,308.15,2,-2.0207608978066003,0.3609370045364791,-2.2759819012955043,-1.765539894317696,0.5104420069778082
CC(=O)Nc1ccc(OC(=O)c2ccccc2OC(C)=O)cc1,CCCO,313.15,2,-1.9246225199339297,0.3709539054221265,-2.1869265419655486,-1.662318497902311,0.5246080440632377
CC(=O)Nc1ccc(OC(=O)c2ccccc2OC(C)=O)cc1,CCCO,318.15,2,-1.8055676599715063,0.3792417591419334,-2.073732079569883,-1.53740324037313,0.5363288391967529
CC(=O)Nc1ccc(OC(=O)c2ccccc2OC(C)=O)cc1,CCO,278.15,3,-2.4255365485963765,0.11778940903831603,-2.560165941535864,-2.3414725297775187,0.21869341175834522
CC(=O)Nc1ccc(OC(=O)c2ccccc2OC(C)=O)cc1,CCO,283.15,3,-2.285693614741925,0.13331092588919827,-2.4393131338549168,-2.2003641443889763,0.23894898946594045
CC(=O)Nc1ccc(OC(=O)c2ccccc2OC(C)=O)cc1,CCO,288.15,3,-2.1716077917810437,0.14768135871517227,-2.34061035379862,-2.067399044279052,0.27321130951956807
CC(=O)Nc1ccc(OC(=O)c2ccccc2OC(C)=O)cc1,CCO,293.15,3,-2.07860404345525,0.15081804416648326,-2.2526699442857927,-1.9868935859857848,0.2657763583000079
CC(=O)Nc1ccc(OC(=O)c2ccccc2OC(C)=O)cc1,CCO,298.15,3,-1.9884969684480083,0.151379353012085,-2.1628211978116623,-1.890199064124961,0.2726221336867012
CC(=O)Nc1ccc(OC(=O)c2ccccc2OC(C)=O)cc1,CCO,303.15,3,-1.884618593009822,0.1728679985118594,-2.0839659747958392,-1.77606734948159,0.3078986253142493
CC(=O)Nc1ccc(OC(=O)c2ccccc2OC(C)=O)cc1,CCO,308.15,3,-1.7900956555523706,0.18451893974904685,-2.0029520889953694,-1.6755223063852247,0.32742978261014466
CC(=O)Nc1ccc(OC(=O)c2ccccc2OC(C)=O)cc1,CCO,313.15,3,-1.696634386118893,0.18511451868081466,-1.910275306267426,-1.5838512961721785,0.3264240100952476
CC(=O)Nc1ccc(OC(=O)c2ccccc2OC(C)=O)cc1,CCO,318.15,3,-1.597515906616272,0.19317162102350943,-1.820244160155568,-1.475693817552197,0.3445503426033709
CC(=O)Nc1ccc(OC(=O)c2ccccc2OC(C)=O)cc1,CCOC(C)=O,278.15,2,-2.2069175470978273,0.2567539133248881,-2.3884699803060387,-2.025365113889616,0.3631048664164229
CC(=O)Nc1ccc(OC(=O)c2ccccc2OC(C)=O)cc1,CCOC(C)=O,283.15,2,-2.1083600430195237,0.22748250925847788,-2.269214467917525,-1.9475056181215225,0.32170884979600256
CC(=O)Nc1ccc(OC(=O)c2ccccc2OC(C)=O)cc1,CCOC(C)=O,288.15,2,-2.0493617180445147,0.1759589034716202,-2.1737834518994466,-1.9249399841895831,0.24884346770986343
CC(=O)Nc1ccc(OC(=O)c2ccccc2OC(C)=O)cc1,CCOC(C)=O,293.15,2,-1.9571042527370661,0.19234243540210033,-2.093110893119827,-1.8210976123543057,0.2720132807655211
CC(=O)Nc1ccc(OC(=O)c2ccccc2OC(C)=O)cc1,CCOC(C)=O,298.15,2,-1.870638209298264,0.18361947984026175,-2.0004767886512598,-1.7407996299452686,0.2596771587059912
CC(=O)Nc1ccc(OC(=O)c2ccccc2OC(C)=O)cc1,CCOC(C)=O,303.15,2,-1.7907739849622009,0.18377405061752702,-1.920721862359974,-1.6608261075644275,0.2598957547955465
CC(=O)Nc1ccc(OC(=O)c2ccccc2OC(C)=O)cc1,CCOC(C)=O,308.15,2,-1.7101057504428283,0.19771724136324548,-1.8499129525682765,-1.57029854831738,0.27961440425089656
CC(=O)Nc1ccc(OC(=O)c2ccccc2OC(C)=O)cc1,CCOC(C)=O,313.15,2,-1.6316562532963477,0.20194472948084616,-1.774452740937137,-1.4888597656555584,0.28559297528157845
CC(=O)Nc1ccc(OC(=O)c2ccccc2OC(C)=O)cc1,CCOC(C)=O,318.15,2,-1.5598887650711686,0.209397306706951,-1.707955020605853,-1.411822509536484,0.2961325110693689
CC(=O)Nc1ccc(OC(=O)c2ccccc2OC(C)=O)cc1,CN(C)C=O,278.15,2,-0.6332304654683563,0.003962774638408756,-0.6360325702874892,-0.6304283606492234,0.0056042096382658
CC(=O)Nc1ccc(OC(=O)c2ccccc2OC(C)=O)cc1,CN(C)C=O,283.15,2,-0.6079026189506467,0.008303005167909478,-0.6137737302091024,-0.6020315076921909,0.011742222516911482
CC(=O)Nc1ccc(OC(=O)c2ccccc2OC(C)=O)cc1,CN(C)C=O,288.15,2,-0.5829780199378999,0.014520053967456923,-0.5932452485614833,-0.5727107913143165,0.02053445724716685
CC(=O)Nc1ccc(OC(=O)c2ccccc2OC(C)=O)cc1,CN(C)C=O,293.15,2,-0.5577558743339532,0.01651925113207566,-0.5694367488295675,-0.5460749998383391,0.023361748991228448
CC(=O)Nc1ccc(OC(=O)c2ccccc2OC(C)=O)cc1,CN(C)C=O,298.15,2,-0.5329867901163968,0.019254375207644035,-0.5466016893932321,-0.5193718908395616,0.02722979855367047
CC(=O)Nc1ccc(OC(=O)c2ccccc2OC(C)=O)cc1,CN(C)C=O,303.15,2,-0.5085572761767173,0.020547565208965956,-0.5230865988728499,-0.4940279534805847,0.029058645392265214
CC(=O)Nc1ccc(OC(=O)c2ccccc2OC(C)=O)cc1,CN(C)C=O,308.15,2,-0.4846043764864002,0.02028674158580671,-0.4989492690299033,-0.4702594839428972,0.028689785087006092
CC(=O)Nc1ccc(OC(=O)c2ccccc2OC(C)=O)cc1,CN1CCCC1=O,278.15,2,-0.6332116627734056,0.018913175777651465,-0.6465852976195561,-0.6198380279272551,0.026747269692301012
CC(=O)Nc1ccc(OC(=O)c2ccccc2OC(C)=O)cc1,CN1CCCC1=O,283.15,2,-0.5744056537919708,0.018973574609977895,-0.5878219970620351,-0.5609893105219065,0.026832686540128603
CC(=O)Nc1ccc(OC(=O)c2ccccc2OC(C)=O)cc1,CN1CCCC1=O,288.15,2,-0.5204057711383878,0.01882606134965516,-0.533717806781763,-0.5070937354950127,0.02662407128675026
CC(=O)Nc1ccc(OC(=O)c2ccccc2OC(C)=O)cc1,CN1CCCC1=O,293.15,2,-0.47029262530245153,0.021562635452711094,-0.485539711051317,-0.455045539553586,0.030494171497730982
CC(=O)Nc1ccc(OC(=O)c2ccccc2OC(C)=O)cc1,CN1CCCC1=O,298.15,2,-0.4186502577477059,0.02388099609311321,-0.4355366720266357,-0.4017638434687761,0.033772828557859624
CC(=O)Nc1ccc(OC(=O)c2ccccc2OC(C)=O)cc1,CN1CCCC1=O,303.15,2,-0.3730302654844787,0.026459430725747277,-0.3917399083769903,-0.3543206225919671,0.03741928578502318
CC(=O)Nc1ccc(OC(=O)c2ccccc2OC(C)=O)cc1,CN1CCCC1=O,308.15,2,-0.3263049658121143,0.03279787849112614,-0.349496568101722,-0.3031133635225066,0.04638320457921541
CC(=O)Nc1ccc(OC(=O)c2ccccc2OC(C)=O)cc1,CN1CCCC1=O,313.15,2,-0.278667233209682,0.03328077946764227,-0.3022002980544259,-0.2551341683649382,0.0470661296894877
CC(=O)Nc1ccc(OC(=O)c2ccccc2OC(C)=O)cc1,CN1CCCC1=O,318.15,2,-0.23470752873273232,0.03548410861618497,-0.2597985825595967,-0.2096164749058679,0.0501821076537288
CC(=O)Nc1ccc(OC(=O)c2ccccc2OC(C)=O)cc1,CO,278.15,2,-2.2068036912344886,0.33602789917955705,-2.444411297412223,-1.9691960850567545,0.4752152123554685
CC(=O)Nc1ccc(OC(=O)c2ccccc2OC(C)=O)cc1,CO,283.15,2,-2.092394778022851,0.35338877547285014,-2.342278377554914,-1.8425111784907888,0.49976719906412503
CC(=O)Nc1ccc(OC(=O)c2ccccc2OC(C)=O)cc1,CO,288.15,2,-1.997740587520049,0.35242378909870786,-2.246941838643203,-1.748539336396895,0.4984025022463079
CC(=O)Nc1ccc(OC(=O)c2ccccc2OC(C)=O)cc1,CO,293.15,2,-1.906214685363627,0.36367549722616366,-2.163372095603637,-1.6490572751236174,0.5143148204800194
CC(=O)Nc1ccc(OC(=O)c2ccccc2OC(C)=O)cc1,CO,298.15,2,-1.8455750781617488,0.33483402548584473,-2.082338488154779,-1.6088116681687186,0.4735268199860603
CC(=O)Nc1ccc(OC(=O)c2ccccc2OC(C)=O)cc1,CO,303.15,2,-1.7542347058718364,0.35780110588599634,-2.0072382941598703,-1.5012311175838025,0.5060071765760679
CC(=O)Nc1ccc(OC(=O)c2ccccc2OC(C)=O)cc1,CO,308.15,2,-1.6549947748200218,0.3880626159117472,-1.9293964820562088,-1.3805930675838347,0.5488034144723741
CC(=O)Nc1ccc(OC(=O)c2ccccc2OC(C)=O)cc1,CO,313.15,2,-1.5670801153479161,0.3843705390944859,-1.838871130029956,-1.2952891006658762,0.5435820293640798
CC(=O)Nc1ccc(OC(=O)c2ccccc2OC(C)=O)cc1,CO,318.15,2,-1.4673895959174006,0.3971591694373377,-1.748223537836959,-1.186555653997842,0.5616678838391171
CC(=O)Nc1ccc(OC(=O)c2ccccc2OC(C)=O)cc1,COC(C)=O,278.15,2,-1.8750390153140302,0.03946197810969612,-1.9029428476344312,-1.8471351829936289,0.055807664640802335
CC(=O)Nc1ccc(OC(=O)c2ccccc2OC(C)=O)cc1,COC(C)=O,283.15,2,-1.7821983747129446,0.040963962573491,-1.811164270432932,-1.7532324789929572,0.057931791439974845
CC(=O)Nc1ccc(OC(=O)c2ccccc2OC(C)=O)cc1,COC(C)=O,288.15,2,-1.6931306525410124,0.019091512968180343,-1.7066303908239238,-1.6796309142581012,0.026999476565822578
CC(=O)Nc1ccc(OC(=O)c2ccccc2OC(C)=O)cc1,COC(C)=O,293.15,2,-1.6183894372960652,0.025002124969533936,-1.6360686094060963,-1.6007102651860343,0.03535834422006201
CC(=O)Nc1ccc(OC(=O)c2ccccc2OC(C)=O)cc1,COC(C)=O,298.15,2,-1.5318473991382366,0.011041459254113773,-1.5396548898510156,-1.524039908425458,0.015614981425557728
CC(=O)Nc1ccc(OC(=O)c2ccccc2OC(C)=O)cc1,COC(C)=O,303.15,2,-1.4607966435223376,0.02417820825902883,-1.4778932185392375,-1.4437000685054378,0.034193150033799746
CC(=O)Nc1ccc(OC(=O)c2ccccc2OC(C)=O)cc1,COC(C)=O,308.15,2,-1.3729092409045756,0.004323673051137201,-1.3759665394386682,-1.369851942370483,0.00611459706818529
CC(=O)Nc1ccc(OC(=O)c2ccccc2OC(C)=O)cc1,COC(C)=O,313.15,2,-1.2983883800284917,0.004072224567358626,-1.3012678776345854,-1.295508882422398,0.005758995212187479
CC(=O)Nc1ccc(OC(=O)c2ccccc2OC(C)=O)cc1,COC(C)=O,318.15,2,-1.224312394570532,0.009157955081048602,-1.2307880467101435,-1.2178367424309209,0.012951304279222642
CC(=O)OCC(=O)[C@@]12N=C(C)O[C@@H]1C[C@H]1[C@@H]3CCC4=CC(=O)C=C[C@]4(C)[C@H]3[C@@H](O)C[C@@]12C,CC(C)=O,303.15,2,-1.0071154286874018,0.005734605177343488,-1.0111704068957288,-1.0030604504790746,0.00810995641665424
CC(=O)OCC(=O)[C@@]12N=C(C)O[C@@H]1C[C@H]1[C@@H]3CCC4=CC(=O)C=C[C@]4(C)[C@H]3[C@@H](O)C[C@@]12C,CC(C)O,303.15,2,-1.5801849732393038,0.0025670214649726316,-1.5820001315246373,-1.5783698149539702,0.003630316570667036
CC(=O)OCC(=O)[C@@]12N=C(C)O[C@@H]1C[C@H]1[C@@H]3CCC4=CC(=O)C=C[C@]4(C)[C@H]3[C@@H](O)C[C@@]12C,CCO,303.15,2,-1.39288834823776,0.00511677176907158,-1.3965064522534545,-1.3892702442220657,0.007236208031388802
CC(=O)OCC(=O)[C@@]12N=C(C)O[C@@H]1C[C@H]1[C@@H]3CCC4=CC(=O)C=C[C@]4(C)[C@H]3[C@@H](O)C[C@@]12C,CCOC(C)=O,303.15,2,-1.3969171787989987,0.0052799498667813515,-1.4006506671541248,-1.3931836904438726,0.0074669767102522044
CC(=O)Oc1ccc(C(c2ccc(OC(C)=O)cc2)c2ccccn2)cc1,CC#N,288.15,2,-1.0878468123486584,0.6011189177596585,-1.5129020753960316,-0.6627915493012854,0.8501105260947462
CC(=O)Oc1ccc(C(c2ccc(OC(C)=O)cc2)c2ccccn2)cc1,CC#N,293.15,2,-1.01739095879879,0.613288574567162,-1.4510514686994618,-0.5837304488981179,0.8673210198013439
CC(=O)Oc1ccc(C(c2ccc(OC(C)=O)cc2)c2ccccn2)cc1,CC#N,298.15,2,-0.9482510525847476,0.6248278724808306,-1.3900710782903063,-0.5064310268791888,0.8836400514111175
CC(=O)Oc1ccc(C(c2ccc(OC(C)=O)cc2)c2ccccn2)cc1,CC#N,303.15,2,-0.8862003185109386,0.6422332325091602,-1.3403277923215224,-0.4320728447003548,0.9082549476211677
CC(=O)Oc1ccc(C(c2ccc(OC(C)=O)cc2)c2ccccn2)cc1,CC#N,308.15,2,-0.8249994212070145,0.6586214435847592,-1.2907151102006709,-0.3592837322133582,0.9314313779873127
CC(=O)Oc1ccc(C(c2ccc(OC(C)=O)cc2)c2ccccn2)cc1,CC(C)=O,288.15,2,-1.1495549236306228,0.5451564339119439,-1.5350387348572343,-0.7640711124040113,0.770967622453223
CC(=O)Oc1ccc(C(c2ccc(OC(C)=O)cc2)c2ccccn2)cc1,CC(C)=O,293.15,2,-1.073034801195781,0.5670305466836016,-1.473985945895671,-0.6720836564958911,0.8019022893997799
CC(=O)Oc1ccc(C(c2ccc(OC(C)=O)cc2)c2ccccn2)cc1,CC(C)=O,298.15,2,-1.0017520780021814,0.5900878608074398,-1.4190072058749856,-0.5844969501293772,0.8345102557456084
CC(=O)Oc1ccc(C(c2ccc(OC(C)=O)cc2)c2ccccn2)cc1,CC(C)=O,303.15,2,-0.9336374973898642,0.615051737336795,-1.3685447516412792,-0.4987302431384492,0.8698145085028299
CC(=O)Oc1ccc(C(c2ccc(OC(C)=O)cc2)c2ccccn2)cc1,CC(C)=O,308.15,2,-0.866977993056261,0.6398710191598145,-1.319435129788913,-0.4145208563236089,0.9049142734653042
CC(=O)Oc1ccc(C(c2ccc(OC(C)=O)cc2)c2ccccn2)cc1,CC(C)O,278.15,2,-2.9911325568754594,0.23945207981210279,-3.1604507462798197,-2.821814367471099,0.33863637880872055
CC(=O)Oc1ccc(C(c2ccc(OC(C)=O)cc2)c2ccccn2)cc1,CC(C)O,283.15,2,-2.8679951469160967,0.27990020378291824,-3.0659144790664947,-2.6700758147656987,0.39583866430079606
CC(=O)Oc1ccc(C(c2ccc(OC(C)=O)cc2)c2ccccn2)cc1,CC(C)O,288.15,3,-2.669077104003051,0.2632753917478997,-2.9727283675126377,-2.504568234223856,0.4681601332887815
CC(=O)Oc1ccc(C(c2ccc(OC(C)=O)cc2)c2ccccn2)cc1,CC(C)O,293.15,3,-2.5505168862692584,0.29625739693596154,-2.892385680102754,-2.368964528559825,0.5234211515429292
CC(=O)Oc1ccc(C(c2ccc(OC(C)=O)cc2)c2ccccn2)cc1,CC(C)O,298.15,3,-2.437120175885576,0.3267034021161378,-2.8142212397478947,-2.239558335520609,0.5746629042272859
CC(=O)Oc1ccc(C(c2ccc(OC(C)=O)cc2)c2ccccn2)cc1,CC(C)O,303.15,3,-2.3242477967595008,0.3567504042169063,-2.736095023731301,-2.110757999582014,0.625337024149287
CC(=O)Oc1ccc(C(c2ccc(OC(C)=O)cc2)c2ccccn2)cc1,CC(C)O,308.15,3,-2.2185878839494144,0.39154612886758267,-2.670626365606233,-1.9852011905600209,0.6854251750462119
CC(=O)Oc1ccc(C(c2ccc(OC(C)=O)cc2)c2ccccn2)cc1,CC(C)O,313.15,2,-2.2289630756174024,0.5016465584010594,-2.583680758821685,-1.8742453924131195,0.7094353664085653
CC(=O)Oc1ccc(C(c2ccc(OC(C)=O)cc2)c2ccccn2)cc1,CCCCO,288.15,2,-2.6036706015179054,0.33745615400072937,-2.842288136364953,-2.365053066670858,0.47723506969409524
CC(=O)Oc1ccc(C(c2ccc(OC(C)=O)cc2)c2ccccn2)cc1,CCCCO,293.15,2,-2.4944678762888275,0.3719509578610106,-2.75747692086118,-2.2314588317164747,0.526018089144705
CC(=O)Oc1ccc(C(c2ccc(OC(C)=O)cc2)c2ccccn2)cc1,CCCCO,298.15,2,-2.395774906236735,0.4088527723572509,-2.684877474077467,-2.106672338396003,0.5782051356814639
CC(=O)Oc1ccc(C(c2ccc(OC(C)=O)cc2)c2ccccn2)cc1,CCCCO,303.15,2,-2.2984016224593855,0.4510593402755256,-2.61734874068574,-1.979454504233031,0.6378942364527092
CC(=O)Oc1ccc(C(c2ccc(OC(C)=O)cc2)c2ccccn2)cc1,CCCCO,308.15,2,-2.19901371581725,0.4793456375791275,-2.53796226668164,-1.86006516495286,0.6778971017287803
CC(=O)Oc1ccc(C(c2ccc(OC(C)=O)cc2)c2ccccn2)cc1,CCCO,288.15,2,-2.508911035684327,0.42715958533526405,-2.810958475123726,-2.2068635962449283,0.6040948788787976
CC(=O)Oc1ccc(C(c2ccc(OC(C)=O)cc2)c2ccccn2)cc1,CCCO,293.15,2,-2.4071270056240177,0.4489331562211876,-2.724570684687499,-2.089683326560536,0.6348873581269632
CC(=O)Oc1ccc(C(c2ccc(OC(C)=O)cc2)c2ccccn2)cc1,CCCO,298.15,2,-2.312283269348039,0.4711776470406872,-2.6454561787140305,-1.9791103599820477,0.6663458187319828
CC(=O)Oc1ccc(C(c2ccc(OC(C)=O)cc2)c2ccccn2)cc1,CCCO,303.15,2,-2.2241218664053797,0.5021192608304652,-2.5791738007029785,-1.8690699321077813,0.7101038685951973
CC(=O)Oc1ccc(C(c2ccc(OC(C)=O)cc2)c2ccccn2)cc1,CCCO,308.15,2,-2.129502039681311,0.5189598911804706,-2.4964620978988545,-1.7625419814637673,0.7339201164350873
CC(=O)Oc1ccc(C(c2ccc(OC(C)=O)cc2)c2ccccn2)cc1,CCO,278.15,2,-2.687914205885684,0.4349049837490505,-2.995438469066463,-2.3803899427049053,0.6150485263615577
CC(=O)Oc1ccc(C(c2ccc(OC(C)=O)cc2)c2ccccn2)cc1,CCO,283.15,2,-2.5631086833745593,0.457386534168068,-2.8865298033082127,-2.239687563440906,0.6468422398673068
CC(=O)Oc1ccc(C(c2ccc(OC(C)=O)cc2)c2ccccn2)cc1,CCO,288.15,3,-2.3346615021880384,0.40732528171861443,-2.8048904161077397,-2.0907458230078264,0.7141445930999133
CC(=O)Oc1ccc(C(c2ccc(OC(C)=O)cc2)c2ccccn2)cc1,CCO,293.15,3,-2.219917409028926,0.43711962789133446,-2.72458868725848,-1.9602506864014848,0.7643380008569953
CC(=O)Oc1ccc(C(c2ccc(OC(C)=O)cc2)c2ccccn2)cc1,CCO,298.15,3,-2.1126990363692273,0.4690621761859359,-2.654301485645532,-1.8374915285222,0.816809957123332
CC(=O)Oc1ccc(C(c2ccc(OC(C)=O)cc2)c2ccccn2)cc1,CCO,303.15,3,-2.0046518772408106,0.48906665762776047,-2.569347179848916,-1.7172438887499306,0.8521032910989852
CC(=O)Oc1ccc(C(c2ccc(OC(C)=O)cc2)c2ccccn2)cc1,CCO,308.15,3,-1.8986506344790568,0.5082048633904506,-2.485437267361518,-1.599489408836534,0.885947858524984
CC(=O)Oc1ccc(C(c2ccc(OC(C)=O)cc2)c2ccccn2)cc1,CCO,313.15,2,-1.9432455427850792,0.6394178642311044,-2.395382250594712,-1.491108834975446,0.9042734156192662
CC(=O)Oc1ccc(C(c2ccc(OC(C)=O)cc2)c2ccccn2)cc1,CN(C)C=O,288.15,2,-0.8583469690777559,0.793160670905779,-1.4191962580457038,-0.297497680109808,1.121698577935896
CC(=O)Oc1ccc(C(c2ccc(OC(C)=O)cc2)c2ccccn2)cc1,CN(C)C=O,293.15,2,-0.8040458099292772,0.8044520001165831,-1.3728792743507945,-0.23521234550776,1.1376669288430346
CC(=O)Oc1ccc(C(c2ccc(OC(C)=O)cc2)c2ccccn2)cc1,CN(C)C=O,298.15,2,-0.7480824915457984,0.8107300457731759,-1.3213552046236912,-0.1748097784679057,1.1465454261557855
CC(=O)Oc1ccc(C(c2ccc(OC(C)=O)cc2)c2ccccn2)cc1,CN(C)C=O,303.15,2,-0.6986924077858152,0.822360113463108,-1.2801888205929175,-0.1171959949787129,1.1629928256142046
CC(=O)Oc1ccc(C(c2ccc(OC(C)=O)cc2)c2ccccn2)cc1,CN(C)C=O,308.15,2,-0.6505024231605785,0.8351647298096445,-1.241053067016809,-0.0599517793043481,1.181101287712461
CC(=O)Oc1ccc(C(c2ccc(OC(C)=O)cc2)c2ccccn2)cc1,CN1CCCC1=O,288.15,2,-0.8505149902367602,1.0003102835613578,-1.5578411750336345,-0.143188805439886,1.4146523695937485
CC(=O)Oc1ccc(C(c2ccc(OC(C)=O)cc2)c2ccccn2)cc1,CN1CCCC1=O,293.15,2,-0.8069616132351833,0.9950492945482675,-1.5105677170251537,-0.1033555094452131,1.4072122075799407
CC(=O)Oc1ccc(C(c2ccc(OC(C)=O)cc2)c2ccccn2)cc1,CN1CCCC1=O,298.15,2,-0.7642744828674344,0.9904051690972978,-1.464596694058343,-0.0639522716765258,1.4006444223818173
CC(=O)Oc1ccc(C(c2ccc(OC(C)=O)cc2)c2ccccn2)cc1,CN1CCCC1=O,303.15,2,-0.7195373218728908,0.9821679404067404,-1.4140349327985218,-0.0250397109472598,1.388995221851262
CC(=O)Oc1ccc(C(c2ccc(OC(C)=O)cc2)c2ccccn2)cc1,CN1CCCC1=O,308.15,2,-0.6762789924705997,0.9735817155187567,-1.3647052255531449,0.0121472406119453,1.3768524661650903
CC(=O)Oc1ccc(C(c2ccc(OC(C)=O)cc2)c2ccccn2)cc1,CO,278.15,2,-2.319445989301758,0.6516566754323525,-2.780236843505455,-1.85865513509806,0.9215817084073952
CC(=O)Oc1ccc(C(c2ccc(OC(C)=O)cc2)c2ccccn2)cc1,CO,283.15,2,-2.2205870226604634,0.6693778169093175,-2.693908616172889,-1.7472654291480378,0.9466431870248513
CC(=O)Oc1ccc(C(c2ccc(OC(C)=O)cc2)c2ccccn2)cc1,CO,288.15,3,-1.9527200529940885,0.5611324844207385,-2.6006104763348463,-1.6218347707411658,0.9787757055936805
CC(=O)Oc1ccc(C(c2ccc(OC(C)=O)cc2)c2ccccn2)cc1,CO,293.15,3,-1.8556273606421103,0.5733167910924802,-2.5175791092266384,-1.5170980197289636,1.0004810894976748
CC(=O)Oc1ccc(C(c2ccc(OC(C)=O)cc2)c2ccccn2)cc1,CO,298.15,3,-1.7653617763063902,0.586669994327961,-2.4427335902034453,-1.419109394080054,1.0236241961233912
CC(=O)Oc1ccc(C(c2ccc(OC(C)=O)cc2)c2ccccn2)cc1,CO,303.15,3,-1.6772368819238361,0.6083397733638712,-2.379648015154445,-1.3196102724278669,1.060037742726578
CC(=O)Oc1ccc(C(c2ccc(OC(C)=O)cc2)c2ccccn2)cc1,CO,308.15,3,-1.5868941302199877,0.6169769802995632,-2.2992886508566786,-1.2251174931728182,1.0741711576838604
CC(=O)Oc1ccc(C(c2ccc(OC(C)=O)cc2)c2ccccn2)cc1,CO,313.15,2,-1.6819101179973737,0.7511631145195778,-2.2130626500513744,-1.150757585943373,1.0623050641080014
CC(=O)Oc1ccc(C(c2ccc(OC(C)=O)cc2)c2ccccn2)cc1,O,288.15,2,-5.129928951644507,0.007809806746120526,-5.135451318954445,-5.124406584334568,0.011044734619876984
CC(=O)Oc1ccc(C(c2ccc(OC(C)=O)cc2)c2ccccn2)cc1,O,293.15,2,-5.055763718719015,0.01064049384169944,-5.063287684069654,-5.048239753368375,0.015047930701278744
CC(=O)Oc1ccc(C(c2ccc(OC(C)=O)cc2)c2ccccn2)cc1,O,298.15,2,-4.984834217471683,0.013621622938748568,-4.994466159422438,-4.975202275520927,0.01926388390151068
CC(=O)Oc1ccc(C(c2ccc(OC(C)=O)cc2)c2ccccn2)cc1,O,303.15,2,-4.916422432971228,0.01511973778722178,-4.927113702090335,-4.905731163852121,0.02138253823821401
CC(=O)Oc1ccc(C(c2ccc(OC(C)=O)cc2)c2ccccn2)cc1,O,308.15,2,-4.849168583152634,0.018196313109081475,-4.86203531954466,-4.83630184676061,0.025733472784049916
CC(=O)Oc1ccccc1C(=O)Nc1ncc([N+](=O)[O-])s1,CC(C)O,278.15,2,-2.567623879511973,0.004827684587503019,-2.571037568021226,-2.56421019100272,0.006827377018506109
CC(=O)Oc1ccccc1C(=O)Nc1ncc([N+](=O)[O-])s1,CC(C)O,283.15,2,-2.496658441606038,0.004969823389050062,-2.5001726374257345,-2.493144245786341,0.007028391639393394
CC(=O)Oc1ccccc1C(=O)Nc1ncc([N+](=O)[O-])s1,CC(C)O,288.15,2,-2.4311021295302293,0.011115889721579193,-2.43896225053128,-2.423242008529179,0.01572024200210098
CC(=O)Oc1ccccc1C(=O)Nc1ncc([N+](=O)[O-])s1,CC(C)O,293.15,2,-2.3701230561047666,0.012809402001286224,-2.3791806711228203,-2.3610654410867125,0.01811523003610782
CC(=O)Oc1ccccc1C(=O)Nc1ncc([N+](=O)[O-])s1,CC(C)O,298.15,2,-2.3118225559780825,0.012774873623307028,-2.3208557557459244,-2.302789356210241,0.018066399535683342
CC(=O)Oc1ccccc1C(=O)Nc1ncc([N+](=O)[O-])s1,CC(C)O,303.15,2,-2.2573054166369295,0.012072090818257194,-2.265841673917619,-2.24876915935624,0.017072514561379037
CC(=O)Oc1ccccc1C(=O)Nc1ncc([N+](=O)[O-])s1,CC(C)O,308.15,2,-2.201347532977797,0.0162108022201899,-2.2128103011561677,-2.189884764799427,0.02292553635674066
CC(=O)Oc1ccccc1C(=O)Nc1ncc([N+](=O)[O-])s1,CC(C)O,313.15,2,-2.1445223700336795,0.02093431502375073,-2.1593251661464694,-2.12971957392089,0.029605592225579347
CC(=O)Oc1ccccc1C(=O)Nc1ncc([N+](=O)[O-])s1,CN(C)C=O,278.15,2,-0.0249420966517499,0.0030027483332670025,-0.0270653603603996,-0.0228188329431002,0.0042465274172994
CC(=O)Oc1ccccc1C(=O)Nc1ncc([N+](=O)[O-])s1,CN(C)C=O,283.15,2,0.0033626239163353,0.002224096697591987,0.0017899500594534,0.0049352977732172,0.0031453477137638004
CC(=O)Oc1ccccc1C(=O)Nc1ncc([N+](=O)[O-])s1,CN(C)C=O,288.15,2,0.0310049126129229,0.008346367219390029,0.0251031397538191,0.0369066854720267,0.011803545718207596
CC(=O)Oc1ccccc1C(=O)Nc1ncc([N+](=O)[O-])s1,CN(C)C=O,293.15,2,0.0587724597092287,0.011502566767654753,0.050638916746769,0.0669060026716884,0.016267085924919406
CC(=O)Oc1ccccc1C(=O)Nc1ncc([N+](=O)[O-])s1,CN(C)C=O,298.15,2,0.08684244905011655,0.013894343697606955,0.0770176644014021,0.096667233698831,0.019649569297428893
CC(=O)Oc1ccccc1C(=O)Nc1ncc([N+](=O)[O-])s1,CN(C)C=O,303.15,2,0.11306922560905515,0.01242091001949967,0.104286315905759,0.1218521353123513,0.017565819406592298
CC(=O)Oc1ccccc1C(=O)Nc1ncc([N+](=O)[O-])s1,CN(C)C=O,308.15,2,0.143127415767463,0.00784383137314158,0.1375809894130308,0.1486738421218952,0.011092852708864398
CC(=O)Oc1ccccc1C(=O)Nc1ncc([N+](=O)[O-])s1,CN(C)C=O,313.15,2,0.17366551258094332,0.004574996673209598,0.1704305014094109,0.1769005237524757,0.006470022343064791
CC(=O)Oc1ccccc1C(=O)Nc1ncc([N+](=O)[O-])s1,CN1CCCC1=O,278.15,2,0.01618395463824165,0.0032021016802154037,0.0139197268261125,0.0184481824503708,0.0045284556242583
CC(=O)Oc1ccccc1C(=O)Nc1ncc([N+](=O)[O-])s1,CN1CCCC1=O,283.15,2,0.03126522060187155,0.0015690418593279595,0.0301557404631752,0.0323747007405679,0.002218960277392698
CC(=O)Oc1ccccc1C(=O)Nc1ncc([N+](=O)[O-])s1,CN1CCCC1=O,288.15,2,0.045080346383307754,0.004181418941734085,0.0421236366946257,0.0480370560719898,0.0059134193773640945
CC(=O)Oc1ccccc1C(=O)Nc1ncc([N+](=O)[O-])s1,CN1CCCC1=O,293.15,2,0.059525430396058954,0.007393931070431681,0.0542971315965308,0.0647537291955871,0.010456597599056296
CC(=O)Oc1ccccc1C(=O)Nc1ncc([N+](=O)[O-])s1,CN1CCCC1=O,298.15,2,0.0741091910551316,0.008672216764182917,0.0679770077732582,0.080241374337005,0.012264366563746798
CC(=O)Oc1ccccc1C(=O)Nc1ncc([N+](=O)[O-])s1,CN1CCCC1=O,303.15,2,0.08889324192189654,0.008739154162289504,0.082713726751907,0.0950727570918861,0.012359030339979107
CC(=O)Oc1ccccc1C(=O)Nc1ncc([N+](=O)[O-])s1,CN1CCCC1=O,308.15,2,0.1046065515577709,0.008776466306166526,0.0984006527178253,0.1108124503977165,0.012411797679891201
CC(=O)Oc1ccccc1C(=O)Nc1ncc([N+](=O)[O-])s1,CN1CCCC1=O,313.15,2,0.1207452838330011,0.009107747056136154,0.1143051341282754,0.1271854335377268,0.012880299409451387
CC(=O)Oc1ccccc1C(=O)O,CCCO,298.15,2,-0.16843498163384316,0.016267852691020265,-0.1799380905870074,-0.1569318726806789,0.023006217906328508
CC(=O)Oc1ccccc1C(=O)O,CCOC(C)=O,298.15,2,-0.33531505094131875,0.03306674900157411,-0.3586967733921253,-0.3119333284905122,0.046763444901613105
CC(=O)c1c(C)c([N+](=O)[O-])c(C(C)(C)C)c([N+](=O)[O-])c1C,CC(C)O,278.15,2,-1.6724830841345748,0.003081641610586663,-1.6746621338146073,-1.6703040344545423,0.0043580993600649265
CC(=O)c1c(C)c([N+](=O)[O-])c(C(C)(C)C)c([N+](=O)[O-])c1C,CC(C)O,283.15,2,-1.5727505701203017,0.005333131518138119,-1.576521663581737,-1.5689794766588667,0.007542186922870231
CC(=O)c1c(C)c([N+](=O)[O-])c(C(C)(C)C)c([N+](=O)[O-])c1C,CC(C)O,288.15,2,-1.467750490866832,0.002025196402293407,-1.4691825209761282,-1.4663184607575357,0.0028640602185925346
CC(=O)c1c(C)c([N+](=O)[O-])c(C(C)(C)C)c([N+](=O)[O-])c1C,CC(C)O,293.15,2,-1.3665274115011659,0.00845714887028655,-1.3725075188168496,-1.360547304185482,0.011960214631367538
CC(=O)c1c(C)c([N+](=O)[O-])c(C(C)(C)C)c([N+](=O)[O-])c1C,CC(C)O,298.15,2,-1.2702174032814844,0.0044984144059315705,-1.273398262612506,-1.267036543950463,0.006361718662043048
CC(=O)c1c(C)c([N+](=O)[O-])c(C(C)(C)C)c([N+](=O)[O-])c1C,CC(C)O,303.15,2,-1.175375085378001,0.009010527716365575,-1.1817464906283124,-1.1690036801276895,0.01274281050062287
CC(=O)c1c(C)c([N+](=O)[O-])c(C(C)(C)C)c([N+](=O)[O-])c1C,CC(C)O,308.15,2,-1.0816939675917068,0.010330693714747884,-1.0889988711717664,-1.0743890640116474,0.01460980716011906
CC(=O)c1c(C)c([N+](=O)[O-])c(C(C)(C)C)c([N+](=O)[O-])c1C,CC(C)O,313.15,2,-0.9948498438804219,0.011663686080925911,-1.0030973154018756,-0.986602372358968,0.01649494304290766
CC(=O)c1c(C)c([N+](=O)[O-])c(C(C)(C)C)c([N+](=O)[O-])c1C,CC(C)O,318.15,2,-0.910620511303333,0.015867519804002823,-0.9218405421573552,-0.8994004804493108,0.022440061708044468
CC(=O)c1c(C)c([N+](=O)[O-])c(C(C)(C)C)c([N+](=O)[O-])c1C,CCCCO,278.15,2,-1.4888719116606106,0.013709544641075082,-1.4985660236432945,-1.4791777996779267,0.019388223965367768
CC(=O)c1c(C)c([N+](=O)[O-])c(C(C)(C)C)c([N+](=O)[O-])c1C,CCCCO,283.15,2,-1.389059051906726,0.0015039697339216773,-1.3901225191042814,-1.3879955847091707,0.002126934395110691
CC(=O)c1c(C)c([N+](=O)[O-])c(C(C)(C)C)c([N+](=O)[O-])c1C,CCCCO,288.15,2,-1.3023276420178722,0.0042296609056445824,-1.305318463926373,-1.2993368201093711,0.005981643817001947
CC(=O)c1c(C)c([N+](=O)[O-])c(C(C)(C)C)c([N+](=O)[O-])c1C,CCCCO,293.15,2,-1.222845054601863,0.013821324182366066,-1.2326182066561917,-1.2130719025475345,0.01954630410865721
CC(=O)c1c(C)c([N+](=O)[O-])c(C(C)(C)C)c([N+](=O)[O-])c1C,CCCCO,298.15,2,-1.1331092714831361,0.005700873802822106,-1.1371403980078003,-1.1290781449584717,0.008062253049328616
CC(=O)c1c(C)c([N+](=O)[O-])c(C(C)(C)C)c([N+](=O)[O-])c1C,CCCCO,303.15,2,-1.0499488682304658,0.00420642608309661,-1.0529232606383834,-1.046974475822548,0.005948784815835273
CC(=O)c1c(C)c([N+](=O)[O-])c(C(C)(C)C)c([N+](=O)[O-])c1C,CCCCO,308.15,2,-0.9713695457181211,0.006631194828622008,-0.9760585085488088,-0.9666805828874332,0.00937792566137563
CC(=O)c1c(C)c([N+](=O)[O-])c(C(C)(C)C)c([N+](=O)[O-])c1C,CCCCO,313.15,2,-0.8875077912849005,0.002341782620755719,-0.8891636816561017,-0.8858519009136994,0.003311780742402348
CC(=O)c1c(C)c([N+](=O)[O-])c(C(C)(C)C)c([N+](=O)[O-])c1C,CCO,278.15,3,-1.4591880210504833,0.0043604588416581245,-1.4629068577660207,-1.4543889953342102,0.008517862431810519
CC(=O)c1c(C)c([N+](=O)[O-])c(C(C)(C)C)c([N+](=O)[O-])c1C,CCO,283.15,3,-1.3718184284544899,0.009600358431060175,-1.378739362408373,-1.3608584690341012,0.01788089337427179
CC(=O)c1c(C)c([N+](=O)[O-])c(C(C)(C)C)c([N+](=O)[O-])c1C,CCO,288.15,3,-1.2855818925767188,0.006934806031223394,-1.2928662528766506,-1.2790595898675072,0.01380666300914335
CC(=O)c1c(C)c([N+](=O)[O-])c(C(C)(C)C)c([N+](=O)[O-])c1C,CCO,293.15,3,-1.2061537762040528,0.007848593575466457,-1.2148705986186672,-1.1996475343803066,0.015223064238360617
CC(=O)c1c(C)c([N+](=O)[O-])c(C(C)(C)C)c([N+](=O)[O-])c1C,CCO,298.15,3,-1.1280469471887933,0.008981047797316382,-1.1371400495619974,-1.119182313504079,0.017957736057918394
CC(=O)c1c(C)c([N+](=O)[O-])c(C(C)(C)C)c([N+](=O)[O-])c1C,CCO,303.15,3,-1.0515064379693257,0.008168560149860801,-1.0594846543523506,-1.0431599885665792,0.01632466578577141
CC(=O)c1c(C)c([N+](=O)[O-])c(C(C)(C)C)c([N+](=O)[O-])c1C,CCO,308.15,3,-0.9749505947821775,0.005181925234715052,-0.9789359720013148,-0.969092686197748,0.009843285803566748
CC(=O)c1c(C)c([N+](=O)[O-])c(C(C)(C)C)c([N+](=O)[O-])c1C,CCO,313.15,3,-0.9000518016245082,0.004043354003795047,-0.903240286621986,-0.8955039369147123,0.00773634970727366
CC(=O)c1c(C)c([N+](=O)[O-])c(C(C)(C)C)c([N+](=O)[O-])c1C,CCO,318.15,2,-0.8296134329317513,0.00816198835542418,-0.8353848302458373,-0.8238420356176651,0.011542794628172204
CC(=O)c1c(C)c([N+](=O)[O-])c(C(C)(C)C)c([N+](=O)[O-])c1C,CCOC(C)=O,278.15,2,-0.14306163214428466,0.004678936965453889,-0.1463701402013015,-0.1397531240872678,0.0066170161140337025
CC(=O)c1c(C)c([N+](=O)[O-])c(C(C)(C)C)c([N+](=O)[O-])c1C,CCOC(C)=O,283.15,2,-0.07986806252584615,0.0007587019867329113,-0.0804045458455647,-0.0793315792061276,0.0010729666394370951
CC(=O)c1c(C)c([N+](=O)[O-])c(C(C)(C)C)c([N+](=O)[O-])c1C,CCOC(C)=O,288.15,2,-0.0200709908211731,0.0023314745480545306,-0.0217195922842663,-0.0184223893580799,0.003297202926186401
CC(=O)c1c(C)c([N+](=O)[O-])c(C(C)(C)C)c([N+](=O)[O-])c1C,CCOC(C)=O,293.15,2,0.0339167945295082,0.0017037609634994702,0.0327120535986968,0.0351215354603196,0.002409481861622799
CC(=O)c1c(C)c([N+](=O)[O-])c(C(C)(C)C)c([N+](=O)[O-])c1C,CCOC(C)=O,298.15,2,0.09540549989124385,0.007570847754075531,0.0900521021050061,0.1007588976774816,0.010706795572475503
CC(=O)c1c(C)c([N+](=O)[O-])c(C(C)(C)C)c([N+](=O)[O-])c1C,CCOC(C)=O,303.15,2,0.1448202713223948,0.0011500156424898845,0.1440070874631196,0.14563345518167,0.0016263677185504033
CC(=O)c1c(C)c([N+](=O)[O-])c(C(C)(C)C)c([N+](=O)[O-])c1C,CCOC(C)=O,308.15,2,0.20325611260748774,0.0090607287540993,0.1968492098629722,0.2096630153520033,0.012813805489031105
CC(=O)c1c(C)c([N+](=O)[O-])c(C(C)(C)C)c([N+](=O)[O-])c1C,CCOC(C)=O,313.15,2,0.25637454705109936,0.011099756288528525,0.2485258341099628,0.2642232599922359,0.015697425882273103
CC(=O)c1c(C)c([N+](=O)[O-])c(C(C)(C)C)c([N+](=O)[O-])c1C,CN(C)C=O,278.15,2,0.0222226076380186,0.006725858353876695,0.0174667075866922,0.026978507689345,0.0095118001026528
CC(=O)c1c(C)c([N+](=O)[O-])c(C(C)(C)C)c([N+](=O)[O-])c1C,CN(C)C=O,283.15,2,0.0920920329412225,0.004095533685960222,0.0891960532993021,0.0949880125831429,0.005791959283840811
CC(=O)c1c(C)c([N+](=O)[O-])c(C(C)(C)C)c([N+](=O)[O-])c1C,CN(C)C=O,288.15,2,0.1591241074266635,0.0017812869247830069,0.1578645473629105,0.1603836674904165,0.0025191201275059916
CC(=O)c1c(C)c([N+](=O)[O-])c(C(C)(C)C)c([N+](=O)[O-])c1C,CN(C)C=O,293.15,2,0.2223227398113719,0.003651301252188178,0.2197408799357947,0.2249045996869491,0.0051637197511544
CC(=O)c1c(C)c([N+](=O)[O-])c(C(C)(C)C)c([N+](=O)[O-])c1C,CN(C)C=O,298.15,2,0.28494520429761955,0.00761286761964527,0.2795620939794929,0.2903283146157462,0.01076622063625332
CC(=O)c1c(C)c([N+](=O)[O-])c(C(C)(C)C)c([N+](=O)[O-])c1C,CN(C)C=O,303.15,2,0.34908817161214867,0.0065701999729152055,0.3444423386575487,0.3537340045667487,0.009291665909199998
CC(=O)c1c(C)c([N+](=O)[O-])c(C(C)(C)C)c([N+](=O)[O-])c1C,CN(C)C=O,308.15,2,0.41208215369242535,0.005270452520526268,0.4083553809752395,0.4158089264096112,0.007453545434371711
CC(=O)c1c(C)c([N+](=O)[O-])c(C(C)(C)C)c([N+](=O)[O-])c1C,CN(C)C=O,313.15,2,0.47073307919502544,0.008226254945553903,0.4649162385392549,0.476549919850796,0.011633681311541078
CC(=O)c1c(C)c([N+](=O)[O-])c(C(C)(C)C)c([N+](=O)[O-])c1C,CN(C)C=O,318.15,2,0.5348519803356526,0.007507349425606543,0.5295434826480694,0.540160478023236,0.010616995375166582
CC(=O)c1c(C)c([N+](=O)[O-])c(C(C)(C)C)c([N+](=O)[O-])c1C,CO,278.15,3,-1.492289546553045,0.0050794151767082985,-1.496482228558257,-1.486641231206535,0.00984099735172217
CC(=O)c1c(C)c([N+](=O)[O-])c(C(C)(C)C)c([N+](=O)[O-])c1C,CO,283.15,3,-1.4091901665245672,0.0027919054999838095,-1.4119850492360646,-1.4064012477911476,0.0055838014449169915
CC(=O)c1c(C)c([N+](=O)[O-])c(C(C)(C)C)c([N+](=O)[O-])c1C,CO,288.15,3,-1.3316255158998798,0.0015227455629837831,-1.3330198124774693,-1.3300006247372895,0.0030191877401797296
CC(=O)c1c(C)c([N+](=O)[O-])c(C(C)(C)C)c([N+](=O)[O-])c1C,CO,293.15,3,-1.2543197324900983,0.003101564598497002,-1.2572883802195487,-1.2511004587838872,0.006187921435661492
CC(=O)c1c(C)c([N+](=O)[O-])c(C(C)(C)C)c([N+](=O)[O-])c1C,CO,298.15,3,-1.1772172440996393,0.004666379961986684,-1.1826055155540276,-1.1745231083724452,0.008082407181582374
CC(=O)c1c(C)c([N+](=O)[O-])c(C(C)(C)C)c([N+](=O)[O-])c1C,CO,303.15,3,-1.1024024783114452,0.005349608363629861,-1.1084971935919206,-1.0984838320383918,0.010013361553528721
CC(=O)c1c(C)c([N+](=O)[O-])c(C(C)(C)C)c([N+](=O)[O-])c1C,CO,308.15,3,-1.0312821122499198,0.007166276585596507,-1.0394535374150105,-1.0260666305848791,0.013386906830131329
CC(=O)c1c(C)c([N+](=O)[O-])c(C(C)(C)C)c([N+](=O)[O-])c1C,CO,313.15,3,-0.9615621763561971,0.008093140692340883,-0.970759289714105,-0.9555287832136108,0.015230506500494179
CC(=O)c1c(C)c([N+](=O)[O-])c(C(C)(C)C)c([N+](=O)[O-])c1C,CO,318.15,2,-0.8991136183469084,0.010663506063132575,-0.9066538557953734,-0.8915733808984435,0.015080474896929874
CC(C)(C)C(=O)C(Oc1ccc(Cl)cc1)n1ccnc1,CCCCO,288.15,2,0.13790299820501514,0.0015529602351783205,0.1368048894918075,0.1390011069182228,0.0021962174264152923
CC(C)(C)C(=O)C(Oc1ccc(Cl)cc1)n1ccnc1,CCCCO,293.15,2,0.2186759280332182,0.0029568448154090234,0.2165851230133262,0.2207667330531102,0.004181610039784012
CC(C)(C)C(=O)C(Oc1ccc(Cl)cc1)n1ccnc1,CCCCO,298.15,2,0.2964013448865665,0.009428856005575451,0.2897341368661926,0.3030685529069404,0.01333441604074781
CC(C)(C)C(=O)C(Oc1ccc(Cl)cc1)n1ccnc1,CCCCO,303.15,2,0.3779109985184763,0.001036918901517697,0.3771777861316727,0.37864421090528,0.001466424773607311
CC(C)(C)C(=O)C(Oc1ccc(Cl)cc1)n1ccnc1,CCCCO,308.15,2,0.4492407233547448,0.008040339482263445,0.4435553447837944,0.4549261019256952,0.011370757141900834
CC(C)(C)C(=O)C(Oc1ccc(Cl)cc1)n1ccnc1,CCCCO,313.15,2,0.539191046217124,0.0029957890668747423,0.5370727034529323,0.5413093889813156,0.004236685528383299
CC(C)(C)C(=O)C(Oc1ccc(Cl)cc1)n1ccnc1,CCCCO,318.15,2,0.62362683615909,0.000908644597215871,0.62298432740271,0.6242693449154698,0.0012850175127597785
CC(C)(C)C(=O)C(Oc1ccc(Cl)cc1)n1ccnc1,CCO,288.15,2,0.337270055536196,0.0006170633364241397,0.3368337258665889,0.3377063852058031,0.0008726593392142101
CC(C)(C)C(=O)C(Oc1ccc(Cl)cc1)n1ccnc1,CCO,293.15,2,0.418102481838901,0.002937920130600598,0.4160250585919688,0.4201799050858331,0.004154846493864273
CC(C)(C)C(=O)C(Oc1ccc(Cl)cc1)n1ccnc1,CCO,298.15,2,0.5042223121080869,0.0034669929548750487,0.5017707778793687,0.506673846336805,0.004903068457436266
CC(C)(C)C(=O)C(Oc1ccc(Cl)cc1)n1ccnc1,CCO,303.15,2,0.5843355471550018,0.0012235917527373013,0.5834703371292372,0.5852007571807663,0.0017304200515290136
CC(C)(C)C(=O)C(Oc1ccc(Cl)cc1)n1ccnc1,CCO,308.15,2,0.6591925081013733,0.007509918939023406,0.6538821934934286,0.664502822709318,0.010620629215889466
CC(C)(C)C(=O)C(Oc1ccc(Cl)cc1)n1ccnc1,CCO,313.15,2,0.7462535241674229,0.0013116627444878365,0.7453260385461657,0.74718100978868,0.001854971242514214
CC(C)(C)C(=O)C(Oc1ccc(Cl)cc1)n1ccnc1,CCO,318.15,2,0.8276068994474517,0.001499156348557653,0.8265468358273278,0.8286669630675757,0.0021201272402479043
CC(C)(c1ccc(O)cc1)c1ccc(O)cc1,CCC(C)O,273.15,2,-0.4043665317505636,0.0013001545008203875,-0.4052858798146839,-0.4034471836864433,0.0018386961282406133
CC(C)(c1ccc(O)cc1)c1ccc(O)cc1,CCC(C)O,278.15,2,-0.3434511143322292,0.004625572583657416,-0.3467218880730039,-0.3401803405914544,0.006541547481549503
CC(C)(c1ccc(O)cc1)c1ccc(O)cc1,CCC(C)O,283.15,2,-0.26687520641577966,0.004880276579145048,-0.270326083078959,-0.2634243297526003,0.006901753326358728
CC(C)(c1ccc(O)cc1)c1ccc(O)cc1,CCC(C)O,288.15,2,-0.18402578012120005,0.0009795725398901612,-0.1847184425068205,-0.1833331177355796,0.0013853247712409256
CC(C)(c1ccc(O)cc1)c1ccc(O)cc1,CCC(C)O,293.15,2,-0.12026385283254276,0.0026219141103380776,-0.1221178260796515,-0.118409879585434,0.003707946494217504
CC(C)(c1ccc(O)cc1)c1ccc(O)cc1,CCC(C)O,298.15,2,-0.06927537137222535,0.004627101786840131,-0.0725472264229404,-0.0660035163215103,0.006543710101430095
CC(C)(c1ccc(O)cc1)c1ccc(O)cc1,CCC(C)O,303.15,2,-0.00680950141097385,0.006481217743939858,-0.0113924144280603,-0.0022265883938874,0.0091658260341729
CC(C)(c1ccc(O)cc1)c1ccc(O)cc1,CCC(C)O,308.15,2,0.04330960437323235,0.003550064723046256,0.0407993295339152,0.0458198792125495,0.005020549678634301
CC(C)(c1ccc(O)cc1)c1ccc(O)cc1,CCC(C)O,313.15,2,0.094822749151309,0.0032788647699151874,0.0925042416379083,0.0971412566647097,0.004637015026801403
CC(C)(c1ccc(O)cc1)c1ccc(O)cc1,CCCCO,273.15,2,-0.0465812170970545,0.001421903724117095,-0.0475866548625721,-0.0455757793315369,0.002010875531035204
CC(C)(c1ccc(O)cc1)c1ccc(O)cc1,CCCCO,278.15,2,0.00256682490562065,0.0005633292245065635,0.0021684909909315,0.0029651588203098,0.0007966678293783
CC(C)(c1ccc(O)cc1)c1ccc(O)cc1,CCCCO,283.15,2,0.0588355615014378,0.0009368191411950809,0.0581731303339534,0.0594979926689222,0.0013248623349687988
CC(C)(c1ccc(O)cc1)c1ccc(O)cc1,CCCCO,288.15,2,0.1191375520011956,0.003533878417267173,0.1166387226084572,0.121636381393934,0.004997658785476797
CC(C)(c1ccc(O)cc1)c1ccc(O)cc1,CCCCO,293.15,2,0.17096841724519785,0.0029185980298812733,0.1689046567867111,0.1730321777036846,0.004127520916973493
CC(C)(c1ccc(O)cc1)c1ccc(O)cc1,CCCCO,298.15,2,0.23071306863642232,0.0036748317258045223,0.2281145702033865,0.2333115670694582,0.005196996866071696
CC(C)(c1ccc(O)cc1)c1ccc(O)cc1,CCCCO,303.15,2,0.2730258618168653,0.005366929492837625,0.2692308695783297,0.2768208540554008,0.007589984477071099
CC(C)(c1ccc(O)cc1)c1ccc(O)cc1,CCCCO,308.15,2,0.32684337330427793,0.006921681234386074,0.3219490055662319,0.331737741042324,0.009788735476092103
CC(C)(c1ccc(O)cc1)c1ccc(O)cc1,CCCCO,313.15,2,0.37711150951905575,0.003714545291039051,0.3744849293547375,0.379738089683374,0.005253160328636541
CC(C)(c1ccc(O)cc1)c1ccc(O)cc1,CCO,273.15,2,0.6663533396072361,0.002040824046430462,0.6649102590847965,0.6677964201296755,0.002886161044879043
CC(C)(c1ccc(O)cc1)c1ccc(O)cc1,CCO,278.15,2,0.677259243293221,0.002005223927976472,0.6758413358559513,0.6786771507304907,0.002835814874539433
CC(C)(c1ccc(O)cc1)c1ccc(O)cc1,CCO,283.15,2,0.6900928506638346,0.0026795791104221394,0.6881981021041294,0.69198759922354,0.0037894971194106786
CC(C)(c1ccc(O)cc1)c1ccc(O)cc1,CCO,288.15,2,0.7030078291609716,0.0012264103695617556,0.702140626072137,0.7038750322498063,0.0017344061776692898
CC(C)(c1ccc(O)cc1)c1ccc(O)cc1,CCO,293.15,2,0.714340739401927,0.0013784144960356695,0.7133660531644943,0.7153154256393596,0.001949372474865263
CC(C)(c1ccc(O)cc1)c1ccc(O)cc1,CCO,298.15,2,0.7285910962333472,0.0021952969858294743,0.7270387868479488,0.7301434056187456,0.0031046187707968187
CC(C)(c1ccc(O)cc1)c1ccc(O)cc1,CCO,303.15,2,0.741812161626257,0.00198893775396081,0.7404057702530733,0.7432185529994405,0.002812782746367204
CC(C)(c1ccc(O)cc1)c1ccc(O)cc1,CCO,308.15,2,0.7557865192003674,0.0013009462627024198,0.7548666112760513,0.7567064271246836,0.0018398158486323535
CC(C)(c1ccc(O)cc1)c1ccc(O)cc1,CCO,313.15,2,0.7701564033364023,0.0011171418546340045,0.7693664647554432,0.7709463419173613,0.0015798771619180974
CC(C)(c1ccc(O)cc1)c1ccc(O)cc1,CCOC(C)=O,273.15,2,0.5077843690482803,0.000512991264402209,0.507421629446532,0.5081471086500285,0.0007254792034965263
CC(C)(c1ccc(O)cc1)c1ccc(O)cc1,CCOC(C)=O,278.15,2,0.5105367425390204,0.0016977379258231312,0.5093362605389932,0.5117372245390475,0.0024009640000542953
CC(C)(c1ccc(O)cc1)c1ccc(O)cc1,CCOC(C)=O,283.15,2,0.5152658887345618,0.0013461309910705638,0.5143140303824105,0.5162177470867132,0.0019037167043026715
CC(C)(c1ccc(O)cc1)c1ccc(O)cc1,CCOC(C)=O,288.15,2,0.5194529554023091,0.0008341308021602885,0.5188631358557049,0.5200427749489132,0.0011796390932082845
CC(C)(c1ccc(O)cc1)c1ccc(O)cc1,CCOC(C)=O,293.15,2,0.5245532468878067,0.0011568836102140972,0.5237352066419808,0.5253712871336327,0.00163608049165187
CC(C)(c1ccc(O)cc1)c1ccc(O)cc1,CCOC(C)=O,298.15,2,0.5318493533829096,0.001469938393911871,0.530809949976648,0.5328887567891711,0.0020788068125231485
CC(C)(c1ccc(O)cc1)c1ccc(O)cc1,CCOC(C)=O,303.15,2,0.5392190633760375,0.0017756243761172339,0.5379635073388449,0.5404746194132302,0.0025111120743852577
CC(C)(c1ccc(O)cc1)c1ccc(O)cc1,CCOC(C)=O,308.15,2,0.5475453988025231,0.00143453868866975,0.5465310267678902,0.5485597708371559,0.0020287440692656755
CC(C)(c1ccc(O)cc1)c1ccc(O)cc1,CCOC(C)=O,313.15,2,0.5557364037423729,0.0006297506566892702,0.5552911027825712,0.5561817047021745,0.0008906019196033288
CC(C)C(=O)Nc1ccc([N+](=O)[O-])c(C(F)(F)F)c1,C1COCCO1,283.15,2,0.18376266089678367,0.037124367765970404,0.1575117687022027,0.2100135530913646,0.05250178438916189
CC(C)C(=O)Nc1ccc([N+](=O)[O-])c(C(F)(F)F)c1,C1COCCO1,288.15,2,0.25875909177678436,0.031190027060050717,0.2367044121372306,0.2808137714163382,0.044109359279107585
CC(C)C(=O)Nc1ccc([N+](=O)[O-])c(C(F)(F)F)c1,C1COCCO1,293.15,2,0.33591622480067534,0.02103139937672895,0.3210447796835478,0.3507876699178029,0.029742890234255137
CC(C)C(=O)Nc1ccc([N+](=O)[O-])c(C(F)(F)F)c1,C1COCCO1,298.15,2,0.41039256246996275,0.015745392734954247,0.3992588884946312,0.4215262364452943,0.022267347950663097
CC(C)C(=O)Nc1ccc([N+](=O)[O-])c(C(F)(F)F)c1,C1COCCO1,303.15,2,0.480158190992484,0.013603985721665185,0.4705387204375296,0.4897776615474384,0.019238941109908814
CC(C)C(=O)Nc1ccc([N+](=O)[O-])c(C(F)(F)F)c1,C1COCCO1,308.15,2,0.549142183989401,0.013367415467911089,0.5396899938651031,0.5585943741136988,0.018904380248595753
CC(C)C(=O)Nc1ccc([N+](=O)[O-])c(C(F)(F)F)c1,C1COCCO1,313.15,2,0.621183810522445,0.01566077088415067,0.6101099732316532,0.6322576478132367,0.02214767458158351
CC(C)C(=O)Nc1ccc([N+](=O)[O-])c(C(F)(F)F)c1,C1COCCO1,318.15,2,0.696241579464131,0.012032427746371043,0.6877333682105349,0.7047497907177271,0.017016422507192264
CC(C)C(=O)Nc1ccc([N+](=O)[O-])c(C(F)(F)F)c1,C1COCCO1,323.15,2,0.7723801413525921,0.013233601845748243,0.7630225717479407,0.7817377109572435,0.01871513920930279
CC(C)C(=O)Nc1ccc([N+](=O)[O-])c(C(F)(F)F)c1,CC#N,278.15,2,0.07727332353435254,0.014762050229791561,0.0668349777126505,0.0877116693560546,0.020876691643404097
CC(C)C(=O)Nc1ccc([N+](=O)[O-])c(C(F)(F)F)c1,CC#N,283.15,2,0.1820529504523442,0.017480665016116757,0.1696922536797976,0.1944136472248908,0.0247213935450932
CC(C)C(=O)Nc1ccc([N+](=O)[O-])c(C(F)(F)F)c1,CC#N,288.15,2,0.2887404153093871,0.013566059457112273,0.2791477626732831,0.2983330679454911,0.019185305272207964
CC(C)C(=O)Nc1ccc([N+](=O)[O-])c(C(F)(F)F)c1,CC#N,293.15,2,0.40243755266803327,0.01283680594577674,0.3933605601349987,0.4115145452010678,0.018153985066069078
CC(C)C(=O)Nc1ccc([N+](=O)[O-])c(C(F)(F)F)c1,CC#N,298.15,2,0.5257195976538835,0.03134723525023973,0.503553755036989,0.547885440270778,0.04433168523378905
CC(C)C(=O)Nc1ccc([N+](=O)[O-])c(C(F)(F)F)c1,CC#N,303.15,2,0.6362261788736093,0.040383217526550254,0.6076709319144542,0.6647814258327644,0.057110493918310246
CC(C)C(=O)Nc1ccc([N+](=O)[O-])c(C(F)(F)F)c1,CC#N,308.15,2,0.7479471421763962,0.050137347443001586,0.7124946838087438,0.7833996005440487,0.07090491673530486
CC(C)C(=O)Nc1ccc([N+](=O)[O-])c(C(F)(F)F)c1,CC#N,313.15,2,0.8545476222007115,0.05330844407987869,0.8168528598973254,0.8922423845040975,0.07538952460677217
CC(C)C(=O)Nc1ccc([N+](=O)[O-])c(C(F)(F)F)c1,CC#N,318.15,2,0.9650587580982151,0.0557160674581153,0.9256615489775346,1.0044559672188955,0.07879441824136091
CC(C)C(=O)Nc1ccc([N+](=O)[O-])c(C(F)(F)F)c1,CC#N,323.15,2,1.086959436299975,0.06678724183532006,1.0397337247014742,1.1341851478984757,0.0944514231970015
CC(C)C(=O)Nc1ccc([N+](=O)[O-])c(C(F)(F)F)c1,CC(C)=O,278.15,2,0.4657106127587911,0.050081675133460346,0.4302975206587396,0.5011237048588426,0.070826184200103
CC(C)C(=O)Nc1ccc([N+](=O)[O-])c(C(F)(F)F)c1,CC(C)=O,283.15,2,0.5013652308194598,0.055806725147030174,0.461903917032181,0.5408265446067387,0.07892262757455776
CC(C)C(=O)Nc1ccc([N+](=O)[O-])c(C(F)(F)F)c1,CC(C)=O,288.15,2,0.5500437840706133,0.08175009602333866,0.4922377368098591,0.6078498313313675,0.11561209452150839
CC(C)C(=O)Nc1ccc([N+](=O)[O-])c(C(F)(F)F)c1,CC(C)=O,293.15,2,0.5981878630115729,0.10847877530793879,0.5214817853765176,0.6748939406466282,0.15341215527011065
CC(C)C(=O)Nc1ccc([N+](=O)[O-])c(C(F)(F)F)c1,CC(C)=O,298.15,2,0.6485942943108154,0.1355806122041384,0.5527243240238455,0.7444642645977851,0.19173994057393962
CC(C)C(=O)Nc1ccc([N+](=O)[O-])c(C(F)(F)F)c1,CC(C)=O,303.15,2,0.6997723813938808,0.16140425890707286,0.5856423354083004,0.8139024273794613,0.22826009197116093
CC(C)C(=O)Nc1ccc([N+](=O)[O-])c(C(F)(F)F)c1,CC(C)=O,308.15,2,0.7519539628809411,0.18834082788749834,0.6187768863074026,0.8851310394544796,0.266354153147077
CC(C)C(=O)Nc1ccc([N+](=O)[O-])c(C(F)(F)F)c1,CC(C)=O,313.15,2,0.8063971267334561,0.2131766646885126,0.655658461541478,0.9571357919254342,0.3014773303839562
CC(C)C(=O)Nc1ccc([N+](=O)[O-])c(C(F)(F)F)c1,CC(C)=O,318.15,2,0.8607685907549297,0.23869307346268437,0.6919870998872069,1.0295500816226526,0.33756298173544574
CC(C)C(=O)Nc1ccc([N+](=O)[O-])c(C(F)(F)F)c1,CC(C)=O,323.15,2,0.9146874649500845,0.25904457858803326,0.7315152868008746,1.0978596430992944,0.36634435629841977
CC(C)C(=O)Nc1ccc([N+](=O)[O-])c(C(F)(F)F)c1,CC(C)O,278.15,2,-0.10294015616721874,0.02565433672208936,-0.1210805116302512,-0.0847998007041863,0.0362807109260649
CC(C)C(=O)Nc1ccc([N+](=O)[O-])c(C(F)(F)F)c1,CC(C)O,283.15,2,-0.04681505962670055,0.02793922181897752,-0.0665710728359747,-0.0270590464174264,0.0395120264185483
CC(C)C(=O)Nc1ccc([N+](=O)[O-])c(C(F)(F)F)c1,CC(C)O,288.15,2,0.01060340758767125,0.02951750245086581,-0.0102686185590265,0.031475433734369,0.0417440522933955
CC(C)C(=O)Nc1ccc([N+](=O)[O-])c(C(F)(F)F)c1,CC(C)O,293.15,2,0.0729842136812342,0.02493469794569753,0.0553527196769932,0.0906157076854752,0.035262988008481995
CC(C)C(=O)Nc1ccc([N+](=O)[O-])c(C(F)(F)F)c1,CC(C)O,298.15,2,0.1339371745022187,0.021969354126417536,0.1184024952211402,0.1494718537832972,0.031069358562156993
CC(C)C(=O)Nc1ccc([N+](=O)[O-])c(C(F)(F)F)c1,CC(C)O,303.15,2,0.1934441589041068,0.015556337716653856,0.1824441670142328,0.2044441507939808,0.02199998377974799
CC(C)C(=O)Nc1ccc([N+](=O)[O-])c(C(F)(F)F)c1,CC(C)O,308.15,2,0.2554002311412782,0.0111729839273476,0.2474997384401624,0.263300723842394,0.0158009854022316
CC(C)C(=O)Nc1ccc([N+](=O)[O-])c(C(F)(F)F)c1,CC(C)O,313.15,2,0.316457371346619,0.0025069505416931265,0.3146846896184885,0.3182300530747495,0.003545363456260997
CC(C)C(=O)Nc1ccc([N+](=O)[O-])c(C(F)(F)F)c1,CC(C)O,318.15,2,0.37796896549646297,0.012339527308450622,0.369243602060021,0.386694328932905,0.017450726872884015
CC(C)C(=O)Nc1ccc([N+](=O)[O-])c(C(F)(F)F)c1,CC(C)O,323.15,2,0.44086951408371966,0.011625647577496907,0.4326489398459867,0.4490900883214527,0.016441148475466016
CC(C)C(=O)Nc1ccc([N+](=O)[O-])c(C(F)(F)F)c1,CCO,278.15,3,-0.14439173683141154,0.09632689294854681,-0.2179768697043761,-0.0353648885740936,0.18261198113028249
CC(C)C(=O)Nc1ccc([N+](=O)[O-])c(C(F)(F)F)c1,CCO,283.15,3,-0.07667482157413406,0.07536829982661176,-0.1348743815141741,0.0084605634684049,0.143334944982579
CC(C)C(=O)Nc1ccc([N+](=O)[O-])c(C(F)(F)F)c1,CCO,288.15,3,0.00017027672440219957,0.055699465111117466,-0.0402626024789584,0.0637031926735352,0.1039657951524936
CC(C)C(=O)Nc1ccc([N+](=O)[O-])c(C(F)(F)F)c1,CCO,293.15,3,0.06553573231758843,0.04592658268677221,0.0280155433408339,0.1167523756312243,0.0887368322903904
CC(C)C(=O)Nc1ccc([N+](=O)[O-])c(C(F)(F)F)c1,CCO,298.15,3,0.1346071998902765,0.03173800000876302,0.1073789600990334,0.1694643860184165,0.06208542591938311
CC(C)C(=O)Nc1ccc([N+](=O)[O-])c(C(F)(F)F)c1,CCO,303.15,3,0.20527035250191736,0.021608514178698687,0.1857812603723757,0.2285078356444967,0.04272657527212101
CC(C)C(=O)Nc1ccc([N+](=O)[O-])c(C(F)(F)F)c1,CCO,308.15,3,0.2727873000818843,0.010290583667572531,0.2622047503881139,0.2827586757507039,0.020553925362589986
CC(C)C(=O)Nc1ccc([N+](=O)[O-])c(C(F)(F)F)c1,CCO,313.15,3,0.3432999380669428,0.004013184116559378,0.3401864114907637,0.3478290928077139,0.007642681316950228
CC(C)C(=O)Nc1ccc([N+](=O)[O-])c(C(F)(F)F)c1,CCO,318.15,3,0.41432703914410407,0.0048588139651657425,0.4087534117307555,0.4176698036048628,0.008916391874107255
CC(C)C(=O)Nc1ccc([N+](=O)[O-])c(C(F)(F)F)c1,CCO,323.15,3,0.48620719276747426,0.006798836857521519,0.4790465011659296,0.4925745718396427,0.013528070673713088
CC(C)C(=O)Nc1ccc([N+](=O)[O-])c(C(F)(F)F)c1,CCOC(C)=O,278.15,2,0.18228215808302145,0.1692229675786815,0.0626234501756245,0.3019408659904184,0.23931741581479393
CC(C)C(=O)Nc1ccc([N+](=O)[O-])c(C(F)(F)F)c1,CCOC(C)=O,283.15,2,0.2270318684393193,0.17359533974865735,0.1042814265206611,0.3497823103579775,0.24550088383731644
CC(C)C(=O)Nc1ccc([N+](=O)[O-])c(C(F)(F)F)c1,CCOC(C)=O,288.15,2,0.265110420739891,0.17104238691128104,0.144165189084591,0.386055652395191,0.24189046331060002
CC(C)C(=O)Nc1ccc([N+](=O)[O-])c(C(F)(F)F)c1,CCOC(C)=O,293.15,2,0.3055700712719543,0.16612465027273263,0.1881022045418614,0.4230379380020472,0.23493573346018579
CC(C)C(=O)Nc1ccc([N+](=O)[O-])c(C(F)(F)F)c1,CCOC(C)=O,298.15,2,0.35256161555817295,0.17288472613076952,0.2303136533475267,0.4748095777688192,0.2444959244212925
CC(C)C(=O)Nc1ccc([N+](=O)[O-])c(C(F)(F)F)c1,CCOC(C)=O,303.15,2,0.39383336534752583,0.17508183214908657,0.2700318145723418,0.5176349161227098,0.24760310155036802
CC(C)C(=O)Nc1ccc([N+](=O)[O-])c(C(F)(F)F)c1,CCOC(C)=O,308.15,2,0.43848364491891945,0.18027424148993434,0.3110105062881256,0.5659567835497132,0.25494627726158764
CC(C)C(=O)Nc1ccc([N+](=O)[O-])c(C(F)(F)F)c1,CCOC(C)=O,313.15,2,0.4837002125138211,0.1772936732286658,0.3583346539123597,0.6090657711152826,0.2507311172029229
CC(C)C(=O)Nc1ccc([N+](=O)[O-])c(C(F)(F)F)c1,CCOC(C)=O,318.15,2,0.5368282479247248,0.18584000787699015,0.4054195181391437,0.6682369777103059,0.2628174595711622
CC(C)C(=O)Nc1ccc([N+](=O)[O-])c(C(F)(F)F)c1,CCOC(C)=O,323.15,2,0.589149028197098,0.19072286161180912,0.4542875994240843,0.7240104569701117,0.2697228575460274
CC(C)C(=O)Nc1ccc([N+](=O)[O-])c(C(F)(F)F)c1,CO,278.15,2,-0.04715983294884885,0.0957483350395796,-0.1148641299426571,0.0205444640449594,0.1354085939876165
CC(C)C(=O)Nc1ccc([N+](=O)[O-])c(C(F)(F)F)c1,CO,283.15,2,0.03155147532668115,0.082924773694916,-0.0270851944813538,0.0901881451347161,0.1172733396160699
CC(C)C(=O)Nc1ccc([N+](=O)[O-])c(C(F)(F)F)c1,CO,288.15,2,0.1141446052393862,0.07066924102489315,0.0641739056893777,0.1641153047893947,0.09994139910001701
CC(C)C(=O)Nc1ccc([N+](=O)[O-])c(C(F)(F)F)c1,CO,293.15,2,0.18519643882090253,0.060559598753921015,0.1423743358760686,0.2280185417657365,0.0856442058896679
CC(C)C(=O)Nc1ccc([N+](=O)[O-])c(C(F)(F)F)c1,CO,298.15,2,0.2675201717260854,0.05015047733987866,0.2320584291193149,0.3029819143328559,0.07092348521354097
CC(C)C(=O)Nc1ccc([N+](=O)[O-])c(C(F)(F)F)c1,CO,303.15,2,0.3427020057184012,0.039422030115808346,0.3148264208953728,0.3705775905414296,0.05575116964605675
CC(C)C(=O)Nc1ccc([N+](=O)[O-])c(C(F)(F)F)c1,CO,308.15,2,0.4197929773717989,0.032354222582421516,0.3969150871837497,0.442670867559848,0.04575578037609834
CC(C)C(=O)Nc1ccc([N+](=O)[O-])c(C(F)(F)F)c1,CO,313.15,2,0.49594338732845955,0.031665920931291655,0.4735521999054262,0.5183345747514929,0.04478237484606673
CC(C)C(=O)Nc1ccc([N+](=O)[O-])c(C(F)(F)F)c1,CO,318.15,2,0.5770409948164081,0.029728090364524017,0.5560200605279267,0.5980619291048895,0.04204186857696279
CC(C)C(=O)Nc1ccc([N+](=O)[O-])c(C(F)(F)F)c1,CO,323.15,2,0.6551312747637712,0.029349011162356622,0.6343783899497492,0.6758841595777932,0.04150576962804409
CC(C)C(=O)Nc1ccc([N+](=O)[O-])c(C(F)(F)F)c1,COC(C)=O,278.15,2,0.2255858305259929,0.1382082279305258,0.1278578553405421,0.3233138057114437,0.1954559503709016
CC(C)C(=O)Nc1ccc([N+](=O)[O-])c(C(F)(F)F)c1,COC(C)=O,283.15,2,0.2721378227228158,0.14918410407575014,0.1666487310856132,0.3776269143600184,0.21097818327440518
CC(C)C(=O)Nc1ccc([N+](=O)[O-])c(C(F)(F)F)c1,COC(C)=O,288.15,2,0.3265549810481244,0.16430541434984944,0.2103735083756804,0.4427364537205684,0.23236294534488802
CC(C)C(=O)Nc1ccc([N+](=O)[O-])c(C(F)(F)F)c1,COC(C)=O,293.15,2,0.3832621196403232,0.1927745952696641,0.2469498960846516,0.5195743431959948,0.27262444711134326
CC(C)C(=O)Nc1ccc([N+](=O)[O-])c(C(F)(F)F)c1,COC(C)=O,298.15,2,0.4433911483877672,0.21560568370174168,0.2909349073799038,0.5958473893956306,0.30491248201572685
CC(C)C(=O)Nc1ccc([N+](=O)[O-])c(C(F)(F)F)c1,COC(C)=O,303.15,2,0.49671480886102504,0.2512201922282872,0.3190753073654152,0.6743543103566348,0.3552790029912197
CC(C)C(=O)Nc1ccc([N+](=O)[O-])c(C(F)(F)F)c1,COC(C)=O,308.15,2,0.5600273428025295,0.2664427683389827,0.3716238545119185,0.7484308310931405,0.376806976581222
CC(C)C(=O)Nc1ccc([N+](=O)[O-])c(C(F)(F)F)c1,COC(C)=O,313.15,2,0.6174160600038052,0.28610489451304527,0.415109348962969,0.8197227710446413,0.4046134220816723
CC(C)C(=O)Nc1ccc([N+](=O)[O-])c(C(F)(F)F)c1,COC(C)=O,318.15,2,0.6803628089930388,0.3113289557872695,0.4602199931761337,0.9005056248099439,0.4402856316338102
CC(C)C(=O)Nc1ccc([N+](=O)[O-])c(C(F)(F)F)c1,COC(C)=O,323.15,2,0.7482767399943673,0.34042542842352275,0.5075596110677587,0.988993868920976,0.48143425785321725
CC(C)OC(=O)C(C)(C)Oc1ccc(C(=O)c2ccc(Cl)cc2)cc1,CC(C)=O,278.15,2,-0.02667735152950855,0.006574669022967641,-0.0313263445797061,-0.022028358479311,0.009297986100395103
CC(C)[C@H](N)C(=O)O,CC(C)=O,293.15,2,-4.144497425856367,1.4514996255822394,-5.170862653995304,-3.1181321977174314,2.0527304562778723
CC(C)[C@H](N)C(=O)O,CCO,293.15,2,-3.013110420101477,0.9641660057646039,-3.694878740967176,-2.3313420992357776,1.3635366417313985
CC(C)[C@H](N)C(=O)O,CCO,313.15,2,-2.7275271137776356,0.6800852540332369,-3.2084200086895134,-2.246634218865758,0.9617857898237552
CC(C)[C@H](N)C(=O)O,CCO,323.15,2,-2.6269325515150244,0.6026116551573826,-3.053043339298859,-2.2008217637311898,0.8522215755676692
CC(C)[C@H](N)C(=O)O,O,313.15,2,-0.24740221939335966,0.0034787555849305142,-0.2498620710575546,-0.2449423677291647,0.004919703328389896
CC(CO)(CO)C(=O)O,CCCCOC(C)=O,298.15,2,-2.171860582556823,0.4071806730243849,-2.4597807976204678,-1.883940367493178,0.5758404301272897
CC(CO)(CO)C(=O)O,CCCCOC(C)=O,303.15,2,-2.113050975130524,0.40673636012681125,-2.400657013531326,-1.8254449367297223,0.5752120768016038
CC(CO)(CO)C(=O)O,CCCCOC(C)=O,308.15,2,-2.042577331575326,0.40348860409081044,-2.327886859659432,-1.7572678034912197,0.5706190561682123
CC(CO)(CO)C(=O)O,CCCCOC(C)=O,313.15,2,-1.977523175312761,0.39167575106673275,-2.254479754918382,-1.70056659570714,0.5539131592112418
CC(CO)(CO)C(=O)O,CCCCOC(C)=O,318.15,2,-1.9271520030261384,0.37457481502924717,-2.192016394795016,-1.662287611257261,0.5297287835377549
CC(CO)(CO)C(=O)O,CCCCOC(C)=O,323.15,2,-1.847501702144625,0.41785125002702805,-2.142967154566012,-1.5520362497232378,0.5909309048427742
CC(CO)(CO)C(=O)O,CCCCOC(C)=O,328.15,2,-1.7910730265341868,0.41351816751704584,-2.0834745269293244,-1.4986715261390489,0.5848030007902756
CC(CO)(CO)C(=O)O,CCOC(C)=O,298.15,2,-1.8355172927561703,0.5791329485505574,-2.245026127884829,-1.4260084576275112,0.819017670257318
CC(CO)(CO)C(=O)O,CCOC(C)=O,303.15,2,-1.7723377169631183,0.5182207158123631,-2.138775099265387,-1.4059003346608496,0.7328747646045373
CC(CO)(CO)C(=O)O,CCOC(C)=O,308.15,2,-1.6819655344914333,0.47345382130238856,-2.016747942113036,-1.3471831268698304,0.6695648152432057
CC(CO)(CO)C(=O)O,CCOC(C)=O,313.15,2,-1.5900308780154497,0.4167509450657844,-1.8847182973373684,-1.2953434586935313,0.5893748386438371
CC(CO)(CO)C(=O)O,CCOC(C)=O,318.15,2,-1.4927290650831595,0.42437089804448785,-1.7928046048286417,-1.192653525337677,0.6001510794909646
CC(CO)(CO)C(=O)O,CCOC(C)=O,323.15,2,-1.418025529387602,0.4024670407991505,-1.7026127031407643,-1.1334383556344398,0.5691743475063245
CC(CO)(CO)C(=O)O,CCOC(C)=O,328.15,2,-1.3502300327137284,0.364372085453999,-1.6078800052133353,-1.0925800602141216,0.5152999449992137
CC1(C)[C@@H](O)CC[C@]2(C)[C@H]3C(=O)C=C4[C@@H]5C[C@@](C)(C(=O)O)CC[C@]5(C)CC[C@@]4(C)[C@]3(C)CC[C@@H]12,C1COCCO1,288.15,2,-0.4799486192519735,0.009938085061654953,-0.4869759065910785,-0.4729213319128686,0.014054574678209864
CC1(C)[C@@H](O)CC[C@]2(C)[C@H]3C(=O)C=C4[C@@H]5C[C@@](C)(C(=O)O)CC[C@]5(C)CC[C@@]4(C)[C@]3(C)CC[C@@H]12,C1COCCO1,293.15,2,-0.46556909263580937,0.006592342431870885,-0.4702305826732891,-0.4609076025983297,0.009322980074959408
CC1(C)[C@@H](O)CC[C@]2(C)[C@H]3C(=O)C=C4[C@@H]5C[C@@](C)(C(=O)O)CC[C@]5(C)CC[C@@]4(C)[C@]3(C)CC[C@@H]12,C1COCCO1,298.15,2,-0.4463683686525452,0.0011700949650991143,-0.447195750736999,-0.4455409865680914,0.0016547641689076409
CC1(C)[C@@H](O)CC[C@]2(C)[C@H]3C(=O)C=C4[C@@H]5C[C@@](C)(C(=O)O)CC[C@]5(C)CC[C@@]4(C)[C@]3(C)CC[C@@H]12,C1COCCO1,303.15,2,-0.42636864966805343,0.004946673936856278,-0.4298664763531233,-0.4228708229829836,0.006995653370139687
CC1(C)[C@@H](O)CC[C@]2(C)[C@H]3C(=O)C=C4[C@@H]5C[C@@](C)(C(=O)O)CC[C@]5(C)CC[C@@]4(C)[C@]3(C)CC[C@@H]12,C1COCCO1,308.15,2,-0.4109601658813994,0.0038534812322822396,-0.4136849885919212,-0.4082353431708775,0.005449645421043703
CC1(C)[C@@H](O)CC[C@]2(C)[C@H]3C(=O)C=C4[C@@H]5C[C@@](C)(C(=O)O)CC[C@]5(C)CC[C@@]4(C)[C@]3(C)CC[C@@H]12,C1COCCO1,313.15,2,-0.39887201527644156,0.0016924218860888637,-0.4000687382687235,-0.3976752922841596,0.0023934459845639244
CC1(C)[C@@H](O)CC[C@]2(C)[C@H]3C(=O)C=C4[C@@H]5C[C@@](C)(C(=O)O)CC[C@]5(C)CC[C@@]4(C)[C@]3(C)CC[C@@H]12,C1COCCO1,318.15,2,-0.3852038103280046,0.0010867889876037885,-0.3859722861908581,-0.3844353344651511,0.0015369517257070031
CC1(C)[C@@H](O)CC[C@]2(C)[C@H]3C(=O)C=C4[C@@H]5C[C@@](C)(C(=O)O)CC[C@]5(C)CC[C@@]4(C)[C@]3(C)CC[C@@H]12,C1COCCO1,323.15,2,-0.3694472667746389,0.005154938867882025,-0.3730923590047204,-0.3658021745445574,0.007290184460162996
CC1(C)[C@@H](O)CC[C@]2(C)[C@H]3C(=O)C=C4[C@@H]5C[C@@](C)(C(=O)O)CC[C@]5(C)CC[C@@]4(C)[C@]3(C)CC[C@@H]12,CC(C)O,278.15,2,-0.9264956256441204,0.01897259649493702,-0.9399112772824064,-0.9130799740058342,0.026831303276572238
CC1(C)[C@@H](O)CC[C@]2(C)[C@H]3C(=O)C=C4[C@@H]5C[C@@](C)(C(=O)O)CC[C@]5(C)CC[C@@]4(C)[C@]3(C)CC[C@@H]12,CC(C)O,283.15,2,-0.8884889995062364,0.014437605505217332,-0.8986979282630718,-0.8782800707494011,0.020417857513670756
CC1(C)[C@@H](O)CC[C@]2(C)[C@H]3C(=O)C=C4[C@@H]5C[C@@](C)(C(=O)O)CC[C@]5(C)CC[C@@]4(C)[C@]3(C)CC[C@@H]12,CC(C)O,293.15,2,-0.8067101228244777,0.009956514571700728,-0.8137504417951099,-0.7996698038538455,0.014080637941264462
CC1(C)[C@@H](O)CC[C@]2(C)[C@H]3C(=O)C=C4[C@@H]5C[C@@](C)(C(=O)O)CC[C@]5(C)CC[C@@]4(C)[C@]3(C)CC[C@@H]12,CC(C)O,298.15,2,-0.7785836870978364,0.01084358109730123,-0.7862512568240845,-0.7709161173715885,0.015335139452495983
CC1(C)[C@@H](O)CC[C@]2(C)[C@H]3C(=O)C=C4[C@@H]5C[C@@](C)(C(=O)O)CC[C@]5(C)CC[C@@]4(C)[C@]3(C)CC[C@@H]12,CC(C)O,303.15,2,-0.7492165283793906,0.013054867237523702,-0.7584477135305338,-0.7399853432282475,0.018462370302286257
CC1(C)[C@@H](O)CC[C@]2(C)[C@H]3C(=O)C=C4[C@@H]5C[C@@](C)(C(=O)O)CC[C@]5(C)CC[C@@]4(C)[C@]3(C)CC[C@@H]12,CC(C)O,308.15,2,-0.7219110254610434,0.014702159229496201,-0.7323070219503045,-0.7115150289717822,0.0207919929785223
CC1(C)[C@@H](O)CC[C@]2(C)[C@H]3C(=O)C=C4[C@@H]5C[C@@](C)(C(=O)O)CC[C@]5(C)CC[C@@]4(C)[C@]3(C)CC[C@@H]12,CC(C)O,313.15,2,-0.7005236311693182,0.01196524168156737,-0.7089843347008903,-0.6920629276377459,0.016921407063144378
CC1(C)[C@@H](O)CC[C@]2(C)[C@H]3C(=O)C=C4[C@@H]5C[C@@](C)(C(=O)O)CC[C@]5(C)CC[C@@]4(C)[C@]3(C)CC[C@@H]12,CC(C)O,318.15,2,-0.6787672853707774,0.007698429204277954,-0.6842108968656068,-0.6733236738759478,0.01088722298965894
CC1(C)[C@@H](O)CC[C@]2(C)[C@H]3C(=O)C=C4[C@@H]5C[C@@](C)(C(=O)O)CC[C@]5(C)CC[C@@]4(C)[C@]3(C)CC[C@@H]12,CC(C)O,323.15,2,-0.6562177829645163,0.00684345204150746,-0.6610568343097911,-0.6513787316192414,0.009678102690549695
CC1(C)[C@@H](O)CC[C@]2(C)[C@H]3C(=O)C=C4[C@@H]5C[C@@](C)(C(=O)O)CC[C@]5(C)CC[C@@]4(C)[C@]3(C)CC[C@@H]12,CCO,278.15,2,-0.7227088657639975,0.0062073706089371145,-0.727098139614915,-0.7183195919130799,0.00877854770183506
CC1(C)[C@@H](O)CC[C@]2(C)[C@H]3C(=O)C=C4[C@@H]5C[C@@](C)(C(=O)O)CC[C@]5(C)CC[C@@]4(C)[C@]3(C)CC[C@@H]12,CCO,283.15,2,-0.7018163047003552,0.007281916100221132,-0.706965396954853,-0.6966672124458574,0.010298184508995667
CC1(C)[C@@H](O)CC[C@]2(C)[C@H]3C(=O)C=C4[C@@H]5C[C@@](C)(C(=O)O)CC[C@]5(C)CC[C@@]4(C)[C@]3(C)CC[C@@H]12,CCO,293.15,2,-0.6477219172418296,0.00924142910307874,-0.6542565944284713,-0.6411872400551879,0.013069354373283382
CC1(C)[C@@H](O)CC[C@]2(C)[C@H]3C(=O)C=C4[C@@H]5C[C@@](C)(C(=O)O)CC[C@]5(C)CC[C@@]4(C)[C@]3(C)CC[C@@H]12,CCO,298.15,2,-0.6283474762052266,0.00942114430050009,-0.6350092312266471,-0.6216857211838059,0.013323510042841158
CC1(C)[C@@H](O)CC[C@]2(C)[C@H]3C(=O)C=C4[C@@H]5C[C@@](C)(C(=O)O)CC[C@]5(C)CC[C@@]4(C)[C@]3(C)CC[C@@H]12,CCO,303.15,2,-0.6129764093543992,0.004350085504007329,-0.6160523843130241,-0.6099004343957743,0.006151949917249766
CC1(C)[C@@H](O)CC[C@]2(C)[C@H]3C(=O)C=C4[C@@H]5C[C@@](C)(C(=O)O)CC[C@]5(C)CC[C@@]4(C)[C@]3(C)CC[C@@H]12,CCO,308.15,2,-0.5973332063910343,0.0018986732549975346,-0.5986757711249006,-0.595990641657168,0.002685129467732583
CC1(C)[C@@H](O)CC[C@]2(C)[C@H]3C(=O)C=C4[C@@H]5C[C@@](C)(C(=O)O)CC[C@]5(C)CC[C@@]4(C)[C@]3(C)CC[C@@H]12,CCO,313.15,2,-0.5828284332717928,0.0072120185136516305,-0.5879281004688388,-0.5777287660747469,0.01019933439409193
CC1(C)[C@@H](O)CC[C@]2(C)[C@H]3C(=O)C=C4[C@@H]5C[C@@](C)(C(=O)O)CC[C@]5(C)CC[C@@]4(C)[C@]3(C)CC[C@@H]12,CCO,318.15,2,-0.5658609012715052,0.010580697781404334,-0.5733425844224217,-0.5583792181205888,0.014963366301832925
CC1(C)[C@@H](O)CC[C@]2(C)[C@H]3C(=O)C=C4[C@@H]5C[C@@](C)(C(=O)O)CC[C@]5(C)CC[C@@]4(C)[C@]3(C)CC[C@@H]12,CCO,323.15,2,-0.5430035294892883,0.008216500435016212,-0.5488134726645105,-0.5371935863140662,0.011619886350444308
CC1(C)[C@@H](O)CC[C@]2(C)[C@H]3C(=O)C=C4[C@@H]5C[C@@](C)(C(=O)O)CC[C@]5(C)CC[C@@]4(C)[C@]3(C)CC[C@@H]12,CN(C)C=O,278.15,2,-0.19886482808422223,0.012956061290922648,-0.2080261468805022,-0.1897035092879423,0.018322637592559893
CC1(C)[C@@H](O)CC[C@]2(C)[C@H]3C(=O)C=C4[C@@H]5C[C@@](C)(C(=O)O)CC[C@]5(C)CC[C@@]4(C)[C@]3(C)CC[C@@H]12,CN(C)C=O,283.15,2,-0.18340033365558917,0.0029391577908952915,-0.1854786320605085,-0.1813220352506698,0.004156596809838681
CC1(C)[C@@H](O)CC[C@]2(C)[C@H]3C(=O)C=C4[C@@H]5C[C@@](C)(C(=O)O)CC[C@]5(C)CC[C@@]4(C)[C@]3(C)CC[C@@H]12,CN(C)C=O,288.15,2,-0.15184600892201155,0.0028224456276692575,-0.1538417793648668,-0.1498502384791563,0.003991540885710493
CC1(C)[C@@H](O)CC[C@]2(C)[C@H]3C(=O)C=C4[C@@H]5C[C@@](C)(C(=O)O)CC[C@]5(C)CC[C@@]4(C)[C@]3(C)CC[C@@H]12,CN(C)C=O,293.15,2,-0.12316650654625665,0.004094336986708182,-0.1260616399940209,-0.1202713730984924,0.005790266895528501
CC1(C)[C@@H](O)CC[C@]2(C)[C@H]3C(=O)C=C4[C@@H]5C[C@@](C)(C(=O)O)CC[C@]5(C)CC[C@@]4(C)[C@]3(C)CC[C@@H]12,CN(C)C=O,298.15,2,-0.10091130676370849,0.002154121923451972,-0.102434500983284,-0.099388112544133,0.0030463884391509904
CC1(C)[C@@H](O)CC[C@]2(C)[C@H]3C(=O)C=C4[C@@H]5C[C@@](C)(C(=O)O)CC[C@]5(C)CC[C@@]4(C)[C@]3(C)CC[C@@H]12,CN(C)C=O,303.15,2,-0.08123253349478415,0.00942740827112092,-0.0878987178123079,-0.0745663491772604,0.013332368635047498
CC1(C)[C@@H](O)CC[C@]2(C)[C@H]3C(=O)C=C4[C@@H]5C[C@@](C)(C(=O)O)CC[C@]5(C)CC[C@@]4(C)[C@]3(C)CC[C@@H]12,CN(C)C=O,308.15,2,-0.05211092759820235,0.0054761046664106305,-0.0559831183423086,-0.0482387368540961,0.007744381488212507
CC1(C)[C@@H](O)CC[C@]2(C)[C@H]3C(=O)C=C4[C@@H]5C[C@@](C)(C(=O)O)CC[C@]5(C)CC[C@@]4(C)[C@]3(C)CC[C@@H]12,CN(C)C=O,313.15,2,-0.029103660282308298,0.006688619139491825,-0.0338332282326171,-0.0243740923319995,0.009459135900617598
CC1(C)[C@@H](O)CC[C@]2(C)[C@H]3C(=O)C=C4[C@@H]5C[C@@](C)(C(=O)O)CC[C@]5(C)CC[C@@]4(C)[C@]3(C)CC[C@@H]12,CN(C)C=O,318.15,2,-0.00521365095108285,0.007896293453365165,-0.0107971735981963,0.0003698716960306,0.0111670452942269
CC1(C)[C@@H](O)CC[C@]2(C)[C@H]3C(=O)C=C4[C@@H]5C[C@@](C)(C(=O)O)CC[C@]5(C)CC[C@@]4(C)[C@]3(C)CC[C@@H]12,CN(C)C=O,323.15,2,0.021134613183626,0.005776422123476318,0.0170500659291199,0.0252191604381321,0.008169094509012202
CC1=NN(c2ccccc2)C(=O)C1,CC#N,283.15,2,-0.779886493809129,0.047812911178300777,-0.8136953275315755,-0.7460776600866824,0.06761766744489306
CC1=NN(c2ccccc2)C(=O)C1,CC#N,293.15,2,-0.5841561807561362,0.04252989521531632,-0.6142293580660397,-0.5540830034462327,0.060146354619806996
CC1=NN(c2ccccc2)C(=O)C1,CC#N,303.15,2,-0.40849649206968275,0.04246013759698637,-0.4385203432946257,-0.3784726408447398,0.06004770244988589
CC1=NN(c2ccccc2)C(=O)C1,CC#N,313.15,2,-0.24362218391976642,0.031309321609547164,-0.2657612175442277,-0.2214831502953051,0.04427806724892261
CC1=NN(c2ccccc2)C(=O)C1,CCCO,283.15,2,-0.5765537062471162,0.16071881758480655,-0.6901990720256167,-0.4629083404686158,0.2272907315570009
CC1=NN(c2ccccc2)C(=O)C1,CCCO,293.15,2,-0.41169714701101934,0.0742048974527482,-0.4641679331971099,-0.3592263608249287,0.10494157237218121
CC1=NN(c2ccccc2)C(=O)C1,CCCO,303.15,2,-0.2961355877312526,0.04234445483971965,-0.3260776388940659,-0.2661935365684393,0.059884102325626576
CC1=NN(c2ccccc2)C(=O)C1,CCCO,313.15,2,-0.17748790685614857,0.014418649649369123,-0.1876834317987705,-0.1672923819135266,0.0203910498852439
CC1=NN(c2ccccc2)C(=O)C1,CCO,283.15,2,-0.45300386107844115,0.07809241181973449,-0.5082235350353879,-0.3977841871214944,0.11043934791389348
CC1=NN(c2ccccc2)C(=O)C1,CCO,293.15,2,-0.3364949006486368,0.05443986657398546,-0.3749896994699928,-0.2980001018272808,0.07698959764271196
CC1=NN(c2ccccc2)C(=O)C1,CCO,303.15,2,-0.21330746675443168,0.017978890327783992,-0.226020462023417,-0.2005944714854464,0.025425990537970594
CC1=NN(c2ccccc2)C(=O)C1,CCO,313.15,2,-0.10147384348624705,0.008185825091248279,-0.1072620959178757,-0.0956855910546184,0.0115765048632573
CC1=NN(c2ccccc2)C(=O)C1,CCOC(C)=O,283.15,2,-0.7727780624151727,0.12557860472196783,-0.8615755453860211,-0.6839805794443242,0.17759496594169688
CC1=NN(c2ccccc2)C(=O)C1,CCOC(C)=O,293.15,2,-0.679071725081779,0.1441213356490467,-0.7809808988328825,-0.5771625513306756,0.20381834750220684
CC1=NN(c2ccccc2)C(=O)C1,CCOC(C)=O,303.15,2,-0.5824714068885828,0.1540880107475675,-0.6914280841877334,-0.4735147295894322,0.2179133545983012
CC1=NN(c2ccccc2)C(=O)C1,CCOC(C)=O,313.15,2,-0.4121671522567812,0.07190424374870101,-0.4630111306075781,-0.3613231739059843,0.1016879567015938
CC1=NN(c2ccccc2)C(=O)C1,CO,283.15,2,-0.35844665011690857,0.07519595351930913,-0.4116182187682005,-0.3052750814656166,0.10634313730258388
CC1=NN(c2ccccc2)C(=O)C1,CO,293.15,2,-0.21672481560910578,0.09148307929806213,-0.2814131213445922,-0.1520365098736194,0.12937661147097276
CC1=NN(c2ccccc2)C(=O)C1,CO,303.15,2,-0.07695352545027224,0.12178014883080829,-0.1630650945024438,0.0091580436018993,0.17222313810434312
CC1=NN(c2ccccc2)C(=O)C1,CO,313.15,2,0.05181521548630735,0.14836741174490475,-0.0530963874656114,0.1567268184382261,0.20982320590383752
CC1COC(Cn2cncn2)(c2ccc(Oc3ccc(Cl)cc3)cc2Cl)O1,CC#N,278.15,2,-1.058974871148454,0.009944836285910695,-1.0660069323240116,-1.0519428099728965,0.014064122351115094
CC1COC(Cn2cncn2)(c2ccc(Oc3ccc(Cl)cc3)cc2Cl)O1,CC#N,283.15,2,-1.0114541317126764,0.007139356997219667,-1.0165024194587222,-1.0064058439666308,0.01009657549209142
CC1COC(Cn2cncn2)(c2ccc(Oc3ccc(Cl)cc3)cc2Cl)O1,CC#N,288.15,2,-0.9605508373255167,0.004245732123608521,-0.963553023301222,-0.9575486513498116,0.006004371951410348
CC1COC(Cn2cncn2)(c2ccc(Oc3ccc(Cl)cc3)cc2Cl)O1,CC#N,293.15,2,-0.9090327800536708,0.004230740522461229,-0.912024365366544,-0.9060411947407978,0.005983170625746159
CC1COC(Cn2cncn2)(c2ccc(Oc3ccc(Cl)cc3)cc2Cl)O1,CC#N,298.15,2,-0.8618143818407102,0.002873459565005585,-0.863846224584591,-0.8597825390968294,0.0040636854877615924
CC1COC(Cn2cncn2)(c2ccc(Oc3ccc(Cl)cc3)cc2Cl)O1,CC#N,303.15,2,-0.8115750477147083,0.002850460501188929,-0.8135906276646034,-0.8095594677648132,0.004031159899790193
CC1COC(Cn2cncn2)(c2ccc(Oc3ccc(Cl)cc3)cc2Cl)O1,CC#N,308.15,2,-0.7688300247926322,0.002809464889421431,-0.7708166164674476,-0.7668434331178168,0.0039731833496308155
CC1COC(Cn2cncn2)(c2ccc(Oc3ccc(Cl)cc3)cc2Cl)O1,CC#N,313.15,2,-0.725754967489648,0.005587294678431109,-0.7297057814452541,-0.7218041535340418,0.007901627911212294
CC1COC(Cn2cncn2)(c2ccc(Oc3ccc(Cl)cc3)cc2Cl)O1,CC#N,318.15,2,-0.6851997122895515,0.005872630321979641,-0.689352289013625,-0.6810471355654779,0.008305153448147085
CC1COC(Cn2cncn2)(c2ccc(Oc3ccc(Cl)cc3)cc2Cl)O1,CC#N,323.15,2,-0.6428057903559328,0.00580706575858077,-0.6469120059326214,-0.6386995747792441,0.008212431153377331
CC1COC(Cn2cncn2)(c2ccc(Oc3ccc(Cl)cc3)cc2Cl)O1,CC(C)=O,278.15,2,-1.118604473784476,0.001304399928310188,-1.1195268238191636,-1.1176821237497887,0.0018447000693748716
CC1COC(Cn2cncn2)(c2ccc(Oc3ccc(Cl)cc3)cc2Cl)O1,CC(C)=O,283.15,2,-1.0705431892129584,0.002575505119964015,-1.0723643463482655,-1.0687220320776512,0.003642314270614344
CC1COC(Cn2cncn2)(c2ccc(Oc3ccc(Cl)cc3)cc2Cl)O1,CC(C)=O,288.15,2,-1.0185287492855788,0.001336768737302162,-1.0194739875246033,-1.017583511046554,0.0018904764780491856
CC1COC(Cn2cncn2)(c2ccc(Oc3ccc(Cl)cc3)cc2Cl)O1,CC(C)=O,293.15,2,-0.9696678849824925,0.0064504891966264705,-0.9742290696353976,-0.9651067003295872,0.00912236930581034
CC1COC(Cn2cncn2)(c2ccc(Oc3ccc(Cl)cc3)cc2Cl)O1,CC(C)=O,298.15,2,-0.9250997551851485,0.006468322081998472,-0.9296735495922284,-0.9205259607780688,0.009147588814159557
CC1COC(Cn2cncn2)(c2ccc(Oc3ccc(Cl)cc3)cc2Cl)O1,CC(C)=O,303.15,2,-0.8819408686789959,0.009088225978293282,-0.8883672148972028,-0.875514522460789,0.012852692436413848
CC1COC(Cn2cncn2)(c2ccc(Oc3ccc(Cl)cc3)cc2Cl)O1,CC(C)=O,308.15,2,-0.8397864737538672,0.01184651563910933,-0.8481632252957139,-0.8314097222120205,0.01675350308369339
CC1COC(Cn2cncn2)(c2ccc(Oc3ccc(Cl)cc3)cc2Cl)O1,CC(C)=O,313.15,2,-0.7957247315640776,0.012984865016958707,-0.8049064176703611,-0.7865430454577941,0.01836337221256701
CC1COC(Cn2cncn2)(c2ccc(Oc3ccc(Cl)cc3)cc2Cl)O1,CC(C)=O,318.15,2,-0.7566723655234315,0.01298309644028742,-0.7658528010571577,-0.7474919299897054,0.018360871067452322
CC1COC(Cn2cncn2)(c2ccc(Oc3ccc(Cl)cc3)cc2Cl)O1,CC(C)=O,323.15,2,-0.7119611072375553,0.009120696997280436,-0.7184104139334802,-0.7055118005416307,0.0128986133918495
CC1COC(Cn2cncn2)(c2ccc(Oc3ccc(Cl)cc3)cc2Cl)O1,CN(C)C=O,278.15,2,-1.271148306419175,0.007008044455194187,-1.2761037421762995,-1.2661928706620504,0.009910871514249076
CC1COC(Cn2cncn2)(c2ccc(Oc3ccc(Cl)cc3)cc2Cl)O1,CN(C)C=O,283.15,2,-1.218373283492468,0.0057114272886933945,-1.222411872458557,-1.214334694526379,0.008077177932177992
CC1COC(Cn2cncn2)(c2ccc(Oc3ccc(Cl)cc3)cc2Cl)O1,CN(C)C=O,288.15,2,-1.1778344732763186,0.007070617691478899,-1.182834154993141,-1.1728347915594963,0.009999363433644604
CC1COC(Cn2cncn2)(c2ccc(Oc3ccc(Cl)cc3)cc2Cl)O1,CN(C)C=O,293.15,2,-1.1257677884332478,0.0043092930395799735,-1.128814918763655,-1.1227206581028408,0.006094260660814088
CC1COC(Cn2cncn2)(c2ccc(Oc3ccc(Cl)cc3)cc2Cl)O1,CN(C)C=O,298.15,2,-1.077955385785372,0.004232702939344054,-1.0809483587365305,-1.0749624128342137,0.005985945902316825
CC1COC(Cn2cncn2)(c2ccc(Oc3ccc(Cl)cc3)cc2Cl)O1,CN(C)C=O,303.15,2,-1.0307059504117349,0.002835059156926542,-1.0327106399666626,-1.028701260856807,0.00400937910985566
CC1COC(Cn2cncn2)(c2ccc(Oc3ccc(Cl)cc3)cc2Cl)O1,CN(C)C=O,308.15,2,-0.9897185296983793,0.004323486463385232,-0.9927756962950072,-0.9866613631017512,0.006114333193255939
CC1COC(Cn2cncn2)(c2ccc(Oc3ccc(Cl)cc3)cc2Cl)O1,CN(C)C=O,313.15,2,-0.9498344580910298,0.005664490373191467,-0.9538398576458794,-0.9458290585361802,0.008010799109699263
CC1COC(Cn2cncn2)(c2ccc(Oc3ccc(Cl)cc3)cc2Cl)O1,CN(C)C=O,318.15,2,-0.9099757132320934,0.008530259998254066,-0.9160075179221432,-0.9039439085420437,0.012063609380099538
CC1COC(Cn2cncn2)(c2ccc(Oc3ccc(Cl)cc3)cc2Cl)O1,O,278.15,2,-4.133786608700824,0.006958597875125445,-4.138707080445876,-4.128866136955772,0.009840943490103449
CC1COC(Cn2cncn2)(c2ccc(Oc3ccc(Cl)cc3)cc2Cl)O1,O,283.15,2,-4.095448647553865,0.002335319371276747,-4.097099967717531,-4.093797327390199,0.0033026403273321847
CC1COC(Cn2cncn2)(c2ccc(Oc3ccc(Cl)cc3)cc2Cl)O1,O,288.15,2,-4.05519349533827,0.005801678740760204,-4.059295901718127,-4.051091088958413,0.008204812759714741
CC1COC(Cn2cncn2)(c2ccc(Oc3ccc(Cl)cc3)cc2Cl)O1,O,293.15,2,-4.014885745996455,0.005987096568108695,-4.019119262579384,-4.010652229413528,0.008467033165856286
CC1COC(Cn2cncn2)(c2ccc(Oc3ccc(Cl)cc3)cc2Cl)O1,O,298.15,2,-3.975720574431044,0.010607097628510507,-3.9832209250928714,-3.968220223769216,0.015000701323655274
CC1COC(Cn2cncn2)(c2ccc(Oc3ccc(Cl)cc3)cc2Cl)O1,O,303.15,2,-3.936381423134018,0.008209185775145936,-3.942186194063644,-3.930576652204392,0.01160954185925167
CC1COC(Cn2cncn2)(c2ccc(Oc3ccc(Cl)cc3)cc2Cl)O1,O,308.15,2,-3.898069808193396,0.009379668645938475,-3.904702235498222,-3.8914373808885703,0.013264854609651877
CC1COC(Cn2cncn2)(c2ccc(Oc3ccc(Cl)cc3)cc2Cl)O1,O,313.15,2,-3.8600732162035367,0.007107824829365728,-3.8650992073398673,-3.855047225067206,0.010051982272661242
CC1COC(Cn2cncn2)(c2ccc(Oc3ccc(Cl)cc3)cc2Cl)O1,O,318.15,2,-3.823395694596562,0.009328714821482802,-3.829992092106588,-3.816799297086536,0.013192795020052106
CC1COC(Cn2cncn2)(c2ccc(Oc3ccc(Cl)cc3)cc2Cl)O1,O,323.15,2,-3.780089505737937,0.0070039233678756896,-3.785042027446273,-3.7751369840296016,0.009905043416671422
CC1COc2c(N3CCN(C)CC3)c(F)cc3c(=O)c(C(=O)O)cn1c23,O,293.15,2,-2.081813566687247,0.026295278996857015,-2.1004071367791166,-2.063219996595377,0.037187140183739587
CC1COc2c(N3CCN(C)CC3)c(F)cc3c(=O)c(C(=O)O)cn1c23,O,298.15,2,-1.9882932755170148,0.1291331047630859,-2.0796041695706657,-1.896982381463364,0.18262178810730179
CC1COc2c(N3CCN(C)CC3)c(F)cc3c(=O)c(C(=O)O)cn1c23,O,303.15,2,-1.932107277182983,0.17452538413111635,-2.0555153597912823,-1.8086991945746835,0.24681616521659877
CC1COc2c(N3CCN(C)CC3)c(F)cc3c(=O)c(C(=O)O)cn1c23,O,308.15,2,-1.8899068254367914,0.19560908995721585,-2.028223339407268,-1.7515903114663147,0.27663302794095346
CC1COc2c(N3CCN(C)CC3)c(F)cc3c(=O)c(C(=O)O)cn1c23,O,313.15,2,-1.8480908631904276,0.20920515974412582,-1.996021250304714,-1.7001604760761413,0.2958607742285726
CCC(C)n1ncn(-c2ccc(N3CCN(c4ccc(OCC5COC(Cn6cncn6)(c6ccc(Cl)cc6Cl)O5)cc4)CC3)cc2)c1=O,CC(C)O,298.15,2,-3.6227132787182525,0.09472663963103851,-3.6896951279603742,-3.555731429476131,0.1339636984842434
CCC(C)n1ncn(-c2ccc(N3CCN(c4ccc(OCC5COC(Cn6cncn6)(c6ccc(Cl)cc6Cl)O5)cc4)CC3)cc2)c1=O,CCCCO,298.15,2,-3.603872311855329,0.0026821096749062175,-3.605768849794341,-3.6019757739163167,0.0037930758780242435
CCC(C)n1ncn(-c2ccc(N3CCN(c4ccc(OCC5COC(Cn6cncn6)(c6ccc(Cl)cc6Cl)O5)cc4)CC3)cc2)c1=O,CCCO,298.15,2,-3.56001987285826,0.005934463506774141,-3.564216172246604,-3.555823573469916,0.008392598776687965
CCC(C)n1ncn(-c2ccc(N3CCN(c4ccc(OCC5COC(Cn6cncn6)(c6ccc(Cl)cc6Cl)O5)cc4)CC3)cc2)c1=O,CCO,288.15,2,-3.7640319154545026,0.04164718805428873,-3.7934809245450416,-3.734582906363964,0.05889801818107765
CCC(C)n1ncn(-c2ccc(N3CCN(c4ccc(OCC5COC(Cn6cncn6)(c6ccc(Cl)cc6Cl)O5)cc4)CC3)cc2)c1=O,CCO,293.15,2,-3.6386876550761578,0.03959904826869191,-3.666688410635483,-3.610686899516832,0.05600151111865115
CCC(C)n1ncn(-c2ccc(N3CCN(c4ccc(OCC5COC(Cn6cncn6)(c6ccc(Cl)cc6Cl)O5)cc4)CC3)cc2)c1=O,CCO,298.15,3,-3.508917995821644,0.03363198084005337,-3.547663062422759,-3.487259637553572,0.06040342486918693
CCC(C)n1ncn(-c2ccc(N3CCN(c4ccc(OCC5COC(Cn6cncn6)(c6ccc(Cl)cc6Cl)O5)cc4)CC3)cc2)c1=O,CCO,303.15,2,-3.4099821414289284,0.03757452609271237,-3.436551343628956,-3.3834129392289003,0.053138404400055794
CCC(C)n1ncn(-c2ccc(N3CCN(c4ccc(OCC5COC(Cn6cncn6)(c6ccc(Cl)cc6Cl)O5)cc4)CC3)cc2)c1=O,CCO,308.15,2,-3.2964337501265346,0.036135167954922214,-3.321985172426775,-3.270882327826294,0.05110284460048087
CCC(C)n1ncn(-c2ccc(N3CCN(c4ccc(OCC5COC(Cn6cncn6)(c6ccc(Cl)cc6Cl)O5)cc4)CC3)cc2)c1=O,CO,288.15,2,-3.2537183758007924,0.028030742406522934,-3.273539103838138,-3.2338976477634467,0.039641456074691384
CCC(C)n1ncn(-c2ccc(N3CCN(c4ccc(OCC5COC(Cn6cncn6)(c6ccc(Cl)cc6Cl)O5)cc4)CC3)cc2)c1=O,CO,293.15,2,-3.1470256664195415,0.017334542147998133,-3.159283038721155,-3.134768294117928,0.024514744603227
CCC(C)n1ncn(-c2ccc(N3CCN(c4ccc(OCC5COC(Cn6cncn6)(c6ccc(Cl)cc6Cl)O5)cc4)CC3)cc2)c1=O,CO,298.15,3,-3.035242644661261,0.005589090955289437,-3.041662278637047,-3.031459100892399,0.010203177744648073
CCC(C)n1ncn(-c2ccc(N3CCN(c4ccc(OCC5COC(Cn6cncn6)(c6ccc(Cl)cc6Cl)O5)cc4)CC3)cc2)c1=O,CO,303.15,2,-2.9311333567808786,0.012082583308542406,-2.9396770333726003,-2.922589680189157,0.017087353183443454
CCC(C)n1ncn(-c2ccc(N3CCN(c4ccc(OCC5COC(Cn6cncn6)(c6ccc(Cl)cc6Cl)O5)cc4)CC3)cc2)c1=O,CO,308.15,2,-2.8353507532483624,0.014983999967527006,-2.8459460412346997,-2.824755465262025,0.021190575972674708
CCC(C)n1ncn(-c2ccc(N3CCN(c4ccc(OCC5COC(Cn6cncn6)(c6ccc(Cl)cc6Cl)O5)cc4)CC3)cc2)c1=O,CS(C)=O,298.15,2,-1.9350991210641086,0.46056765781514103,-2.2607696351004,-1.609428607027817,0.6513410280725831
CCC(C)n1ncn(-c2ccc(N3CCN(c4ccc(OCC5COC(Cn6cncn6)(c6ccc(Cl)cc6Cl)O5)cc4)CC3)cc2)c1=O,ClC(Cl)Cl,298.15,2,-0.1825791679849357,0.0006422533845525097,-0.1830333097083928,-0.1821250262614786,0.0009082834469141821
CCC(C)n1ncn(-c2ccc(N3CCN(c4ccc(OCC5COC(Cn6cncn6)(c6ccc(Cl)cc6Cl)O5)cc4)CC3)cc2)c1=O,ClCCl,298.15,2,-0.2813433648682949,0.0009723056743502682,-0.2820308888040141,-0.2806558409325757,0.0013750478714384395
CCC(C)n1ncn(-c2ccc(N3CCN(c4ccc(OCC5COC(Cn6cncn6)(c6ccc(Cl)cc6Cl)O5)cc4)CC3)cc2)c1=O,O,298.15,2,-5.4685284078262475,0.8445930292553784,-6.065745866155614,-4.871310949496881,1.1944349166587322
CCCCC(=O)N(Cc1ccc(-c2ccccc2-c2nn[nH]n2)cc1)[C@H](C(=O)O)C(C)C,CC#N,278.15,2,-1.4972096282812761,0.5455318802160894,-1.8829589201355204,-1.111460336427032,0.7714985837084885
CCCCC(=O)N(Cc1ccc(-c2ccccc2-c2nn[nH]n2)cc1)[C@H](C(=O)O)C(C)C,CC#N,283.15,2,-1.3736627176168992,0.5602305103223661,-1.7698055104934445,-0.977519924740354,0.7922855857530905
CCCCC(=O)N(Cc1ccc(-c2ccccc2-c2nn[nH]n2)cc1)[C@H](C(=O)O)C(C)C,CC#N,288.15,2,-1.2311743394185561,0.5650493023938121,-1.6307245328459488,-0.8316241459911635,0.7991003868547852
CCCCC(=O)N(Cc1ccc(-c2ccccc2-c2nn[nH]n2)cc1)[C@H](C(=O)O)C(C)C,CC#N,293.15,2,-1.0784455157232877,0.5568653578694938,-1.4722087864806803,-0.6846822449658951,0.7875265415147852
CCCCC(=O)N(Cc1ccc(-c2ccccc2-c2nn[nH]n2)cc1)[C@H](C(=O)O)C(C)C,CC#N,298.15,2,-0.9390856939984783,0.5448609467995772,-1.324360564284182,-0.5538108237127746,0.7705497405714075
CCCCC(=O)N(Cc1ccc(-c2ccccc2-c2nn[nH]n2)cc1)[C@H](C(=O)O)C(C)C,CC#N,303.15,2,-0.8076771789182062,0.5440344149835886,-1.192367602951958,-0.4229867548844545,0.7693808480675036
CCCCC(=O)N(Cc1ccc(-c2ccccc2-c2nn[nH]n2)cc1)[C@H](C(=O)O)C(C)C,CC#N,308.15,2,-0.6651408535240452,0.5209091659381506,-1.03347925714114,-0.2968024499069503,0.7366768072341896
CCCCC(=O)N(Cc1ccc(-c2ccccc2-c2nn[nH]n2)cc1)[C@H](C(=O)O)C(C)C,CC#N,313.15,2,-0.5207988031383788,0.49006124597162765,-0.8673244333616454,-0.1742731729151122,0.6930512604465332
CCCCC(=O)N(Cc1ccc(-c2ccccc2-c2nn[nH]n2)cc1)[C@H](C(=O)O)C(C)C,CCOC(C)=O,278.15,2,-1.7373603408290768,0.21100774065266234,-1.8865653451274265,-1.5881553365307268,0.29841000859669964
CCCCC(=O)N(Cc1ccc(-c2ccccc2-c2nn[nH]n2)cc1)[C@H](C(=O)O)C(C)C,CCOC(C)=O,283.15,2,-1.6104166741550225,0.2135587343464807,-1.7614255033930355,-1.4594078449170096,0.3020176584760259
CCCCC(=O)N(Cc1ccc(-c2ccccc2-c2nn[nH]n2)cc1)[C@H](C(=O)O)C(C)C,CCOC(C)=O,288.15,2,-1.503475041490024,0.23215688565507406,-1.6676347496358768,-1.3393153333441712,0.3283194162917056
CCCCC(=O)N(Cc1ccc(-c2ccccc2-c2nn[nH]n2)cc1)[C@H](C(=O)O)C(C)C,CCOC(C)=O,293.15,2,-1.3850987238620305,0.24382517263210687,-1.5575091568541737,-1.212688290869887,0.34482086598428663
CCCCC(=O)N(Cc1ccc(-c2ccccc2-c2nn[nH]n2)cc1)[C@H](C(=O)O)C(C)C,CCOC(C)=O,298.15,2,-1.25815345214543,0.245306533126825,-1.4316113651887703,-1.0846955391020896,0.3469158260866807
CCCCC(=O)N(Cc1ccc(-c2ccccc2-c2nn[nH]n2)cc1)[C@H](C(=O)O)C(C)C,CCOC(C)=O,303.15,2,-1.1393059965930108,0.256008355258759,-1.320331240636894,-0.9582807525491276,0.3620504880877665
CCCCC(=O)N(Cc1ccc(-c2ccccc2-c2nn[nH]n2)cc1)[C@H](C(=O)O)C(C)C,CCOC(C)=O,308.15,2,-1.0216779747171645,0.2529686389649596,-1.2005538147568189,-0.8428021346775101,0.3577516800793088
CCCCC(=O)N(Cc1ccc(-c2ccccc2-c2nn[nH]n2)cc1)[C@H](C(=O)O)C(C)C,CCOC(C)=O,313.15,2,-0.9101352387919586,0.2575843835718443,-1.0922749031433665,-0.7279955744405507,0.36427932870281576
CCCCC(=O)N(Cc1ccc(-c2ccccc2-c2nn[nH]n2)cc1)[C@H](C(=O)O)C(C)C,COC(C)=O,278.15,2,-1.5502095330181116,0.21044655170917861,-1.699017716808997,-1.401401349227226,0.2976163675817711
CCCCC(=O)N(Cc1ccc(-c2ccccc2-c2nn[nH]n2)cc1)[C@H](C(=O)O)C(C)C,COC(C)=O,283.15,2,-1.3905979931255565,0.2099797242710284,-1.5390760800692822,-1.2421199061818309,0.2969561738874513
CCCCC(=O)N(Cc1ccc(-c2ccccc2-c2nn[nH]n2)cc1)[C@H](C(=O)O)C(C)C,COC(C)=O,288.15,2,-1.2758557890857805,0.236641931217583,-1.443186903362814,-1.108524674808747,0.334662228554067
CCCCC(=O)N(Cc1ccc(-c2ccccc2-c2nn[nH]n2)cc1)[C@H](C(=O)O)C(C)C,COC(C)=O,293.15,2,-1.142723595811106,0.2544021504281784,-1.322613081527311,-0.9628341100949008,0.3597789714324101
CCCCC(=O)N(Cc1ccc(-c2ccccc2-c2nn[nH]n2)cc1)[C@H](C(=O)O)C(C)C,COC(C)=O,298.15,2,-1.018868048920317,0.27683443232992705,-1.2146195532867368,-0.8231165445538972,0.3915030087328396
CCCCC(=O)N(Cc1ccc(-c2ccccc2-c2nn[nH]n2)cc1)[C@H](C(=O)O)C(C)C,COC(C)=O,303.15,2,-0.8959334401013792,0.2796992908640655,-1.0937107053644284,-0.6981561748383299,0.39555453052609846
CCCCC(=O)N(Cc1ccc(-c2ccccc2-c2nn[nH]n2)cc1)[C@H](C(=O)O)C(C)C,COC(C)=O,308.15,2,-0.7613278006190953,0.2819784799231558,-0.9607166959214336,-0.5619389053167572,0.39877779060467644
CCCCC(=O)N(Cc1ccc(-c2ccccc2-c2nn[nH]n2)cc1)[C@H](C(=O)O)C(C)C,COC(C)=O,313.15,2,-0.6173288325319991,0.2549391285157481,-0.7975980190952733,-0.4370596459687249,0.3605383731265484
CCCCN(CCCC)CC(O)c1cc(Cl)cc2c1-c1ccc(Cl)cc1/C2=C/c1ccc(Cl)cc1,CCCCCOC(C)=O,278.15,2,-1.4848594233752193,0.0010404449840492615,-1.485595129078892,-1.4841237176715465,0.0014714114073455242
CCCCN(CCCC)CC(O)c1cc(Cl)cc2c1-c1ccc(Cl)cc1/C2=C/c1ccc(Cl)cc1,CCCCCOC(C)=O,283.15,2,-1.347356373677838,0.0010388877771855957,-1.348090978269978,-1.3466217690856983,0.0014692091842796184
CCCCN(CCCC)CC(O)c1cc(Cl)cc2c1-c1ccc(Cl)cc1/C2=C/c1ccc(Cl)cc1,CCCCCOC(C)=O,288.15,2,-1.2365332508024687,0.0010236153899110354,-1.2372570561860017,-1.2358094454189357,0.0014476107670660099
CCCCN(CCCC)CC(O)c1cc(Cl)cc2c1-c1ccc(Cl)cc1/C2=C/c1ccc(Cl)cc1,CCCCCOC(C)=O,293.15,2,-1.1259489193514,0.0011311556411644653,-1.1267487671758447,-1.1251490715269552,0.0015996956488895098
CCCCN(CCCC)CC(O)c1cc(Cl)cc2c1-c1ccc(Cl)cc1/C2=C/c1ccc(Cl)cc1,CCCCCOC(C)=O,298.15,2,-1.0323072910481272,0.0011383935301533168,-1.0331122568329574,-1.0315023252632969,0.0016099315696604943
CCCCN(CCCC)CC(O)c1cc(Cl)cc2c1-c1ccc(Cl)cc1/C2=C/c1ccc(Cl)cc1,CCCCCOC(C)=O,303.15,2,-0.9438271832776137,0.0011148484927607592,-0.9446155002068404,-0.943038866348387,0.0015766338584534134
CCCCN(CCCC)CC(O)c1cc(Cl)cc2c1-c1ccc(Cl)cc1/C2=C/c1ccc(Cl)cc1,CCCCCOC(C)=O,308.15,2,-0.8458283669499214,0.0010395461824293996,-0.8465634371048737,-0.8450932967949689,0.0014701403099047772
CCCCN(CCCC)CC(O)c1cc(Cl)cc2c1-c1ccc(Cl)cc1/C2=C/c1ccc(Cl)cc1,CCCCCOC(C)=O,313.15,2,-0.769136570753354,0.0009981711842814813,-0.7698423843665444,-0.7684307571401635,0.001411627226380885
CCCCN(CCCC)CC(O)c1cc(Cl)cc2c1-c1ccc(Cl)cc1/C2=C/c1ccc(Cl)cc1,CCCCCOC(C)=O,318.15,2,-0.6566966511495402,0.001068745716555451,-0.6574523684930808,-0.6559409338059998,0.0015114346870809259
CCCCN(CCCC)CC(O)c1cc(Cl)cc2c1-c1ccc(Cl)cc1/C2=C/c1ccc(Cl)cc1,CCCCCOC(C)=O,323.15,2,-0.5608316599438158,0.0010231037971652807,-0.5615551035766491,-0.5601082163109825,0.0014468872656665521
CCCCN(CCCC)CC(O)c1cc(Cl)cc2c1-c1ccc(Cl)cc1/C2=C/c1ccc(Cl)cc1,CCCCOC(C)=O,278.15,2,-1.4840182792192977,0.001090655338758031,-1.4847894890052709,-1.4832470694333246,0.0015424195719462297
CCCCN(CCCC)CC(O)c1cc(Cl)cc2c1-c1ccc(Cl)cc1/C2=C/c1ccc(Cl)cc1,CCCCOC(C)=O,283.15,2,-1.3875874036216944,0.000986836941151315,-1.388285202714708,-1.386889604528681,0.0013955981860269695
CCCCN(CCCC)CC(O)c1cc(Cl)cc2c1-c1ccc(Cl)cc1/C2=C/c1ccc(Cl)cc1,CCCCOC(C)=O,288.15,2,-1.2872285753363855,0.0010570011299316018,-1.287975988003082,-1.286481162669689,0.0014948253333930683
CCCCN(CCCC)CC(O)c1cc(Cl)cc2c1-c1ccc(Cl)cc1/C2=C/c1ccc(Cl)cc1,CCCCOC(C)=O,293.15,2,-1.1792978143016093,0.0010386027823398433,-1.1800322173719608,-1.1785634112312575,0.001468806140703327
CCCCN(CCCC)CC(O)c1cc(Cl)cc2c1-c1ccc(Cl)cc1/C2=C/c1ccc(Cl)cc1,CCCCOC(C)=O,298.15,2,-1.0854133255506706,0.0011519089391640216,-1.0862278481728629,-1.0845988029284783,0.0016290452443845638
CCCCN(CCCC)CC(O)c1cc(Cl)cc2c1-c1ccc(Cl)cc1/C2=C/c1ccc(Cl)cc1,CCCCOC(C)=O,303.15,2,-0.9808478976070842,0.0009058158015427303,-0.981488406102861,-0.9802073891113074,0.0012810169915535852
CCCCN(CCCC)CC(O)c1cc(Cl)cc2c1-c1ccc(Cl)cc1/C2=C/c1ccc(Cl)cc1,CCCCOC(C)=O,308.15,2,-0.874780057478652,0.0010668538088716934,-0.8755344370414397,-0.874025677915864,0.0015087591255756871
CCCCN(CCCC)CC(O)c1cc(Cl)cc2c1-c1ccc(Cl)cc1/C2=C/c1ccc(Cl)cc1,CCCCOC(C)=O,313.15,2,-0.7714694562463464,0.0009853076583104699,-0.7721661739730927,-0.7707727385196,0.0013934354534926863
CCCCN(CCCC)CC(O)c1cc(Cl)cc2c1-c1ccc(Cl)cc1/C2=C/c1ccc(Cl)cc1,CCCCOC(C)=O,318.15,2,-0.6630244190284493,0.0009949969185498245,-0.6637279880968155,-0.662320849960083,0.0014071381367325442
CCCCN(CCCC)CC(O)c1cc(Cl)cc2c1-c1ccc(Cl)cc1/C2=C/c1ccc(Cl)cc1,CCCCOC(C)=O,323.15,2,-0.5632710036940833,0.0010638616722832973,-0.5640232674967993,-0.5625187398913674,0.00150452760543196
CCCCN(CCCC)CC(O)c1cc(Cl)cc2c1-c1ccc(Cl)cc1/C2=C/c1ccc(Cl)cc1,CCCOC(C)=O,278.15,2,-1.6025512626709415,0.0009865180240775594,-1.6032488362555295,-1.6018536890863535,0.001395147169175992
CCCCN(CCCC)CC(O)c1cc(Cl)cc2c1-c1ccc(Cl)cc1/C2=C/c1ccc(Cl)cc1,CCCOC(C)=O,283.15,2,-1.4909334529338232,0.0010970137284606442,-1.4917091587802724,-1.490157747087374,0.0015514116928985189
CCCCN(CCCC)CC(O)c1cc(Cl)cc2c1-c1ccc(Cl)cc1/C2=C/c1ccc(Cl)cc1,CCCOC(C)=O,288.15,2,-1.3695374433944338,0.0010169839237703703,-1.3702565596232894,-1.368818327165578,0.0014382324577113526
CCCCN(CCCC)CC(O)c1cc(Cl)cc2c1-c1ccc(Cl)cc1/C2=C/c1ccc(Cl)cc1,CCCOC(C)=O,293.15,2,-1.2418904897349181,0.001039203194169676,-1.2426253173605464,-1.24115566210929,0.0014696552512563077
CCCCN(CCCC)CC(O)c1cc(Cl)cc2c1-c1ccc(Cl)cc1/C2=C/c1ccc(Cl)cc1,CCCOC(C)=O,298.15,2,-1.1357742871581689,0.0010331679780569206,-1.1365048472415575,-1.13504372707478,0.0014611201667775742
CCCCN(CCCC)CC(O)c1cc(Cl)cc2c1-c1ccc(Cl)cc1/C2=C/c1ccc(Cl)cc1,CCCOC(C)=O,303.15,2,-1.0235535260299424,0.0011383327332502753,-1.0243584488248705,-1.0227486032350146,0.001609845589855885
CCCCN(CCCC)CC(O)c1cc(Cl)cc2c1-c1ccc(Cl)cc1/C2=C/c1ccc(Cl)cc1,CCCOC(C)=O,308.15,2,-0.9191471448928388,0.0008949076360163469,-0.9197799401508016,-0.918514349634876,0.0012655905159255632
CCCCN(CCCC)CC(O)c1cc(Cl)cc2c1-c1ccc(Cl)cc1/C2=C/c1ccc(Cl)cc1,CCCOC(C)=O,313.15,2,-0.8088840219364526,0.0010429749686962319,-0.8096215166094256,-0.8081465272634797,0.0014749893459459207
CCCCN(CCCC)CC(O)c1cc(Cl)cc2c1-c1ccc(Cl)cc1/C2=C/c1ccc(Cl)cc1,CCCOC(C)=O,318.15,2,-0.7008137509323429,0.001088673458301094,-0.7015835593172054,-0.7000439425474804,0.0015396167697250274
CCCCN(CCCC)CC(O)c1cc(Cl)cc2c1-c1ccc(Cl)cc1/C2=C/c1ccc(Cl)cc1,CCCOC(C)=O,323.15,2,-0.5804114647419696,0.0010401888262551134,-0.581146989314729,-0.5796759401692101,0.0014710491455188768
CCCCN(CCCC)CC(O)c1cc(Cl)cc2c1-c1ccc(Cl)cc1/C2=C/c1ccc(Cl)cc1,CCOC(C)=O,278.15,2,-1.7307332056429137,0.0010369903262837398,-1.731466468534654,-1.7299999427511736,0.001466525783480277
CCCCN(CCCC)CC(O)c1cc(Cl)cc2c1-c1ccc(Cl)cc1/C2=C/c1ccc(Cl)cc1,CCOC(C)=O,283.15,2,-1.6156787898702967,0.0010555027739399766,-1.6164251430393108,-1.6149324367012825,0.0014927063380283379
CCCCN(CCCC)CC(O)c1cc(Cl)cc2c1-c1ccc(Cl)cc1/C2=C/c1ccc(Cl)cc1,CCOC(C)=O,288.15,2,-1.4865173598598846,0.001072213824109521,-1.4872755295257944,-1.4857591901939748,0.001516339331819605
CCCCN(CCCC)CC(O)c1cc(Cl)cc2c1-c1ccc(Cl)cc1/C2=C/c1ccc(Cl)cc1,CCOC(C)=O,293.15,2,-1.3758035976520795,0.0009773615142540377,-1.3764946966064793,-1.3751124986976797,0.001382197908799565
CCCCN(CCCC)CC(O)c1cc(Cl)cc2c1-c1ccc(Cl)cc1/C2=C/c1ccc(Cl)cc1,CCOC(C)=O,298.15,2,-1.2597651898027218,0.0010316707405164975,-1.260494691179293,-1.2590356884261509,0.0014590027531420358
CCCCN(CCCC)CC(O)c1cc(Cl)cc2c1-c1ccc(Cl)cc1/C2=C/c1ccc(Cl)cc1,CCOC(C)=O,303.15,2,-1.1536468608381913,0.001028608539181779,-1.1543741969114332,-1.1529195247649495,0.0014546721464836487
CCCCN(CCCC)CC(O)c1cc(Cl)cc2c1-c1ccc(Cl)cc1/C2=C/c1ccc(Cl)cc1,CCOC(C)=O,308.15,2,-1.0404896386777494,0.0010311228703310422,-1.0412187526515968,-1.0397605247039017,0.0014582279476951232
CCCCN(CCCC)CC(O)c1cc(Cl)cc2c1-c1ccc(Cl)cc1/C2=C/c1ccc(Cl)cc1,CCOC(C)=O,313.15,2,-0.9337925044615316,0.0010731974887360424,-0.9345513696833692,-0.933033639239694,0.0015177304436752026
CCCCN(CCCC)CC(O)c1cc(Cl)cc2c1-c1ccc(Cl)cc1/C2=C/c1ccc(Cl)cc1,CCOC(C)=O,318.15,2,-0.819387010085983,0.0010307734186065648,-0.8201158769601467,-0.8186581432118195,0.001457733748327139
CCCCN(CCCC)CC(O)c1cc(Cl)cc2c1-c1ccc(Cl)cc1/C2=C/c1ccc(Cl)cc1,CCOC(C)=O,323.15,2,-0.6963876343874522,0.0009345875887343358,-0.6970484876090591,-0.6957267811658454,0.0013217064432137215
CCCCN(CCCC)CC(O)c1cc(Cl)cc2c1-c1ccc(Cl)cc1/C2=C/c1ccc(Cl)cc1,CO,278.15,2,-3.4717280797199934,0.0009146594922125633,-3.4723748416494136,-3.4710813177905733,0.0012935238588402953
CCCCN(CCCC)CC(O)c1cc(Cl)cc2c1-c1ccc(Cl)cc1/C2=C/c1ccc(Cl)cc1,CO,283.15,2,-3.371462541475586,0.001082602061186543,-3.3722280567343774,-3.3706970262167943,0.0015310305175830763
CCCCN(CCCC)CC(O)c1cc(Cl)cc2c1-c1ccc(Cl)cc1/C2=C/c1ccc(Cl)cc1,CO,288.15,2,-3.2487493925759265,0.0010818137031541125,-3.249514350381407,-3.2479844347704456,0.0015299156109613854
CCCCN(CCCC)CC(O)c1cc(Cl)cc2c1-c1ccc(Cl)cc1/C2=C/c1ccc(Cl)cc1,CO,293.15,2,-3.1259391330522517,0.0010132040910675916,-3.1266555765357715,-3.125222689568732,0.0014328869670396926
CCCCN(CCCC)CC(O)c1cc(Cl)cc2c1-c1ccc(Cl)cc1/C2=C/c1ccc(Cl)cc1,CO,298.15,2,-3.0283765702009022,0.0009654845636588163,-3.0290592708829966,-3.0276938695188083,0.00136540136418839
CCCCN(CCCC)CC(O)c1cc(Cl)cc2c1-c1ccc(Cl)cc1/C2=C/c1ccc(Cl)cc1,CO,303.15,2,-2.916996961160483,0.001052058021852685,-2.9177408785219363,-2.916253043799029,0.0014878347229072553
CCCCN(CCCC)CC(O)c1cc(Cl)cc2c1-c1ccc(Cl)cc1/C2=C/c1ccc(Cl)cc1,CO,308.15,2,-2.816637022747333,0.0010252532743898187,-2.8173619862900874,-2.815912059204578,0.0014499270855092838
CCCCN(CCCC)CC(O)c1cc(Cl)cc2c1-c1ccc(Cl)cc1/C2=C/c1ccc(Cl)cc1,CO,313.15,2,-2.704900033508008,0.0010504891730951688,-2.7056428415258664,-2.704157225490149,0.0014856160357172854
CCCCN(CCCC)CC(O)c1cc(Cl)cc2c1-c1ccc(Cl)cc1/C2=C/c1ccc(Cl)cc1,CO,318.15,2,-2.5982301591084633,0.0011666677406120436,-2.5990551177792414,-2.597405200437685,0.001649917341556506
CCCCN(CCCC)CC(O)c1cc(Cl)cc2c1-c1ccc(Cl)cc1/C2=C/c1ccc(Cl)cc1,CO,323.15,2,-2.490475924986776,0.0009046671695137962,-2.4911156212770558,-2.489836228696496,0.0012793925805598683
CCCOC(=O)c1ccc(O)cc1,CC(C)O,288.15,2,0.3788506698791396,0.13319694644311392,0.2846662058158724,0.4730351339424068,0.18836892812653444
CCCOC(=O)c1ccc(O)cc1,CC(C)O,298.15,2,0.49816987849456806,0.08038171221496114,0.4413314247039835,0.5550083322851527,0.11367690758116916
CCCOC(=O)c1ccc(O)cc1,CC(C)O,308.15,2,0.654761937738384,0.03799855295268837,0.6278929032702619,0.681630972206506,0.05373806893624411
CCCOC(=O)c1ccc(O)cc1,CC(C)O,318.15,2,0.7817329548657614,0.049349509412470564,0.7468375821119742,0.8166283276195487,0.06979074550757458
CCCOC(=O)c1ccc(O)cc1,CCCO,288.15,2,0.3123889948587001,0.10614276591340824,0.2373347253074328,0.3874432644099674,0.1501085391025346
CCCOC(=O)c1ccc(O)cc1,CCCO,298.15,2,0.466684499828789,0.05212276534027744,0.4298281390024837,0.5035408606550943,0.07371272165261061
CCCOC(=O)c1ccc(O)cc1,CCCO,308.15,2,0.6493828003570372,0.07607468383345051,0.5955898755417818,0.7031757251722928,0.10758584963051099
CCCOC(=O)c1ccc(O)cc1,CCCO,318.15,2,0.7976711185325724,0.02113893505543889,0.7827236342078097,0.8126186028573353,0.029894968649525677
CCCOC(=O)c1ccc(O)cc1,CCO,288.15,2,0.42176868069149476,0.10664525607979247,0.3463590969360976,0.4971782644468919,0.15081916751079427
CCCOC(=O)c1ccc(O)cc1,CCO,298.15,2,0.5776704800124168,0.06385213686151663,0.5325202010443869,0.6228207589804468,0.09030055793605984
CCCOC(=O)c1ccc(O)cc1,CCO,308.15,2,0.7693908990114364,0.08026860516564689,0.712632423982422,0.826149374040451,0.11351695005802898
CCCOC(=O)c1ccc(O)cc1,CCO,318.15,2,0.9396811083699204,0.051388690666217596,0.90334381672354,0.9760184000163006,0.07267458329276055
CCCSc1nc(N[C@@H]2C[C@H]2c2ccc(F)c(F)c2)c2nnn([C@@H]3C[C@H](OCCO)[C@@H](O)[C@H]3O)c2n1,CC(C)O,273.15,2,-1.7392114000073233,0.37525538913944073,-2.0045570303446185,-1.473865769670028,0.5306912606745906
CCCSc1nc(N[C@@H]2C[C@H]2c2ccc(F)c(F)c2)c2nnn([C@@H]3C[C@H](OCCO)[C@@H](O)[C@H]3O)c2n1,CC(C)O,278.15,2,-1.6427696518116794,0.3177223720284508,-1.867433295607672,-1.4181060080156869,0.44932728759198515
CCCSc1nc(N[C@@H]2C[C@H]2c2ccc(F)c(F)c2)c2nnn([C@@H]3C[C@H](OCCO)[C@@H](O)[C@H]3O)c2n1,CC(C)O,283.15,2,-1.551361871215254,0.2631440885695019,-1.7374328406719022,-1.3652909017586057,0.3721419389132965
CCCSc1nc(N[C@@H]2C[C@H]2c2ccc(F)c(F)c2)c2nnn([C@@H]3C[C@H](OCCO)[C@@H](O)[C@H]3O)c2n1,CC(C)O,288.15,2,-1.4356197887702868,0.16537326744265096,-1.5525563476059618,-1.3186832299346118,0.23387311767135
CCCSc1nc(N[C@@H]2C[C@H]2c2ccc(F)c(F)c2)c2nnn([C@@H]3C[C@H](OCCO)[C@@H](O)[C@H]3O)c2n1,CC(C)O,293.15,2,-1.3375576760099628,0.08835207574179481,-1.4000320278988934,-1.2750833241210322,0.12494870377786116
CCCSc1nc(N[C@@H]2C[C@H]2c2ccc(F)c(F)c2)c2nnn([C@@H]3C[C@H](OCCO)[C@@H](O)[C@H]3O)c2n1,CC(C)O,298.15,2,-1.2505296022924028,0.0218574948272328,-1.265985185104489,-1.2350740194803165,0.03091116562417251
CCCSc1nc(N[C@@H]2C[C@H]2c2ccc(F)c(F)c2)c2nnn([C@@H]3C[C@H](OCCO)[C@@H](O)[C@H]3O)c2n1,CC(C)O,303.15,2,-1.1598660244700354,0.043628338228747364,-1.1907159182834828,-1.1290161306565878,0.061699787626894986
CCCSc1nc(N[C@@H]2C[C@H]2c2ccc(F)c(F)c2)c2nnn([C@@H]3C[C@H](OCCO)[C@@H](O)[C@H]3O)c2n1,CC(C)O,308.15,2,-1.0713002026578466,0.11157788599159855,-1.1501976824729654,-0.9924027228427278,0.1577949596302376
CCCSc1nc(N[C@@H]2C[C@H]2c2ccc(F)c(F)c2)c2nnn([C@@H]3C[C@H](OCCO)[C@@H](O)[C@H]3O)c2n1,CC(C)O,313.15,2,-0.9754708576744184,0.1948033201916392,-1.113217606379581,-0.8377241089692561,0.2754934974103248
CCCSc1nc(N[C@@H]2C[C@H]2c2ccc(F)c(F)c2)c2nnn([C@@H]3C[C@H](OCCO)[C@@H](O)[C@H]3O)c2n1,CCCCO,273.15,2,-1.7103413153969158,0.30984194437285695,-1.929432655358988,-1.4912499754348436,0.4381826799241444
CCCSc1nc(N[C@@H]2C[C@H]2c2ccc(F)c(F)c2)c2nnn([C@@H]3C[C@H](OCCO)[C@@H](O)[C@H]3O)c2n1,CCCCO,278.15,2,-1.5800628295869266,0.2625092748901655,-1.765684917986126,-1.3944407411877269,0.37124417679839916
CCCSc1nc(N[C@@H]2C[C@H]2c2ccc(F)c(F)c2)c2nnn([C@@H]3C[C@H](OCCO)[C@@H](O)[C@H]3O)c2n1,CCCCO,283.15,2,-1.4686823458759393,0.23529549671293837,-1.635061387184315,-1.3023033045675634,0.33275808261675155
CCCSc1nc(N[C@@H]2C[C@H]2c2ccc(F)c(F)c2)c2nnn([C@@H]3C[C@H](OCCO)[C@@H](O)[C@H]3O)c2n1,CCCCO,288.15,2,-1.3686150656146951,0.20545373590874144,-1.5138927954958763,-1.223337335733514,0.2905554597623623
CCCSc1nc(N[C@@H]2C[C@H]2c2ccc(F)c(F)c2)c2nnn([C@@H]3C[C@H](OCCO)[C@@H](O)[C@H]3O)c2n1,CCCCO,293.15,2,-1.266040522853731,0.1759321342993503,-1.390443328045424,-1.141637717662038,0.248805610383386
CCCSc1nc(N[C@@H]2C[C@H]2c2ccc(F)c(F)c2)c2nnn([C@@H]3C[C@H](OCCO)[C@@H](O)[C@H]3O)c2n1,CCCCO,298.15,2,-1.1795713881493817,0.1481221701079412,-1.2843095790767742,-1.0748331972219891,0.20947638185478512
CCCSc1nc(N[C@@H]2C[C@H]2c2ccc(F)c(F)c2)c2nnn([C@@H]3C[C@H](OCCO)[C@@H](O)[C@H]3O)c2n1,CCCCO,303.15,2,-1.0856879690945362,0.10714490795030429,-1.161450860075805,-1.0099250781132678,0.15152578196253708
CCCSc1nc(N[C@@H]2C[C@H]2c2ccc(F)c(F)c2)c2nnn([C@@H]3C[C@H](OCCO)[C@@H](O)[C@H]3O)c2n1,CCCCO,308.15,2,-0.9985280373142058,0.06852732030199651,-1.04698417019629,-0.9500719044321214,0.09691226576416867
CCCSc1nc(N[C@@H]2C[C@H]2c2ccc(F)c(F)c2)c2nnn([C@@H]3C[C@H](OCCO)[C@@H](O)[C@H]3O)c2n1,CCCCO,313.15,2,-0.8995198834650936,0.012028756198530118,-0.908025498542314,-0.8910142683878732,0.017011230154440726
CCCSc1nc(N[C@@H]2C[C@H]2c2ccc(F)c(F)c2)c2nnn([C@@H]3C[C@H](OCCO)[C@@H](O)[C@H]3O)c2n1,CCCO,273.15,2,-1.4872191226720508,0.07288177058443226,-1.5387543168771851,-1.4356839284669165,0.10307038841026861
CCCSc1nc(N[C@@H]2C[C@H]2c2ccc(F)c(F)c2)c2nnn([C@@H]3C[C@H](OCCO)[C@@H](O)[C@H]3O)c2n1,CCCO,278.15,2,-1.3787170281959025,0.03930918034081327,-1.4065128161777765,-1.3509212402140285,0.055591575963747974
CCCSc1nc(N[C@@H]2C[C@H]2c2ccc(F)c(F)c2)c2nnn([C@@H]3C[C@H](OCCO)[C@@H](O)[C@H]3O)c2n1,CCCO,283.15,2,-1.2788794265742398,0.0011919923751962274,-1.2797222924658638,-1.278036560682616,0.0016857317832477126
CCCSc1nc(N[C@@H]2C[C@H]2c2ccc(F)c(F)c2)c2nnn([C@@H]3C[C@H](OCCO)[C@@H](O)[C@H]3O)c2n1,CCCO,288.15,2,-1.182331893184848,0.03213277593889671,-1.20505319694959,-1.1596105894201063,0.04544260752948359
CCCSc1nc(N[C@@H]2C[C@H]2c2ccc(F)c(F)c2)c2nnn([C@@H]3C[C@H](OCCO)[C@@H](O)[C@H]3O)c2n1,CCCO,293.15,2,-1.0898572205682058,0.0751613857684761,-1.1430043461284731,-1.0367100950079382,0.10629425112053492
CCCSc1nc(N[C@@H]2C[C@H]2c2ccc(F)c(F)c2)c2nnn([C@@H]3C[C@H](OCCO)[C@@H](O)[C@H]3O)c2n1,CCCO,298.15,2,-0.9885813887954444,0.1388677523239562,-1.0867757181518478,-0.8903870594390411,0.19638865871280675
CCCSc1nc(N[C@@H]2C[C@H]2c2ccc(F)c(F)c2)c2nnn([C@@H]3C[C@H](OCCO)[C@@H](O)[C@H]3O)c2n1,CCCO,303.15,2,-0.900539747347566,0.18978603177347703,-1.0347387373890773,-0.7663407573060549,0.2683979800830224
CCCSc1nc(N[C@@H]2C[C@H]2c2ccc(F)c(F)c2)c2nnn([C@@H]3C[C@H](OCCO)[C@@H](O)[C@H]3O)c2n1,CCCO,308.15,2,-0.8216448748529264,0.23396227412310236,-0.987081185427198,-0.6562085642786548,0.3308726211485432
CCCSc1nc(N[C@@H]2C[C@H]2c2ccc(F)c(F)c2)c2nnn([C@@H]3C[C@H](OCCO)[C@@H](O)[C@H]3O)c2n1,CCCO,313.15,2,-0.7321116968271699,0.29131515240963557,-0.9381026165584158,-0.526120777095924,0.4119818394624918
CCCSc1nc(N[C@@H]2C[C@H]2c2ccc(F)c(F)c2)c2nnn([C@@H]3C[C@H](OCCO)[C@@H](O)[C@H]3O)c2n1,CCOC(C)=O,273.15,2,-1.4765362535754454,0.15689775612838322,-1.5874797208867784,-1.3655927862641124,0.22188693462266595
CCCSc1nc(N[C@@H]2C[C@H]2c2ccc(F)c(F)c2)c2nnn([C@@H]3C[C@H](OCCO)[C@@H](O)[C@H]3O)c2n1,CCOC(C)=O,278.15,2,-1.385858759549796,0.15376818793549943,-1.494589287969755,-1.2771282311298369,0.21746105683991823
CCCSc1nc(N[C@@H]2C[C@H]2c2ccc(F)c(F)c2)c2nnn([C@@H]3C[C@H](OCCO)[C@@H](O)[C@H]3O)c2n1,CCOC(C)=O,283.15,2,-1.2902843748880066,0.130025170028255,-1.3822260543399196,-1.1983426954360938,0.1838833589038258
CCCSc1nc(N[C@@H]2C[C@H]2c2ccc(F)c(F)c2)c2nnn([C@@H]3C[C@H](OCCO)[C@@H](O)[C@H]3O)c2n1,CCOC(C)=O,288.15,2,-1.2101521315663313,0.11355313193396162,-1.2904463211818062,-1.1298579419508563,0.16058837923094993
CCCSc1nc(N[C@@H]2C[C@H]2c2ccc(F)c(F)c2)c2nnn([C@@H]3C[C@H](OCCO)[C@@H](O)[C@H]3O)c2n1,CCOC(C)=O,293.15,2,-1.1314604963327988,0.10858158554413229,-1.208239271783042,-1.0546817208825556,0.15355755090048628
CCCSc1nc(N[C@@H]2C[C@H]2c2ccc(F)c(F)c2)c2nnn([C@@H]3C[C@H](OCCO)[C@@H](O)[C@H]3O)c2n1,CCOC(C)=O,298.15,2,-1.0606102398658512,0.1048525084364474,-1.1347521596056829,-0.9864683201260196,0.14828383947966328
CCCSc1nc(N[C@@H]2C[C@H]2c2ccc(F)c(F)c2)c2nnn([C@@H]3C[C@H](OCCO)[C@@H](O)[C@H]3O)c2n1,CCOC(C)=O,303.15,2,-0.9789635218090388,0.0842592389157561,-1.0385438010239874,-0.9193832425940902,0.11916055842989715
CCCSc1nc(N[C@@H]2C[C@H]2c2ccc(F)c(F)c2)c2nnn([C@@H]3C[C@H](OCCO)[C@@H](O)[C@H]3O)c2n1,CCOC(C)=O,308.15,2,-0.9045944810380661,0.060383196277206175,-0.9472918485953968,-0.8618971134807353,0.08539473511466156
CCCSc1nc(N[C@@H]2C[C@H]2c2ccc(F)c(F)c2)c2nnn([C@@H]3C[C@H](OCCO)[C@@H](O)[C@H]3O)c2n1,CCOC(C)=O,313.15,2,-0.8258526196655555,0.03726005859832121,-0.8521994597678365,-0.7995057795632744,0.05269368020456211
CCC[C@@H]1C[C@@H](C(=O)N[C@@H]([C@H]2O[C@H](SC)[C@H](OP(=O)(O)O)[C@@H](O)[C@H]2O)[C@H](C)Cl)N(C)C1,CCO,283.15,2,-3.3443603050551687,0.7594585104220892,-3.8813785678044623,-2.8073420423058755,1.0740365254985869
CCC[C@@H]1C[C@@H](C(=O)N[C@@H]([C@H]2O[C@H](SC)[C@H](OP(=O)(O)O)[C@@H](O)[C@H]2O)[C@H](C)Cl)N(C)C1,CCO,288.15,2,-3.323914914302816,0.727224225054995,-3.838140095282335,-2.8096897333232973,1.0284503619590377
CCC[C@@H]1C[C@@H](C(=O)N[C@@H]([C@H]2O[C@H](SC)[C@H](OP(=O)(O)O)[C@@H](O)[C@H]2O)[C@H](C)Cl)N(C)C1,CCO,293.15,2,-3.243146037258404,0.7333508372381444,-3.761703387258328,-2.72458868725848,1.0371146999998477
CCC[C@@H]1C[C@@H](C(=O)N[C@@H]([C@H]2O[C@H](SC)[C@H](OP(=O)(O)O)[C@@H](O)[C@H]2O)[C@H](C)Cl)N(C)C1,CCO,298.15,2,-3.145018870692774,0.7395013396313149,-3.667925282642613,-2.622112458742935,1.045812823899678
CCC[C@@H]1C[C@@H](C(=O)N[C@@H]([C@H]2O[C@H](SC)[C@H](OP(=O)(O)O)[C@@H](O)[C@H]2O)[C@H](C)Cl)N(C)C1,CCO,303.15,2,-3.009145201539124,0.874899435861283,-3.627792525492922,-2.3904978775853256,1.2372946479075964
CCC[C@@H]1C[C@@H](C(=O)N[C@@H]([C@H]2O[C@H](SC)[C@H](OP(=O)(O)O)[C@@H](O)[C@H]2O)[C@H](C)Cl)N(C)C1,CCO,308.15,2,-2.931009398896318,0.9180826765767286,-3.580191885193619,-2.281826912599018,1.2983649725946012
CCC[C@@H]1C[C@@H](C(=O)N[C@@H]([C@H]2O[C@H](SC)[C@H](OP(=O)(O)O)[C@@H](O)[C@H]2O)[C@H](C)Cl)N(C)C1,CCO,313.15,2,-2.8871242786225024,0.9094144795582301,-3.530177424027362,-2.244071133217643,1.2861062908097187
CCC[C@@H]1C[C@@H](C(=O)N[C@@H]([C@H]2O[C@H](SC)[C@H](OP(=O)(O)O)[C@@H](O)[C@H]2O)[C@H](C)Cl)N(C)C1,CCO,318.15,2,-2.82714873854371,0.9508251904422601,-3.4994836784284225,-2.154813798658997,1.3446698797694254
CCCc1cc(=O)[nH]c(=S)[nH]1,CCCO,278.15,2,-1.5026905935453518,0.03969430966565242,-1.5307587090844532,-1.4746224780062502,0.05613623107820298
CCCc1cc(=O)[nH]c(=S)[nH]1,CCCO,283.15,2,-1.4337286216910403,0.02569932223440493,-1.451900786714886,-1.4155564566671943,0.036344330047691775
CCCc1cc(=O)[nH]c(=S)[nH]1,CCCO,288.15,2,-1.3717015721670291,0.006156593113825664,-1.3760549409068217,-1.3673482034272366,0.008706737479585058
CCCc1cc(=O)[nH]c(=S)[nH]1,CCCO,293.15,2,-1.3083402339275145,0.00824441603555973,-1.314169916413182,-1.3025105514418471,0.011659364971334796
CCCc1cc(=O)[nH]c(=S)[nH]1,CCCO,298.15,2,-1.241988141229689,0.015107289204622188,-1.2526706078716237,-1.2313056745877544,0.021364933283869236
CCCc1cc(=O)[nH]c(=S)[nH]1,CCCO,303.15,2,-1.1725708639471166,0.01454328383001876,-1.1828545185640436,-1.1622872093301897,0.02056730923385386
CCCc1cc(=O)[nH]c(=S)[nH]1,CCCO,308.15,2,-1.104730038304767,0.012970335972610563,-1.1139014508252676,-1.095558625784266,0.018342825041001598
CCCc1cc(=O)[nH]c(=S)[nH]1,CCCO,313.15,2,-1.0367066704788173,0.00834771614004563,-1.042609397168864,-1.0308039437887706,0.011805453380093311
CCCc1cc(=O)[nH]c(=S)[nH]1,CCCO,318.15,2,-0.9745478361259701,0.009399120917165398,-0.98119401826369,-0.96790165398825,0.013292364275440005
CCCc1cc(=O)[nH]c(=S)[nH]1,CCCO,323.15,2,-0.9138253474674822,0.009912265569644236,-0.9208343776686996,-0.9068163172662648,0.014018060402434807
CCCc1cc(=O)[nH]c(=S)[nH]1,CCO,278.15,2,-1.31139559755074,0.06829920659678551,-1.359690429684988,-1.263100765416492,0.09658966426849602
CCCc1cc(=O)[nH]c(=S)[nH]1,CCO,283.15,2,-1.2411842216740312,0.061266678754031495,-1.2845063056817845,-1.1978621376662777,0.08664416801550678
CCCc1cc(=O)[nH]c(=S)[nH]1,CCO,288.15,2,-1.1758022443032456,0.050431182123255376,-1.2114624751658531,-1.140142013440638,0.07132046172521522
CCCc1cc(=O)[nH]c(=S)[nH]1,CCO,293.15,2,-1.1113060678265025,0.041485252220406256,-1.140640570990786,-1.081971564662219,0.058669006328567086
CCCc1cc(=O)[nH]c(=S)[nH]1,CCO,298.15,2,-1.0588021130748853,0.01901387709472724,-1.0722469545052145,-1.045357271644556,0.026889682860658404
CCCc1cc(=O)[nH]c(=S)[nH]1,CCO,303.15,2,-1.0009173990801594,0.007494621527894245,-1.0062168967849603,-0.9956179013753588,0.01059899540960152
CCCc1cc(=O)[nH]c(=S)[nH]1,CCO,308.15,2,-0.932837051750121,0.013305689993928695,-0.942245595373194,-0.923428508127048,0.018817087246145947
CCCc1cc(=O)[nH]c(=S)[nH]1,CCO,313.15,2,-0.8716517971739368,0.0079003122842269,-0.8772381615636051,-0.8660654327842686,0.011172728779336505
CCCc1cc(=O)[nH]c(=S)[nH]1,CCO,318.15,2,-0.8085121036419445,0.005568035249235332,-0.8124492991245644,-0.8045749081593244,0.007874390965240008
CCCc1cc(=O)[nH]c(=S)[nH]1,CCO,323.15,2,-0.7429459466454573,0.014093868763404826,-0.7529118168212142,-0.7329800764697005,0.019931740351513683
CCCc1cc(=O)[nH]c(=S)[nH]1,CN(C)C=O,293.15,2,0.2760970544978827,0.019082371228254184,0.2626037804012651,0.2895903285945003,0.026986548193235205
CCCc1cc(=O)[nH]c(=S)[nH]1,CN(C)C=O,298.15,2,0.3478762369866564,0.015742201127507165,0.3367448198185935,0.3590076541547192,0.022262834336125692
CCCc1cc(=O)[nH]c(=S)[nH]1,CN(C)C=O,303.15,2,0.41105917437320844,0.0537240444122038,0.3730705382565719,0.449047810489845,0.07597727223327311
CCCc1cc(=O)[nH]c(=S)[nH]1,CO,278.15,2,-0.9724357650284976,0.18588885542579092,-1.1038790352470802,-0.8409924948099151,0.2628865404371651
CCCc1cc(=O)[nH]c(=S)[nH]1,CO,283.15,2,-0.9007831127838807,0.18295257680078775,-1.0301501204752703,-0.771416105092491,0.2587340153827793
CCCc1cc(=O)[nH]c(=S)[nH]1,CO,288.15,2,-0.8390275311006543,0.16940581045198227,-0.9588155284436538,-0.7192395337576547,0.2395759946859991
CCCc1cc(=O)[nH]c(=S)[nH]1,CO,293.15,2,-0.7741785380415045,0.15756175928081004,-0.8855915264846478,-0.6627655495983613,0.22282597688628647
CCCc1cc(=O)[nH]c(=S)[nH]1,CO,298.15,2,-0.7269686714830406,0.12662312964949346,-0.8165047451132608,-0.6374325978528204,0.1790721472604404
CCCc1cc(=O)[nH]c(=S)[nH]1,CO,303.15,2,-0.6630316787707721,0.12394048166130635,-0.7506708338170087,-0.5753925237245354,0.1752783100924733
CCCc1cc(=O)[nH]c(=S)[nH]1,CO,308.15,2,-0.5989432450579878,0.12157604972492829,-0.6849104942483575,-0.5129759958676181,0.17193449838073938
CCCc1cc(=O)[nH]c(=S)[nH]1,CO,313.15,2,-0.5466932662329708,0.11089366093728217,-0.6251069258723247,-0.4682796065936168,0.15682731927870797
CCCc1cc(=O)[nH]c(=S)[nH]1,CO,318.15,2,-0.4886970464601922,0.11461527795208208,-0.5697422867276905,-0.407651806192694,0.16209048053499647
CCCc1cc(=O)[nH]c(=S)[nH]1,CO,323.15,2,-0.43278574265104464,0.10911617232566033,-0.5099425280396389,-0.3556289572624503,0.1543135707771886
CCCc1cc(=O)[nH]c(=S)[nH]1,O,278.15,2,-2.466457169396496,0.15340154938946549,-2.57492844521431,-2.357985893578682,0.21694255163562826
CCCc1cc(=O)[nH]c(=S)[nH]1,O,283.15,2,-2.369063328101317,0.13007519003558085,-2.461040377039605,-2.277086279163029,0.18395409787657613
CCCc1cc(=O)[nH]c(=S)[nH]1,O,288.15,2,-2.2881300210444167,0.1040085821447561,-2.361675194780572,-2.2145848473082617,0.14709034747231042
CCCc1cc(=O)[nH]c(=S)[nH]1,O,293.15,2,-2.2109262833538006,0.07280122007154413,-2.262404519745044,-2.1594480469625577,0.10295647278248632
CCCc1cc(=O)[nH]c(=S)[nH]1,O,298.15,2,-2.1254727361720827,0.04240715524437772,-2.155459123216213,-2.0954863491279525,0.059972774088260294
CCCc1cc(=O)[nH]c(=S)[nH]1,O,303.15,2,-2.050285136077852,0.01829674803289303,-2.063222890685572,-2.0373473814701315,0.025875509215440573
CCCc1cc(=O)[nH]c(=S)[nH]1,O,308.15,2,-1.976781742958871,0.0027316799676411476,-1.9787133323880215,-1.9748501535297205,0.0038631788583010085
CCCc1cc(=O)[nH]c(=S)[nH]1,O,313.15,2,-1.904411802095118,0.01710668286812233,-1.916508053554775,-1.8923155506354608,0.024192502919314185
CCCc1cc(=O)[nH]c(=S)[nH]1,O,318.15,2,-1.8256441032129982,0.031863768738468384,-1.848175190162129,-1.803113016263867,0.04506217389826195
CCCc1cc(=O)[nH]c(=S)[nH]1,O,323.15,2,-1.7563342583473793,0.04889689969830455,-1.790909587703049,-1.72175892899171,0.06915065871133907
CCCc1nn(C)c2c(=O)[nH]c(-c3cc(S(=O)(=O)N4CCN(C)CC4)ccc3OCC)nc12.O=C(O)CC(O)(CC(=O)O)C(=O)O,CC(C)O,293.2,2,-3.225851504253505,0.12672646984497155,-3.315460650436717,-3.136242358070293,0.17921829236642361
CCCc1nn(C)c2c(=O)[nH]c(-c3cc(S(=O)(=O)N4CCN(C)CC4)ccc3OCC)nc12.O=C(O)CC(O)(CC(=O)O)C(=O)O,CC(C)O,298.2,2,-3.092158937276421,0.0723930925019824,-3.1433485838956376,-3.040969290657204,0.10237929323843353
CCCc1nn(C)c2c(=O)[nH]c(-c3cc(S(=O)(=O)N4CCN(C)CC4)ccc3OCC)nc12.O=C(O)CC(O)(CC(=O)O)C(=O)O,CC(C)O,303.2,2,-2.9535746978341813,0.01212938870424063,-2.962151470838597,-2.944997924829765,0.0171535460088319
CCCc1nn(C)c2c(=O)[nH]c(-c3cc(S(=O)(=O)N4CCN(C)CC4)ccc3OCC)nc12.O=C(O)CC(O)(CC(=O)O)C(=O)O,CC(C)O,308.2,2,-2.8392314566847277,0.04902676045883194,-2.873898611464776,-2.804564301904679,0.06933430956009712
CCCc1nn(C)c2c(=O)[nH]c(-c3cc(S(=O)(=O)N4CCN(C)CC4)ccc3OCC)nc12.O=C(O)CC(O)(CC(=O)O)C(=O)O,CC(C)O,313.2,2,-2.7217273933347794,0.07223643248758228,-2.772806264595473,-2.670648522074086,0.1021577425213871
CCCc1nn(C)c2c(=O)[nH]c(-c3cc(S(=O)(=O)N4CCN(C)CC4)ccc3OCC)nc12.O=C(O)CC(O)(CC(=O)O)C(=O)O,CC(O)CO,293.2,2,-2.3331655235485043,0.08447178628926644,-2.3928960964525854,-2.273434950644423,0.11946114580816225
CCCc1nn(C)c2c(=O)[nH]c(-c3cc(S(=O)(=O)N4CCN(C)CC4)ccc3OCC)nc12.O=C(O)CC(O)(CC(=O)O)C(=O)O,CC(O)CO,298.2,2,-2.223967670137652,0.022353688618029326,-2.239774114943993,-2.208161225331311,0.03161288961268216
CCCc1nn(C)c2c(=O)[nH]c(-c3cc(S(=O)(=O)N4CCN(C)CC4)ccc3OCC)nc12.O=C(O)CC(O)(CC(=O)O)C(=O)O,CC(O)CO,303.2,2,-2.146188475903826,0.09797075487730046,-2.2154642610355304,-2.0769126907721223,0.13855157026340814
CCCc1nn(C)c2c(=O)[nH]c(-c3cc(S(=O)(=O)N4CCN(C)CC4)ccc3OCC)nc12.O=C(O)CC(O)(CC(=O)O)C(=O)O,CC(O)CO,308.2,2,-2.0976243161845933,0.14343660850341872,-2.1990493147277608,-1.996199317641426,0.20284999708633467
CCCc1nn(C)c2c(=O)[nH]c(-c3cc(S(=O)(=O)N4CCN(C)CC4)ccc3OCC)nc12.O=C(O)CC(O)(CC(=O)O)C(=O)O,CC(O)CO,313.2,2,-1.8872627012197896,0.019756149427350926,-1.9012324084500043,-1.873292993989575,0.027939414460429246
CCCc1nn(C)c2c(=O)[nH]c(-c3cc(S(=O)(=O)N4CCN(C)CC4)ccc3OCC)nc12.O=C(O)CC(O)(CC(=O)O)C(=O)O,CCO,293.2,2,-2.784158558201179,0.11681456497712178,-2.8667589292378586,-2.7015581871645,0.16520074207335878
CCCc1nn(C)c2c(=O)[nH]c(-c3cc(S(=O)(=O)N4CCN(C)CC4)ccc3OCC)nc12.O=C(O)CC(O)(CC(=O)O)C(=O)O,CCO,298.2,2,-2.72423641895028,0.044347394084682246,-2.755594762035511,-2.692878075865049,0.06271668617046222
CCCc1nn(C)c2c(=O)[nH]c(-c3cc(S(=O)(=O)N4CCN(C)CC4)ccc3OCC)nc12.O=C(O)CC(O)(CC(=O)O)C(=O)O,CCO,303.2,2,-2.626960835186644,0.08135501444807901,-2.68448751758641,-2.5694341527868776,0.11505336479953243
CCCc1nn(C)c2c(=O)[nH]c(-c3cc(S(=O)(=O)N4CCN(C)CC4)ccc3OCC)nc12.O=C(O)CC(O)(CC(=O)O)C(=O)O,CCO,308.2,2,-2.539414623150774,0.02688115817744407,-2.558422472384193,-2.520406773917355,0.03801569846683783
CCCc1nn(C)c2c(=O)[nH]c(-c3cc(S(=O)(=O)N4CCN(C)CC4)ccc3OCC)nc12.O=C(O)CC(O)(CC(=O)O)C(=O)O,CCO,313.2,2,-2.3987938484017413,0.03222719927060074,-2.421581919544633,-2.376005777258849,0.045576142285784105
CCCc1nn(C)c2c(=O)[nH]c(-c3cc(S(=O)(=O)N4CCN(C)CC4)ccc3OCC)nc12.O=C(O)CC(O)(CC(=O)O)C(=O)O,O,293.2,4,-2.177805635217169,0.0898875191528029,-2.2603178279686102,-2.080278115055477,0.18003971291313325
CCCc1nn(C)c2c(=O)[nH]c(-c3cc(S(=O)(=O)N4CCN(C)CC4)ccc3OCC)nc12.O=C(O)CC(O)(CC(=O)O)C(=O)O,O,298.2,4,-2.1081665834430012,0.06037045081939348,-2.160413228396397,-2.0531880562753084,0.10722517212108862
CCCc1nn(C)c2c(=O)[nH]c(-c3cc(S(=O)(=O)N4CCN(C)CC4)ccc3OCC)nc12.O=C(O)CC(O)(CC(=O)O)C(=O)O,O,303.2,4,-2.0033012349411696,0.13530679254240557,-2.1279301899028367,-1.82684155260878,0.30108863729405666
CCCc1nn(C)c2c(=O)[nH]c(-c3cc(S(=O)(=O)N4CCN(C)CC4)ccc3OCC)nc12.O=C(O)CC(O)(CC(=O)O)C(=O)O,O,308.2,4,-1.9289374381736049,0.11981838228345335,-2.0313096070449888,-1.7776954739583242,0.2536141330866646
CCCc1nn(C)c2c(=O)[nH]c(-c3cc(S(=O)(=O)N4CCN(C)CC4)ccc3OCC)nc12.O=C(O)CC(O)(CC(=O)O)C(=O)O,O,313.2,4,-1.8381831562051096,0.14860861432859676,-1.9791025797544064,-1.6757208796944898,0.3033817000599166
CCOC(=O)C1(c2ccccc2)CCN(CCC(C#N)(c2ccccc2)c2ccccc2)CC1,CC#N,293.15,2,-1.1094037333928628,0.031052958987631323,-1.1313614912689245,-1.087445975516801,0.0439155157521236
CCOC(=O)C1(c2ccccc2)CCN(CCC(C#N)(c2ccccc2)c2ccccc2)CC1,CC#N,298.15,2,-1.0255781327168587,0.004743251365818739,-1.0289321179225015,-1.022224147511216,0.006707970411285569
CCOC(=O)C1(c2ccccc2)CCN(CCC(C#N)(c2ccccc2)c2ccccc2)CC1,CC#N,303.15,2,-0.9483803902702309,0.00575523839448355,-0.9524499583663154,-0.9443108221741464,0.008139136192168994
CCOC(=O)C1(c2ccccc2)CCN(CCC(C#N)(c2ccccc2)c2ccccc2)CC1,CC#N,308.15,2,-0.8610814786299426,0.004657248294920114,-0.8643746504809501,-0.8577883067789351,0.006586343702014941
CCOC(=O)C1(c2ccccc2)CCN(CCC(C#N)(c2ccccc2)c2ccccc2)CC1,CC#N,313.15,2,-0.7596726367550474,0.0072783568241713646,-0.7648192122213143,-0.7545260612887804,0.010293150932533912
CCOC(=O)C1(c2ccccc2)CCN(CCC(C#N)(c2ccccc2)c2ccccc2)CC1,CC#N,318.15,2,-0.6336722427180355,0.0061517189979641675,-0.63802216493745,-0.6293223204986208,0.008699844438829207
CCOC(=O)C1(c2ccccc2)CCN(CCC(C#N)(c2ccccc2)c2ccccc2)CC1,CC(C)O,293.15,2,-2.458116258310083,0.018335608862289608,-2.471081491673792,-2.445151024946374,0.025930466727418278
CCOC(=O)C1(c2ccccc2)CCN(CCC(C#N)(c2ccccc2)c2ccccc2)CC1,CC(C)O,298.15,2,-2.251009284499146,0.01466645018587624,-2.2613800308815133,-2.240638538116778,0.02074149276473536
CCOC(=O)C1(c2ccccc2)CCN(CCC(C#N)(c2ccccc2)c2ccccc2)CC1,CC(C)O,303.15,2,-2.1002112853976405,0.01286679141338249,-2.109309480858156,-2.091113089937125,0.018196390921031202
CCOC(=O)C1(c2ccccc2)CCN(CCC(C#N)(c2ccccc2)c2ccccc2)CC1,CC(C)O,308.15,2,-1.9616902941958996,0.0074963550133939185,-1.966991017660052,-1.956389570731747,0.010601446928305114
CCOC(=O)C1(c2ccccc2)CCN(CCC(C#N)(c2ccccc2)c2ccccc2)CC1,CC(C)O,313.15,2,-1.8478241001696838,0.017261927719656307,-1.8600301263166048,-1.8356180740227628,0.024412052293842024
CCOC(=O)C1(c2ccccc2)CCN(CCC(C#N)(c2ccccc2)c2ccccc2)CC1,CC(C)O,318.15,2,-1.7014576025351285,9.843913645371088e-05,-1.7015272095160492,-1.701387995554208,0.00013921396184124468
CCOC(=O)C1(c2ccccc2)CCN(CCC(C#N)(c2ccccc2)c2ccccc2)CC1,CCO,293.15,2,-1.5572903393952697,0.027863186424418807,-1.5769925874614412,-1.5375880913290982,0.03940449613234298
CCOC(=O)C1(c2ccccc2)CCN(CCC(C#N)(c2ccccc2)c2ccccc2)CC1,CCO,298.15,2,-1.476140836402577,0.009109028756778662,-1.4825818924065186,-1.4696997803986356,0.012882112007883029
CCOC(=O)C1(c2ccccc2)CCN(CCC(C#N)(c2ccccc2)c2ccccc2)CC1,CCO,303.15,2,-1.4112511733673383,0.004691025025440489,-1.414568228973543,-1.4079341177611335,0.0066341112124095325
CCOC(=O)C1(c2ccccc2)CCN(CCC(C#N)(c2ccccc2)c2ccccc2)CC1,CCO,308.15,2,-1.3354016056087838,0.007704956153748558,-1.3408498323538445,-1.3299533788637232,0.01089645349012125
CCOC(=O)C1(c2ccccc2)CCN(CCC(C#N)(c2ccccc2)c2ccccc2)CC1,CCO,313.15,2,-1.252674477318859,0.013868609466402249,-1.26248106511818,-1.242867889519538,0.019613175598641952
CCOC(=O)C1(c2ccccc2)CCN(CCC(C#N)(c2ccccc2)c2ccccc2)CC1,CCO,318.15,2,-1.1409724480005692,1.4281896243342485e-05,-1.1409825468262509,-1.1409623491748873,2.0197651363629276e-05
CCOC(=O)C1(c2ccccc2)CCN(CCC(C#N)(c2ccccc2)c2ccccc2)CC1,CO,293.15,2,-0.816717812375328,0.015931723660042602,-0.8279832422113343,-0.8054523825393218,0.022530859672012515
CCOC(=O)C1(c2ccccc2)CCN(CCC(C#N)(c2ccccc2)c2ccccc2)CC1,CO,298.15,2,-0.7174679476102861,0.012619370390177308,-0.7263911899874852,-0.708544705233087,0.017846484754398206
CCOC(=O)C1(c2ccccc2)CCN(CCC(C#N)(c2ccccc2)c2ccccc2)CC1,CO,303.15,2,-0.6090723329269566,0.029428045159754442,-0.6298811032164829,-0.5882635626374303,0.04161754057905265
CCOC(=O)C1(c2ccccc2)CCN(CCC(C#N)(c2ccccc2)c2ccccc2)CC1,CO,308.15,2,-0.5290309708483457,0.012072458174874678,-0.5375674878893906,-0.5204944538073009,0.01707303408208971
CCOC(=O)C1(c2ccccc2)CCN(CCC(C#N)(c2ccccc2)c2ccccc2)CC1,CO,313.15,2,-0.45015896428759505,0.006646987201983336,-0.4548590940125777,-0.4454588345626125,0.009400259449965198
CCOC(=O)C1(c2ccccc2)CCN(CCC(C#N)(c2ccccc2)c2ccccc2)CC1,CO,318.15,2,-0.3453631624334581,0.0019429872462746807,-0.3467370618910579,-0.3439892629758583,0.0027477989151996063
CCOC(=O)C1(c2ccccc2)CCN(CCC(C#N)(c2ccccc2)c2ccccc2)CC1,O,293.15,2,-3.307737923056531,0.02004257532585868,-3.321910163981888,-3.2935656821311743,0.0283444818507137
CCOC(=O)C1(c2ccccc2)CCN(CCC(C#N)(c2ccccc2)c2ccccc2)CC1,O,298.15,2,-3.190305732074391,0.012643822985602121,-3.1992462650476328,-3.1813651991011493,0.01788106594648342
CCOC(=O)C1(c2ccccc2)CCN(CCC(C#N)(c2ccccc2)c2ccccc2)CC1,O,303.15,2,-3.091853119973355,0.006081328830371374,-3.096153268827936,-3.0875529711187744,0.008600297709161708
CCOC(=O)C1(c2ccccc2)CCN(CCC(C#N)(c2ccccc2)c2ccccc2)CC1,O,308.15,2,-2.9714679897229335,0.007775061279590147,-2.9769657882778726,-2.9659701911679943,0.010995597109878297
CCOC(=O)C1(c2ccccc2)CCN(CCC(C#N)(c2ccccc2)c2ccccc2)CC1,O,313.15,2,-2.840659842327911,0.01839756493342516,-2.853668885249656,-2.8276507994061664,0.026018085843489747
CCOC(=O)C1(c2ccccc2)CCN(CCC(C#N)(c2ccccc2)c2ccccc2)CC1,O,318.15,2,-2.7440188697540595,0.0,-2.7440188697540595,-2.7440188697540595,0.0
CCOC(=O)C1=C(COCCN)NC(C)=C(C(=O)OC)C1c1ccccc1Cl.O=S(=O)(O)c1ccccc1,O,293.2,2,-2.6676493353862556,0.06321809385751356,-2.712351278246591,-2.62294739252592,0.08940388572067093
CCOC(=O)C1=C(COCCN)NC(C)=C(C(=O)OC)C1c1ccccc1Cl.O=S(=O)(O)c1ccccc1,O,298.2,2,-2.55459704569322,0.030431615812719835,-2.5761154475968584,-2.5330786437895823,0.04303680380727615
CCOC(=O)C1=C(COCCN)NC(C)=C(C(=O)OC)C1c1ccccc1Cl.O=S(=O)(O)c1ccccc1,O,303.2,2,-2.4624293283814067,0.004913893107695517,-2.465903975519884,-2.458954681242929,0.006949294276954898
CCOC(=O)C1=C(COCCN)NC(C)=C(C(=O)OC)C1c1ccccc1Cl.O=S(=O)(O)c1ccccc1,O,308.2,2,-2.3589453750598826,0.011590695784091281,-2.367141234647484,-2.3507495154722813,0.016391719175202546
CCOC(=O)C1=C(COCCN)NC(C)=C(C(=O)OC)C1c1ccccc1Cl.O=S(=O)(O)c1ccccc1,O,313.2,2,-2.2317197903023693,0.07174906392345004,-2.282454039946428,-2.1809855406583107,0.10146849928811719
CCOC(=O)[C@@H](C)Oc1ccc(Oc2cnc3cc(Cl)ccc3n2)cc1,CC(C)=O,278.15,2,-0.9622772105332076,0.26264956276408963,-1.147998497439377,-0.7765559236270381,0.371442573812339
CCOC(=O)[C@@H](C)Oc1ccc(Oc2cnc3cc(Cl)ccc3n2)cc1,CC(C)=O,283.15,2,-0.8757943337447143,0.261874108684688,-1.06096729181284,-0.6906213756765883,0.3703459161362518
CCOC(=O)[C@@H](C)Oc1ccc(Oc2cnc3cc(Cl)ccc3n2)cc1,CC(C)=O,288.15,2,-0.7990384163692108,0.26529135797153636,-0.986627734581072,-0.6114490981573496,0.3751786364237224
CCOC(=O)[C@@H](C)Oc1ccc(Oc2cnc3cc(Cl)ccc3n2)cc1,CC(C)=O,293.15,2,-0.7107907677238803,0.2643769540117559,-0.8977335046950369,-0.5238480307527236,0.3738854739423133
CCOC(=O)[C@@H](C)Oc1ccc(Oc2cnc3cc(Cl)ccc3n2)cc1,CC(C)=O,298.15,2,-0.6300437773874662,0.26621227851551993,-0.8182842847609122,-0.4418032700140202,0.376481014746892
CCOC(=O)[C@@H](C)Oc1ccc(Oc2cnc3cc(Cl)ccc3n2)cc1,CC(C)=O,303.15,2,-0.5434695526718766,0.26667338633298143,-0.7320361125099077,-0.3549029928338454,0.37713311967606233
CCOC(=O)[C@@H](C)Oc1ccc(Oc2cnc3cc(Cl)ccc3n2)cc1,CC(C)=O,308.15,2,-0.46191116903023277,0.26802233910221623,-0.6514315825188902,-0.2723907555415753,0.3790408269773149
CCOC(=O)[C@@H](C)Oc1ccc(Oc2cnc3cc(Cl)ccc3n2)cc1,CC(C)=O,313.15,2,-0.3756295759485701,0.2696185900176223,-0.5662787092839864,-0.1849804426131538,0.38129826667083255
CCOC(=O)[C@@H](C)Oc1ccc(Oc2cnc3cc(Cl)ccc3n2)cc1,CCCCCC,278.15,2,-2.051677047370603,0.34031261130730167,-2.2923144025492976,-1.8110396921919083,0.48127471035738933
CCOC(=O)[C@@H](C)Oc1ccc(Oc2cnc3cc(Cl)ccc3n2)cc1,CCCCCC,283.15,2,-1.9528149340019811,0.3310294431505133,-2.186888098026116,-1.7187417699778464,0.4681463280482694
CCOC(=O)[C@@H](C)Oc1ccc(Oc2cnc3cc(Cl)ccc3n2)cc1,CCCCCC,288.15,2,-1.838920622407307,0.32270850862138245,-2.0671099972000837,-1.61073124761453,0.4563787495855538
CCOC(=O)[C@@H](C)Oc1ccc(Oc2cnc3cc(Cl)ccc3n2)cc1,CCCCCC,293.15,2,-1.7238397029861314,0.29970639534878846,-1.935764127502236,-1.5119152784700267,0.4238488490322092
CCOC(=O)[C@@H](C)Oc1ccc(Oc2cnc3cc(Cl)ccc3n2)cc1,CCCCCC,298.15,2,-1.6093507815505315,0.2780659587190152,-1.8059731065778857,-1.4127284565231772,0.39324465005470843
CCOC(=O)[C@@H](C)Oc1ccc(Oc2cnc3cc(Cl)ccc3n2)cc1,CCCCCC,303.15,2,-1.490700077280835,0.2569072417230584,-1.672360930039141,-1.3090392245225289,0.36332170551661225
CCOC(=O)[C@@H](C)Oc1ccc(Oc2cnc3cc(Cl)ccc3n2)cc1,CCCCCC,308.15,2,-1.3725729252393641,0.23381273957204374,-1.5379034989185605,-1.2072423515601678,0.3306611473583927
CCOC(=O)[C@@H](C)Oc1ccc(Oc2cnc3cc(Cl)ccc3n2)cc1,CCCCCC,313.15,2,-1.2483060896655593,0.20526367183868696,-1.3934494239539452,-1.1031627553771737,0.29028666857677154
CCOC(=O)[C@@H](C)Oc1ccc(Oc2cnc3cc(Cl)ccc3n2)cc1,CCO,278.15,2,-1.8012015220105924,0.03765392939857194,-1.827826870826642,-1.7745761731945426,0.05325069763209944
CCOC(=O)[C@@H](C)Oc1ccc(Oc2cnc3cc(Cl)ccc3n2)cc1,CCO,283.15,2,-1.673681178076171,0.030910987374882355,-1.695538546862122,-1.65182380929022,0.04371473757190203
CCOC(=O)[C@@H](C)Oc1ccc(Oc2cnc3cc(Cl)ccc3n2)cc1,CCO,288.15,2,-1.5533748467093371,0.031288176274744395,-1.575498928324169,-1.5312507650945053,0.04424816322966363
CCOC(=O)[C@@H](C)Oc1ccc(Oc2cnc3cc(Cl)ccc3n2)cc1,CCO,293.15,2,-1.420829790194267,0.03091455609821562,-1.4426896824486872,-1.3989698979398468,0.0437197845088404
CCOC(=O)[C@@H](C)Oc1ccc(Oc2cnc3cc(Cl)ccc3n2)cc1,CCO,298.15,2,-1.2902804832212347,0.031022825475270074,-1.312216933486365,-1.2683440329561044,0.043872900530260495
CCOC(=O)[C@@H](C)Oc1ccc(Oc2cnc3cc(Cl)ccc3n2)cc1,CCO,303.15,2,-1.1560483287456707,0.030959379984356078,-1.17793991627394,-1.1341567412174014,0.043783175056538504
CCOC(=O)[C@@H](C)Oc1ccc(Oc2cnc3cc(Cl)ccc3n2)cc1,CCO,308.15,2,-1.0208752836511772,0.031125974585440693,-1.0428846713515825,-0.998865895950772,0.04401877540081045
CCOC(=O)[C@@H](C)Oc1ccc(Oc2cnc3cc(Cl)ccc3n2)cc1,CCO,313.15,2,-0.881796454732438,0.04385049862630607,-0.9128034396695104,-0.8507894697953656,0.06201396987414476
CCOC(=O)[C@@H](C)Oc1ccc(Oc2cnc3cc(Cl)ccc3n2)cc1,CCOC(C)=O,278.15,2,-1.1729718653421504,0.26817170641738025,-1.362597897472248,-0.9833458332120528,0.3792520642601951
CCOC(=O)[C@@H](C)Oc1ccc(Oc2cnc3cc(Cl)ccc3n2)cc1,CCOC(C)=O,283.15,2,-1.098097559198178,0.2636258094320393,-1.2845091567433655,-0.9116859616529904,0.3728231950903751
CCOC(=O)[C@@H](C)Oc1ccc(Oc2cnc3cc(Cl)ccc3n2)cc1,CCOC(C)=O,288.15,2,-1.0163104330878163,0.26468803636074295,-1.203473138497449,-0.8291477276781835,0.3743254108192656
CCOC(=O)[C@@H](C)Oc1ccc(Oc2cnc3cc(Cl)ccc3n2)cc1,CCOC(C)=O,293.15,2,-0.9312363094666646,0.2653152892492337,-1.118842549647268,-0.7436300692860611,0.3752124803612069
CCOC(=O)[C@@H](C)Oc1ccc(Oc2cnc3cc(Cl)ccc3n2)cc1,CCOC(C)=O,298.15,2,-0.844581132584667,0.2653092995037811,-1.0321831373756434,-0.6569791277936906,0.37520400958195277
CCOC(=O)[C@@H](C)Oc1ccc(Oc2cnc3cc(Cl)ccc3n2)cc1,CCOC(C)=O,303.15,2,-0.7497476065725133,0.26406125341874875,-0.93646710951353,-0.5630281036314967,0.37343900588203327
CCOC(=O)[C@@H](C)Oc1ccc(Oc2cnc3cc(Cl)ccc3n2)cc1,CCOC(C)=O,308.15,2,-0.6616351068861034,0.26687249336052316,-0.8503424566534912,-0.4729277571187156,0.3774146995347756
CCOC(=O)[C@@H](C)Oc1ccc(Oc2cnc3cc(Cl)ccc3n2)cc1,CCOC(C)=O,313.15,2,-0.5665309621401113,0.26782675486286495,-0.7559130766868303,-0.3771488475933924,0.3787642290934379
CCOc1ccc(C2NC(=O)NC=C2C(=O)c2cc(OC)c(OC)c(OC)c2)cc1,O,298.15,2,-3.3562984832486604,0.006562933963425754,-3.3609391783586786,-3.3516577881386427,0.009281390220035934
CCOc1ccc(C2NC(=O)NC=C2C(=O)c2cc(OC)c(OC)c(OC)c2)cc1,O,303.15,2,-3.2161480527493356,0.005583716572930363,-3.2200963366022783,-3.212199768896393,0.007896567705885538
CCOc1ccc(C2NC(=O)NC=C2C(=O)c2cc(OC)c(OC)c(OC)c2)cc1,O,308.15,2,-3.0778179275495225,0.002027051753696344,-3.0792512695903773,-3.076384585508668,0.0028666840817095363
CCOc1ccc(C2NC(=O)NC=C2C(=O)c2cc(OC)c(OC)c(OC)c2)cc1,O,313.15,2,-2.9515267049707368,0.00302562848623427,-2.953666147390704,-2.9493872625507693,0.004278884839934882
CCOc1ccc(C2NC(=O)NC=C2C(=O)c2cc(OC)c(OC)c(OC)c2)cc1,O,318.15,2,-2.8525124422169754,0.003605917195754242,-2.8550622107184904,-2.8499626737154604,0.005099537003030008
CCOc1ccc(NC(C)=O)cc1,CCCCO,288.15,2,-0.7355343795463505,0.1102302248885323,-0.8134789190567497,-0.6575898400359511,0.15588907902079863
CCOc1ccc(NC(C)=O)cc1,CCCO,318.15,2,-0.21954399722239254,0.018528968842349027,-0.2326459567392118,-0.2064420377055733,0.0262039190336385
CCOc1ccc(NC(C)=O)cc1,CO,288.15,2,-0.48343261467167215,0.012844033021483542,-0.4925147175189471,-0.4743505118243972,0.018164205694549906
CCOc1ccccc1C(N)=O,CC#N,293.15,2,-0.8539335785720374,0.017390865214212004,-0.866230777295708,-0.8416363798483668,0.024594397447341154
CCOc1ccccc1C(N)=O,CC#N,298.15,2,-0.7365177997056545,0.03324796227153366,-0.7600276592884904,-0.7130079401228184,0.047019719165671936
CCOc1ccccc1C(N)=O,CC#N,303.15,2,-0.6140923827027741,0.02263752508933685,-0.6300995302027248,-0.5980852352028234,0.03201429499990138
CCOc1ccccc1C(N)=O,CC#N,308.15,2,-0.48805574770953297,0.015689315770817766,-0.4991497692832553,-0.4769617261358107,0.022188043147444547
CCOc1ccccc1C(N)=O,CC#N,313.15,2,-0.3688600054778633,0.0157298728406313,-0.3799827052306758,-0.3577373057250508,0.022245399505624985
CCOc1ccccc1C(N)=O,CC#N,318.15,2,-0.25479347100074223,0.017776030350924565,-0.2673630226044589,-0.2422239193970256,0.02513910320743329
CCOc1ccccc1C(N)=O,CC#N,323.15,2,-0.1335693503715078,0.01782126102877323,-0.1461708848942489,-0.1209678158487667,0.025203069045482196
CCOc1ccccc1C(N)=O,CC(C)O,293.15,2,-0.9495839751656899,0.08064556341499905,-1.0066089999290455,-0.8925589504023344,0.11405004952671116
CCOc1ccccc1C(N)=O,CC(C)O,298.15,2,-0.8511681459592257,0.0977819229591027,-0.9203104067610678,-0.7820258851573836,0.1382845216036842
CCOc1ccccc1C(N)=O,CC(C)O,303.15,2,-0.7448476746169155,0.07447813141431721,-0.797511666390082,-0.6921836828437489,0.1053279835463331
CCOc1ccccc1C(N)=O,CC(C)O,308.15,2,-0.6468084027689374,0.05663528642567935,-0.6868555978549776,-0.606761207682897,0.08009439017208064
CCOc1ccccc1C(N)=O,CC(C)O,313.15,2,-0.5371270000981936,0.050084346503704545,-0.5725419811422598,-0.5017120190541274,0.07082996208813241
CCOc1ccccc1C(N)=O,CC(C)O,318.15,2,-0.4300161060116171,0.04321449303499514,-0.460573367082201,-0.3994588449410332,0.061114522141167804
CCOc1ccccc1C(N)=O,CC(C)O,323.15,2,-0.3208724517545245,0.0454952185325535,-0.353042429290457,-0.2887024742185921,0.06433995507186491
CCOc1ccccc1C(N)=O,CCO,293.15,2,-0.6512043658703761,0.03989219753130836,-0.6794124092611975,-0.6229963224795547,0.05641608678164278
CCOc1ccccc1C(N)=O,CCO,298.15,2,-0.5397333619412776,0.01575857151749307,-0.5508763547231101,-0.528590369159445,0.022285985563665123
CCOc1ccccc1C(N)=O,CCO,303.15,2,-0.4503871785326361,0.01973989993139803,-0.4643453956340715,-0.4364289614312007,0.02791643420287082
CCOc1ccccc1C(N)=O,CCO,308.15,2,-0.34960548166781125,0.014636598895302224,-0.359955120000187,-0.3392558433354355,0.020699276664751465
CCOc1ccccc1C(N)=O,CCO,313.15,2,-0.25708834789641255,0.01389839077345692,-0.2669159942599045,-0.2472607015329206,0.01965529272698388
CCOc1ccccc1C(N)=O,CCO,318.15,2,-0.16200759111490945,0.007735142728735319,-0.167477162991844,-0.1565380192379749,0.010939143753869118
CCOc1ccccc1C(N)=O,CCO,323.15,2,-0.07945089867582306,0.009568157362218149,-0.0862166076301075,-0.0726851897215386,0.01353141790856889
CCOc1ccccc1C(N)=O,CO,293.15,2,-0.36933788543800544,0.03634210665099167,-0.3950356354935264,-0.3436401353824845,0.05139550011104188
CCOc1ccccc1C(N)=O,CO,298.15,2,-0.27397046272909803,0.03693765122384567,-0.3000893263905829,-0.2478515990676132,0.05223772732296969
CCOc1ccccc1C(N)=O,CO,303.15,2,-0.1850873538607444,0.020919853320372335,-0.1998799240050076,-0.1702947837164812,0.02958514028852638
CCOc1ccccc1C(N)=O,CO,308.15,2,-0.1006437781515276,0.02252296739847443,-0.1165699211314324,-0.0847176351716228,0.0318522859598096
CCOc1ccccc1C(N)=O,CO,313.15,2,-0.0013158234484519499,0.008049694665545004,-0.00700781713294,0.0043761702360361,0.0113839873689761
CCOc1ccccc1C(N)=O,CO,318.15,2,0.08952560590415305,0.004894776468647299,0.0860644762707802,0.0929867355375259,0.006922259266745695
CCOc1ccccc1C(N)=O,CO,323.15,2,0.17888641614168743,0.0007664742334424919,0.1783444370136155,0.1794283952697594,0.0010839582561439076
CCOc1nc2cccc(C(=O)OC(C)OC(=O)OC3CCCCC3)c2n1Cc1ccc(-c2ccccc2-c2nn[nH]n2)cc1,CC#N,293.15,2,-1.955688620584368,0.0008464772187747052,-1.9562871703658835,-1.9550900708028525,0.0011970995630310455
CCOc1nc2cccc(C(=O)OC(C)OC(=O)OC3CCCCC3)c2n1Cc1ccc(-c2ccccc2-c2nn[nH]n2)cc1,CC#N,303.15,2,-1.7661323822281823,0.0007422018363527999,-1.7666571981796764,-1.765607566276688,0.001049631902988457
CCOc1nc2cccc(C(=O)OC(C)OC(=O)OC3CCCCC3)c2n1Cc1ccc(-c2ccccc2-c2nn[nH]n2)cc1,CC#N,313.15,2,-1.5290885662786082,0.0015437064234331214,-1.530180131558779,-1.5279970009984376,0.002183130560341473
CCOc1nc2cccc(C(=O)OC(C)OC(=O)OC3CCCCC3)c2n1Cc1ccc(-c2ccccc2-c2nn[nH]n2)cc1,CC#N,323.15,2,-1.3177518581906327,0.00035141935702680434,-1.3180003492010264,-1.3175033671802387,0.0004969820207876285
CCOc1nc2cccc(C(=O)OC(C)OC(=O)OC3CCCCC3)c2n1Cc1ccc(-c2ccccc2-c2nn[nH]n2)cc1,CC#N,333.15,2,-1.0981139717957356,0.00041900167474629655,-1.0984102507212772,-1.097817692870194,0.000592557851083253
CCOc1nc2cccc(C(=O)OC(C)OC(=O)OC3CCCCC3)c2n1Cc1ccc(-c2ccccc2-c2nn[nH]n2)cc1,CC(C)=O,293.15,2,-1.0354942743540603,0.0001378492298781781,-1.0355917484792885,-1.035396800228832,0.00019494825045640596
CCOc1nc2cccc(C(=O)OC(C)OC(=O)OC3CCCCC3)c2n1Cc1ccc(-c2ccccc2-c2nn[nH]n2)cc1,CC(C)=O,298.15,2,-0.9719859689488721,0.00011856600491035571,-0.9720698077749624,-0.9719021301227818,0.00016767765218062003
CCOc1nc2cccc(C(=O)OC(C)OC(=O)OC3CCCCC3)c2n1Cc1ccc(-c2ccccc2-c2nn[nH]n2)cc1,CC(C)=O,303.15,2,-0.8924498226782411,3.2770526967710895e-05,-0.892472994940083,-0.8924266504163991,4.6344523683905514e-05
CCOc1nc2cccc(C(=O)OC(C)OC(=O)OC3CCCCC3)c2n1Cc1ccc(-c2ccccc2-c2nn[nH]n2)cc1,CC(C)=O,308.15,2,-0.8254349922080014,0.0,-0.8254349922080014,-0.8254349922080014,0.0
CCOc1nc2cccc(C(=O)OC(C)OC(=O)OC3CCCCC3)c2n1Cc1ccc(-c2ccccc2-c2nn[nH]n2)cc1,CC(C)=O,313.15,2,-0.7494530407726236,0.0002340958221741789,-0.7496185715159304,-0.7492875100293168,0.0003310614866135486
CCOc1nc2cccc(C(=O)OC(C)OC(=O)OC3CCCCC3)c2n1Cc1ccc(-c2ccccc2-c2nn[nH]n2)cc1,CCO,303.15,2,-1.5850222246048111,0.03833217955105617,-1.6121271687030234,-1.557917280506599,0.05420988819642436
CCOc1nc2cccc(C(=O)OC(C)OC(=O)OC3CCCCC3)c2n1Cc1ccc(-c2ccccc2-c2nn[nH]n2)cc1,CCO,313.15,2,-1.3725789945214713,0.04388175366698386,-1.403608080109753,-1.3415499089331893,0.06205817117656376
CCOc1nc2cccc(C(=O)OC(C)OC(=O)OC3CCCCC3)c2n1Cc1ccc(-c2ccccc2-c2nn[nH]n2)cc1,CCO,323.15,2,-1.1144147140575011,0.0049449305204058314,-1.1179113079609764,-1.1109181201540257,0.006993187806950685
CCOc1nc2cccc(C(=O)OC(C)OC(=O)OC3CCCCC3)c2n1Cc1ccc(-c2ccccc2-c2nn[nH]n2)cc1,CCO,333.15,2,-0.8806615753316498,0.020028754169256438,-0.8948240432234493,-0.8664991074398501,0.02832493578359918
CC[C@H]1OC(=O)C[C@@H](O)[C@H](C)[C@@H](O[C@@H]2O[C@H](C)[C@@H](O[C@H]3C[C@@](C)(O)[C@@H](O)[C@H](C)O3)[C@H](N(C)C)[C@H]2O)[C@@H](CC=O)C[C@@H](C)C(=O)/C=C/C(C)=C/[C@@H]1CO[C@@H]1O[C@H](C)[C@@H](O)[C@@H](OC)[C@H]1OC.O=C(O)[C@H](O)[C@@H](O)C(=O)O,CO,293.15,2,-0.9986212505832092,0.07493788015512536,-1.051610333808643,-0.9456321673577752,0.10597816645086788
CC[C@H]1OC(=O)C[C@@H](O)[C@H](C)[C@@H](O[C@@H]2O[C@H](C)[C@@H](O[C@H]3C[C@@](C)(O)[C@@H](O)[C@H](C)O3)[C@H](N(C)C)[C@H]2O)[C@@H](CC=O)C[C@@H](C)C(=O)/C=C/C(C)=C/[C@@H]1CO[C@@H]1O[C@H](C)[C@@H](O)[C@@H](OC)[C@H]1OC.O=C(O)[C@H](O)[C@@H](O)C(=O)O,CO,298.15,2,-0.9559278093644896,0.07620997415994173,-1.009816398887036,-0.9020392198419432,0.10777717904509265
CC[C@H]1OC(=O)C[C@@H](O)[C@H](C)[C@@H](O[C@@H]2O[C@H](C)[C@@H](O[C@H]3C[C@@](C)(O)[C@@H](O)[C@H](C)O3)[C@H](N(C)C)[C@H]2O)[C@@H](CC=O)C[C@@H](C)C(=O)/C=C/C(C)=C/[C@@H]1CO[C@@H]1O[C@H](C)[C@@H](O)[C@@H](OC)[C@H]1OC.O=C(O)[C@H](O)[C@@H](O)C(=O)O,CO,303.15,2,-0.9010831651326178,0.07575264015284838,-0.9546483706774812,-0.8475179595877543,0.10713041108972687
CC[C@H]1OC(=O)C[C@@H](O)[C@H](C)[C@@H](O[C@@H]2O[C@H](C)[C@@H](O[C@H]3C[C@@](C)(O)[C@@H](O)[C@H](C)O3)[C@H](N(C)C)[C@H]2O)[C@@H](CC=O)C[C@@H](C)C(=O)/C=C/C(C)=C/[C@@H]1CO[C@@H]1O[C@H](C)[C@@H](O)[C@@H](OC)[C@H]1OC.O=C(O)[C@H](O)[C@@H](O)C(=O)O,CO,308.15,2,-0.854566302005295,0.06621029922637271,-0.9013840535726536,-0.8077485504379365,0.09363550313471714
CC[C@H]1OC(=O)C[C@@H](O)[C@H](C)[C@@H](O[C@@H]2O[C@H](C)[C@@H](O[C@H]3C[C@@](C)(O)[C@@H](O)[C@H](C)O3)[C@H](N(C)C)[C@H]2O)[C@@H](CC=O)C[C@@H](C)C(=O)/C=C/C(C)=C/[C@@H]1CO[C@@H]1O[C@H](C)[C@@H](O)[C@@H](OC)[C@H]1OC.O=C(O)[C@H](O)[C@@H](O)C(=O)O,CO,313.15,2,-0.8062456693665634,0.07060200419787588,-0.8561688253002425,-0.7563225134328843,0.09984631186735826
CC[C@H]1OC(=O)C[C@@H](O)[C@H](C)[C@@H](O[C@@H]2O[C@H](C)[C@@H](O[C@H]3C[C@@](C)(O)[C@@H](O)[C@H](C)O3)[C@H](N(C)C)[C@H]2O)[C@@H](CC=O)C[C@@H](C)C(=O)/C=C/C(C)=C/[C@@H]1CO[C@@H]1O[C@H](C)[C@@H](O)[C@@H](OC)[C@H]1OC.O=C(O)[C@H](O)[C@@H](O)C(=O)O,CO,318.15,2,-0.7402388586240645,0.06788116986519684,-0.7882380941506211,-0.6922396230975079,0.09599847105311321
CC[C@H]1OC(=O)C[C@@H](O)[C@H](C)[C@@H](O[C@@H]2O[C@H](C)[C@@H](O[C@H]3C[C@@](C)(O)[C@@H](O)[C@H](C)O3)[C@H](N(C)C)[C@H]2O)[C@@H](CC=O)C[C@@H](C)C(=O)/C=C/C(C)=C/[C@@H]1CO[C@@H]1O[C@H](C)[C@@H](O)[C@@H](OC)[C@H]1OC.O=C(O)[C@H](O)[C@@H](O)C(=O)O,CO,323.15,2,-0.6727754196792077,0.07159394194191221,-0.7233999815182098,-0.6221508578402056,0.1012491236780042
CCc1ccc(CCOc2ccc(CC3SC(=O)NC3=O)cc2)nc1.Cl,CO,283.15,2,-0.8966291294578421,0.014656879211148919,-0.9069931081390776,-0.8862651507766065,0.020727957362471128
CCc1ccc(CCOc2ccc(CC3SC(=O)NC3=O)cc2)nc1.Cl,CO,293.15,2,-0.7317525175212289,0.006481244596367374,-0.736335449525849,-0.7271695855166088,0.009165864009240132
CCc1ccc(CCOc2ccc(CC3SC(=O)NC3=O)cc2)nc1.Cl,CO,303.15,2,-0.6007490880145272,0.003960858745016826,-0.6035498380924507,-0.5979483379366038,0.005601500155846817
CCc1ccc(CCOc2ccc(CC3SC(=O)NC3=O)cc2)nc1.Cl,CO,313.15,2,-0.4452578476883924,0.011510382483425475,-0.4533969171964734,-0.4371187781803114,0.016278139016161985
CCc1ccc(CCOc2ccc(CC3SC(=O)NC3=O)cc2)nc1.Cl,CO,323.15,2,-0.2783338517048337,0.01781956320029277,-0.290934185681543,-0.2657335177281245,0.02520066795341852
CN(C)CCC=C1c2ccccc2CCc2ccccc21.Cl,CCCCO,298.15,2,-0.32992339335611415,0.011377350666794859,-0.3379683951645421,-0.3218783915476862,0.016090003616855864
CN(C)CCC=C1c2ccccc2CCc2ccccc21.Cl,CCCCO,313.15,2,-0.04043546855370935,0.016257363099871164,-0.0519311602458402,-0.0289397768615785,0.0229913833842617
CN(C)CCC=C1c2ccccc2CCc2ccccc21.Cl,CN(C)C=O,288.15,2,-0.34217521825173014,0.032473417914592774,-0.3651373922674434,-0.3192130442360169,0.04592434803142653
CN(C/C=C/C#CC(C)(C)C)Cc1cccc2ccccc12.Cl,CCCO,283.15,2,-0.5662760467491657,0.008587455592647796,-0.5723482948318652,-0.560203798666466,0.012144496165399254
CN(C/C=C/C#CC(C)(C)C)Cc1cccc2ccccc12.Cl,CCCO,288.15,2,-0.5321053167122687,0.0005868255233581442,-0.5325202650192086,-0.5316903684053288,0.000829896613879777
CN(C/C=C/C#CC(C)(C)C)Cc1cccc2ccccc12.Cl,CCCO,293.15,2,-0.5004065367224098,0.007217339976660551,-0.5055099667620352,-0.4953031066827843,0.010206860079250868
CN(C/C=C/C#CC(C)(C)C)Cc1cccc2ccccc12.Cl,CCCO,298.15,2,-0.45481396052445844,0.03053250327217815,-0.476403700634816,-0.4332242204141008,0.043179480220715216
CN(C/C=C/C#CC(C)(C)C)Cc1cccc2ccccc12.Cl,CCCO,303.15,2,-0.38259407988010935,0.09217466471593419,-0.4477714103543428,-0.3174167494058759,0.13035466094846693
CN(C/C=C/C#CC(C)(C)C)Cc1cccc2ccccc12.Cl,CCCO,308.15,2,-0.3256013280059322,0.1340830171454381,-0.4204123386714236,-0.2307903173404408,0.18962202133098277
CN(C/C=C/C#CC(C)(C)C)Cc1cccc2ccccc12.Cl,CCCO,313.15,2,-0.26763820491462786,0.17478610660759747,-0.3912306461540549,-0.1440457636752009,0.247184882478854
CN(C/C=C/C#CC(C)(C)C)Cc1cccc2ccccc12.Cl,CCO,283.15,2,-0.4457552670064546,0.013294181873268984,-0.4551556731593704,-0.4363548608535388,0.018800812305831582
CN(C/C=C/C#CC(C)(C)C)Cc1cccc2ccccc12.Cl,CCO,288.15,2,-0.4006806723448529,0.010164967086379062,-0.4078683895021696,-0.3934929551875362,0.014375434314633395
CN(C/C=C/C#CC(C)(C)C)Cc1cccc2ccccc12.Cl,CCO,293.15,2,-0.35777775646779286,0.01047212071953707,-0.3651826640419817,-0.3503728488936041,0.014809815148377592
CN(C/C=C/C#CC(C)(C)C)Cc1cccc2ccccc12.Cl,CCO,298.15,2,-0.29522189569376767,0.02125003413804023,-0.3102479389332215,-0.2801958524543138,0.030052086478907725
CN(C/C=C/C#CC(C)(C)C)Cc1cccc2ccccc12.Cl,CCO,303.15,2,-0.24450798404017088,0.03191948671083751,-0.267078469545398,-0.2219374985349438,0.045140971010454195
CN(C/C=C/C#CC(C)(C)C)Cc1cccc2ccccc12.Cl,CCO,308.15,2,-0.18070012196608595,0.0607526267970919,-0.2236587163492052,-0.1377415275829667,0.0859171887662385
CN(C/C=C/C#CC(C)(C)C)Cc1cccc2ccccc12.Cl,CCO,313.15,2,-0.12097715115408425,0.08470783520802315,-0.18087463584931,-0.0610796664588585,0.11979496939045149
CN(Cc1ccccc1)CN1C(=O)C(=NNC(=O)c2ccccc2OCc2ccccc2)c2ccccc21,O,298.15,2,-4.219563477011588,0.011270729469246196,-4.2275330862482114,-4.211593867774965,0.015939218473246086
CN(Cc1ccccc1)CN1C(=O)C(=NNC(=O)c2ccccc2OCc2ccccc2)c2ccccc21,O,303.15,2,-4.084350434053976,0.004122115995581878,-4.087265210227288,-4.081435657880662,0.005829552346626521
CN(Cc1ccccc1)CN1C(=O)C(=NNC(=O)c2ccccc2OCc2ccccc2)c2ccccc21,O,308.15,2,-3.9772243886859746,0.006431505430537429,-3.9817721497891454,-3.9726766275828034,0.009095522206342022
CN(Cc1ccccc1)CN1C(=O)C(=NNC(=O)c2ccccc2OCc2ccccc2)c2ccccc21,O,313.15,2,-3.874358732483314,0.008865164986037021,-3.8806273507612783,-3.8680901142053496,0.012537236555928644
CN(Cc1ccccc1)CN1C(=O)C(=NNC(=O)c2ccccc2OCc2ccccc2)c2ccccc21,O,318.15,2,-3.7849668101689655,0.0030863927114366577,-3.787149219384627,-3.782784400953304,0.00436481843132297
CN1C(=O)CN=C(c2ccccc2)c2cc(Cl)ccc21,O,303.2,2,-3.8485493974558858,0.2719370524658521,-4.040837931310372,-3.6562608636014,0.38457706770897193
CN1C(C(=O)Nc2ccccn2)=C(O)c2sc(Cl)cc2S1(=O)=O,CCO,298.15,2,-3.748411182947895,0.13301934547528713,-3.8424700641624665,-3.654352301733323,0.18811776242914346
CN1C(C(=O)Nc2ccccn2)=C(O)c2sc(Cl)cc2S1(=O)=O,O,298.15,3,-3.789111972713922,0.008103483099015124,-3.7945180712739854,-3.779794771023703,0.014723300250282456
CN1C(C(=O)Nc2ccccn2)=C(O)c2sc(Cl)cc2S1(=O)=O,O,303.15,2,-3.643156262298482,0.0007462794362241479,-3.643683961548496,-3.642628563048468,0.0010553985000281152
CN1C(C(=O)Nc2ccccn2)=C(O)c2sc(Cl)cc2S1(=O)=O,O,308.15,2,-3.512394659103604,0.00551351046051949,-3.5162932997383805,-3.508496018468828,0.007797281269552592
CN1C(C(=O)Nc2ccccn2)=C(O)c2sc(Cl)cc2S1(=O)=O,O,313.15,2,-3.3933467925220877,0.005857572111006772,-3.39748872148307,-3.3892048635611056,0.008283857921964177
CN1C(C(=O)Nc2ccccn2)=C(O)c2sc(Cl)cc2S1(=O)=O,O,323.15,2,-3.183490445884183,0.002569858034003377,-3.185307609926713,-3.181673281841652,0.0036343280850608117
CN1C(C(=O)Nc2ccccn2)=C(O)c2sccc2S1(=O)=O,O,298.15,2,-3.642019602565579,0.0014907497158494092,-3.643073721798708,-3.64096548333245,0.002108238466258072
CN1C(C(=O)Nc2ccccn2)=C(O)c2sccc2S1(=O)=O,O,303.15,2,-3.551236292269863,0.0018117700619421856,-3.552517407166613,-3.5499551773731124,0.0025622297935004035
CN1C(C(=O)Nc2ccccn2)=C(O)c2sccc2S1(=O)=O,O,308.15,2,-3.4426866807671432,0.0075133920469249195,-3.447999451233237,-3.437373910301049,0.010625540932187594
CN1C(C(=O)Nc2ccccn2)=C(O)c2sccc2S1(=O)=O,O,313.15,2,-3.334246291417145,0.005842652442818978,-3.3383776705795785,-3.330114912254712,0.00826275832486667
CN1C(C(=O)Nc2ccccn2)=C(O)c2sccc2S1(=O)=O,O,323.15,2,-3.117850141679336,0.004418735828426915,-3.1209746597478887,-3.1147256236107834,0.006249036137105257
CN1CCN(C(=O)O[C@H]2c3nccnc3C(=O)N2c2ccc(Cl)cn2)CC1,CC(C)=O,288.15,2,-1.7489057542759427,0.0007104166067466759,-1.7494080946760409,-1.7484034138758446,0.0010046808001962226
CN1CCN(C(=O)O[C@H]2c3nccnc3C(=O)N2c2ccc(Cl)cn2)CC1,CC(C)=O,293.15,2,-1.6854369360466688,0.005889379243402067,-1.6896013560466576,-1.6812725160466797,0.00832883999997791
CN1CCN(C(=O)O[C@H]2c3nccnc3C(=O)N2c2ccc(Cl)cn2)CC1,CC(C)=O,298.15,2,-1.589665933225188,0.0,-1.589665933225188,-1.589665933225188,0.0
CN1CCN(C(=O)O[C@H]2c3nccnc3C(=O)N2c2ccc(Cl)cn2)CC1,CC(C)=O,303.15,2,-1.5108076654126081,0.001475612753588312,-1.5118510811970758,-1.5097642496281405,0.002086831568935299
CN1CCN(C(=O)O[C@H]2c3nccnc3C(=O)N2c2ccc(Cl)cn2)CC1,CC(C)=O,308.15,2,-1.4438755684031352,0.0011425705991331872,-1.4446834878217667,-1.4430676489845038,0.0016158388372629062
CN1CCN(C(=O)O[C@H]2c3nccnc3C(=O)N2c2ccc(Cl)cn2)CC1,CC(C)=O,313.15,2,-1.3739149090362024,0.0021253299882187013,-1.3754177442831308,-1.3724120737892738,0.0030056704938570267
CN1CCN(C(=O)O[C@H]2c3nccnc3C(=O)N2c2ccc(Cl)cn2)CC1,CC(C)=O,318.15,2,-1.3123163634946189,0.0004162509865400644,-1.312610697389877,-1.312022029599361,0.0005886677905160287
CN1CCN(C(=O)O[C@H]2c3nccnc3C(=O)N2c2ccc(Cl)cn2)CC1,CCO,288.15,2,-2.432499031782646,0.04292906927578654,-2.4628544677775817,-2.4021435957877104,0.06071087198987124
CN1CCN(C(=O)O[C@H]2c3nccnc3C(=O)N2c2ccc(Cl)cn2)CC1,CCO,293.15,2,-2.302217567814231,0.019007006220027673,-2.315657550802467,-2.2887775848259944,0.026879965976472686
CN1CCN(C(=O)O[C@H]2c3nccnc3C(=O)N2c2ccc(Cl)cn2)CC1,CCO,298.15,2,-2.1889549905034427,0.032367720238043775,-2.211842424975312,-2.1660675560315727,0.04577486894373939
CN1CCN(C(=O)O[C@H]2c3nccnc3C(=O)N2c2ccc(Cl)cn2)CC1,CCO,303.15,2,-2.1523642448297386,0.022932001517185836,-2.168579618608721,-2.1361488710507563,0.0324307475579646
CN1CCN(C(=O)O[C@H]2c3nccnc3C(=O)N2c2ccc(Cl)cn2)CC1,CCO,308.15,2,-2.0631225340780395,0.015575467422954807,-2.074136052712961,-2.0521090154431176,0.02202703726984323
CN1CCN(C(=O)O[C@H]2c3nccnc3C(=O)N2c2ccc(Cl)cn2)CC1,CCO,313.15,2,-1.9391660506650301,0.01254473583453019,-1.9480365184418205,-1.93029558288824,0.017740935553580472
CN1CCN(C(=O)O[C@H]2c3nccnc3C(=O)N2c2ccc(Cl)cn2)CC1,CCO,318.15,2,-1.8357791048027392,0.017206912081130794,-1.8479462290185875,-1.823611980586891,0.024334248431696626
CN1CCN(C(=O)O[C@H]2c3nccnc3C(=O)N2c2ccc(Cl)cn2)CC1,CCO,323.15,2,-1.7812071120859447,0.0012320632017844171,-1.782078312330777,-1.7803359118411126,0.001742400489664453
CN1CCN(C(=O)O[C@H]2c3nccnc3C(=O)N2c2ccc(Cl)cn2)CC1,CCO,328.15,2,-1.704055883389075,0.0005128628697119872,-1.704418532202067,-1.703693234576083,0.000725297625984167
CN1CCN(C2=Nc3cc(Cl)ccc3Nc3ccccc32)CC1,CC(C)=O,283.15,2,-0.8447284471076568,0.160585735246313,-0.9582797094621524,-0.7311771847531614,0.22710252470899095
CN1CCN(C2=Nc3cc(Cl)ccc3Nc3ccccc32)CC1,CC(C)=O,288.15,2,-0.787410511160809,0.1560945733123286,-0.8977860424563772,-0.6770349798652406,0.22075106259113653
CN1CCN(C2=Nc3cc(Cl)ccc3Nc3ccccc32)CC1,CC(C)=O,293.15,2,-0.6993802917215213,0.10798353141310144,-0.7757361790401959,-0.6230244044028467,0.1527117746373492
CN1CCN(C2=Nc3cc(Cl)ccc3Nc3ccccc32)CC1,CC(C)=O,298.15,2,-0.642062829136244,0.10864443607179401,-0.7188860466207979,-0.5652396116516901,0.1536464349691078
CN1CCN(C2=Nc3cc(Cl)ccc3Nc3ccccc32)CC1,CC(C)=O,303.15,2,-0.5825354396410655,0.0972127013033926,-0.6512751999501567,-0.5137956793319742,0.13747952061818247
CN1CCN(C2=Nc3cc(Cl)ccc3Nc3ccccc32)CC1,CC(C)=O,308.15,2,-0.5389140912584216,0.10468312596536707,-0.6129362395043382,-0.4648919430125049,0.14804429649183326
CN1CCN(C2=Nc3cc(Cl)ccc3Nc3ccccc32)CC1,CC(C)=O,313.15,2,-0.49110330854247564,0.1084974335260879,-0.5678225795301091,-0.4143840375548422,0.15343854197526685
CN1CCN(C2=Nc3cc(Cl)ccc3Nc3ccccc32)CC1,CC(C)=O,318.15,2,-0.4294265384623974,0.09965401333919771,-0.4998925670669988,-0.3589605098577961,0.1409320572092027
CN1CCN(C2=Nc3cc(Cl)ccc3Nc3ccccc32)CC1,CC(C)=O,323.15,2,-0.36916386370254206,0.08448402447244042,-0.4289030903089349,-0.3094246370961492,0.11947845321278572
CN1CCN(C2=Nc3cc(Cl)ccc3Nc3ccccc32)CC1,CC(C)O,283.15,2,-1.4067952353718258,0.05202836253334034,-1.4435848433331828,-1.3700056274104686,0.07357921592271421
CN1CCN(C2=Nc3cc(Cl)ccc3Nc3ccccc32)CC1,CC(C)O,288.15,2,-1.3759035715928762,0.08564675445587526,-1.4364649724552447,-1.3153421707305075,0.12112280172473722
CN1CCN(C2=Nc3cc(Cl)ccc3Nc3ccccc32)CC1,CC(C)O,293.15,2,-1.3349388157701887,0.10725701074811113,-1.4107809753999765,-1.259096656140401,0.1516843192595756
CN1CCN(C2=Nc3cc(Cl)ccc3Nc3ccccc32)CC1,CC(C)O,298.15,2,-1.283078481775124,0.1224328905259681,-1.3696516089063062,-1.1965053546439417,0.17314625426236452
CN1CCN(C2=Nc3cc(Cl)ccc3Nc3ccccc32)CC1,CC(C)O,303.15,2,-1.2320329891452717,0.1156778649165564,-1.3138295918609502,-1.1502363864295932,0.16359320543135691
CN1CCN(C2=Nc3cc(Cl)ccc3Nc3ccccc32)CC1,CC(C)O,308.15,2,-1.1723167179291991,0.10383094533275739,-1.2457362834710015,-1.0988971523873965,0.14683913108360502
CN1CCN(C2=Nc3cc(Cl)ccc3Nc3ccccc32)CC1,CC(C)O,313.15,2,-1.1195768335338083,0.09871839170049751,-1.18938127773306,-1.0497723893345567,0.13960888839850316
CN1CCN(C2=Nc3cc(Cl)ccc3Nc3ccccc32)CC1,CC(C)O,318.15,2,-1.060630361931131,0.08598335419522034,-1.121429774751736,-0.999830949110526,0.12159882564121016
CN1CCN(C2=Nc3cc(Cl)ccc3Nc3ccccc32)CC1,CC(C)O,323.15,2,-1.0152336161574493,0.10208648692030116,-1.087419663326306,-0.9430475689885924,0.14437209433771359
CN1CCN(C2=Nc3cc(Cl)ccc3Nc3ccccc32)CC1,CCCCCO,278.15,2,-1.1128377219887786,0.06366470671586331,-1.1578554678298183,-1.067819976147739,0.09003549168207936
CN1CCN(C2=Nc3cc(Cl)ccc3Nc3ccccc32)CC1,CCCCCO,283.15,2,-1.0434692765412383,0.037601462489321544,-1.0700575256499694,-1.0168810274325075,0.05317649821746184
CN1CCN(C2=Nc3cc(Cl)ccc3Nc3ccccc32)CC1,CCCCCO,288.15,2,-0.9834098222988938,0.022721594263205386,-0.9994764156817758,-0.967343228916012,0.03213318676576382
CN1CCN(C2=Nc3cc(Cl)ccc3Nc3ccccc32)CC1,CCCCCO,293.15,2,-0.9333116119716025,0.01871609480505304,-0.9465458895255858,-0.9200773344176192,0.02646855510796664
CN1CCN(C2=Nc3cc(Cl)ccc3Nc3ccccc32)CC1,CCCCCO,298.15,2,-0.8869386922030681,0.017019460573980665,-0.8989732681870669,-0.8749041162190693,0.024069151967997637
CN1CCN(C2=Nc3cc(Cl)ccc3Nc3ccccc32)CC1,CCCCCO,303.15,2,-0.8399202508082397,0.013446947847616585,-0.8494286788175514,-0.8304118227989282,0.01901685601862313
CN1CCN(C2=Nc3cc(Cl)ccc3Nc3ccccc32)CC1,CCCCCO,308.15,2,-0.7892289889052271,0.005355335965828118,-0.7930157832821964,-0.7854421945282578,0.007573588753938543
CN1CCN(C2=Nc3cc(Cl)ccc3Nc3ccccc32)CC1,CCCCCO,313.15,2,-0.7374993611182235,0.015370364299271293,-0.7483678499435458,-0.726630872292901,0.02173697765064475
CN1CCN(C2=Nc3cc(Cl)ccc3Nc3ccccc32)CC1,CCCCCO,318.15,2,-0.68604001800423,0.029426596005573166,-0.7068477635870077,-0.6652322724214522,0.04161549116555552
CN1CCN(C2=Nc3cc(Cl)ccc3Nc3ccccc32)CC1,CCCCCO,323.15,2,-0.642604410080958,0.04242060284359904,-0.6726003060136883,-0.6126085141482278,0.05999179186546044
CN1CCN(C2=Nc3cc(Cl)ccc3Nc3ccccc32)CC1,CCCCO,278.15,2,-1.0974267324134817,0.06539927395132757,-1.143671002509142,-1.0511824623178212,0.09248854019132091
CN1CCN(C2=Nc3cc(Cl)ccc3Nc3ccccc32)CC1,CCCCO,283.15,2,-1.0383009888556138,0.04864291810577846,-1.0726967261049118,-1.003905251606316,0.0687914744985958
CN1CCN(C2=Nc3cc(Cl)ccc3Nc3ccccc32)CC1,CCCCO,288.15,2,-0.9894164777072312,0.05017495148919129,-1.0248955261509445,-0.953937429263518,0.07095809688742649
CN1CCN(C2=Nc3cc(Cl)ccc3Nc3ccccc32)CC1,CCCCO,293.15,2,-0.937393904793191,0.04551475936360889,-0.9695776997832728,-0.9052101098031092,0.06436758998016356
CN1CCN(C2=Nc3cc(Cl)ccc3Nc3ccccc32)CC1,CCCCO,298.15,2,-0.8822616637553395,0.037006376739533706,-0.908429123695008,-0.8560942038156711,0.052334919879336805
CN1CCN(C2=Nc3cc(Cl)ccc3Nc3ccccc32)CC1,CCCCO,303.15,2,-0.8309100892005735,0.027286488707580627,-0.8502045504004739,-0.8116156280006731,0.03858892239980083
CN1CCN(C2=Nc3cc(Cl)ccc3Nc3ccccc32)CC1,CCCCO,308.15,2,-0.7861212380659515,0.019367596557152693,-0.7998161969267993,-0.7724262792051035,0.027389917721695745
CN1CCN(C2=Nc3cc(Cl)ccc3Nc3ccccc32)CC1,CCCCO,313.15,2,-0.7373476535823883,0.013760015870471393,-0.7470774541136331,-0.7276178530511435,0.019459601062489673
CN1CCN(C2=Nc3cc(Cl)ccc3Nc3ccccc32)CC1,CCCCO,318.15,2,-0.6841064891687559,0.0037826480880914083,-0.6867812252826877,-0.6814317530548242,0.005349472227863528
CN1CCN(C2=Nc3cc(Cl)ccc3Nc3ccccc32)CC1,CCCCO,323.15,2,-0.6374980266767953,0.01269974740563917,-0.6464781041866791,-0.6285179491669116,0.017960155019767443
CN1CCN(C2=Nc3cc(Cl)ccc3Nc3ccccc32)CC1,CCCO,278.15,2,-1.058540775637866,0.06310989910717914,-1.1031662132565512,-1.0139153380191808,0.08925087523737041
CN1CCN(C2=Nc3cc(Cl)ccc3Nc3ccccc32)CC1,CCCO,283.15,3,-1.0294862010815022,0.06513422479943087,-1.0760862225354928,-0.9550608958263724,0.12102532670912036
CN1CCN(C2=Nc3cc(Cl)ccc3Nc3ccccc32)CC1,CCCO,288.15,3,-0.9942372698745402,0.08799889693176945,-1.0776014569686954,-0.9022400186331236,0.17536143833557172
CN1CCN(C2=Nc3cc(Cl)ccc3Nc3ccccc32)CC1,CCCO,293.15,3,-0.9478462589767166,0.09950909054490191,-1.0457712214887287,-0.8468252972507693,0.19894592423795943
CN1CCN(C2=Nc3cc(Cl)ccc3Nc3ccccc32)CC1,CCCO,298.15,3,-0.8992728756873422,0.09899144083320914,-0.9956108797743032,-0.7978258567453297,0.1977850230289735
CN1CCN(C2=Nc3cc(Cl)ccc3Nc3ccccc32)CC1,CCCO,303.15,3,-0.8530255572507978,0.11484484519203242,-0.9746653736236868,-0.7464655706674017,0.22819980295628506
CN1CCN(C2=Nc3cc(Cl)ccc3Nc3ccccc32)CC1,CCCO,308.15,3,-0.8102683064815214,0.12061658189279444,-0.9408614350033684,-0.7030499589252936,0.23781147607807473
CN1CCN(C2=Nc3cc(Cl)ccc3Nc3ccccc32)CC1,CCCO,313.15,3,-0.7360184809735496,0.09400426574057678,-0.841243769979187,-0.6603292055926101,0.18091456438657694
CN1CCN(C2=Nc3cc(Cl)ccc3Nc3ccccc32)CC1,CCCO,318.15,3,-0.6811563891858397,0.08528559717376412,-0.7769504659224781,-0.613479203398534,0.16347126252394406
CN1CCN(C2=Nc3cc(Cl)ccc3Nc3ccccc32)CC1,CCCO,323.15,3,-0.6325668503545799,0.0851016602153608,-0.7290631857428808,-0.5682365337405201,0.16082665200236068
CN1CCN(C2=Nc3cc(Cl)ccc3Nc3ccccc32)CC1,CCO,278.15,2,-1.0590550759571418,0.041079717690327436,-1.0881028229052014,-1.0300073290090823,0.05809549389611912
CN1CCN(C2=Nc3cc(Cl)ccc3Nc3ccccc32)CC1,CCO,283.15,3,-1.007568118380824,0.021545624333580204,-1.0309401449540316,-0.9884979864386376,0.04244215851539401
CN1CCN(C2=Nc3cc(Cl)ccc3Nc3ccccc32)CC1,CCO,288.15,3,-0.9788409963287359,0.032236259465258196,-0.9974902059872894,-0.9416177955017224,0.055872410485567015
CN1CCN(C2=Nc3cc(Cl)ccc3Nc3ccccc32)CC1,CCO,293.15,3,-0.9360890666751924,0.034222677055563755,-0.957060756286007,-0.8965974844890505,0.06046327179695643
CN1CCN(C2=Nc3cc(Cl)ccc3Nc3ccccc32)CC1,CCO,298.15,3,-0.894068570102827,0.03385867669585635,-0.9190293120422376,-0.8555280569813579,0.06350125506087967
CN1CCN(C2=Nc3cc(Cl)ccc3Nc3ccccc32)CC1,CCO,303.15,3,-0.8529342839561066,0.032984193170256165,-0.8827311834556413,-0.8174915993884214,0.06523958406721986
CN1CCN(C2=Nc3cc(Cl)ccc3Nc3ccccc32)CC1,CCO,308.15,3,-0.8093784827805376,0.03629099360431657,-0.8468428201076929,-0.7743873538714096,0.0724554662362833
CN1CCN(C2=Nc3cc(Cl)ccc3Nc3ccccc32)CC1,CCO,313.15,3,-0.7704698523713419,0.045718096688019676,-0.8226714501755359,-0.7375580876939675,0.08511336248156842
CN1CCN(C2=Nc3cc(Cl)ccc3Nc3ccccc32)CC1,CCO,318.15,3,-0.7168609549310294,0.0370553444656074,-0.7596356151725928,-0.6945544488864273,0.06508116628616556
CN1CCN(C2=Nc3cc(Cl)ccc3Nc3ccccc32)CC1,CCO,323.15,3,-0.6778884256745809,0.041166759829396764,-0.7250950012244658,-0.6494522781364144,0.07564272308805142
CN1CCN(C2=Nc3cc(Cl)ccc3Nc3ccccc32)CC1,CCOC(C)=O,278.15,2,-0.9835745044091464,0.060279934251591234,-1.0261988546879257,-0.940950154130367,0.08524870055755873
CN1CCN(C2=Nc3cc(Cl)ccc3Nc3ccccc32)CC1,CCOC(C)=O,283.15,2,-0.9381321731325549,0.05831341238644377,-0.9793659824651368,-0.8968983637999729,0.08246761866516394
CN1CCN(C2=Nc3cc(Cl)ccc3Nc3ccccc32)CC1,CCOC(C)=O,288.15,2,-0.8883358574960626,0.0512971989028153,-0.9246084546961184,-0.8520632602960068,0.07254519440011165
CN1CCN(C2=Nc3cc(Cl)ccc3Nc3ccccc32)CC1,CCOC(C)=O,293.15,2,-0.8404880350792941,0.053148488021134706,-0.8780696913688505,-0.8029063787897378,0.07516331257911268
CN1CCN(C2=Nc3cc(Cl)ccc3Nc3ccccc32)CC1,CCOC(C)=O,298.15,2,-0.7910063966122816,0.045700141225097655,-0.8233212763737311,-0.7586915168508321,0.06462975952289896
CN1CCN(C2=Nc3cc(Cl)ccc3Nc3ccccc32)CC1,CCOC(C)=O,303.15,2,-0.7456970065552736,0.05405320402688441,-0.7839183936675436,-0.7074756194430036,0.07644277422453993
CN1CCN(C2=Nc3cc(Cl)ccc3Nc3ccccc32)CC1,CCOC(C)=O,308.15,2,-0.7011646981132376,0.04480777977910842,-0.7328485830449586,-0.6694808131815165,0.06336776986344206
CN1CCN(C2=Nc3cc(Cl)ccc3Nc3ccccc32)CC1,CCOC(C)=O,313.15,2,-0.6570223809308053,0.041819050186412104,-0.686592914900398,-0.6274518469612128,0.059141067939185166
CN1CCN(C2=Nc3cc(Cl)ccc3Nc3ccccc32)CC1,CCOC(C)=O,318.15,2,-0.6068040330983815,0.030125464732421173,-0.6281059534970728,-0.5855021126996903,0.04260384079738244
CN1CCN(C2=Nc3cc(Cl)ccc3Nc3ccccc32)CC1,CCOC(C)=O,323.15,2,-0.5597550830200341,0.021002643956140037,-0.5746061949842673,-0.5449039710558008,0.029702223928466553
CN1CCN(C2=Nc3cc(Cl)ccc3Nc3ccccc32)CC1,CN(C)C=O,283.15,2,0.10542804536205569,0.08409938454241038,0.0459608002585022,0.1648952904656092,0.11893449020710699
CN1CCN(C2=Nc3cc(Cl)ccc3Nc3ccccc32)CC1,CN(C)C=O,288.15,2,0.13445630140970005,0.07714397157561388,0.0799072759809212,0.1890053268384789,0.1090980508575577
CN1CCN(C2=Nc3cc(Cl)ccc3Nc3ccccc32)CC1,CN(C)C=O,293.15,2,0.15838785392123644,0.07568483471330156,0.1048705940624779,0.211905113779995,0.1070345197175171
CN1CCN(C2=Nc3cc(Cl)ccc3Nc3ccccc32)CC1,CN(C)C=O,298.15,2,0.17979931492981444,0.07718814970481408,0.125219050846298,0.2343795790133309,0.1091605281670329
CN1CCN(C2=Nc3cc(Cl)ccc3Nc3ccccc32)CC1,CN(C)C=O,303.15,2,0.20838093757728887,0.06801852315007438,0.1602845786115771,0.2564772965430006,0.0961927179314235
CN1CCN(C2=Nc3cc(Cl)ccc3Nc3ccccc32)CC1,CN(C)C=O,308.15,2,0.24050573099403186,0.05239434901868225,0.2034573315070669,0.2775541304809968,0.0740967989739299
CN1CCN(C2=Nc3cc(Cl)ccc3Nc3ccccc32)CC1,CN(C)C=O,313.15,2,0.27317708722631473,0.03562784476358292,0.2479843965949236,0.2983697778577058,0.05038538126278219
CN1CCN(C2=Nc3cc(Cl)ccc3Nc3ccccc32)CC1,CN(C)C=O,318.15,2,0.30296480762200095,0.0212910682387833,0.2879097488916518,0.3180198663523502,0.030110117460698416
CN1CCN(C2=Nc3cc(Cl)ccc3Nc3ccccc32)CC1,CN(C)C=O,323.15,2,0.33388376132981146,0.00712864409282154,0.3288430487511119,0.338924473908511,0.010081425157399071
CN1CCN(C2=Nc3cc(Cl)ccc3Nc3ccccc32)CC1,CO,283.15,2,-0.7740985447107538,0.029704189947080413,-0.7951025788519877,-0.75309451056952,0.042008068282467614
CN1CCN(C2=Nc3cc(Cl)ccc3Nc3ccccc32)CC1,CO,288.15,2,-0.7541221631283082,0.051841648705543086,-0.7907797444758885,-0.7174645817807279,0.07331516269516059
CN1CCN(C2=Nc3cc(Cl)ccc3Nc3ccccc32)CC1,CO,293.15,2,-0.7157990755803079,0.050610300559748266,-0.7515859623039952,-0.6800121888566206,0.07157377344737459
CN1CCN(C2=Nc3cc(Cl)ccc3Nc3ccccc32)CC1,CO,298.15,2,-0.6767303459779193,0.04954887651391374,-0.7117666925610825,-0.6416939993947559,0.07007269316632658
CN1CCN(C2=Nc3cc(Cl)ccc3Nc3ccccc32)CC1,CO,303.15,2,-0.6364571634586129,0.039372109524660796,-0.66429744909312,-0.6086168778241059,0.055680571269014156
CN1CCN(C2=Nc3cc(Cl)ccc3Nc3ccccc32)CC1,CO,308.15,2,-0.5982534292005988,0.0337724022287286,-0.6221341238334924,-0.5743727345677051,0.047761389265787324
CN1CCN(C2=Nc3cc(Cl)ccc3Nc3ccccc32)CC1,CO,313.15,2,-0.5682879810587189,0.04700554868038273,-0.6015259232840119,-0.5350500388334258,0.06647588445058605
CN1CCN(C2=Nc3cc(Cl)ccc3Nc3ccccc32)CC1,CO,318.15,2,-0.5414845648121409,0.05522692460249347,-0.5805358977026422,-0.5024332319216397,0.07810266578100256
CN1CCN(C2=Nc3cc(Cl)ccc3Nc3ccccc32)CC1,CO,323.15,2,-0.5095067931113408,0.053752819168543575,-0.5475157760533123,-0.4714978101693695,0.07601796588394277
CN1CCN(C2=Nc3cc(Cl)ccc3Nc3ccccc32)CC1,COC(C)=O,278.15,2,-0.944783385614794,0.21693258370350738,-1.0981778866118623,-0.7913888846177256,0.3067890019941367
CN1CCN(C2=Nc3cc(Cl)ccc3Nc3ccccc32)CC1,COC(C)=O,283.15,2,-0.8888607090077876,0.2146594730453393,-1.040647878044078,-0.7370735399714973,0.3035743380725807
CN1CCN(C2=Nc3cc(Cl)ccc3Nc3ccccc32)CC1,COC(C)=O,288.15,2,-0.8420399029085089,0.2117123217270845,-0.9917431212624784,-0.6923366845545394,0.299406436707939
CN1CCN(C2=Nc3cc(Cl)ccc3Nc3ccccc32)CC1,COC(C)=O,293.15,2,-0.7877318339096768,0.19067102275526374,-0.9225566070756984,-0.6529070607436553,0.2696495463320431
CN1CCN(C2=Nc3cc(Cl)ccc3Nc3ccccc32)CC1,COC(C)=O,298.15,2,-0.739278228380975,0.1750046928467148,-0.8630252334323559,-0.6155312233295941,0.24749401010276184
CN1CCN(C2=Nc3cc(Cl)ccc3Nc3ccccc32)CC1,COC(C)=O,303.15,2,-0.6896269555529411,0.16386814756392384,-0.8054992339158695,-0.5737546771900127,0.2317445567258568
CN1CCN(C2=Nc3cc(Cl)ccc3Nc3ccccc32)CC1,COC(C)=O,308.15,2,-0.643644009531542,0.14959026806090128,-0.7494203024769187,-0.5378677165861653,0.21155258589075343
CN1CCN(C2=Nc3cc(Cl)ccc3Nc3ccccc32)CC1,COC(C)=O,313.15,2,-0.5958563858637174,0.13431067552832493,-0.6908283753155421,-0.5008843964118928,0.18994397890364934
CN1CCN(C2=Nc3cc(Cl)ccc3Nc3ccccc32)CC1,COC(C)=O,318.15,2,-0.546527700909111,0.12227554091611613,-0.6329895650641498,-0.4600658367540721,0.17292372831007774
CN1CCN(C2=Nc3cc(Cl)ccc3Nc3ccccc32)CC1,COC(C)=O,323.15,2,-0.4948562769297076,0.10060557143671676,-0.5659951587177576,-0.4237173951416575,0.1422777635761001
CN1COCN(Cc2cnc(Cl)s2)C1=N[N+](=O)[O-],C1COCCO1,288.15,2,-1.53202971348382,0.016866288959181436,-1.5439559807803092,-1.5201034461873313,0.02385253459297787
CN1COCN(Cc2cnc(Cl)s2)C1=N[N+](=O)[O-],C1COCCO1,293.15,2,-1.4246521702219996,0.017168021788291046,-1.4367917948480586,-1.4125125455959406,0.024279249252117996
CN1COCN(Cc2cnc(Cl)s2)C1=N[N+](=O)[O-],C1COCCO1,298.15,2,-1.3298172454354054,0.006791898304121814,-1.3346198427833793,-1.3250146480874314,0.009605194695947894
CN1COCN(Cc2cnc(Cl)s2)C1=N[N+](=O)[O-],C1COCCO1,303.15,2,-1.2264709247329528,0.016373741446902984,-1.2380489083434532,-1.2148929411224525,0.023155967221000662
CN1COCN(Cc2cnc(Cl)s2)C1=N[N+](=O)[O-],C1COCCO1,308.15,2,-1.1347313388947473,0.005189194158215202,-1.138400653272915,-1.13106202451658,0.007338628756335064
CN1COCN(Cc2cnc(Cl)s2)C1=N[N+](=O)[O-],C1COCCO1,313.15,2,-1.0463628465162538,0.011590338252826725,-1.0545584532910734,-1.0381672397414343,0.016391213549639128
CN1COCN(Cc2cnc(Cl)s2)C1=N[N+](=O)[O-],C1COCCO1,318.15,2,-0.9511022996665506,0.008588404266667167,-0.9571752185630824,-0.9450293807700187,0.012145837793063663
CN1COCN(Cc2cnc(Cl)s2)C1=N[N+](=O)[O-],C1COCCO1,323.15,2,-0.8611032563307995,0.014254362627080354,-0.8711826128059001,-0.8510238998556989,0.02015871295020122
CN1COCN(Cc2cnc(Cl)s2)C1=N[N+](=O)[O-],CC#N,278.15,2,-0.8695018164935122,0.013189099293105685,-0.8788279180414099,-0.8601757149456144,0.018652203095795516
CN1COCN(Cc2cnc(Cl)s2)C1=N[N+](=O)[O-],CC#N,283.15,2,-0.785732123595748,0.0099494269760591,-0.7927674308794398,-0.7786968163120562,0.014070614567383566
CN1COCN(Cc2cnc(Cl)s2)C1=N[N+](=O)[O-],CC#N,288.15,2,-0.6902972995735608,0.0029501886582534577,-0.6923833979795914,-0.6882112011675301,0.0041721968120612685
CN1COCN(Cc2cnc(Cl)s2)C1=N[N+](=O)[O-],CC#N,293.15,2,-0.6076029045774829,0.013135502263535092,-0.6168911073023199,-0.598314701852646,0.018576405449673872
CN1COCN(Cc2cnc(Cl)s2)C1=N[N+](=O)[O-],CC#N,298.15,2,-0.5248259461852182,0.024084565654339536,-0.5418563058813343,-0.5077955864891021,0.03406071939223221
CN1COCN(Cc2cnc(Cl)s2)C1=N[N+](=O)[O-],CC#N,303.15,2,-0.4402877432654436,0.02031941881491533,-0.4546557420992398,-0.4259197444316475,0.028735997667592328
CN1COCN(Cc2cnc(Cl)s2)C1=N[N+](=O)[O-],CC#N,308.15,2,-0.352653468569616,0.014336472185164002,-0.3627908852700378,-0.3425160518691942,0.020274833400843573
CN1COCN(Cc2cnc(Cl)s2)C1=N[N+](=O)[O-],CC#N,313.15,2,-0.26793225360797,0.011834690006992577,-0.2763006431651552,-0.2595638640507849,0.01673677911437027
CN1COCN(Cc2cnc(Cl)s2)C1=N[N+](=O)[O-],CC#N,318.15,2,-0.180995757669208,0.004503057707942382,-0.1841799003105684,-0.1778116150278476,0.00636828528272082
CN1COCN(Cc2cnc(Cl)s2)C1=N[N+](=O)[O-],CC#N,323.15,2,-0.0988996817697278,0.005673870962801373,-0.1029117144031021,-0.0948876491363535,0.008024065266748592
CN1COCN(Cc2cnc(Cl)s2)C1=N[N+](=O)[O-],CC(=O)N(C)C,278.15,2,-0.10632023835484365,0.01238782341360991,-0.1150797522947487,-0.0975607244149386,0.017519027879810106
CN1COCN(Cc2cnc(Cl)s2)C1=N[N+](=O)[O-],CC(=O)N(C)C,283.15,2,-0.0634704814448016,0.005553518848512506,-0.0673974122820321,-0.0595435506075711,0.007853861674460998
CN1COCN(Cc2cnc(Cl)s2)C1=N[N+](=O)[O-],CC(=O)N(C)C,288.15,2,-0.01961680443049325,0.006027343387276557,-0.0238787798121764,-0.0153548290488101,0.008523950763366298
CN1COCN(Cc2cnc(Cl)s2)C1=N[N+](=O)[O-],CC(=O)N(C)C,293.15,2,0.0261059123087984,0.005387675265948613,0.0222962505934151,0.0299155740241817,0.0076193234307666
CN1COCN(Cc2cnc(Cl)s2)C1=N[N+](=O)[O-],CC(=O)N(C)C,298.15,2,0.06828682800727545,0.00443877485070407,0.0651481402101823,0.0714255158043686,0.006277375594186299
CN1COCN(Cc2cnc(Cl)s2)C1=N[N+](=O)[O-],CC(=O)N(C)C,303.15,2,0.1117262405711558,0.0038284199961990083,0.1090191388306133,0.1144333423116983,0.005414203481084998
CN1COCN(Cc2cnc(Cl)s2)C1=N[N+](=O)[O-],CC(=O)N(C)C,308.15,2,0.159588867786368,0.0058372862672685525,0.1554612830830553,0.1637164524896807,0.008255169406625407
CN1COCN(Cc2cnc(Cl)s2)C1=N[N+](=O)[O-],CC(=O)N(C)C,313.15,2,0.20203784641164685,0.011078929932678602,0.1942038599279592,0.2098718328953345,0.01566797296737532
CN1COCN(Cc2cnc(Cl)s2)C1=N[N+](=O)[O-],CC(=O)N(C)C,318.15,2,0.2441735459878489,0.01254489881924747,0.2353029629634599,0.2530441290122379,0.017741166048777984
CN1COCN(Cc2cnc(Cl)s2)C1=N[N+](=O)[O-],CC(=O)N(C)C,323.15,2,0.28217153964508285,0.010814646871249306,0.2745244295062846,0.2898186497838811,0.015294220277596526
CN1COCN(Cc2cnc(Cl)s2)C1=N[N+](=O)[O-],CO,288.15,2,-1.5585836577279621,0.000829782652694692,-1.5591704026685935,-1.5579969127873308,0.001173489881262757
CN1COCN(Cc2cnc(Cl)s2)C1=N[N+](=O)[O-],CO,293.15,2,-1.4581689021521596,0.0006550071123806099,-1.4586320621230493,-1.4577057421812698,0.0009263199417794965
CN1COCN(Cc2cnc(Cl)s2)C1=N[N+](=O)[O-],CO,298.15,2,-1.3809792669996774,0.0007272179609871517,-1.381493487751292,-1.3804650462480628,0.0010284415032293381
CN1COCN(Cc2cnc(Cl)s2)C1=N[N+](=O)[O-],CO,303.15,2,-1.260041789165933,0.0006847262404857421,-1.2605259637338369,-1.2595576145980292,0.0009683491358076779
CN1COCN(Cc2cnc(Cl)s2)C1=N[N+](=O)[O-],CO,308.15,2,-1.14579695772461,0.00010477902230707637,-1.1458710476818097,-1.1457228677674107,0.0001481799143989715
CN1COCN(Cc2cnc(Cl)s2)C1=N[N+](=O)[O-],CO,313.15,2,-1.0172690540461375,0.0003104906697821265,-1.0174886041042357,-1.0170495039880396,0.00043910011619607836
CN1COCN(Cc2cnc(Cl)s2)C1=N[N+](=O)[O-],CO,318.15,2,-0.9319962978097146,6.350286612898623e-05,-0.9320412011169792,-0.93195139450245,8.980661452917538e-05
CN1COCN(Cc2cnc(Cl)s2)C1=N[N+](=O)[O-],CO,323.15,2,-0.8213836345751795,4.9057761301823646e-05,-0.8214183236508658,-0.8213489454994931,6.937815137264547e-05
CN1COCN(Cc2cnc(Cl)s2)C1=N[N+](=O)[O-],CS(C)=O,288.15,2,0.01430058871171705,0.008181034079169433,0.0085157240372181,0.020085453386216,0.011569729348997899
CN1COCN(Cc2cnc(Cl)s2)C1=N[N+](=O)[O-],CS(C)=O,293.15,2,0.07655773140709851,0.004394452392660379,0.0734503843206469,0.0796650784935501,0.0062146941729031985
CN1COCN(Cc2cnc(Cl)s2)C1=N[N+](=O)[O-],CS(C)=O,298.15,2,0.13849805336343315,0.0061143335120971525,0.1341745666745931,0.1428215400522732,0.008646973377680112
CN1COCN(Cc2cnc(Cl)s2)C1=N[N+](=O)[O-],CS(C)=O,303.15,2,0.2015195716969408,0.006019286754456555,0.1972632932149582,0.2057758501789234,0.00851255696396519
CN1COCN(Cc2cnc(Cl)s2)C1=N[N+](=O)[O-],CS(C)=O,308.15,2,0.26139773516164766,0.007478704873089606,0.2561094922313931,0.2666859780919022,0.010576485860509077
CN1COCN(Cc2cnc(Cl)s2)C1=N[N+](=O)[O-],CS(C)=O,313.15,2,0.3222096584501869,0.008853767267506309,0.3159490995762857,0.3284702173240881,0.012521117747802402
CN1COCN(Cc2cnc(Cl)s2)C1=N[N+](=O)[O-],CS(C)=O,318.15,2,0.38315161050646473,0.011845205029399173,0.3747757857056316,0.3915274353072979,0.016751649601666307
CN1COCN(Cc2cnc(Cl)s2)C1=N[N+](=O)[O-],CS(C)=O,323.15,2,0.4418013088150876,0.017579056074296485,0.429371039058094,0.4542315785720812,0.0248605395139872
CNC(=O)c1cc(Oc2ccc(NC(=O)Nc3ccc(Cl)c(C(F)(F)F)c3)cc2)ccn1,CC(C)CO,283.15,2,-2.3785605060069757,0.25548397455230026,-2.5592149568973985,-2.197906055116553,0.36130890178084574
CNC(=O)c1cc(Oc2ccc(NC(=O)Nc3ccc(Cl)c(C(F)(F)F)c3)cc2)ccn1,CC(C)CO,293.15,2,-2.23710836882427,0.21159599327908038,-2.386729330543811,-2.0874874071047294,0.2992419234390815
CNC(=O)c1cc(Oc2ccc(NC(=O)Nc3ccc(Cl)c(C(F)(F)F)c3)cc2)ccn1,CC(C)CO,303.15,2,-2.048521591956769,0.09420703260384658,-2.115136023546411,-1.9819071603671272,0.13322886317928395
CNC(=O)c1cc(Oc2ccc(NC(=O)Nc3ccc(Cl)c(C(F)(F)F)c3)cc2)ccn1,CC(C)CO,313.15,2,-1.9150143918901905,0.056838174450440544,-1.955205050474361,-1.87482373330602,0.08038131716834096
CNC(=O)c1cc(Oc2ccc(NC(=O)Nc3ccc(Cl)c(C(F)(F)F)c3)cc2)ccn1,CC(C)O,283.15,2,-2.1137459951391757,0.08202506059663406,-2.171746471714293,-2.0557455185640583,0.11600095315023484
CNC(=O)c1cc(Oc2ccc(NC(=O)Nc3ccc(Cl)c(C(F)(F)F)c3)cc2)ccn1,CC(C)O,293.15,2,-2.0121583182349227,0.09390116916576868,-2.078556471713383,-1.9457601647564624,0.13279630695692046
CNC(=O)c1cc(Oc2ccc(NC(=O)Nc3ccc(Cl)c(C(F)(F)F)c3)cc2)ccn1,CC(C)O,303.15,2,-1.8597681342930694,0.016418869432745183,-1.87137802820838,-1.8481582403777588,0.023219787830621286
CNC(=O)c1cc(Oc2ccc(NC(=O)Nc3ccc(Cl)c(C(F)(F)F)c3)cc2)ccn1,CC(C)O,313.15,2,-1.7311215783882261,0.02860425798432118,-1.751347843179749,-1.710895313596703,0.04045252958304579
CNC(=O)c1cc(Oc2ccc(NC(=O)Nc3ccc(Cl)c(C(F)(F)F)c3)cc2)ccn1,CCCCO,283.15,2,-2.070693080740744,0.10866308301108928,-2.147529483602522,-1.993856677878966,0.15367280572355613
CNC(=O)c1cc(Oc2ccc(NC(=O)Nc3ccc(Cl)c(C(F)(F)F)c3)cc2)ccn1,CCCCO,293.15,2,-1.973564804972599,0.10763603831404045,-2.049674977564512,-1.897454632380686,0.152220345183826
CNC(=O)c1cc(Oc2ccc(NC(=O)Nc3ccc(Cl)c(C(F)(F)F)c3)cc2)ccn1,CCCCO,303.15,2,-1.8273825242348403,0.03468947795719488,-1.851911689334194,-1.8028533591354865,0.049058330198707534
CNC(=O)c1cc(Oc2ccc(NC(=O)Nc3ccc(Cl)c(C(F)(F)F)c3)cc2)ccn1,CCCCO,313.15,2,-1.6964210449389534,0.019209911747108285,-1.710004503801329,-1.682837586076578,0.027166917724750883
CNC(=O)c1cc(Oc2ccc(NC(=O)Nc3ccc(Cl)c(C(F)(F)F)c3)cc2)ccn1,CCCO,283.15,2,-1.9582625774537186,0.11269003335700786,-2.037946464212597,-1.87857869069484,0.159367773517757
CNC(=O)c1cc(Oc2ccc(NC(=O)Nc3ccc(Cl)c(C(F)(F)F)c3)cc2)ccn1,CCCO,293.15,2,-1.849017067907626,0.10759921124670313,-1.9251011998304937,-1.7729329359847583,0.15216826384573534
CNC(=O)c1cc(Oc2ccc(NC(=O)Nc3ccc(Cl)c(C(F)(F)F)c3)cc2)ccn1,CCCO,303.15,2,-1.7047732205863222,0.05139490395955983,-1.7411149056945583,-1.668431535478086,0.0726833702164722
CNC(=O)c1cc(Oc2ccc(NC(=O)Nc3ccc(Cl)c(C(F)(F)F)c3)cc2)ccn1,CCCO,313.15,2,-1.568712958820624,0.003292811334092318,-1.5710413280441284,-1.5663845895971191,0.004656738447009312
COC(=O)C1=C(C)NC(C)=C(C(=O)OCC(C)C)C1c1ccccc1[N+](=O)[O-],CC#N,278.15,2,-0.7845181253936349,0.008546883591765047,-0.790561684739384,-0.7784745660478858,0.012087118691498255
COC(=O)C1=C(C)NC(C)=C(C(=O)OCC(C)C)C1c1ccccc1[N+](=O)[O-],CC#N,283.15,2,-0.706084385848482,0.006217518573674283,-0.7104808353940805,-0.7016879363028836,0.008792899091196849
COC(=O)C1=C(C)NC(C)=C(C(=O)OCC(C)C)C1c1ccccc1[N+](=O)[O-],CC#N,288.15,2,-0.6317472040544447,0.0020687512025487392,-0.6332100320583548,-0.6302843760505348,0.002925656007820021
COC(=O)C1=C(C)NC(C)=C(C(=O)OCC(C)C)C1c1ccccc1[N+](=O)[O-],CC#N,293.15,2,-0.553781686089732,0.002587655814073639,-0.5556114350632403,-0.5519519371162238,0.003659497947016477
COC(=O)C1=C(C)NC(C)=C(C(=O)OCC(C)C)C1c1ccccc1[N+](=O)[O-],CC#N,298.15,2,-0.48361413279872495,0.006959283446732334,-0.4885350893161087,-0.4786931762813412,0.009841913034767447
COC(=O)C1=C(C)NC(C)=C(C(=O)OCC(C)C)C1c1ccccc1[N+](=O)[O-],CC#N,303.15,2,-0.4152535059208362,0.011254579076867242,-0.4232116951054893,-0.4072953167361832,0.015916378369306095
COC(=O)C1=C(C)NC(C)=C(C(=O)OCC(C)C)C1c1ccccc1[N+](=O)[O-],CC#N,308.15,2,-0.3450297175381227,0.011704806564921925,-0.3533062656326558,-0.3367531694435896,0.016553096189066252
COC(=O)C1=C(C)NC(C)=C(C(=O)OCC(C)C)C1c1ccccc1[N+](=O)[O-],CC#N,313.15,2,-0.2795964521917458,0.01122255355327287,-0.2875319959114942,-0.2716609084719973,0.01587108743949689
COC(=O)C1=C(C)NC(C)=C(C(=O)OCC(C)C)C1c1ccccc1[N+](=O)[O-],CC#N,318.15,2,-0.212369049309007,0.011698107342160601,-0.2206408603376969,-0.2040972382803171,0.016543622057379803
COC(=O)C1=C(C)NC(C)=C(C(=O)OCC(C)C)C1c1ccccc1[N+](=O)[O-],CC(C)O,278.15,2,-1.1975495110157022,0.010583908412980335,-1.205033464425978,-1.1900655576054264,0.014967906820551491
COC(=O)C1=C(C)NC(C)=C(C(=O)OCC(C)C)C1c1ccccc1[N+](=O)[O-],CC(C)O,283.15,2,-1.1203073887495947,0.008232257852440328,-1.1261284741015314,-1.1144863033976578,0.011642170703873633
COC(=O)C1=C(C)NC(C)=C(C(=O)OCC(C)C)C1c1ccccc1[N+](=O)[O-],CC(C)O,288.15,2,-1.0469779715450018,0.008662609993531693,-1.0531033618142025,-1.0408525812758014,0.012250780538401118
COC(=O)C1=C(C)NC(C)=C(C(=O)OCC(C)C)C1c1ccccc1[N+](=O)[O-],CC(C)O,293.15,2,-0.9753722675941559,0.005435067552790242,-0.9792154407169408,-0.9715290944713708,0.007686346245569964
COC(=O)C1=C(C)NC(C)=C(C(=O)OCC(C)C)C1c1ccccc1[N+](=O)[O-],CC(C)O,298.15,2,-0.9064168875097538,0.006853621611342228,-0.9112631298268206,-0.901570645192687,0.009692484634133525
COC(=O)C1=C(C)NC(C)=C(C(=O)OCC(C)C)C1c1ccccc1[N+](=O)[O-],CC(C)O,303.15,2,-0.8396667360727869,0.003087069237242782,-0.8418496236644336,-0.8374838484811401,0.004365775183293508
COC(=O)C1=C(C)NC(C)=C(C(=O)OCC(C)C)C1c1ccccc1[N+](=O)[O-],CC(C)O,308.15,2,-0.7745812558232147,0.0024116850879906007,-0.7762865747030193,-0.7728759369434101,0.0034106377596092585
COC(=O)C1=C(C)NC(C)=C(C(=O)OCC(C)C)C1c1ccccc1[N+](=O)[O-],CC(C)O,313.15,2,-0.7084106979653116,0.004548804616820098,-0.7116271885561578,-0.7051942073744655,0.006432981181692332
COC(=O)C1=C(C)NC(C)=C(C(=O)OCC(C)C)C1c1ccccc1[N+](=O)[O-],CC(C)O,318.15,2,-0.6449971811982086,0.011068564616167469,-0.6528238382963021,-0.6371705241001151,0.015653314196186985
COC(=O)C1=C(C)NC(C)=C(C(=O)OCC(C)C)C1c1ccccc1[N+](=O)[O-],CCCO,278.15,2,-1.2942768061532486,0.008520290100742688,-1.3003015610611603,-1.2882520512453368,0.012049509815823534
COC(=O)C1=C(C)NC(C)=C(C(=O)OCC(C)C)C1c1ccccc1[N+](=O)[O-],CCCO,283.15,2,-1.212538553799926,0.004644109518933772,-1.215822435133337,-1.209254672466515,0.00656776266682213
COC(=O)C1=C(C)NC(C)=C(C(=O)OCC(C)C)C1c1ccccc1[N+](=O)[O-],CCCO,288.15,2,-1.1297919267042005,0.003993847897232391,-1.1326160036353612,-1.12696784977304,0.0056481538623212035
COC(=O)C1=C(C)NC(C)=C(C(=O)OCC(C)C)C1c1ccccc1[N+](=O)[O-],CCCO,293.15,2,-1.0481330489927965,0.007763402081927514,-1.0536226032500051,-1.0426434947355876,0.010979108514417524
COC(=O)C1=C(C)NC(C)=C(C(=O)OCC(C)C)C1c1ccccc1[N+](=O)[O-],CCCO,298.15,2,-0.971813378291942,0.011944121458008538,-0.9802591475702156,-0.9633676090136684,0.016891538556547236
COC(=O)C1=C(C)NC(C)=C(C(=O)OCC(C)C)C1c1ccccc1[N+](=O)[O-],CCCO,303.15,2,-0.8937369850289543,0.009118493087191112,-0.9001847333251097,-0.8872892367327987,0.01289549659231104
COC(=O)C1=C(C)NC(C)=C(C(=O)OCC(C)C)C1c1ccccc1[N+](=O)[O-],CCCO,308.15,2,-0.8216596827157414,0.010976700443438127,-0.8294213820343499,-0.8138979833971329,0.015523398637216967
COC(=O)C1=C(C)NC(C)=C(C(=O)OCC(C)C)C1c1ccccc1[N+](=O)[O-],CCCO,313.15,2,-0.7525605277249932,0.013325696769003536,-0.7619832182743912,-0.743137837175595,0.018845381098796188
COC(=O)C1=C(C)NC(C)=C(C(=O)OCC(C)C)C1c1ccccc1[N+](=O)[O-],CCCO,318.15,2,-0.6780379757450163,0.012601342233647027,-0.6869484702904806,-0.669127481199552,0.017820989090928552
COC(=O)C1=C(C)NC(C)=C(C(=O)OCC(C)C)C1c1ccccc1[N+](=O)[O-],CCOC(C)=O,278.15,2,-0.7623992618317817,0.011102738634017551,-0.7702500836096374,-0.7545484400539261,0.015701643555711353
COC(=O)C1=C(C)NC(C)=C(C(=O)OCC(C)C)C1c1ccccc1[N+](=O)[O-],CCOC(C)=O,283.15,2,-0.7054115473116631,0.005197512251822572,-0.7090867434702269,-0.7017363511530992,0.007350392317127752
COC(=O)C1=C(C)NC(C)=C(C(=O)OCC(C)C)C1c1ccccc1[N+](=O)[O-],CCOC(C)=O,288.15,2,-0.646702193817545,0.002194082646613738,-0.6482536445354493,-0.6451507430996407,0.0031029014358086027
COC(=O)C1=C(C)NC(C)=C(C(=O)OCC(C)C)C1c1ccccc1[N+](=O)[O-],CCOC(C)=O,293.15,2,-0.5874275986916659,0.002934902638491525,-0.5895028882494656,-0.5853523091338664,0.00415057911559924
COC(=O)C1=C(C)NC(C)=C(C(=O)OCC(C)C)C1c1ccccc1[N+](=O)[O-],CCOC(C)=O,298.15,2,-0.5302777653921206,0.009290278971773026,-0.5368469846521761,-0.5237085461320651,0.013138438520110984
COC(=O)C1=C(C)NC(C)=C(C(=O)OCC(C)C)C1c1ccccc1[N+](=O)[O-],CCOC(C)=O,303.15,2,-0.47739625647670025,0.008629508220742198,-0.4834982402578921,-0.4712942726955084,0.012203967562383733
COC(=O)C1=C(C)NC(C)=C(C(=O)OCC(C)C)C1c1ccccc1[N+](=O)[O-],CCOC(C)=O,308.15,2,-0.4225364474525156,0.010337595080257209,-0.4298462310349262,-0.4152266638701051,0.014619567164821101
COC(=O)C1=C(C)NC(C)=C(C(=O)OCC(C)C)C1c1ccccc1[N+](=O)[O-],CCOC(C)=O,313.15,2,-0.3719215091363103,0.01422360103757818,-0.3819791138828738,-0.3618639043897467,0.020115209493127117
COC(=O)C1=C(C)NC(C)=C(C(=O)OCC(C)C)C1c1ccccc1[N+](=O)[O-],CCOC(C)=O,318.15,2,-0.31600364590088803,0.013668333409234536,-0.3256686171420764,-0.3063386746596996,0.019329942482376794
COC(=O)C1=C(C)NC(C)=C(C(=O)OCC(C)C)C1c1ccccc1[N+](=O)[O-],O,278.15,2,-3.66558266741189,0.016966462141180836,-3.677579767844664,-3.653585566979116,0.02399420086554782
COC(=O)C1=C(C)NC(C)=C(C(=O)OCC(C)C)C1c1ccccc1[N+](=O)[O-],O,283.15,2,-3.554932907287527,0.0026297177433586326,-3.5567923985364622,-3.553073416038591,0.0037189824978711705
COC(=O)C1=C(C)NC(C)=C(C(=O)OCC(C)C)C1c1ccccc1[N+](=O)[O-],O,288.15,2,-3.4186927726769207,0.010986382089257866,-3.426461317952941,-3.4109242274009,0.01553709055204111
COC(=O)C1=C(C)NC(C)=C(C(=O)OCC(C)C)C1c1ccccc1[N+](=O)[O-],O,293.15,2,-3.3101775486707266,0.011330136857793563,-3.318189165274644,-3.302165932066809,0.01602323320783494
COC(=O)C1=C(C)NC(C)=C(C(=O)OCC(C)C)C1c1ccccc1[N+](=O)[O-],O,298.15,2,-3.182857749000813,0.00725050037863029,-3.1879846269855383,-3.177730871016088,0.010253755969450218
COC(=O)C1=C(C)NC(C)=C(C(=O)OCC(C)C)C1c1ccccc1[N+](=O)[O-],O,303.15,2,-3.0795559321434665,0.0026500420632013175,-3.0814297948567857,-3.077682069430147,0.003747725426638482
COC(=O)C1=C(C)NC(C)=C(C(=O)OCC(C)C)C1c1ccccc1[N+](=O)[O-],O,308.15,2,-2.974836865903514,0.006556373624456416,-2.97947292215336,-2.9702008096536683,0.00927211249969151
COC(=O)C1=C(C)NC(C)=C(C(=O)OCC(C)C)C1c1ccccc1[N+](=O)[O-],O,313.15,2,-2.872210237286595,0.009325872214881398,-2.878804624770217,-2.8656158498029733,0.013188774967243688
COC(=O)C1=C(C)NC(C)=C(C(=O)OCC(C)C)C1c1ccccc1[N+](=O)[O-],O,318.15,2,-2.7763538670177557,0.00907756503237477,-2.7827726748088097,-2.7699350592267016,0.012837615582108164
COC(=O)C1CC(=O)C(C(=O)OC)CC1=O,CC#N,278.15,2,-1.7995212937588967,0.050869746228138404,-1.8354916362740523,-1.7635509512437413,0.07194068503031104
COC(=O)C1CC(=O)C(C(=O)OC)CC1=O,CC#N,283.15,2,-1.6780041633883669,0.03794610465742552,-1.704836111311247,-1.6511722154654869,0.053663895845760035
COC(=O)C1CC(=O)C(C(=O)OC)CC1=O,CC#N,288.15,2,-1.5799293280406952,0.04130290403154325,-1.6091348915640966,-1.5507237645172938,0.058411127046802847
COC(=O)C1CC(=O)C(C(=O)OC)CC1=O,CC#N,293.15,2,-1.4851762108253683,0.03855890522481198,-1.512441474184962,-1.4579109474657743,0.05453052671918779
COC(=O)C1CC(=O)C(C(=O)OC)CC1=O,CC#N,298.15,2,-1.3862275978247691,0.0371861690391194,-1.4125221901186795,-1.3599330055308585,0.052589184587821025
COC(=O)C1CC(=O)C(C(=O)OC)CC1=O,CC(C)=O,278.15,2,-1.5994631769777925,0.029971753557981366,-1.620656407162693,-1.5782699467928918,0.042386460369801204
COC(=O)C1CC(=O)C(C(=O)OC)CC1=O,CC(C)=O,283.15,2,-1.4945202570283498,0.019951143657347334,-1.508627846000887,-1.4804126680558125,0.028215177945074554
COC(=O)C1CC(=O)C(C(=O)OC)CC1=O,CC(C)=O,288.15,2,-1.3978444334901008,0.017041346272077807,-1.409894484999635,-1.3857943819805665,0.02410010301906862
COC(=O)C1CC(=O)C(C(=O)OC)CC1=O,CC(C)=O,293.15,2,-1.314665398022277,0.026475652849360227,-1.3333865116884005,-1.2959442843561535,0.037442227332247
COC(=O)C1CC(=O)C(C(=O)OC)CC1=O,CC(C)=O,298.15,2,-1.2227564071237462,0.021532003859260976,-1.2379818330651644,-1.2075309811823278,0.030450851882836583
COC(=O)C1CC(=O)C(C(=O)OC)CC1=O,CCCO,278.15,2,-2.4770364633067024,0.04001330325967594,-2.505330141379293,-2.4487427852341117,0.05658735614518129
COC(=O)C1CC(=O)C(C(=O)OC)CC1=O,CCCO,283.15,2,-2.362995157711894,0.04114763677843713,-2.392090930707728,-2.33389938471606,0.05819154599166776
COC(=O)C1CC(=O)C(C(=O)OC)CC1=O,CCCO,288.15,2,-2.257944012430379,0.04781963742970835,-2.291757602330808,-2.2241304225299503,0.06762717980085764
COC(=O)C1CC(=O)C(C(=O)OC)CC1=O,CCCO,293.15,2,-2.144570475352407,0.05497277976314365,-2.183442100703601,-2.1056988500012137,0.07774325070238719
COC(=O)C1CC(=O)C(C(=O)OC)CC1=O,CCCO,298.15,2,-2.0356366448674565,0.04791960851004259,-2.069520924996712,-2.0017523647382007,0.06776856025851119
COC(=O)C1CC(=O)C(C(=O)OC)CC1=O,CCOC(C)=O,278.15,2,-1.4848831504970836,0.019182944629319163,-1.4984475407276012,-1.4713187602665658,0.027128780461035396
COC(=O)C1CC(=O)C(C(=O)OC)CC1=O,CCOC(C)=O,283.15,2,-1.3931144224471432,0.008086276864566935,-1.3988322836526303,-1.387396561241656,0.011435722410974458
COC(=O)C1CC(=O)C(C(=O)OC)CC1=O,CCOC(C)=O,288.15,2,-1.2882861945168491,0.017166002660417744,-1.3004243914038969,-1.2761479976298016,0.024276393774095295
COC(=O)C1CC(=O)C(C(=O)OC)CC1=O,CCOC(C)=O,293.15,2,-1.2087126519031535,0.0015924007911588284,-1.2098386493009488,-1.2075866545053584,0.0022519947955903508
COC(=O)C1CC(=O)C(C(=O)OC)CC1=O,CCOC(C)=O,298.15,2,-1.1229564031110506,0.0073488434733712865,-1.1281528201649498,-1.1177599860571512,0.010392834107798565
COC(=O)C1CC(=O)C(C(=O)OC)CC1=O,CO,278.15,2,-2.54957509278416,0.07098067839326258,-2.599766011809257,-2.4993841737590623,0.10038183805019463
COC(=O)C1CC(=O)C(C(=O)OC)CC1=O,CO,283.15,2,-2.410273772461302,0.06500602444899566,-2.456239973167165,-2.3643075717554387,0.09193240141172643
COC(=O)C1CC(=O)C(C(=O)OC)CC1=O,CO,288.15,2,-2.2926416263967586,0.08058670351963973,-2.3496250309289657,-2.2356582218645515,0.11396680906441414
COC(=O)C1CC(=O)C(C(=O)OC)CC1=O,CO,293.15,2,-2.1730376498220494,0.07662846531167818,-2.227222157275855,-2.1188531423682435,0.1083690149076113
COC(=O)C1CC(=O)C(C(=O)OC)CC1=O,CO,298.15,2,-2.0480460795317983,0.06139300576237957,-2.0914574902238017,-2.004634668839795,0.08682282138400677
COC(=O)Nc1nc2ccc(Sc3ccccc3)cc2[nH]1,C1COCCO1,288.15,2,-1.8922667623540708,0.008788246715826438,-1.898480991201572,-1.8860525335065697,0.012428457695002448
COC(=O)Nc1nc2ccc(Sc3ccccc3)cc2[nH]1,C1COCCO1,293.15,2,-1.8313466824762052,0.005637464221494775,-1.8353329716559208,-1.82736039329649,0.007972578359430882
COC(=O)Nc1nc2ccc(Sc3ccccc3)cc2[nH]1,C1COCCO1,298.15,2,-1.7664477128586942,0.006505763640752568,-1.7710479824458674,-1.7618474432715212,0.009200539174346156
COC(=O)Nc1nc2ccc(Sc3ccccc3)cc2[nH]1,C1COCCO1,303.15,2,-1.709707983935584,0.006047911809581669,-1.7139845033881576,-1.7054314644830106,0.008553038905146915
COC(=O)Nc1nc2ccc(Sc3ccccc3)cc2[nH]1,C1COCCO1,308.15,2,-1.65316622502165,0.009605896502865974,-1.6599586195782026,-1.6463738304650972,0.013584789113105344
COC(=O)Nc1nc2ccc(Sc3ccccc3)cc2[nH]1,C1COCCO1,313.15,2,-1.600864065409069,0.012425164368756701,-1.609649983391574,-1.5920781474265635,0.01757183596501055
COC(=O)Nc1nc2ccc(Sc3ccccc3)cc2[nH]1,CC(C)=O,283.15,2,-2.609021212375066,0.00775883410666991,-2.6145075365859936,-2.603534888164138,0.010972648421855524
COC(=O)Nc1nc2ccc(Sc3ccccc3)cc2[nH]1,CC(C)=O,288.15,2,-2.576713525881764,0.003019888060858588,-2.5788489092080216,-2.5745781425555068,0.004270766652514801
COC(=O)Nc1nc2ccc(Sc3ccccc3)cc2[nH]1,CC(C)=O,293.15,2,-2.5435207705550473,0.0024835672024094402,-2.5452769177654035,-2.541764623344691,0.0035122944207124362
COC(=O)Nc1nc2ccc(Sc3ccccc3)cc2[nH]1,CC(C)=O,298.15,2,-2.5133232279249667,0.00433202092158114,-2.516386429294859,-2.5102600265550747,0.006126402739784265
COC(=O)Nc1nc2ccc(Sc3ccccc3)cc2[nH]1,CC(C)=O,303.15,2,-2.4861789093402,0.006437685110753682,-2.4907310401371574,-2.481626778543242,0.009104261593915197
COC(=O)Nc1nc2ccc(Sc3ccccc3)cc2[nH]1,CC(C)=O,308.15,2,-2.456386977028765,0.006553276879309712,-2.461020843549118,-2.4517531105084123,0.009267733040705828
COC(=O)Nc1nc2ccc(Sc3ccccc3)cc2[nH]1,CC(C)=O,313.15,2,-2.4266194624244948,0.007807314237830402,-2.432140067264919,-2.4210988575840706,0.011041209680848318
COC(=O)Nc1nc2ccc(Sc3ccccc3)cc2[nH]1,CCO,283.15,2,-2.802880482532024,0.3645250915621982,-3.060638646688302,-2.5451223183757468,0.5155163283125552
COC(=O)Nc1nc2ccc(Sc3ccccc3)cc2[nH]1,CCO,288.15,2,-2.7261083580144985,0.42720676516640804,-3.0281891586324345,-2.4240275573965624,0.6041616012358721
COC(=O)Nc1nc2ccc(Sc3ccccc3)cc2[nH]1,CCO,293.15,2,-2.647732007296493,0.4895581291388888,-2.993901880195601,-2.3015621343973853,0.6923397457982157
COC(=O)Nc1nc2ccc(Sc3ccccc3)cc2[nH]1,CCO,298.15,2,-2.5763383974240055,0.544964574814338,-2.9616865437816675,-2.1909902510663435,0.770696292715324
COC(=O)Nc1nc2ccc(Sc3ccccc3)cc2[nH]1,CCO,303.15,2,-2.5087728957918465,0.5905686148473821,-2.926367968106377,-2.091177823477316,0.8351901446290606
COC(=O)Nc1nc2ccc(Sc3ccccc3)cc2[nH]1,CCO,308.15,2,-2.443799597070401,0.6326691330458671,-2.891164231294548,-1.9964349628462543,0.8947292684482935
COC(=O)Nc1nc2ccc(Sc3ccccc3)cc2[nH]1,CCO,313.15,2,-2.3815170207167267,0.6672743733920373,-2.853351255054241,-1.9096827863792127,0.9436684686750281
COC(=O)Nc1nc2ccc(Sc3ccccc3)cc2[nH]1,O,283.15,2,-3.7015298261003897,0.018425148603821464,-3.714558373622522,-3.688501278578258,0.026057095044264234
COC(=O)Nc1nc2ccc(Sc3ccccc3)cc2[nH]1,O,288.15,2,-3.607407520315785,0.008000204755014855,-3.613064519348937,-3.601750521282633,0.011313998066303732
COC(=O)Nc1nc2ccc(Sc3ccccc3)cc2[nH]1,O,293.15,2,-3.503532349012861,0.005207871480993512,-3.50721487025262,-3.4998498277731027,0.007365042479517303
COC(=O)Nc1nc2ccc(Sc3ccccc3)cc2[nH]1,O,298.15,2,-3.400564059127623,0.005300765324726667,-3.404312266234216,-3.3968158520210303,0.007496414213185698
COC(=O)Nc1nc2ccc(Sc3ccccc3)cc2[nH]1,O,303.15,2,-3.299206649771594,0.0037183161957014517,-3.3018358963681704,-3.296577403175018,0.005258493193152525
COC(=O)Nc1nc2ccc(Sc3ccccc3)cc2[nH]1,O,308.15,2,-3.2036547922440644,0.008124708145547803,-3.2093998284689427,-3.1979097560191856,0.011490072449757083
COC(=O)Nc1nc2ccc(Sc3ccccc3)cc2[nH]1,O,313.15,2,-3.110789272173564,0.010477669362670564,-3.118198103230939,-3.103380441116189,0.014817662114749997
COC(=O)Nc1nc2ccc(Sc3ccccc3)cc2[nH]1,O,318.15,2,-3.0208266457208635,0.013281021664330627,-3.030217746200797,-3.01143554524093,0.018782200959867268
COC(=O)Nc1nc2ccc(Sc3ccccc3)cc2[nH]1,O,323.15,2,-2.9373543326953095,0.010643472122627954,-2.9448804040085896,-2.929828261382029,0.015052142626560627
COC(=O)Nc1nc2ccc(Sc3ccccc3)cc2[nH]1,O,328.15,2,-2.8523947528233595,0.013635203798441405,-2.862036297892098,-2.8427532077546207,0.0192830901374772
COC(=O)Nc1nc2ccccc2[nH]1,CCCO,278.15,2,-4.350227532170836,0.002241568951784043,-4.35181256077714,-4.348642503564532,0.0031700572126078796
COC(=O)Nc1nc2ccccc2[nH]1,CCCO,283.15,2,-4.154206095728606,0.026679482268130772,-4.173071338558947,-4.135340852898264,0.037730485660683044
COC(=O)Nc1nc2ccccc2[nH]1,CCCO,288.15,2,-3.946673218904408,0.017661561232021675,-3.959161828617912,-3.934184609190904,0.024977219427007924
COC(=O)Nc1nc2ccccc2[nH]1,CCCO,293.15,2,-3.7696234931448247,0.01280257218097708,-3.778676278750624,-3.7605707075390256,0.01810557121159828
COC(=O)Nc1nc2ccccc2[nH]1,CCCO,298.15,2,-3.6046188453107226,0.006576232222942844,-3.609268943710223,-3.5999687469112223,0.009300196799000737
COC(=O)Nc1nc2ccccc2[nH]1,CCCO,303.15,2,-3.442416329001336,0.0,-3.442416329001336,-3.442416329001336,0.0
COC(=O)Nc1nc2ccccc2[nH]1,CCCO,308.15,2,-3.280582123399058,0.00887536357381347,-3.2868579531675977,-3.2743062936305187,0.01255165953707893
COC(=O)Nc1nc2ccccc2[nH]1,CCCO,313.15,2,-3.126867481600714,0.013526991941692615,-3.1364325093317404,-3.117302453869687,0.019130055462053264
COC(=O)Nc1nc2ccccc2[nH]1,CCCO,318.15,2,-2.962883839941251,0.0013966626470675733,-2.9638714295700224,-2.9618962503124795,0.0019751792575428695
COC(=O)Nc1nc2ccccc2[nH]1,CCO,278.15,2,-3.896886966026332,0.07990455558878018,-3.953388019130856,-3.840385912921808,0.11300210620904805
COC(=O)Nc1nc2ccccc2[nH]1,CCO,283.15,2,-3.7219681858244575,0.02493986203019885,-3.739603331387868,-3.704333040261047,0.03527029112682101
COC(=O)Nc1nc2ccccc2[nH]1,CCO,288.15,2,-3.5542944393204863,0.014021694368869894,-3.5642092744924394,-3.544379604148533,0.01982967034390626
COC(=O)Nc1nc2ccccc2[nH]1,CCO,293.15,2,-3.406187073706912,0.002413895792159439,-3.407893955790626,-3.4044801916231986,0.0034137641674272245
COC(=O)Nc1nc2ccccc2[nH]1,CCO,298.15,2,-3.2663425668353394,0.0026103613364441146,-3.2681883710376862,-3.2644967626329926,0.003691608404693625
COC(=O)Nc1nc2ccccc2[nH]1,CCO,303.15,2,-3.1364273233382938,0.003991220053335677,-3.139249542103215,-3.1336051045733724,0.005644437529842783
COC(=O)Nc1nc2ccccc2[nH]1,CCO,308.15,2,-3.012877879677877,0.001919445389956291,-3.014235132529232,-3.0115206268265213,0.002714505702710479
COC(=O)Nc1nc2ccccc2[nH]1,CCO,313.15,2,-2.8924296767729207,0.0010046330335954905,-2.89314005960358,-2.8917192939422613,0.001420765661318768
COC(=O)Nc1nc2ccccc2[nH]1,CCO,318.15,2,-2.777532774410952,0.0024225319855734873,-2.7792457632055925,-2.775819785616312,0.0034259775892806488
COC(=O)Nc1nc2ccccc2[nH]1,CO,278.15,2,-3.0935032159646383,0.00411581798170706,-3.096413538769633,-3.090592893159644,0.005820645609988961
COC(=O)Nc1nc2ccccc2[nH]1,CO,283.15,2,-2.996207967607883,0.005399285598535995,-3.000025839068171,-2.9923900961475955,0.007635742920575339
COC(=O)Nc1nc2ccccc2[nH]1,CO,288.15,2,-2.8853055460193993,0.005153737197754565,-2.8889497885403848,-2.8816613034984133,0.0072884850419714375
COC(=O)Nc1nc2ccccc2[nH]1,CO,293.15,2,-2.7971290032515888,0.012308000761933337,-2.805832074053201,-2.7884259324499765,0.017406141603224512
COC(=O)Nc1nc2ccccc2[nH]1,CO,298.15,2,-2.714880349633243,0.007075743867742288,-2.719883656104063,-2.7098770431624235,0.010006612941639403
COC(=O)Nc1nc2ccccc2[nH]1,CO,303.15,2,-2.617089184808685,0.002978486381250542,-2.619195292726539,-2.614983076890831,0.004212215835707855
COC(=O)Nc1nc2ccccc2[nH]1,CO,308.15,2,-2.5382489704762037,0.007098597072054616,-2.5432684366027645,-2.533229504349643,0.01003893225312158
COC(=O)Nc1nc2ccccc2[nH]1,CO,313.15,2,-2.4568294463196523,0.007099914065473147,-2.46184984370119,-2.451809048938115,0.0100407947630754
COC(=O)Nc1nc2ccccc2[nH]1,CO,318.15,2,-2.3795831948599435,0.005271888408947608,-2.383310982903569,-2.3758554068163176,0.007455576087251448
CO[C@@]1(NC(=O)CSCC#N)C(=O)N2C(C(=O)O)=C(CSc3nnnn3C)CS[C@@H]21,CCO,278.15,2,-2.3801078180554227,0.06512453059527247,-2.4261578152609307,-2.3340578208499148,0.0920999944110159
CO[C@@]1(NC(=O)CSCC#N)C(=O)N2C(C(=O)O)=C(CSc3nnnn3C)CS[C@@H]21,CCO,283.15,2,-2.3165450460588577,0.006395181698281657,-2.321067122404633,-2.312022969713083,0.0090441526915499
CO[C@@]1(NC(=O)CSCC#N)C(=O)N2C(C(=O)O)=C(CSc3nnnn3C)CS[C@@H]21,CCO,288.15,2,-2.2123623046252705,0.022862060196243414,-2.228528222421929,-2.1961963868286114,0.03233183559331776
CO[C@@]1(NC(=O)CSCC#N)C(=O)N2C(C(=O)O)=C(CSc3nnnn3C)CS[C@@H]21,CCO,293.15,2,-2.1119766926713073,0.021742456753718643,-2.127350931281517,-2.096602454061098,0.03074847722041918
CO[C@@]1(NC(=O)CSCC#N)C(=O)N2C(C(=O)O)=C(CSc3nnnn3C)CS[C@@H]21,CCO,298.15,2,-2.035287162097182,0.060503715434182745,-2.078069749567674,-1.99250457462669,0.08556517494098381
CO[C@@]1(NC(=O)CSCC#N)C(=O)N2C(C(=O)O)=C(CSc3nnnn3C)CS[C@@H]21,CCO,303.15,2,-1.9215970134646634,0.04239628343132897,-1.951575712976063,-1.8916183139532636,0.059957399022799285
CO[C@@]1(NC(=O)CSCC#N)C(=O)N2C(C(=O)O)=C(CSc3nnnn3C)CS[C@@H]21,CO,278.15,2,-1.3987174060991516,0.01744780985820536,-1.4110548707667423,-1.3863799414315612,0.024674929335181117
CO[C@@]1(NC(=O)CSCC#N)C(=O)N2C(C(=O)O)=C(CSc3nnnn3C)CS[C@@H]21,CO,283.15,2,-1.311867962278829,0.023680318043685835,-1.3286124757481734,-1.2951234488094847,0.033489026938688715
CO[C@@]1(NC(=O)CSCC#N)C(=O)N2C(C(=O)O)=C(CSc3nnnn3C)CS[C@@H]21,CO,288.15,2,-1.2203843391698828,0.05326706105836248,-1.2580498392581287,-1.1827188390816368,0.07533100017649197
CO[C@@]1(NC(=O)CSCC#N)C(=O)N2C(C(=O)O)=C(CSc3nnnn3C)CS[C@@H]21,CO,293.15,2,-1.1239463096897364,0.06471886607823844,-1.1697094587643628,-1.07818316061511,0.09152629814925284
CO[C@@]1(NC(=O)CSCC#N)C(=O)N2C(C(=O)O)=C(CSc3nnnn3C)CS[C@@H]21,CO,298.15,2,-1.0116971833182498,0.05121113461257413,-1.047908923875058,-0.9754854427614416,0.07242348111361652
CO[C@@]1(NC(=O)CSCC#N)C(=O)N2C(C(=O)O)=C(CSc3nnnn3C)CS[C@@H]21,CO,303.15,2,-0.917819896831328,0.062383345396123294,-0.9619315833940294,-0.8737082102686267,0.08822337312540274
COc1c(O)cc2c(c1O)[C@@H]1O[C@H](CO)[C@@H](O)[C@H](O)[C@H]1OC2=O,CS(C)=O,298.15,2,-0.6166502432618144,0.005529124939087743,-0.620559925000271,-0.6127405615233579,0.007819363476913144
COc1c(O)cc2c(c1O)[C@@H]1O[C@H](CO)[C@@H](O)[C@H](O)[C@H]1OC2=O,CS(C)=O,303.15,2,-0.584742430769446,0.003418799817794992,-0.5871598873041282,-0.5823249742347638,0.004834913069364344
COc1c(O)cc2c(c1O)[C@@H]1O[C@H](CO)[C@@H](O)[C@H](O)[C@H]1OC2=O,CS(C)=O,308.15,2,-0.5496409896803165,0.0031490490581161305,-0.5518677036235995,-0.5474142757370334,0.004453427886566108
COc1c(O)cc2c(c1O)[C@@H]1O[C@H](CO)[C@@H](O)[C@H](O)[C@H]1OC2=O,CS(C)=O,313.15,2,-0.5215172502394346,0.0029462747262016453,-0.5236005810775703,-0.5194339194012989,0.004166661676271444
COc1c(O)cc2c(c1O)[C@@H]1O[C@H](CO)[C@@H](O)[C@H](O)[C@H]1OC2=O,CS(C)=O,318.15,2,-0.49038119745138664,0.0013695267072798393,-0.4913495990731203,-0.489412795829653,0.0019368032434672888
COc1c(O)cc2c(c1O)[C@@H]1O[C@H](CO)[C@@H](O)[C@H](O)[C@H]1OC2=O,O,298.15,2,-2.3798060318606984,0.0028531193907153007,-2.381823491929408,-2.377788571791989,0.004034920137419018
COc1c(O)cc2c(c1O)[C@@H]1O[C@H](CO)[C@@H](O)[C@H](O)[C@H]1OC2=O,O,303.15,2,-2.2616314528380523,0.00155034652109082,-2.2627277133763046,-2.2605351922998,0.0021925210765045833
COc1c(O)cc2c(c1O)[C@@H]1O[C@H](CO)[C@@H](O)[C@H](O)[C@H]1OC2=O,O,308.15,2,-2.1647733567009038,0.004953827662057067,-2.1682762418335737,-2.1612704715682334,0.0070057702653403275
COc1c(O)cc2c(c1O)[C@@H]1O[C@H](CO)[C@@H](O)[C@H](O)[C@H]1OC2=O,O,313.15,2,-2.074305514802419,0.008030249902159203,-2.0799837589628587,-2.06862727064198,0.011356488320878544
COc1c(O)cc2c(c1O)[C@@H]1O[C@H](CO)[C@@H](O)[C@H](O)[C@H]1OC2=O,O,318.15,2,-1.9903195048014006,0.003302716794908274,-1.992654878243419,-1.9879841313593825,0.00467074688403657
COc1cc(/C=C/C(=O)CC(=O)/C=C/c2ccc(O)c(OC)c2)ccc1O,CC(C)O,278.15,2,-1.6972306653269449,0.020586166962849043,-1.711787283585014,-1.682674047068876,0.029113236516138175
COc1cc(/C=C/C(=O)CC(=O)/C=C/c2ccc(O)c(OC)c2)ccc1O,CC(C)O,283.15,2,-1.6394032230811058,0.013137769654174116,-1.6486930290932391,-1.6301134170689724,0.018579612024266723
COc1cc(/C=C/C(=O)CC(=O)/C=C/c2ccc(O)c(OC)c2)ccc1O,CC(C)O,288.15,2,-1.5860884767062737,0.00953090196995962,-1.5928278421200566,-1.5793491112924911,0.013478730827565455
COc1cc(/C=C/C(=O)CC(=O)/C=C/c2ccc(O)c(OC)c2)ccc1O,CC(C)O,293.15,2,-1.5351127483538805,0.009262370606077664,-1.541662233419301,-1.52856326328846,0.013098970130841048
COc1cc(/C=C/C(=O)CC(=O)/C=C/c2ccc(O)c(OC)c2)ccc1O,CC(C)O,298.15,2,-1.4817645046584407,0.002189536009077742,-1.4833127404181117,-1.4802162688987697,0.0030964715193420034
COc1cc(/C=C/C(=O)CC(=O)/C=C/c2ccc(O)c(OC)c2)ccc1O,CC(C)O,303.15,2,-1.4333562689613095,0.0014079812226336138,-1.434351862031617,-1.432360675891002,0.0019911861406149978
COc1cc(/C=C/C(=O)CC(=O)/C=C/c2ccc(O)c(OC)c2)ccc1O,CC(C)O,308.15,2,-1.3868609289668101,0.0017432633401845857,-1.3880936022960484,-1.3856282556375716,0.0024653466584767525
COc1cc(/C=C/C(=O)CC(=O)/C=C/c2ccc(O)c(OC)c2)ccc1O,CC(C)O,313.15,2,-1.3399726052957799,0.0006053981673153708,-1.3404006864452065,-1.3395445241463533,0.0008561622988532136
COc1cc(/C=C/C(=O)CC(=O)/C=C/c2ccc(O)c(OC)c2)ccc1O,CC(C)O,318.15,2,-1.2932338160776968,0.0014683897551538755,-1.294272124430991,-1.2921955077244025,0.00207661670658843
COc1cc(/C=C/C(=O)CC(=O)/C=C/c2ccc(O)c(OC)c2)ccc1O,CCO,278.15,2,-2.147738678281163,0.002558283782843664,-2.1495476580922115,-2.145929698470115,0.003617959622096656
COc1cc(/C=C/C(=O)CC(=O)/C=C/c2ccc(O)c(OC)c2)ccc1O,CCO,283.15,2,-2.0725689133194236,0.01075506290824159,-2.080173891233929,-2.064963935404918,0.01520995582901108
COc1cc(/C=C/C(=O)CC(=O)/C=C/c2ccc(O)c(OC)c2)ccc1O,CCO,288.15,2,-2.010629758779441,0.006944173549624791,-2.015540030986117,-2.005719486572765,0.009820544413351673
COc1cc(/C=C/C(=O)CC(=O)/C=C/c2ccc(O)c(OC)c2)ccc1O,CCO,293.15,2,-1.9489569763063619,0.005482101704561922,-1.952833407596812,-1.9450805450159117,0.007752862580900244
COc1cc(/C=C/C(=O)CC(=O)/C=C/c2ccc(O)c(OC)c2)ccc1O,CCO,298.15,2,-1.8874775263071966,0.00768860840118892,-1.892914193445565,-1.882040859168828,0.01087333427673709
COc1cc(/C=C/C(=O)CC(=O)/C=C/c2ccc(O)c(OC)c2)ccc1O,CCO,303.15,2,-1.8289534407057233,0.009882264984900985,-1.835941257290029,-1.8219656241214173,0.013975633168611834
COc1cc(/C=C/C(=O)CC(=O)/C=C/c2ccc(O)c(OC)c2)ccc1O,CCO,308.15,2,-1.7759797616716702,0.008049143503193811,-1.781671365625522,-1.770288157717818,0.011383207907704085
COc1cc(/C=C/C(=O)CC(=O)/C=C/c2ccc(O)c(OC)c2)ccc1O,CCO,313.15,2,-1.725818043808048,0.005762041017252164,-1.729892422084822,-1.721743665531274,0.008148756553548075
COc1cc(/C=C/C(=O)CC(=O)/C=C/c2ccc(O)c(OC)c2)ccc1O,CCO,318.15,2,-1.6716756113415494,0.003131484933517674,-1.6738899055732233,-1.6694613171098756,0.004428588463347705
COc1cc(/C=C/C(=O)CC(=O)/C=C/c2ccc(O)c(OC)c2)ccc1O,O,298.15,2,-5.434550325944609,0.5002417328287266,-5.788274647460311,-5.080826004428907,0.7074486430314035
COc1cc(/C=C/C(=O)CC(=O)/C=C/c2ccc(O)c(OC)c2)ccc1O,O,303.15,2,-5.339596662944652,0.44196732104594577,-5.6521147527190925,-5.027078573170212,0.6250361795488804
COc1cc(/C=C/C(=O)CC(=O)/C=C/c2ccc(O)c(OC)c2)ccc1O,O,308.15,2,-5.253628291348621,0.3877026883798889,-5.527775491386295,-4.979481091310947,0.5482944000753482
COc1cc(/C=C/C(=O)CC(=O)/C=C/c2ccc(O)c(OC)c2)ccc1O,O,313.15,2,-5.184078127332868,0.31972811772772686,-5.410160047514155,-4.957996207151582,0.45216384036257296
COc1cc(/C=C/C(=O)CC(=O)/C=C/c2ccc(O)c(OC)c2)ccc1O,O,318.15,2,-5.1040108942721485,0.26378860596950787,-5.290537606352934,-4.917484182191363,0.3730534241615704
COc1cc(/C=C/C(=O)O)cc(OC)c1O,CS(C)=O,298.15,2,0.38486787525671895,0.002442217455338687,0.3831409667329168,0.3865947837805211,0.0034538170476042795
COc1cc(/C=C/C(=O)O)cc(OC)c1O,CS(C)=O,303.15,2,0.38975627330918494,0.002415211609179287,0.3880484608023338,0.3914640858160361,0.0034156250137022948
COc1cc(/C=C/C(=O)O)cc(OC)c1O,CS(C)=O,308.15,2,0.39790968237895563,0.0023760801679730188,0.396229539979539,0.3995898247783722,0.0033602847988331574
COc1cc(/C=C/C(=O)O)cc(OC)c1O,CS(C)=O,313.15,2,0.4058860891481326,0.0023385170360393013,0.404232507894029,0.4075396704022363,0.0033071625082073397
COc1cc(/C=C/C(=O)O)cc(OC)c1O,CS(C)=O,318.15,2,0.4137269938601834,0.0023024337726631604,0.4120989273263004,0.4153550603940665,0.0032561330677661204
COc1cc(/C=C/C(=O)O)cc(OC)c1O,OCCO,298.15,2,-0.9756928981554862,0.0021014295383920975,-0.977178833232269,-0.9742069630787034,0.0029718701535655923
COc1cc(/C=C/C(=O)O)cc(OC)c1O,OCCO,303.15,2,-0.9255935191891442,0.0014019865950730937,-0.926584873417653,-0.9246021649606354,0.0019827084570176456
COc1cc(/C=C/C(=O)O)cc(OC)c1O,OCCO,308.15,2,-0.8726598989649144,0.0008261955593086699,-0.8732441074474878,-0.872075690482341,0.0011684169651468013
COc1cc(/C=C/C(=O)O)cc(OC)c1O,OCCO,313.15,2,-0.8209976736011955,0.0018315320886011853,-0.8222927623610061,-0.8197025848413848,0.0025901775196213173
COc1cc(/C=C/C(=O)O)cc(OC)c1O,OCCO,318.15,2,-0.7773878566895536,0.001985047791223677,-0.7787914974437071,-0.7759842159353999,0.0028072815083072244
COc1cc(C(=O)O)ccc1O,CC(C)O,293.15,2,-0.4542698942084855,0.013974882961773922,-0.4641516287170442,-0.4443881596999268,0.019763469017117397
COc1cc(C(=O)O)ccc1O,CC(C)O,298.15,2,-0.40036557334359735,0.010657286699919034,-0.4079014130381593,-0.3928297336490354,0.015071679389123904
COc1cc(C(=O)O)ccc1O,CC(C)O,303.15,2,-0.3422709816494277,0.010853218857202035,-0.349945366301057,-0.3345965969977985,0.015348769303258514
COc1cc(C(=O)O)ccc1O,CC(C)O,308.15,2,-0.29060218964114715,0.005085283284198216,-0.2941980279356583,-0.287006351346636,0.007191676589022311
COc1cc(C(=O)O)ccc1O,CC(C)O,313.15,2,-0.24264678485233548,0.0034458311186148774,-0.2450833554031317,-0.2402102143015393,0.004873141101592399
COc1cc(C(=O)O)ccc1O,CC(C)O,318.15,2,-0.19424929403717645,0.0053870478727833186,-0.1980585121185981,-0.1904400759557548,0.007618436162843301
COc1cc(C(=O)O)ccc1O,CC(C)O,323.15,2,-0.14526916222897035,0.0049633537656345,-0.1487787833340783,-0.1417595411238624,0.007019242210215881
COc1cc(C=O)ccc1O,CCO,293.15,2,0.1260117023134762,0.009654504282333946,0.1191849368664433,0.1328384677605091,0.01365353089406579
COc1cc(C=O)ccc1O,CCO,298.15,2,0.16038562263041695,0.0027258780945600023,0.1584581357450657,0.1623131095157682,0.0038549737707024856
COc1cc(C=O)ccc1O,CCO,303.15,2,0.1862327175134065,0.00834648590698989,0.180330860729496,0.192134574297317,0.011803713567821006
COc1cc(C=O)ccc1O,CCO,308.15,2,0.216223983936887,0.027244780749914984,0.1969590147166814,0.2354889531570926,0.03852993844041119
COc1cc(C=O)ccc1O,CCO,313.15,2,0.25714215831957354,0.0516560877573576,0.2206157883767786,0.2936685282623685,0.07305273988558991
COc1cc(C=O)ccc1O,CCO,318.15,2,0.29245057030030275,0.07879619076161118,0.2367332494810987,0.3481678911195068,0.1114346416384081
COc1cc(C=O)ccc1O,CCO,323.15,2,0.34617559938120235,0.12484666839097251,0.2578956735533975,0.4344555252090072,0.17655985165560972
COc1cc(C=O)ccc1O,O,293.15,2,-1.2261183078632527,0.04902798538635375,-1.2607863287978585,-1.1914502869286472,0.06933604186921127
COc1cc(C=O)ccc1O,O,298.15,2,-1.1472458308117786,0.05679538542559787,-1.1874062329863224,-1.1070854286372347,0.08032080434908773
COc1cc(C=O)ccc1O,O,303.15,2,-1.0409386086070558,0.052385517872859416,-1.0779807635309238,-1.0038964536831878,0.07408430984773595
COc1cc(C=O)ccc1O,O,308.15,2,-0.9749040058165607,0.03238374060151345,-0.997802768396077,-0.9520052432370444,0.04579752515903257
COc1cc(C=O)ccc1O,O,313.15,2,-0.9127376208742313,0.033862818465595364,-0.9366822494413428,-0.8887929923071198,0.047889257134222984
COc1cc(C=O)ccc1O,O,318.15,2,-0.856343108563203,0.03409460785768751,-0.8804516369812699,-0.832234580145136,0.048217056836133976
COc1cc([N+](=O)[O-])ccc1N,O,278.15,2,-3.6521247419763823,0.0020659185311198707,-3.653585566979116,-3.650663916973649,0.002921650005467402
COc1cc([N+](=O)[O-])ccc1N,O,283.15,2,-3.4895887192106896,0.016939451490796086,-3.501566720229412,-3.477610718191967,0.023956002037444968
COc1cc([N+](=O)[O-])ccc1N,O,288.15,2,-3.399945768344663,0.015525885691287876,-3.4109242274009,-3.388967309288426,0.02195691811247391
COc1cc([N+](=O)[O-])ccc1N,O,293.15,2,-3.290745521094011,0.016150900085605758,-3.302165932066809,-3.2793251101212126,0.022840821945596446
COc1cc([N+](=O)[O-])ccc1N,O,298.15,2,-3.1473553490697275,0.006204181220551105,-3.1517423676824894,-3.1429683304569656,0.008774037225523834
COc1cc([N+](=O)[O-])ccc1N,O,303.15,2,-3.02239573505106,0.006612196353748077,-3.027071263931332,-3.0177202061707877,0.009351057760544457
COc1cc([N+](=O)[O-])ccc1N,O,308.15,2,-2.8814788666104567,0.004901320178482455,-2.884944623345428,-2.8780131098754853,0.006931513469942807
COc1cc([N+](=O)[O-])ccc1N,O,313.15,2,-2.757213307687258,0.004738879710441204,-2.7605642016657383,-2.7538624137087777,0.0067017879569606364
COc1cc([N+](=O)[O-])ccc1N,O,318.15,2,-2.6348885719332453,0.002476083559803492,-2.636639427409167,-2.6331377164573238,0.003501710951843151
COc1cc([N+](=O)[O-])ccc1N,O,323.15,2,-2.5208288055434456,0.0005029543574203177,-2.521184447980205,-2.5204731631066863,0.0007112848735184585
COc1ccc(Cl)cc1C(=O)NCCc1ccc(S(=O)(=O)NC(=O)NC2CCCCC2)cc1,CC#N,288.15,2,-2.8379737789466555,0.03460406305115515,-2.8624425465867342,-2.813505011306577,0.048937535280157096
COc1ccc(Cl)cc1C(=O)NCCc1ccc(S(=O)(=O)NC(=O)NC2CCCCC2)cc1,CC#N,293.15,2,-2.7114903100326995,0.020960713064496306,-2.7263117723791104,-2.696668847686289,0.02964292469282137
COc1ccc(Cl)cc1C(=O)NCCc1ccc(S(=O)(=O)NC(=O)NC2CCCCC2)cc1,CC#N,298.15,2,-2.584694047399683,0.029675614869904037,-2.6056778759100725,-2.5637102188892933,0.0419676570207792
COc1ccc(Cl)cc1C(=O)NCCc1ccc(S(=O)(=O)NC(=O)NC2CCCCC2)cc1,CC#N,303.15,2,-2.487845398113191,0.037019525358952705,-2.5140221555308138,-2.461668640695568,0.05235351483524564
COc1ccc(Cl)cc1C(=O)NCCc1ccc(S(=O)(=O)NC(=O)NC2CCCCC2)cc1,CC#N,308.15,2,-2.371063536099738,0.008445096598805518,-2.3770351211725287,-2.365091951026947,0.01194317014558166
COc1ccc(Cl)cc1C(=O)NCCc1ccc(S(=O)(=O)NC(=O)NC2CCCCC2)cc1,CC#N,313.15,2,-2.2434175354831574,0.016199040541732,-2.2548719868989315,-2.2319630840673828,0.022908902831548783
COc1ccc(Cl)cc1C(=O)NCCc1ccc(S(=O)(=O)NC(=O)NC2CCCCC2)cc1,CC#N,318.15,2,-2.1080303048927065,0.008535925459577908,-2.114066115668877,-2.101994494116536,0.012071621552340872
COc1ccc(Cl)cc1C(=O)NCCc1ccc(S(=O)(=O)NC(=O)NC2CCCCC2)cc1,CC#N,323.15,2,-1.9867245803591542,0.006864162833086058,-1.991578276445598,-1.9818708842727104,0.00970739217288763
COc1ccc(Cl)cc1C(=O)NCCc1ccc(S(=O)(=O)NC(=O)NC2CCCCC2)cc1,CC(C)=O,283.15,2,-2.1996535412992673,0.01881743675584947,-2.212959478433877,-2.186347604164657,0.02661187426922007
COc1ccc(Cl)cc1C(=O)NCCc1ccc(S(=O)(=O)NC(=O)NC2CCCCC2)cc1,CC(C)=O,288.15,2,-2.111897809335411,0.004750711885144399,-2.11525706992486,-2.108538548745962,0.00671852117889804
COc1ccc(Cl)cc1C(=O)NCCc1ccc(S(=O)(=O)NC(=O)NC2CCCCC2)cc1,CC(C)=O,293.15,2,-2.0237825779416783,0.00463093614022326,-2.027057144289672,-2.020508011593684,0.0065491326959876695
COc1ccc(Cl)cc1C(=O)NCCc1ccc(S(=O)(=O)NC(=O)NC2CCCCC2)cc1,CC(C)=O,298.15,2,-1.9208289713357858,0.004673384979755721,-1.9241335535460664,-1.9175243891255052,0.006609164420561253
COc1ccc(Cl)cc1C(=O)NCCc1ccc(S(=O)(=O)NC(=O)NC2CCCCC2)cc1,CC(C)=O,303.15,2,-1.8283576100565937,0.009522238831306026,-1.835090849706288,-1.8216243704068995,0.0134664792993886
COc1ccc(Cl)cc1C(=O)NCCc1ccc(S(=O)(=O)NC(=O)NC2CCCCC2)cc1,CC(C)=O,308.15,2,-1.7394377121642486,0.014066981409939167,-1.7493845701100417,-1.7294908542184555,0.019893715891586172
COc1ccc(Cl)cc1C(=O)NCCc1ccc(S(=O)(=O)NC(=O)NC2CCCCC2)cc1,CC(C)=O,313.15,2,-1.6397432367709497,0.007191087952160773,-1.6448281038260315,-1.634658369715868,0.01016973411016342
COc1ccc(Cl)cc1C(=O)NCCc1ccc(S(=O)(=O)NC(=O)NC2CCCCC2)cc1,CC(C)=O,318.15,2,-1.5459262937289855,0.007211023048719998,-1.551025257026028,-1.540827330431943,0.010197926594084805
COc1ccc(Cl)cc1C(=O)NCCc1ccc(S(=O)(=O)NC(=O)NC2CCCCC2)cc1,CC(C)=O,323.15,2,-1.4615085972755075,0.009324310840155801,-1.4681018807004729,-1.454915313850542,0.013186566849930914
COc1ccc(Cl)cc1C(=O)NCCc1ccc(S(=O)(=O)NC(=O)NC2CCCCC2)cc1,CC(C)O,283.15,2,-2.9892227950245562,0.01615524375059506,-3.0006462774323235,-2.9777993126167885,0.022846964815534943
COc1ccc(Cl)cc1C(=O)NCCc1ccc(S(=O)(=O)NC(=O)NC2CCCCC2)cc1,CC(C)O,288.15,3,-2.8895262669115156,0.03943899942500392,-2.932112812687158,-2.854260726318708,0.0778520863684502
COc1ccc(Cl)cc1C(=O)NCCc1ccc(S(=O)(=O)NC(=O)NC2CCCCC2)cc1,CC(C)O,293.15,3,-2.7841382476639267,0.015020988423721402,-2.79902527082037,-2.7689867856849686,0.030038485135401416
COc1ccc(Cl)cc1C(=O)NCCc1ccc(S(=O)(=O)NC(=O)NC2CCCCC2)cc1,CC(C)O,298.15,3,-2.659084910452402,0.017954418650956892,-2.6767032047932307,-2.640812258250353,0.03589094654287761
COc1ccc(Cl)cc1C(=O)NCCc1ccc(S(=O)(=O)NC(=O)NC2CCCCC2)cc1,CC(C)O,303.15,3,-2.550850675215558,0.02367530836546764,-2.572363804342421,-2.5254855794946773,0.04687822484774351
COc1ccc(Cl)cc1C(=O)NCCc1ccc(S(=O)(=O)NC(=O)NC2CCCCC2)cc1,CC(C)O,308.15,3,-2.430695310407549,0.028873843264060232,-2.457944029448323,-2.4004327626499995,0.0575112667983233
COc1ccc(Cl)cc1C(=O)NCCc1ccc(S(=O)(=O)NC(=O)NC2CCCCC2)cc1,CC(C)O,313.15,3,-2.281935071463377,0.012171413595062781,-2.2905254187561312,-2.268006738473125,0.022518680283006187
COc1ccc(Cl)cc1C(=O)NCCc1ccc(S(=O)(=O)NC(=O)NC2CCCCC2)cc1,CC(C)O,318.15,3,-2.116877523091587,0.015924337195162657,-2.134611312354976,-2.103801227804629,0.03081008455034695
COc1ccc(Cl)cc1C(=O)NCCc1ccc(S(=O)(=O)NC(=O)NC2CCCCC2)cc1,CC(C)O,323.15,3,-1.9458041676920261,0.017407112892914002,-1.96219754077954,-1.927535213857493,0.03466232692204696
COc1ccc(Cl)cc1C(=O)NCCc1ccc(S(=O)(=O)NC(=O)NC2CCCCC2)cc1,CCCO,288.15,2,-2.7273259089177015,0.06666341920198118,-2.774464064692504,-2.680187753142899,0.09427631154960503
COc1ccc(Cl)cc1C(=O)NCCc1ccc(S(=O)(=O)NC(=O)NC2CCCCC2)cc1,CCCO,293.15,2,-2.6255131949331636,0.0521179096949248,-2.662366122299713,-2.588660267566614,0.07370585473309887
COc1ccc(Cl)cc1C(=O)NCCc1ccc(S(=O)(=O)NC(=O)NC2CCCCC2)cc1,CCCO,298.15,2,-2.5121336798944403,0.015046234754782674,-2.522772974520872,-2.5014943852680087,0.021278589252863078
COc1ccc(Cl)cc1C(=O)NCCc1ccc(S(=O)(=O)NC(=O)NC2CCCCC2)cc1,CCCO,303.15,2,-2.4092080349489597,0.016698838548639617,-2.4210158969246423,-2.3974001729732777,0.023615723951364576
COc1ccc(Cl)cc1C(=O)NCCc1ccc(S(=O)(=O)NC(=O)NC2CCCCC2)cc1,CCCO,308.15,2,-2.2736480301406203,0.03563758334150719,-2.298847606986501,-2.24844845329474,0.050399153691760734
COc1ccc(Cl)cc1C(=O)NCCc1ccc(S(=O)(=O)NC(=O)NC2CCCCC2)cc1,CCCO,313.15,2,-2.138563339735551,0.018996012718333684,-2.1519955491441904,-2.125131130326911,0.0268644188172793
COc1ccc(Cl)cc1C(=O)NCCc1ccc(S(=O)(=O)NC(=O)NC2CCCCC2)cc1,CCCO,318.15,2,-2.015208331789241,0.009012551034962062,-2.0215811677418523,-2.008835495836629,0.012745671905223244
COc1ccc(Cl)cc1C(=O)NCCc1ccc(S(=O)(=O)NC(=O)NC2CCCCC2)cc1,CCCO,323.15,2,-1.8970861578814295,0.004267839238410891,-1.900103975947924,-1.8940683398149352,0.006035636132988742
COc1ccc(Cl)cc1C(=O)NCCc1ccc(S(=O)(=O)NC(=O)NC2CCCCC2)cc1,CCO,283.15,2,-2.737324250250773,0.013765873679371725,-2.7470581928784146,-2.727590307623132,0.019467885255282535
COc1ccc(Cl)cc1C(=O)NCCc1ccc(S(=O)(=O)NC(=O)NC2CCCCC2)cc1,CCO,288.15,2,-2.594806860139428,0.011360591919109007,-2.602840011723723,-2.586773708555133,0.016066303168590146
COc1ccc(Cl)cc1C(=O)NCCc1ccc(S(=O)(=O)NC(=O)NC2CCCCC2)cc1,CCO,293.15,2,-2.4827022048938447,0.013374610015647083,-2.492159482331634,-2.473244927456055,0.01891455487557936
COc1ccc(Cl)cc1C(=O)NCCc1ccc(S(=O)(=O)NC(=O)NC2CCCCC2)cc1,CCO,298.15,2,-2.3634926171945816,0.01145528898777352,-2.3715927297182877,-2.355392504670875,0.016200225047412697
COc1ccc(Cl)cc1C(=O)NCCc1ccc(S(=O)(=O)NC(=O)NC2CCCCC2)cc1,CCO,303.15,2,-2.259218763157253,0.016101512695484106,-2.270604251971591,-2.247833274342915,0.022770977628676192
COc1ccc(Cl)cc1C(=O)NCCc1ccc(S(=O)(=O)NC(=O)NC2CCCCC2)cc1,CCO,308.15,2,-2.145131787447979,0.018070770995780184,-2.1579097521603643,-2.1323538227355936,0.025555929424770696
COc1ccc(Cl)cc1C(=O)NCCc1ccc(S(=O)(=O)NC(=O)NC2CCCCC2)cc1,CCO,313.15,2,-1.9934244124449534,0.015185862221166824,-2.004162438599705,-1.9826863862902016,0.021476052309503446
COc1ccc(Cl)cc1C(=O)NCCc1ccc(S(=O)(=O)NC(=O)NC2CCCCC2)cc1,CCO,318.15,2,-1.8339967717224082,0.010024002642152556,-1.841084811965306,-1.82690873147951,0.014176080485795994
COc1ccc(Cl)cc1C(=O)NCCc1ccc(S(=O)(=O)NC(=O)NC2CCCCC2)cc1,CCO,323.15,2,-1.7045891209898267,0.01413545877569102,-1.7145843997453007,-1.6945938422343527,0.019990557510948026
COc1ccc(Cl)cc1C(=O)NCCc1ccc(S(=O)(=O)NC(=O)NC2CCCCC2)cc1,CCOC(C)=O,283.15,2,-3.0393982958047943,0.013239965857842045,-3.048760365445553,-3.030036226164036,0.01872413928151717
COc1ccc(Cl)cc1C(=O)NCCc1ccc(S(=O)(=O)NC(=O)NC2CCCCC2)cc1,CCOC(C)=O,288.15,2,-2.917699958847335,0.015686574431417556,-2.928792042001378,-2.9066078756932923,0.02218416630808573
COc1ccc(Cl)cc1C(=O)NCCc1ccc(S(=O)(=O)NC(=O)NC2CCCCC2)cc1,CCOC(C)=O,293.15,2,-2.8199405130250086,0.008731226536970284,-2.826114422517376,-2.813766603532641,0.012347818984735248
COc1ccc(Cl)cc1C(=O)NCCc1ccc(S(=O)(=O)NC(=O)NC2CCCCC2)cc1,CCOC(C)=O,298.15,2,-2.7301373191277176,0.0095324230946877,-2.7368777601391105,-2.7233968781163247,0.013480882022785856
COc1ccc(Cl)cc1C(=O)NCCc1ccc(S(=O)(=O)NC(=O)NC2CCCCC2)cc1,CCOC(C)=O,303.15,2,-2.632182696673571,0.013452632815525849,-2.641695144562242,-2.6226702487849,0.01902489577734201
COc1ccc(Cl)cc1C(=O)NCCc1ccc(S(=O)(=O)NC(=O)NC2CCCCC2)cc1,CCOC(C)=O,308.15,2,-2.524766567520406,0.01762175616288248,-2.537227030799596,-2.512306104241216,0.024920926558380074
COc1ccc(Cl)cc1C(=O)NCCc1ccc(S(=O)(=O)NC(=O)NC2CCCCC2)cc1,CCOC(C)=O,313.15,2,-2.417608307812006,0.01468780465144789,-2.427994154081788,-2.407222461542224,0.020771692539564235
COc1ccc(Cl)cc1C(=O)NCCc1ccc(S(=O)(=O)NC(=O)NC2CCCCC2)cc1,CCOC(C)=O,318.15,2,-2.30806731518178,0.015810259397660512,-2.319246856814184,-2.296887773549376,0.022359083264808177
COc1ccc(Cl)cc1C(=O)NCCc1ccc(S(=O)(=O)NC(=O)NC2CCCCC2)cc1,CCOC(C)=O,323.15,2,-2.2044795901779777,0.009648776979032481,-2.2113023058100083,-2.1976568745459475,0.013645431264060814
COc1ccc(Cl)cc1C(=O)NCCc1ccc(S(=O)(=O)NC(=O)NC2CCCCC2)cc1,CO,283.15,2,-2.500231809145939,0.01337517593637945,-2.509689486750116,-2.490774131541762,0.01891535520835408
COc1ccc(Cl)cc1C(=O)NCCc1ccc(S(=O)(=O)NC(=O)NC2CCCCC2)cc1,CO,288.15,3,-2.3681760601718636,0.020028791192634076,-2.3882369566787083,-2.348179529431105,0.040057427247603083
COc1ccc(Cl)cc1C(=O)NCCc1ccc(S(=O)(=O)NC(=O)NC2CCCCC2)cc1,CO,293.15,3,-2.2664996303178313,0.018681890990368967,-2.2855168230415432,-2.248172143058707,0.037344679982836304
COc1ccc(Cl)cc1C(=O)NCCc1ccc(S(=O)(=O)NC(=O)NC2CCCCC2)cc1,CO,298.15,3,-2.1458730781162205,0.012538448241830915,-2.156994416994615,-2.132284360939434,0.02471005605518073
COc1ccc(Cl)cc1C(=O)NCCc1ccc(S(=O)(=O)NC(=O)NC2CCCCC2)cc1,CO,303.15,3,-2.0491540082144923,0.013265018271115718,-2.0621523101644104,-2.0356374631685763,0.026514846995834063
COc1ccc(Cl)cc1C(=O)NCCc1ccc(S(=O)(=O)NC(=O)NC2CCCCC2)cc1,CO,308.15,3,-1.9413485835035598,0.017462568992537075,-1.9606875297172917,-1.926734903147204,0.033952626570087574
COc1ccc(Cl)cc1C(=O)NCCc1ccc(S(=O)(=O)NC(=O)NC2CCCCC2)cc1,CO,313.15,3,-1.8010889867636013,0.02730028662896476,-1.8297839598569443,-1.7754386448518962,0.054345315005048134
COc1ccc(Cl)cc1C(=O)NCCc1ccc(S(=O)(=O)NC(=O)NC2CCCCC2)cc1,CO,318.15,3,-1.6182416603175256,0.025220602971923838,-1.6468436034344816,-1.5991945901804017,0.047649013254079886
COc1ccc(Cl)cc1C(=O)NCCc1ccc(S(=O)(=O)NC(=O)NC2CCCCC2)cc1,CO,323.15,3,-1.4865340496318025,0.019675041919139394,-1.506258032128722,-1.466908316254128,0.039349715874593905
COc1ccc(Cl)cc1C(=O)NCCc1ccc(S(=O)(=O)NC(=O)NC2CCCCC2)cc1,O,288.15,2,-5.305318723023166,0.006363950072364558,-5.309818715274468,-5.300818730771865,0.008999984502603198
COc1ccc(Cl)cc1C(=O)NCCc1ccc(S(=O)(=O)NC(=O)NC2CCCCC2)cc1,O,293.15,2,-5.242577707262424,0.009815901960051655,-5.249518598101838,-5.235636816423009,0.013881781678829697
COc1ccc(Cl)cc1C(=O)NCCc1ccc(S(=O)(=O)NC(=O)NC2CCCCC2)cc1,O,298.15,2,-5.1533091256070245,0.006531558169225337,-5.157927634680198,-5.148690616533851,0.009237018146347253
COc1ccc(Cl)cc1C(=O)NCCc1ccc(S(=O)(=O)NC(=O)NC2CCCCC2)cc1,O,303.15,2,-5.052420723800897,0.013020839608884555,-5.061627847785082,-5.0432135998167125,0.018414247968369324
COc1ccc(Cl)cc1C(=O)NCCc1ccc(S(=O)(=O)NC(=O)NC2CCCCC2)cc1,O,308.15,2,-4.908814395003246,0.016068873994276086,-4.920176804770631,-4.897451985235861,0.022724819534770013
COc1ccc(Cl)cc1C(=O)NCCc1ccc(S(=O)(=O)NC(=O)NC2CCCCC2)cc1,O,313.15,2,-4.762174043300755,0.019364691314876583,-4.775866947845088,-4.748481138756421,0.027385809088666946
COc1ccc(Cl)cc1C(=O)NCCc1ccc(S(=O)(=O)NC(=O)NC2CCCCC2)cc1,O,318.15,2,-4.611938757140647,0.013122665443860206,-4.621217882863243,-4.602659631418051,0.01855825144519141
COc1ccc(Cl)cc1C(=O)NCCc1ccc(S(=O)(=O)NC(=O)NC2CCCCC2)cc1,O,323.15,2,-4.371245875613209,0.006493694903343813,-4.375837611314319,-4.3666541399120975,0.009183471402221421
COc1ccc2c(c1)c(CC(=O)O)c(C)n2C(=O)c1ccc(Cl)cc1,O,293.15,2,-4.972656083003378,0.8611077168132878,-5.581551188894119,-4.363760977112637,1.217790211781482
COc1ccc2c(c1)c(CC(=O)O)c(C)n2C(=O)c1ccc(Cl)cc1,O,298.15,2,-4.92272415704508,0.8983411875459846,-5.557947302578022,-4.287501011512139,1.2704462910658831
COc1ccc2c(c1)c(CC(=O)O)c(C)n2C(=O)c1ccc(Cl)cc1,O,303.15,2,-4.874283714866092,0.9307636793774776,-5.532433024236048,-4.2161344054961365,1.3162986187399115
COc1ccc2c(c1)c(CC(=O)O)c(C)n2C(=O)c1ccc(Cl)cc1,O,308.15,2,-4.833015526938981,0.9596641451109503,-5.511600551608525,-4.154430502269436,1.3571700493390884
COc1ccc2c(c1)c(CC(=O)O)c(C)n2C(=O)c1ccc(Cl)cc1,O,313.15,2,-4.78452621989382,1.0003357302065374,-5.49187039818606,-4.077182041601581,1.4146883565844783
COc1ccc2cc([C@H](C)C(=O)O)ccc2c1,CCO,293.2,2,-0.6996183712184074,0.04580979635482293,-0.7320107888656775,-0.6672259535711373,0.06478483529454016
COc1ccc2cc([C@H](C)C(=O)O)ccc2c1,CCO,298.2,2,-0.6419752135144283,0.07524244272022744,-0.6951796549949415,-0.588770772033915,0.10640888296102646
COc1ccc2cc([C@H](C)C(=O)O)ccc2c1,CCO,303.2,2,-0.560110810182149,0.13372940178590825,-0.6546717770289852,-0.4655498433353129,0.18912193369367225
COc1ccc2cc([C@H](C)C(=O)O)ccc2c1,CCO,308.2,2,-0.5109494628645129,0.16022225958648187,-0.6242437091151456,-0.3976552166138803,0.22658849250126528
COc1ccc2cc([C@H](C)C(=O)O)ccc2c1,CCO,313.2,2,-0.4471793569315934,0.19406074748377866,-0.5844010274395035,-0.3099576864236832,0.2744433410158203
COc1ccc2cc([C@H](C)C(=O)O)ccc2c1,CO,298.15,2,-0.5118548865535116,0.009290075707521992,-0.5184239620840368,-0.5052858110229864,0.01313815106105043
COc1ccc2nc(SCc3ncc(C)c(OC)c3C)[nH]c2c1,CCO,288.15,2,-0.7182674092787513,0.5086276585640145,-1.077921475748402,-0.3586133428091008,0.7193081329393012
COc1ccc2nc(SCc3ncc(C)c(OC)c3C)[nH]c2c1,CCO,307.65,2,-0.26795755984662656,0.592872409458165,-0.6871816609529025,0.1512665412596493,0.8384482022125518
COc1ccc2nc(SCc3ncc(C)c(OC)c3C)[nH]c2c1,CCOC(C)=O,288.15,2,-0.9420589730750071,0.4995835717844182,-1.2953179044531655,-0.5888000416968486,0.7065178627563169
COc1ccc2nc(SCc3ncc(C)c(OC)c3C)[nH]c2c1,CCOC(C)=O,307.65,2,-0.4893746026799539,0.5913793695103549,-0.9075429651145508,-0.071206240245357,0.8363367248691937
COc1ccccc1N1CCN(CC(O)COc2cccc3ccccc23)CC1,CCO,288.15,2,-1.6282792937387,0.02477647288150612,-1.6457989057270976,-1.6107596817503025,0.03503922397679515
COc1ccccc1N1CCN(CC(O)COc2cccc3ccccc23)CC1,CCO,293.15,2,-1.5676430876943614,0.021651478935385177,-1.58295299527229,-1.552333180116433,0.03061981515585699
COc1ccccc1N1CCN(CC(O)COc2cccc3ccccc23)CC1,CCO,298.15,2,-1.507061177211066,0.024314376383278255,-1.5242540376320042,-1.489868316790128,0.03438572084187608
COc1ccccc1N1CCN(CC(O)COc2cccc3ccccc23)CC1,CCO,303.15,2,-1.4547026972608899,0.027838773512071004,-1.4743876827911917,-1.435017711730588,0.03936997106060369
COc1ccccc1N1CCN(CC(O)COc2cccc3ccccc23)CC1,CCO,308.15,2,-1.3983024439098335,0.018992867076828228,-1.4117324290140334,-1.3848724588056334,0.02685997020840003
COc1ccccc1N1CCN(CC(O)COc2cccc3ccccc23)CC1,CCO,313.15,2,-1.3413999310042009,0.01260730817092324,-1.3503146441043692,-1.3324852179040323,0.017829426200336895
COc1ccccc1OCCNCC(O)COc1cccc2[nH]c3ccccc3c12,C1CCOC1,288.15,2,-1.2753173164948821,0.9926053116283627,-1.9771952633890837,-0.5734393696006808,1.403755893788403
COc1ccccc1OCCNCC(O)COc1cccc2[nH]c3ccccc3c12,C1CCOC1,293.15,2,-1.1829287947464215,0.9256033686048555,-1.8374292133760264,-0.5284283761168169,1.3090008372592095
COc1ccccc1OCCNCC(O)COc1cccc2[nH]c3ccccc3c12,C1CCOC1,298.15,2,-1.0867211499288025,0.8518400787174836,-1.6890630460764176,-0.4843792537811873,1.2046837922952303
COc1ccccc1OCCNCC(O)COc1cccc2[nH]c3ccccc3c12,C1CCOC1,303.15,2,-0.9983543993315266,0.7917514662482722,-1.5582072301300718,-0.4385015685329814,1.1197056615970904
COc1ccccc1OCCNCC(O)COc1cccc2[nH]c3ccccc3c12,C1CCOC1,308.15,2,-0.9169684838926744,0.7349342938302879,-1.4366455067866175,-0.3972914609987313,1.0393540457878863
COc1ccccc1OCCNCC(O)COc1cccc2[nH]c3ccccc3c12,CC(C)=O,288.15,2,-1.2773781200641188,0.7309211652588775,-1.7942174325314442,-0.7605388075967932,1.033678624934651
COc1ccccc1OCCNCC(O)COc1cccc2[nH]c3ccccc3c12,CC(C)=O,293.15,2,-1.1853750949892323,0.6968953122259189,-1.678154496041296,-0.6925956939371688,0.9855588021041272
COc1ccccc1OCCNCC(O)COc1cccc2[nH]c3ccccc3c12,CC(C)=O,298.15,2,-1.084866768997131,0.6523009674866701,-1.546113206481501,-0.6236203315127609,0.9224928749687402
COc1ccccc1OCCNCC(O)COc1cccc2[nH]c3ccccc3c12,CC(C)=O,303.15,2,-1.0018348307157057,0.6241730793477854,-1.4431918477566137,-0.5604778136747975,0.8827140340818161
COc1ccccc1OCCNCC(O)COc1cccc2[nH]c3ccccc3c12,CC(C)=O,308.15,2,-0.9144172618871819,0.580739643584978,-1.3250622019699785,-0.5037723218043852,0.8212898801655932
COc1ccccc1OCCNCC(O)COc1cccc2[nH]c3ccccc3c12,CCO,288.15,2,-1.8236775856739016,0.15473046312507777,-1.9330885454057791,-1.714266625942024,0.21882191946375507
COc1ccccc1OCCNCC(O)COc1cccc2[nH]c3ccccc3c12,CCO,293.15,2,-1.724181420079123,0.16137562065605912,-1.8382912157632103,-1.6100716243950357,0.2282195913681746
COc1ccccc1OCCNCC(O)COc1cccc2[nH]c3ccccc3c12,CCO,298.15,2,-1.6214301104683129,0.1712679486099824,-1.7425348383303407,-1.5003253826062852,0.2422094557240555
COc1ccccc1OCCNCC(O)COc1cccc2[nH]c3ccccc3c12,CCO,303.15,2,-1.5209278572628595,0.20098701686653495,-1.6630471398196414,-1.3788085747060776,0.2842385651135637
COc1ccccc1OCCNCC(O)COc1cccc2[nH]c3ccccc3c12,CCO,308.15,2,-1.430125148631134,0.20344069509337903,-1.5739794437009669,-1.2862708535613008,0.2877085901396661
COc1ccccc1OCCNCC(O)COc1cccc2[nH]c3ccccc3c12,CCOC(C)=O,288.15,2,-1.8167819687930065,0.008312606463154388,-1.822659869192438,-1.8109040683935749,0.01175580079886318
COc1ccccc1OCCNCC(O)COc1cccc2[nH]c3ccccc3c12,CCOC(C)=O,293.15,2,-1.7155617424742047,0.003273126499258064,-1.7178761924175114,-1.713247292530898,0.0046288998866135245
COc1ccccc1OCCNCC(O)COc1cccc2[nH]c3ccccc3c12,CCOC(C)=O,298.15,2,-1.61311147374989,0.0012853038487065868,-1.6140203208171957,-1.6122026266825844,0.001817694134611303
COc1ccccc1OCCNCC(O)COc1cccc2[nH]c3ccccc3c12,CCOC(C)=O,303.15,2,-1.5282809587259618,0.002102363077915477,-1.529767553914872,-1.5267943635370516,0.0029731903778205115
COc1ccccc1OCCNCC(O)COc1cccc2[nH]c3ccccc3c12,CCOC(C)=O,308.15,2,-1.4338004443961656,0.007569273587152063,-1.439152729078297,-1.4284481597140342,0.010704569364262895
COc1ccccc1OCCNCC(O)COc1cccc2[nH]c3ccccc3c12,CO,288.15,2,-1.6337113035292554,0.12181444049276843,-1.7198471204481371,-1.5475754866103737,0.17227163383776345
COc1ccccc1OCCNCC(O)COc1cccc2[nH]c3ccccc3c12,CO,293.15,2,-1.5280483995419347,0.13753785115014605,-1.6253023467600292,-1.4307944523238405,0.19450789443618866
COc1ccccc1OCCNCC(O)COc1cccc2[nH]c3ccccc3c12,CO,298.15,2,-1.418228480847581,0.15865153708342702,-1.530412058564941,-1.3060449031302206,0.2243671554347204
COc1ccccc1OCCNCC(O)COc1cccc2[nH]c3ccccc3c12,CO,303.15,2,-1.321124879016624,0.16653731884849485,-1.4388845464950208,-1.203365211538227,0.2355193349567939
COc1ccccc1OCCNCC(O)COc1cccc2[nH]c3ccccc3c12,CO,308.15,2,-1.2220474047343064,0.17723713854607986,-1.347372987278339,-1.0967218221902737,0.2506511650880654
CS(=O)(=O)Nc1ccc([N+](=O)[O-])cc1Oc1ccccc1,CCO,278.15,2,-2.2215284143217273,0.10796087401165398,-2.2978682804381947,-2.1451885482052604,0.1526797322329343
CS(=O)(=O)Nc1ccc([N+](=O)[O-])cc1Oc1ccccc1,CCO,283.15,2,-2.125587687415332,0.09736761692422516,-2.194436989610426,-2.0567383852202386,0.13769860439018755
CS(=O)(=O)Nc1ccc([N+](=O)[O-])cc1Oc1ccccc1,CCO,288.15,2,-2.030238723703939,0.05876591795384911,-2.071792502791758,-1.98868494461612,0.08310755817563775
CS(=O)(=O)Nc1ccc([N+](=O)[O-])cc1Oc1ccccc1,CCO,293.15,2,-1.9342022977997817,0.033002845064713196,-1.9575388333434895,-1.910865762256074,0.046673071087415474
CS(=O)(=O)Nc1ccc([N+](=O)[O-])cc1Oc1ccccc1,CCO,298.15,2,-1.8349951821436399,0.017393693030099012,-1.8472943804351,-1.8226959838521797,0.0245983965829204
CS(=O)(=O)Nc1ccc([N+](=O)[O-])cc1Oc1ccccc1,CCO,303.15,2,-1.7387412915866358,0.003144290769912177,-1.7409646409120632,-1.7365179422612087,0.004446698650854453
CS(=O)(=O)Nc1ccc([N+](=O)[O-])cc1Oc1ccccc1,CCO,308.15,2,-1.6414545456446745,0.005454841418232412,-1.645311701001804,-1.6375973902875451,0.007714310714258765
CS(=O)(=O)Nc1ccc([N+](=O)[O-])cc1Oc1ccccc1,CCO,313.15,2,-1.5414604947000443,0.004312489439463306,-1.544509885226484,-1.5384111041736044,0.006098781052879643
CS(=O)(=O)Nc1ccc([N+](=O)[O-])cc1Oc1ccccc1,CCO,318.15,2,-1.4509989797597918,0.014079922265466378,-1.4609549882722823,-1.441042971247301,0.019912017024981354
CS(=O)(=O)Nc1ccc([N+](=O)[O-])cc1Oc1ccccc1,CCOC(C)=O,278.15,2,-0.7951441763693372,0.026970147449282004,-0.8142149505203257,-0.7760734022183489,0.0381415483019768
CS(=O)(=O)Nc1ccc([N+](=O)[O-])cc1Oc1ccccc1,CCOC(C)=O,283.15,2,-0.7478410539766025,0.025048877445220896,-0.765553285079229,-0.7301288228739761,0.03542446220525297
CS(=O)(=O)Nc1ccc([N+](=O)[O-])cc1Oc1ccccc1,CCOC(C)=O,288.15,2,-0.6940525231918913,0.012179285388803203,-0.7026645784803202,-0.6854404679034622,0.01722411057685791
CS(=O)(=O)Nc1ccc([N+](=O)[O-])cc1Oc1ccccc1,CCOC(C)=O,293.15,2,-0.6446854419841883,0.00853716323543546,-0.6507221280000611,-0.6386487559683154,0.012073372031745744
CS(=O)(=O)Nc1ccc([N+](=O)[O-])cc1Oc1ccccc1,CCOC(C)=O,298.15,2,-0.5981915403306878,0.00532231158039813,-0.601954982940775,-0.5944280977206006,0.007526885220174417
CS(=O)(=O)Nc1ccc([N+](=O)[O-])cc1Oc1ccccc1,CCOC(C)=O,303.15,2,-0.5457245547832306,0.0054056302147853135,-0.5495469125646921,-0.5419021970017689,0.007644715562923232
CS(=O)(=O)Nc1ccc([N+](=O)[O-])cc1Oc1ccccc1,CCOC(C)=O,308.15,2,-0.4982910909605842,0.009175146131228598,-0.5047788990083535,-0.491803282912815,0.01297561609553849
CS(=O)(=O)Nc1ccc([N+](=O)[O-])cc1Oc1ccccc1,CCOC(C)=O,313.15,2,-0.4523545740922543,0.009739536005275103,-0.4592414660471949,-0.4454676821373138,0.013773783909881099
CS(=O)(=O)Nc1ccc([N+](=O)[O-])cc1Oc1ccccc1,CCOC(C)=O,318.15,2,-0.40339556566748774,0.007552358720067576,-0.4087358897324009,-0.3980552416025746,0.010680648129826276
C[C@@H](O[C@H]1OCCN(Cc2n[nH]c(=O)[nH]2)[C@H]1c1ccc(F)cc1)c1cc(C(F)(F)F)cc(C(F)(F)F)c1,CO,300.75,2,-0.9526039134231009,0.012573866217890846,-0.961494979491504,-0.9437128473546978,0.017782132136806128
C[C@@H]1CC[C@@]2(OC1)O[C@H]1C[C@H]3[C@@H]4CC=C5C[C@@H](O)CC[C@]5(C)[C@H]4CC[C@]3(C)[C@H]1[C@@H]2C,CCO,327.65,2,-1.3351805237694685,0.09033281344154935,-1.3990554687176475,-1.2713055788212897,0.12774988989635783
C[C@@H]1CC[C@H]2[C@@H](C)C(=O)O[C@@H]3O[C@@]4(C)CC[C@@H]1[C@]32OO4,CC#N,298.15,2,-1.7331334270881484,0.3899154585393512,-2.0088452919107858,-1.457421562265511,0.5514237296452749
C[C@@H]1CC[C@H]2[C@@H](C)C(=O)O[C@@H]3O[C@@]4(C)CC[C@@H]1[C@]32OO4,CC#N,323.15,2,-1.1111117754247224,0.27660693051451934,-1.3067024117147352,-0.9155211391347098,0.39118127258002544
C[C@@H]1CC[C@H]2[C@@H](C)C(=O)O[C@@H]3O[C@@]4(C)CC[C@@H]1[C@]32OO4,CC(C)=O,298.15,2,-0.9332968211868067,0.005450780637611206,-0.9371511051384218,-0.9294425372351914,0.007708567903230379
C[C@@H]1CC[C@H]2[C@@H](C)C(=O)O[C@@H]3O[C@@]4(C)CC[C@@H]1[C@]32OO4,CC(C)=O,323.15,2,-0.42406700256938434,0.006645356039124341,-0.4287659788880481,-0.4193680262507205,0.009397952637327622
C[C@@H]1CC[C@H]2[C@@H](C)C(=O)O[C@@H]3O[C@@]4(C)CC[C@@H]1[C@]32OO4,CCOC(C)=O,298.15,2,-0.8188007773769811,0.02284961820795953,-0.8349578973593529,-0.8026436573946093,0.032314239964743585
C[C@@H]1CC[C@H]2[C@@H](C)C(=O)O[C@@H]3O[C@@]4(C)CC[C@@H]1[C@]32OO4,CCOC(C)=O,323.15,2,-0.1654487635155614,0.0048650712115158486,-0.1688888883601797,-0.1620086386709431,0.006880249689236617
C[C@@H]1CC[C@H]2[C@@H](C)C(=O)O[C@@H]3O[C@@]4(C)CC[C@@H]1[C@]32OO4,CO,298.15,2,-1.4525310001055902,0.006616101180382123,-1.457209290115255,-1.4478527100959258,0.009356580019329153
C[C@@H]1CC[C@H]2[C@@H](C)C(=O)O[C@@H]3O[C@@]4(C)CC[C@@H]1[C@]32OO4,CO,323.15,2,-0.8209865400784653,0.00825510309049836,-0.8268237794531507,-0.8151493007037798,0.011674478749370887
C[C@@H]1CC[C@H]2[C@@H](C)C(=O)O[C@@H]3O[C@@]4(C)CC[C@@H]1[C@]32OO4,Cc1ccccc1,298.15,2,-0.33322156141690373,0.15787938888288278,-0.4448591479055782,-0.2215839749282293,0.2232751729773489
C[C@@H]1CC[C@H]2[C@@H](C)C(=O)O[C@@H]3O[C@@]4(C)CC[C@@H]1[C@]32OO4,Cc1ccccc1,323.15,2,0.12032340559741875,0.023391624896056673,0.103783029010445,0.1368637821843925,0.033080753173947486
Cc1[nH]nc2cc([N+](=O)[O-])ccc12,CCCO,278.15,2,-1.1573243394071384,6.051699438091508e-05,-1.1573671313842422,-1.1572815474300346,8.55839542075465e-05
Cc1[nH]nc2cc([N+](=O)[O-])ccc12,CCCO,283.15,2,-1.0945668740807546,0.018683918076145657,-1.107778399251531,-1.081355348909978,0.02642305034155301
Cc1[nH]nc2cc([N+](=O)[O-])ccc12,CCCO,288.15,2,-1.0199474421775663,0.020854018934755005,-1.034693460381324,-1.0052014239738083,0.029492036407515743
Cc1[nH]nc2cc([N+](=O)[O-])ccc12,CCCO,293.15,2,-0.9584590210927237,0.017749443521703476,-0.971009772969208,-0.9459082692162396,0.02510150375296838
Cc1[nH]nc2cc([N+](=O)[O-])ccc12,CCCO,298.15,2,-0.9033965578206713,0.019626770839920506,-0.9172747805743734,-0.8895183350669691,0.027756445507404304
Cc1[nH]nc2cc([N+](=O)[O-])ccc12,CCCO,303.15,2,-0.8497385284750248,0.013809605872194168,-0.8595033944327669,-0.8399736625172828,0.019529731915484128
Cc1[nH]nc2cc([N+](=O)[O-])ccc12,CCCO,308.15,2,-0.8003979784687245,0.006278689702709023,-0.8048376825344763,-0.7959582744029728,0.008879408131503452
Cc1[nH]nc2cc([N+](=O)[O-])ccc12,CCCO,313.15,2,-0.7477168097217111,0.006475645076451428,-0.7522957822678272,-0.743137837175595,0.009157945092232223
Cc1[nH]nc2cc([N+](=O)[O-])ccc12,CCCO,318.15,2,-0.6963585843398978,0.012101598452078048,-0.7049157066685589,-0.6878014620112368,0.01711424465732203
Cc1[nH]nc2cc([N+](=O)[O-])ccc12,CCCO,323.15,2,-0.6418224833886621,0.01102299640177019,-0.6496169188933487,-0.6340280478839755,0.015588871009373229
Cc1[nH]nc2cc([N+](=O)[O-])ccc12,CCCO,328.15,2,-0.5817271040093085,0.015264450193605113,-0.592520700252291,-0.570933507766326,0.021587192485964968
Cc1[nH]nc2cc([N+](=O)[O-])ccc12,CCO,278.15,2,-1.1086785141025115,0.03554762950612902,-1.1338144839814024,-1.0835425442236208,0.05027193975778155
Cc1[nH]nc2cc([N+](=O)[O-])ccc12,CCO,283.15,2,-1.0395578619583101,0.017359517888272967,-1.0518328947752371,-1.0272828291413831,0.02455006563385398
Cc1[nH]nc2cc([N+](=O)[O-])ccc12,CCO,288.15,2,-0.9801020204691869,0.014774816179248735,-0.9905493931803184,-0.9696546477580554,0.020894745422262995
Cc1[nH]nc2cc([N+](=O)[O-])ccc12,CCO,293.15,2,-0.9088522082205828,0.01276772891752115,-0.9178803559185136,-0.8998240605226521,0.01805629539586151
Cc1[nH]nc2cc([N+](=O)[O-])ccc12,CCO,298.15,2,-0.8363047793575868,0.013150406207770303,-0.8456035207624589,-0.8270060379527149,0.018597482809744048
Cc1[nH]nc2cc([N+](=O)[O-])ccc12,CCO,303.15,2,-0.7614602860137634,0.007054480594411669,-0.7664485570798207,-0.7564720149477059,0.009976542132114852
Cc1[nH]nc2cc([N+](=O)[O-])ccc12,CCO,308.15,2,-0.6929652821750312,0.005750652020845579,-0.6970316072152153,-0.6888989571348472,0.00813265008036812
Cc1[nH]nc2cc([N+](=O)[O-])ccc12,CCO,313.15,2,-0.6280557626442269,0.006518319456450172,-0.6326649105338231,-0.6234466147546308,0.00921829577919231
Cc1[nH]nc2cc([N+](=O)[O-])ccc12,CCO,318.15,2,-0.5622227997168128,0.008488953582031717,-0.5682253963598451,-0.5562202030737803,0.012005193286064864
Cc1[nH]nc2cc([N+](=O)[O-])ccc12,CCO,323.15,2,-0.48965646700833243,0.007348090205767442,-0.494852351421601,-0.4844605825950638,0.010391768826537195
Cc1[nH]nc2cc([N+](=O)[O-])ccc12,CCO,328.15,2,-0.4240524854909247,0.009410879864833277,-0.4307069824602803,-0.4173979885215692,0.0133089939387111
Cc1[nH]nc2cc([N+](=O)[O-])ccc12,O,278.15,2,-2.937805933832168,0.006204230357016639,-2.942192987189658,-2.933418880474678,0.008774106714979801
Cc1[nH]nc2cc([N+](=O)[O-])ccc12,O,283.15,2,-2.8242282894754434,0.00022739791337407137,-2.824389084082018,-2.824067494868869,0.00032158921314895395
Cc1[nH]nc2cc([N+](=O)[O-])ccc12,O,288.15,2,-2.7045255812380846,0.006814259923932087,-2.709343990639065,-2.6997071718371046,0.009636818801960434
Cc1[nH]nc2cc([N+](=O)[O-])ccc12,O,293.15,2,-2.585130106325429,0.002487769993022754,-2.586889225357528,-2.58337098729333,0.0035182380641978206
Cc1[nH]nc2cc([N+](=O)[O-])ccc12,O,298.15,2,-2.462508666546848,0.007987622462309382,-2.468156768555505,-2.456860564538191,0.011296204017313904
Cc1[nH]nc2cc([N+](=O)[O-])ccc12,O,303.15,2,-2.356533595481819,0.003780661761312247,-2.3592069270506157,-2.3538602639130226,0.005346663137593133
Cc1[nH]nc2cc([N+](=O)[O-])ccc12,O,308.15,2,-2.26056772483712,0.002192532701891734,-2.262118079578601,-2.2590173700956395,0.0031007094829615944
Cc1[nH]nc2cc([N+](=O)[O-])ccc12,O,313.15,2,-2.169598096236679,0.0007500133254032209,-2.170128435745052,-2.1690677567283063,0.0010606790167457802
Cc1[nH]nc2cc([N+](=O)[O-])ccc12,O,318.15,2,-2.0864076374656353,0.008652357077743901,-2.0925257778285555,-2.0802894971027155,0.012236280725840043
Cc1[nH]nc2cc([N+](=O)[O-])ccc12,O,323.15,2,-2.003842322863424,0.00577938162811711,-2.0079289628037307,-1.9997556829231176,0.008173279880613116
Cc1[nH]nc2cc([N+](=O)[O-])ccc12,O,328.15,2,-1.919295812781935,0.005723213352283412,-1.923342735753512,-1.915248889810358,0.008093845943154099
Cc1c(C(=O)O)cccc1[N+](=O)[O-],C1COCCO1,288.15,2,0.0225064772415354,0.08788253587976047,-0.0396358598269133,0.0846488143099841,0.1242846741368974
Cc1c(C(=O)O)cccc1[N+](=O)[O-],C1COCCO1,293.15,2,0.05199711006474465,0.10472002165944297,-0.0220511273766496,0.1260453475061389,0.14809647488278851
Cc1c(C(=O)O)cccc1[N+](=O)[O-],C1COCCO1,298.15,2,0.07973037284045274,0.12173206622101554,-0.0063471966722772,0.1658079423531827,0.1721551390254599
Cc1c(C(=O)O)cccc1[N+](=O)[O-],C1COCCO1,303.15,2,0.1080873942207335,0.13590821886672116,0.0119857710410895,0.2041890174003775,0.192203246359288
Cc1c(C(=O)O)cccc1[N+](=O)[O-],C1COCCO1,308.15,2,0.13649116286341983,0.15231843627357566,0.0287857636746435,0.2441965620521962,0.2154107983775527
Cc1c(C(=O)O)cccc1[N+](=O)[O-],C1COCCO1,313.15,2,0.16501457385208415,0.16749765603209463,0.0465758454389382,0.2834533022652301,0.23687745682629188
Cc1c(C(=O)O)cccc1[N+](=O)[O-],CC#N,283.15,2,-0.8871429551724558,0.14972852759912636,-0.9930170123748752,-0.7812688979700364,0.21174811440483876
Cc1c(C(=O)O)cccc1[N+](=O)[O-],CC#N,288.15,2,-0.8174480173139121,0.1440097211471756,-0.9192782676938638,-0.7156177669339605,0.20366050075990327
Cc1c(C(=O)O)cccc1[N+](=O)[O-],CC#N,293.15,2,-0.7477018058444076,0.14341139814531362,-0.8491089779724027,-0.6462946337164124,0.20281434425599032
Cc1c(C(=O)O)cccc1[N+](=O)[O-],CC#N,298.15,2,-0.6756425861368163,0.14067713512070734,-0.7751163423385646,-0.5761688299350678,0.19894751240349684
Cc1c(C(=O)O)cccc1[N+](=O)[O-],CC#N,303.15,2,-0.608181452511596,0.13415851935951403,-0.7030458513046551,-0.513317053718537,0.18972879758611816
Cc1c(C(=O)O)cccc1[N+](=O)[O-],CC#N,308.15,2,-0.54500270654278,0.13120377611500064,-0.6377777863509786,-0.4522276267345816,0.18555015961639698
Cc1c(C(=O)O)cccc1[N+](=O)[O-],CC#N,313.15,2,-0.4841726807449891,0.12203071789704058,-0.5704614288830491,-0.3978839326069291,0.17257749627611996
Cc1c(C(=O)O)cccc1[N+](=O)[O-],CC(C)O,283.15,2,-0.7134224068643185,0.0686225884869694,-0.7619459045260285,-0.6648989092026085,0.09704699532341998
Cc1c(C(=O)O)cccc1[N+](=O)[O-],CC(C)O,288.15,2,-0.6264296632727144,0.04447622858292672,-0.6578791061053049,-0.594980220440124,0.06289888566518087
Cc1c(C(=O)O)cccc1[N+](=O)[O-],CC(C)O,293.15,2,-0.542985263392854,0.026338004392529164,-0.5616090449017325,-0.5243614818839756,0.03724756301775689
Cc1c(C(=O)O)cccc1[N+](=O)[O-],CC(C)O,298.15,2,-0.45563707127976294,0.008232426793533889,-0.4614582760910926,-0.4498158664684333,0.011642409622659278
Cc1c(C(=O)O)cccc1[N+](=O)[O-],CC(C)O,303.15,2,-0.37064431305344975,0.010163854552676979,-0.3778312435306414,-0.3634573825762581,0.01437386095438331
Cc1c(C(=O)O)cccc1[N+](=O)[O-],CC(C)O,308.15,2,-0.2962332674515288,0.028585157609515164,-0.3164460262385032,-0.2760205086645544,0.0404255175739488
Cc1c(C(=O)O)cccc1[N+](=O)[O-],CC(C)O,313.15,2,-0.21540835767558236,0.041229298168755396,-0.2445618739942714,-0.1862548413568933,0.0583070326373781
Cc1c(C(=O)O)cccc1[N+](=O)[O-],CCCO,283.15,2,-0.6996683157794452,0.1673272240724542,-0.8179865305981986,-0.581350100960692,0.23663642963750664
Cc1c(C(=O)O)cccc1[N+](=O)[O-],CCCO,288.15,2,-0.6066890809722292,0.14322352664802163,-0.7079634078904974,-0.5054147540539609,0.20254865383653653
Cc1c(C(=O)O)cccc1[N+](=O)[O-],CCCO,293.15,2,-0.517757769752917,0.12417067444445998,-0.6055596956771018,-0.4299558438287322,0.17560385184836957
Cc1c(C(=O)O)cccc1[N+](=O)[O-],CCCO,298.15,2,-0.4295130628867775,0.1033635538436045,-0.5026021327371311,-0.3564239930364239,0.14617813970070714
Cc1c(C(=O)O)cccc1[N+](=O)[O-],CCCO,303.15,2,-0.3422060519469599,0.08348821203815265,-0.401241132828278,-0.2831709710656418,0.11807016176263618
Cc1c(C(=O)O)cccc1[N+](=O)[O-],CCCO,308.15,2,-0.2596743196454496,0.06064851935823619,-0.302559298952582,-0.2167893403383172,0.08576995861426479
Cc1c(C(=O)O)cccc1[N+](=O)[O-],CCCO,313.15,2,-0.1743141573535949,0.04210701650523268,-0.2040883142599788,-0.144540000447211,0.05954831381276782
Cc1c(C(=O)O)cccc1[N+](=O)[O-],CCO,283.15,2,-0.5392122174648106,0.06123209214264787,-0.5825098450451165,-0.4959145898845048,0.08659525516061167
Cc1c(C(=O)O)cccc1[N+](=O)[O-],CCO,288.15,2,-0.4539806889449284,0.04739723670419806,-0.4874955964279708,-0.420465781461886,0.06702981496608479
Cc1c(C(=O)O)cccc1[N+](=O)[O-],CCO,293.15,2,-0.36998399253514086,0.028255560105856132,-0.3899636906922158,-0.3500042943780659,0.03995939631414991
Cc1c(C(=O)O)cccc1[N+](=O)[O-],CCO,298.15,2,-0.2909373392614413,0.011873774760817558,-0.299333365913097,-0.2825413126097855,0.016792053303311516
Cc1c(C(=O)O)cccc1[N+](=O)[O-],CCO,303.15,2,-0.21103571460096066,0.0012995392665370556,-0.2119546276287472,-0.2101168015731741,0.0018378260555730885
Cc1c(C(=O)O)cccc1[N+](=O)[O-],CCO,308.15,2,-0.13128211177658136,0.015616824068083669,-0.1423248739757206,-0.1202393495774421,0.022085524398278503
Cc1c(C(=O)O)cccc1[N+](=O)[O-],CCO,313.15,2,-0.053898556452006405,0.029690723231908835,-0.0748930681876221,-0.0329040447163907,0.04198902347123141
Cc1c(C(=O)O)cccc1[N+](=O)[O-],CCOC(C)=O,283.15,2,-0.5198379048007266,0.0602115703343608,-0.5624139144900439,-0.4772618951114093,0.08515201937863454
Cc1c(C(=O)O)cccc1[N+](=O)[O-],CCOC(C)=O,288.15,2,-0.4705529703407049,0.044015025947392976,-0.5016762936622083,-0.4394296470192015,0.06224664664300683
Cc1c(C(=O)O)cccc1[N+](=O)[O-],CCOC(C)=O,293.15,2,-0.42532147541989673,0.033222948986845635,-0.44881364793951,-0.4018293029002834,0.046984345039226605
Cc1c(C(=O)O)cccc1[N+](=O)[O-],CCOC(C)=O,298.15,2,-0.3831767146466125,0.022501552442754844,-0.3990877149661092,-0.3672657143271158,0.031822000638993375
Cc1c(C(=O)O)cccc1[N+](=O)[O-],CCOC(C)=O,303.15,2,-0.34021555087431665,0.011789045407101349,-0.3485516648253941,-0.3318794369232391,0.016672227902155
Cc1c(C(=O)O)cccc1[N+](=O)[O-],CCOC(C)=O,308.15,2,-0.29867462778772674,0.0003575469383397886,-0.2989274516524193,-0.2984218039230342,0.0005056477293851058
Cc1c(C(=O)O)cccc1[N+](=O)[O-],CCOC(C)=O,313.15,2,-0.25642455891947064,0.012435113325276264,-0.2652175118765967,-0.2476316059623446,0.017585905914252103
Cc1c(C(=O)O)cccc1[N+](=O)[O-],CO,283.15,2,-0.38958962865728003,0.0034004072670576002,-0.3919940796946125,-0.3871851776199476,0.004808902074664889
Cc1c(C(=O)O)cccc1[N+](=O)[O-],CO,288.15,2,-0.3012974676758883,0.013657222570533973,-0.3109545823676868,-0.2916403529840897,0.019314229383597115
Cc1c(C(=O)O)cccc1[N+](=O)[O-],CO,293.15,2,-0.21779842891632656,0.040366078819754604,-0.2463415569796857,-0.1892553008529674,0.057086256126718304
Cc1c(C(=O)O)cccc1[N+](=O)[O-],CO,298.15,2,-0.1343624105224672,0.05916611365623716,-0.1761991707052465,-0.0925256503396879,0.08367352036555858
Cc1c(C(=O)O)cccc1[N+](=O)[O-],CO,303.15,2,-0.0537768277660178,0.07296801820908545,-0.1053730082514056,-0.00218064728063,0.1031923609707756
Cc1c(C(=O)O)cccc1[N+](=O)[O-],CO,308.15,2,0.028000650127104596,0.0876855090396371,-0.0340023679266171,0.0900036681808263,0.1240060361074434
Cc1c(C(=O)O)cccc1[N+](=O)[O-],CO,313.15,2,0.099790704428114,0.10055416362701047,0.0286881734509132,0.1708932354053148,0.14220506195440158
Cc1c(OCC(F)(F)F)ccnc1CS(=O)c1nc2ccccc2[nH]1,CC(C)=O,283.15,2,-1.0097906704203083,0.6407067939885979,-1.462838789201938,-0.5567425516386785,0.9060962375632596
Cc1c(OCC(F)(F)F)ccnc1CS(=O)c1nc2ccccc2[nH]1,CC(C)=O,318.15,2,-0.5547822585013713,0.5943739604007326,-0.9750681164614338,-0.1344964005413088,0.8405717159201249
Cc1c(OCC(F)(F)F)ccnc1CS(=O)c1nc2ccccc2[nH]1,CC(C)O,283.15,2,-1.5851240171641903,0.5366691943949372,-1.964606443774772,-1.2056415905536086,0.7589648532211632
Cc1c(OCC(F)(F)F)ccnc1CS(=O)c1nc2ccccc2[nH]1,CC(C)O,288.15,2,-1.5198357179412123,0.5602797511969937,-1.9160133293741184,-1.1236581065083064,0.792355222865812
Cc1c(OCC(F)(F)F)ccnc1CS(=O)c1nc2ccccc2[nH]1,CC(C)O,293.15,2,-1.4098359408271786,0.5364120826735286,-1.7891365619960298,-1.0305353196583276,0.7586012423377022
Cc1c(OCC(F)(F)F)ccnc1CS(=O)c1nc2ccccc2[nH]1,CC(C)O,298.15,2,-1.3085422208862605,0.5235573100631055,-1.6787531451716704,-0.9383312966008508,0.7404218485708196
Cc1c(OCC(F)(F)F)ccnc1CS(=O)c1nc2ccccc2[nH]1,CC(C)O,303.15,2,-1.2147137547890376,0.5210740702257259,-1.5831687633461238,-0.8462587462319515,0.7369100171141723
Cc1c(OCC(F)(F)F)ccnc1CS(=O)c1nc2ccccc2[nH]1,CC(C)O,308.15,2,-1.1124580092089769,0.5107252696274016,-1.4735953106858406,-0.7513207077321133,0.7222746029537273
Cc1c(OCC(F)(F)F)ccnc1CS(=O)c1nc2ccccc2[nH]1,CC(C)O,313.15,2,-1.0153760271384658,0.5015422239776947,-1.370019934764476,-0.6607321195124556,0.7092878152520203
Cc1c(OCC(F)(F)F)ccnc1CS(=O)c1nc2ccccc2[nH]1,CC(C)O,318.15,2,-0.9227678237381254,0.4885571550252193,-1.2682299010536653,-0.5773057464225855,0.6909241546310798
Cc1c(OCC(F)(F)F)ccnc1CS(=O)c1nc2ccccc2[nH]1,CCCCO,283.15,2,-1.493592794016683,0.5441815266197113,-1.8783872416859289,-1.1087983463474376,0.7695888953384913
Cc1c(OCC(F)(F)F)ccnc1CS(=O)c1nc2ccccc2[nH]1,CCCCO,288.15,2,-1.3873662573095507,0.49709847235041144,-1.7388679580260002,-1.0358645565931013,0.703003401432899
Cc1c(OCC(F)(F)F)ccnc1CS(=O)c1nc2ccccc2[nH]1,CCCCO,293.15,2,-1.2824455643928225,0.49009948418971133,-1.6289982331193966,-0.9358928956662486,0.6931053374531481
Cc1c(OCC(F)(F)F)ccnc1CS(=O)c1nc2ccccc2[nH]1,CCCCO,298.15,2,-1.193071568916808,0.47901188766496133,-1.5317841229536708,-0.8543590148799451,0.6774251080737257
Cc1c(OCC(F)(F)F)ccnc1CS(=O)c1nc2ccccc2[nH]1,CCCCO,303.15,2,-1.09655096765185,0.48355552339518715,-1.438476357324797,-0.7546255779789028,0.6838507793458941
Cc1c(OCC(F)(F)F)ccnc1CS(=O)c1nc2ccccc2[nH]1,CCCCO,308.15,2,-1.0052358801771994,0.4783680065555858,-1.3434931415153448,-0.6669786188390538,0.676514522676291
Cc1c(OCC(F)(F)F)ccnc1CS(=O)c1nc2ccccc2[nH]1,CCCCO,313.15,2,-0.9157212386599215,0.4812088586381531,-1.2559872857699983,-0.5754551915498447,0.6805320942201536
Cc1c(OCC(F)(F)F)ccnc1CS(=O)c1nc2ccccc2[nH]1,CCCCOC(C)=O,283.15,2,-1.9609441774246932,0.22629537642120673,-2.120959172643291,-1.8009291822060955,0.32002999043719527
Cc1c(OCC(F)(F)F)ccnc1CS(=O)c1nc2ccccc2[nH]1,CCCCOC(C)=O,288.15,2,-1.8700899793203587,0.23547050328094898,-2.0365927689597267,-1.7035871896809904,0.3330055792787363
Cc1c(OCC(F)(F)F)ccnc1CS(=O)c1nc2ccccc2[nH]1,CCCCOC(C)=O,293.15,2,-1.7807419353126197,0.2535798628012202,-1.9600499758717167,-1.6014338947535225,0.3586160811181942
Cc1c(OCC(F)(F)F)ccnc1CS(=O)c1nc2ccccc2[nH]1,CCCCOC(C)=O,298.15,2,-1.6992732120596628,0.2642141534546268,-1.8861008316528924,-1.512445592466433,0.3736552391864594
Cc1c(OCC(F)(F)F)ccnc1CS(=O)c1nc2ccccc2[nH]1,CCCCOC(C)=O,303.15,2,-1.6268698173338285,0.29302055133031646,-1.834066636206516,-1.419672998461141,0.4143936377453752
Cc1c(OCC(F)(F)F)ccnc1CS(=O)c1nc2ccccc2[nH]1,CCCCOC(C)=O,308.15,2,-1.5431378856498632,0.30790546805311264,-1.760859930074637,-1.3254158412250894,0.43544408884954766
Cc1c(OCC(F)(F)F)ccnc1CS(=O)c1nc2ccccc2[nH]1,CCCCOC(C)=O,313.15,2,-1.4637375978014049,0.32832814311422964,-1.6959006542518638,-1.2315745413509458,0.46432611290091796
Cc1c(OCC(F)(F)F)ccnc1CS(=O)c1nc2ccccc2[nH]1,CCCO,283.15,2,-1.2768818424132728,0.5253988996310567,-1.6483949671703433,-0.9053687176562024,0.7430262495141409
Cc1c(OCC(F)(F)F)ccnc1CS(=O)c1nc2ccccc2[nH]1,CCCO,288.15,2,-1.1950987687144066,0.5112836758412714,-1.556630923011754,-0.8335666144170589,0.7230643085946952
Cc1c(OCC(F)(F)F)ccnc1CS(=O)c1nc2ccccc2[nH]1,CCCO,293.15,2,-1.1025638570644745,0.5021272878680227,-1.457621467334763,-0.747506246794186,0.710115220540577
Cc1c(OCC(F)(F)F)ccnc1CS(=O)c1nc2ccccc2[nH]1,CCCO,298.15,2,-1.025124845201935,0.4976873160294606,-1.377042921276899,-0.6732067691269712,0.7038361521499279
Cc1c(OCC(F)(F)F)ccnc1CS(=O)c1nc2ccccc2[nH]1,CCCO,303.15,2,-0.9390667176231517,0.4922000610672135,-1.2871047185042113,-0.5910287167420923,0.6960760017621189
Cc1c(OCC(F)(F)F)ccnc1CS(=O)c1nc2ccccc2[nH]1,CCCO,308.15,2,-0.8552442174581387,0.4984485855318444,-1.2077005923605488,-0.5027878425557287,0.7049127498048201
Cc1c(OCC(F)(F)F)ccnc1CS(=O)c1nc2ccccc2[nH]1,CCCO,313.15,2,-0.7667822735763352,0.4859949970462544,-1.1104326316104778,-0.4231319155421926,0.6873007160682851
Cc1c(OCC(F)(F)F)ccnc1CS(=O)c1nc2ccccc2[nH]1,CCOC(C)=O,283.15,2,-1.5601631712116946,0.4059572844562535,-1.8472183199227876,-1.2731080225006015,0.5741102974221861
Cc1c(OCC(F)(F)F)ccnc1CS(=O)c1nc2ccccc2[nH]1,CCOC(C)=O,288.15,2,-1.4769453552801743,0.4189082071668003,-1.773158189262518,-1.1807325212978308,0.5924256679646871
Cc1c(OCC(F)(F)F)ccnc1CS(=O)c1nc2ccccc2[nH]1,CCOC(C)=O,293.15,2,-1.3862840108378092,0.4267870965957714,-1.6880680609635974,-1.0844999607120211,0.6035681002515763
Cc1c(OCC(F)(F)F)ccnc1CS(=O)c1nc2ccccc2[nH]1,CCOC(C)=O,298.15,2,-1.3045529642803908,0.4220985497955465,-1.6030217111698295,-1.0060842173909523,0.5969374937788772
Cc1c(OCC(F)(F)F)ccnc1CS(=O)c1nc2ccccc2[nH]1,CCOC(C)=O,303.15,2,-1.2250442841500986,0.4322699904575936,-1.5307053257061074,-0.91938324259409,0.6113220831120174
Cc1c(OCC(F)(F)F)ccnc1CS(=O)c1nc2ccccc2[nH]1,CCOC(C)=O,308.15,2,-1.1472503558659215,0.44622034432999413,-1.4627757872450566,-0.8317249244867865,0.6310508627582702
Cc1c(OCC(F)(F)F)ccnc1CS(=O)c1nc2ccccc2[nH]1,CCOC(C)=O,313.15,2,-1.0669141948896028,0.4455632461382711,-1.381974987681465,-0.7518534020977405,0.6301215855837246
Cc1c(OCC(F)(F)F)ccnc1CS(=O)c1nc2ccccc2[nH]1,CCOC(C)=O,318.15,2,-0.9971443341596078,0.47430029438441573,-1.332525288637604,-0.6617633796816117,0.6707619089559923
Cc1cc(C)nc(NS(=O)(=O)c2ccc(N)cc2)n1,CCCCCCCCO,298.15,2,-2.7967772719363366,0.00012143517529373135,-2.7968631395722614,-2.796691404300412,0.00017173527184954906
Cc1cc(C)nc(NS(=O)(=O)c2ccc(N)cc2)n1,CCCCCCCCO,303.15,2,-2.7288990303234497,0.0021716502689638102,-2.730434618955,-2.7273634416919,0.0030711772631000223
Cc1cc(C)nc(NS(=O)(=O)c2ccc(N)cc2)n1,CCCCCCCCO,308.15,2,-2.6750982625654007,0.0002728613017931152,-2.6752912046422224,-2.6749053204885795,0.0003858841536428237
Cc1cc(C)nc(NS(=O)(=O)c2ccc(N)cc2)n1,CCCCCCCCO,313.15,2,-2.60775831520451,0.02590723216240782,-2.626077494748323,-2.5894391356606974,0.036638359087625805
Cc1cc(C)nc(NS(=O)(=O)c2ccc(N)cc2)n1,CCCO,293.15,2,-3.268578062047146,1.6497808827439424,-4.435149311707316,-2.1020068123869757,2.3331424993203402
Cc1cc(C)nc(NS(=O)(=O)c2ccc(N)cc2)n1,CCCO,298.15,2,-3.1220462405077103,1.4961302198477822,-4.179970064500197,-2.0641224165152234,2.1158476479849737
Cc1cc(C)nc(NS(=O)(=O)c2ccc(N)cc2)n1,CCCO,303.15,2,-2.9961271618523133,1.3607174236663024,-3.958299679405444,-2.033954644299183,1.9243450351062612
Cc1cc(C)nc(NS(=O)(=O)c2ccc(N)cc2)n1,CCCO,308.15,2,-2.86513234448811,1.286077350058472,-3.774526359844881,-1.9557383291313395,1.8187880307135413
Cc1cc(C)nc(NS(=O)(=O)c2ccc(N)cc2)n1,CCCO,313.15,2,-2.7464790207127163,1.230231374596161,-3.6163839681181096,-1.8765740733073228,1.7398098948107867
Cc1cc(C)nc(NS(=O)(=O)c2ccc(N)cc2)n1,CCO,293.15,2,-3.34255576994613,0.636225926979214,-3.7924354372798295,-2.892676102612431,0.8997593346673987
Cc1cc(C)nc(NS(=O)(=O)c2ccc(N)cc2)n1,CCO,298.15,2,-3.2443905962778876,0.6207999404289425,-3.6833624439153976,-2.8054187486403777,0.8779436952750199
Cc1cc(C)nc(NS(=O)(=O)c2ccc(N)cc2)n1,CCO,303.15,2,-3.1623220926259235,0.6049800341162378,-3.590107577231984,-2.734536608019863,0.855570969212121
Cc1cc(C)nc(NS(=O)(=O)c2ccc(N)cc2)n1,CCO,308.15,2,-3.074270926752617,0.5863516639632964,-3.48888416450108,-2.659657689004155,0.8292264754969252
Cc1cc(C)nc(NS(=O)(=O)c2ccc(N)cc2)n1,CCO,313.15,2,-2.98193603386742,0.5891999921395901,-3.3985633437843847,-2.5653087239504555,0.8332546198339292
Cc1cc(C)nc(NS(=O)(=O)c2ccc(N)cc2)n1,O,298.15,4,-3.050796335846224,0.5049925142712172,-3.808209788354477,-2.791670556399799,1.016539231954678
Cc1cc(C)nc(NS(=O)(=O)c2ccc(N)cc2)n1,O,303.15,3,-3.0326521256822105,0.5717640896193166,-3.692859910262792,-2.6996439154674348,0.9932159947953574
Cc1cc(C)nc(NS(=O)(=O)c2ccc(N)cc2)n1,O,308.15,3,-2.962798626255948,0.5706715874624299,-3.621744997927193,-2.630440967701494,0.9913040302256988
Cc1cc(C)nc(NS(=O)(=O)c2ccc(N)cc2)n1,O,313.15,3,-2.876122486294355,0.5531753766591924,-3.5147308962107284,-2.5450934602245203,0.9696374359862081
Cc1cc(NS(=O)(=O)c2ccc(N)cc2)no1,CCCCCCCCO,298.15,2,-2.214166324101604,0.0014625522858188597,-2.215200504740746,-2.2131321434624613,0.0020683612782845806
Cc1cc(NS(=O)(=O)c2ccc(N)cc2)no1,CCCCCCCCO,303.15,2,-2.1545250092547152,0.008279720388620323,-2.160379655687837,-2.1486703628215933,0.011709292866243892
Cc1cc(NS(=O)(=O)c2ccc(N)cc2)no1,CCCCCCCCO,308.15,2,-2.088366580502615,0.008024069487926297,-2.09404045445024,-2.0826927065549903,0.011347747895249505
Cc1cc(NS(=O)(=O)c2ccc(N)cc2)no1,CCCCCCCCO,313.15,2,-2.0415253218688725,0.009288137319530378,-2.0480930267521043,-2.0349576169856407,0.013135409766463546
Cc1cc(NS(=O)(=O)c2ccc(N)cc2)no1,O,298.15,2,-2.828617602120542,0.0038946539958660737,-2.831371538371394,-2.8258636658696896,0.0055078725017043695
Cc1cc(NS(=O)(=O)c2ccc(N)cc2)no1,O,303.15,2,-2.7259417333345266,0.02482718426842095,-2.743497203688495,-2.708386262980558,0.035110940707936855
Cc1cc(NS(=O)(=O)c2ccc(N)cc2)no1,O,308.15,2,-2.6426007817901906,0.03220772754478825,-2.665375084343719,-2.619826479236662,0.04554860510705705
Cc1cc(NS(=O)(=O)c2ccc(N)cc2)no1,O,313.15,2,-2.5813492039331147,0.01973696093137849,-2.5953053428477064,-2.567393065018523,0.027912277829183374
Cc1cc(O)c2c(c1)C(=O)c1cc(O)cc(O)c1C2=O,CCO,298.15,2,-2.222915754950125,0.6028749902008474,-2.649212748728918,-1.7966187611713325,0.8525939875575854
Cc1ccc(S(N)(=O)=O)cc1,CC#N,313.15,2,0.44965412199521804,0.058682746294202434,0.4081591541519377,0.4911490898384983,0.0829899356865606
Cc1ccc(S(N)(=O)=O)cc1,CC(C)O,313.15,2,-0.2699185196383622,0.06299778002125796,-0.3144646770910921,-0.2253723621856323,0.0890923149054598
Cc1ccc(S(N)(=O)=O)cc1,CCCCO,313.15,2,-0.3613815837606158,0.16082850585937083,-0.4751045108618773,-0.2476586566593543,0.22744585420252303
Cc1ccc(S(N)(=O)=O)cc1,CCCO,313.15,2,-0.18018333288278324,0.15727268856165263,-0.2913919174601678,-0.0689747483053987,0.2224171691547691
Cc1ccc(S(N)(=O)=O)cc1,CCO,313.15,2,0.0937278909959681,0.09940425116356745,0.0234384709194388,0.1640173110724974,0.1405788401530586
Cc1ccc(S(N)(=O)=O)cc1,CCOC(C)=O,313.15,2,0.040574245951181344,0.14959819689554296,-0.0652076535269374,0.1463561454293001,0.2115637989562375
Cc1ccc(S(N)(=O)=O)cc1,CO,313.15,2,0.4037581995609491,0.014090198483395388,0.3937949246650758,0.4137214744568224,0.019926549791746573
Cc1ccccc1S(N)(=O)=O,CC#N,313.15,2,0.07092018091986001,0.07437012780667102,0.0183325592300527,0.1235078026096673,0.1051752433796146
Cc1ccccc1S(N)(=O)=O,CC(C)O,313.15,2,-0.4346646334423392,0.18482476822277874,-0.5653554803838979,-0.3039737865007804,0.26138169388311755
Cc1ccccc1S(N)(=O)=O,CC(C)O,318.15,2,-0.3721191070936031,0.15812845200274475,-0.4839328078032754,-0.2603054063839308,0.22362740141934462
Cc1ccccc1S(N)(=O)=O,CCCCO,313.15,2,-0.5377411131823198,0.23623915767278025,-0.7047874235545407,-0.3706948028100989,0.3340926207444418
Cc1ccccc1S(N)(=O)=O,CCCCO,318.15,2,-0.47624515027944697,0.20833744105045793,-0.6235619676212784,-0.3289283329376156,0.29463363468366277
Cc1ccccc1S(N)(=O)=O,CCCO,313.15,2,-0.40589690959894914,0.19216687030822718,-0.5417794067132924,-0.2700144124846059,0.2717649942286865
Cc1ccccc1S(N)(=O)=O,CCCO,318.15,2,-0.3491210056523721,0.16078139563555374,-0.4628106207949093,-0.2354313905098349,0.22737923028507442
Cc1ccccc1S(N)(=O)=O,CCO,313.15,2,-0.19836343830337036,0.09189706078083587,-0.2633444731526117,-0.133382403454129,0.12996206969848273
Cc1ccccc1S(N)(=O)=O,CCO,318.15,2,-0.14395734549949915,0.06412782750351516,-0.1893025671899959,-0.0986121238090024,0.09069044338099351
Cc1ccccc1S(N)(=O)=O,CCOC(C)=O,313.15,2,-0.18587879158852116,0.1117018017337364,-0.2648638930652014,-0.1068936901118409,0.1579702029533605
Cc1ccccc1S(N)(=O)=O,CCOC(C)=O,318.15,2,-0.1498210560641627,0.09663913965681165,-0.218155247043528,-0.0814868650847974,0.1366683819587306
Cc1ccccc1S(N)(=O)=O,CO,313.15,2,0.10977009734165319,0.023212980355350563,0.0933560415208347,0.1261841531624717,0.032828111641637
Cc1ccccc1S(N)(=O)=O,CO,318.15,2,0.16321625609836327,0.006592813706027484,0.1585544328197316,0.1678780793769949,0.009323646557263282
Cc1ccnc(NS(=O)(=O)c2ccc(N)cc2)n1,O,293.15,2,-3.6293043510392304,0.7071104847502755,-4.129306969854257,-3.129301732224204,1.0000052376300532
Cc1ccnc(NS(=O)(=O)c2ccc(N)cc2)n1,O,298.15,3,-3.3811257654693443,0.5578274522037711,-4.023920475592412,-3.023913791737474,1.000006683854938
Cc1ccnc(NS(=O)(=O)c2ccc(N)cc2)n1,O,303.15,3,-3.2985784665325038,0.5547959913382163,-3.937380374591085,-2.937372205417975,1.00000816917311
Cc1ccnc(NS(=O)(=O)c2ccc(N)cc2)n1,O,308.15,3,-3.2002690805796568,0.560581016321555,-3.846613948335297,-2.846603863874328,1.000010084460969
Cc1ccnc(NS(=O)(=O)c2ccc(N)cc2)n1,O,313.15,3,-3.1093482423721714,0.5634636204057064,-3.759337834683333,-2.759325483133597,1.000012351549736
Cc1cnc(NC(=O)C2=C(O)c3ccccc3S(=O)(=O)N2C)s1,CCO,293.15,2,-3.237590051630581,0.172375437437936,-3.359477892352943,-3.115702210908219,0.24377568144472406
Cc1cnc(NC(=O)C2=C(O)c3ccccc3S(=O)(=O)N2C)s1,CCO,298.15,2,-3.138915519878197,0.1756763014672088,-3.2631374239394324,-3.0146936158169613,0.24844380812247113
Cc1cnc(NC(=O)C2=C(O)c3ccccc3S(=O)(=O)N2C)s1,CCO,303.15,2,-3.0343809868012572,0.19773268875895417,-3.174199111884963,-2.894562861717552,0.2796362501674108
Cc1cnc(NC(=O)C2=C(O)c3ccccc3S(=O)(=O)N2C)s1,CCO,308.15,2,-2.925283671592016,0.1749957750042627,-3.0490243707765257,-2.801542972407507,0.24748139836901872
Cc1cnc(NC(=O)C2=C(O)c3ccccc3S(=O)(=O)N2C)s1,CO,298.15,2,-2.9692241059272746,0.06573412638474255,-3.0157051524492995,-2.9227430594052493,0.09296209304405023
Cc1cnc(NC(=O)C2=C(O)c3ccccc3S(=O)(=O)N2C)s1,O,293.15,2,-4.49953697373264,0.39563188881311206,-4.779290965166034,-4.219782982299246,0.5595079828667879
Cc1cnc(NC(=O)C2=C(O)c3ccccc3S(=O)(=O)N2C)s1,O,298.15,4,-4.279034986452553,0.4798156792806585,-4.654857163582975,-3.6305751241841793,1.0242820393987961
Cc1cnc(NC(=O)C2=C(O)c3ccccc3S(=O)(=O)N2C)s1,O,303.15,3,-4.315309551298155,0.1386373347736201,-4.4595676519043375,-4.183076333916107,0.27649131798823046
Cc1cnc(NC(=O)C2=C(O)c3ccccc3S(=O)(=O)N2C)s1,O,308.15,3,-4.218480836473088,0.06214179436321381,-4.281426025730306,-4.157174871791638,0.12425115393866726
Cc1cnc(NC(=O)C2=C(O)c3ccccc3S(=O)(=O)N2C)s1,O,313.15,2,-4.133710820454326,0.002531316552581912,-4.135500731553986,-4.1319209093546645,0.003579822199321292
Cc1nc2n(c(=O)c1CCN1CCC(c3noc4cc(F)ccc34)CC1)CCCC2,CC(C)=O,278.15,2,-1.9489081468560694,0.030778797080984313,-1.970672042988798,-1.9271442507233405,0.043527792265457554
Cc1nc2n(c(=O)c1CCN1CCC(c3noc4cc(F)ccc34)CC1)CCCC2,CC(C)=O,283.15,2,-1.8472921829451483,0.04867894352981023,-1.881713394016074,-1.8128709718742224,0.06884242214185154
Cc1nc2n(c(=O)c1CCN1CCC(c3noc4cc(F)ccc34)CC1)CCCC2,CC(C)=O,288.15,2,-1.745757411196473,0.01810006631081466,-1.7585560908247762,-1.7329587315681698,0.025597359256606333
Cc1nc2n(c(=O)c1CCN1CCC(c3noc4cc(F)ccc34)CC1)CCCC2,CC(C)=O,293.15,2,-1.6786071089204126,0.044943585294888136,-1.710387022853264,-1.6468271949875612,0.0635598278657028
Cc1nc2n(c(=O)c1CCN1CCC(c3noc4cc(F)ccc34)CC1)CCCC2,CC(C)=O,298.15,2,-1.5874703096818394,0.05230208435447633,-1.6244534681990803,-1.5504871511645983,0.07396631703448198
Cc1nc2n(c(=O)c1CCN1CCC(c3noc4cc(F)ccc34)CC1)CCCC2,CC(C)=O,303.15,2,-1.5009781741450356,0.04259282663565614,-1.531095850689011,-1.4708604976010602,0.060235353087950916
Cc1nc2n(c(=O)c1CCN1CCC(c3noc4cc(F)ccc34)CC1)CCCC2,CC(C)=O,308.15,2,-1.4029597351715157,0.025586471932561413,-1.4210521029816692,-1.3848673673613623,0.036184735620306885
Cc1nc2n(c(=O)c1CCN1CCC(c3noc4cc(F)ccc34)CC1)CCCC2,CC(C)=O,313.15,2,-1.3189523698935943,0.045538651159134844,-1.351153058934307,-1.2867516808528814,0.06440137808142565
Cc1nc2n(c(=O)c1CCN1CCC(c3noc4cc(F)ccc34)CC1)CCCC2,CC(C)O,278.15,2,-2.262096224187422,0.08191347649139627,-2.320017798885053,-2.204174649489791,0.1158431493952623
Cc1nc2n(c(=O)c1CCN1CCC(c3noc4cc(F)ccc34)CC1)CCCC2,CC(C)O,283.15,2,-2.1581712865767724,0.08163848462720036,-2.2158984126624595,-2.1004441604910853,0.11545425217137417
Cc1nc2n(c(=O)c1CCN1CCC(c3noc4cc(F)ccc34)CC1)CCCC2,CC(C)O,288.15,2,-2.0650384086356786,0.05345480026781905,-2.102836660392026,-2.0272401568793312,0.07559650351269465
Cc1nc2n(c(=O)c1CCN1CCC(c3noc4cc(F)ccc34)CC1)CCCC2,CC(C)O,293.15,2,-1.995293421213995,0.06075283969218147,-2.038252166136676,-1.9523346762913143,0.08591748984536163
Cc1nc2n(c(=O)c1CCN1CCC(c3noc4cc(F)ccc34)CC1)CCCC2,CC(C)O,298.15,2,-1.8575908881703418,0.021607528751667403,-1.872869718275329,-1.8423120580653545,0.030557660209974635
Cc1nc2n(c(=O)c1CCN1CCC(c3noc4cc(F)ccc34)CC1)CCCC2,CC(C)O,303.15,2,-1.75769882337742,0.004785319591542169,-1.7610825553107443,-1.7543150914440957,0.006767463866648615
Cc1nc2n(c(=O)c1CCN1CCC(c3noc4cc(F)ccc34)CC1)CCCC2,CC(C)O,308.15,2,-1.5933064230524683,0.015384412359851364,-1.6041848453566894,-1.5824280007482474,0.02175684460844196
Cc1nc2n(c(=O)c1CCN1CCC(c3noc4cc(F)ccc34)CC1)CCCC2,CC(C)O,313.15,2,-1.4738941316542342,0.02161586002387311,-1.489178852858294,-1.4586094104501743,0.030569442408119762
Cc1nc2n(c(=O)c1CCN1CCC(c3noc4cc(F)ccc34)CC1)CCCC2,CCCCO,278.15,2,-1.7848200740692641,0.0166282459244101,-1.796578019521652,-1.7730621286168762,0.023515890904775905
Cc1nc2n(c(=O)c1CCN1CCC(c3noc4cc(F)ccc34)CC1)CCCC2,CCCCO,283.15,2,-1.7070251878671474,0.0166144896540549,-1.7187734061674835,-1.6952769695668115,0.02349643660067202
Cc1nc2n(c(=O)c1CCN1CCC(c3noc4cc(F)ccc34)CC1)CCCC2,CCCCO,288.15,2,-1.6118305214553672,0.006231909758849878,-1.6162371471055927,-1.607423895805142,0.008813251300450853
Cc1nc2n(c(=O)c1CCN1CCC(c3noc4cc(F)ccc34)CC1)CCCC2,CCCCO,293.15,2,-1.518238207879297,0.03157760794685775,-1.5405669485921702,-1.4959094671664237,0.04465748142574655
Cc1nc2n(c(=O)c1CCN1CCC(c3noc4cc(F)ccc34)CC1)CCCC2,CCCCO,298.15,2,-1.4089511463496893,0.018276384077184366,-1.4218745014662364,-1.3960277912331425,0.025846710233093928
Cc1nc2n(c(=O)c1CCN1CCC(c3noc4cc(F)ccc34)CC1)CCCC2,CCCCO,303.15,2,-1.300612987341179,0.02418455506592606,-1.3177140502282747,-1.2835119244540831,0.03420212577419157
Cc1nc2n(c(=O)c1CCN1CCC(c3noc4cc(F)ccc34)CC1)CCCC2,CCCCO,308.15,2,-1.1822196186458096,0.014105426944969563,-1.1921936616901292,-1.1722455756014902,0.01994808608863896
Cc1nc2n(c(=O)c1CCN1CCC(c3noc4cc(F)ccc34)CC1)CCCC2,CCCCO,313.15,2,-1.078781706078018,0.015627695444233456,-1.0898321555009538,-1.0677312566550825,0.022100898845871297
Cc1nc2n(c(=O)c1CCN1CCC(c3noc4cc(F)ccc34)CC1)CCCC2,CCCO,278.15,2,-1.7724457751515,0.06916464296406843,-1.8213525632097392,-1.7235389870932607,0.09781357611647845
Cc1nc2n(c(=O)c1CCN1CCC(c3noc4cc(F)ccc34)CC1)CCCC2,CCCO,283.15,2,-1.686339845592979,0.011317568067483491,-1.694342574720037,-1.678337116465921,0.016005458254115812
Cc1nc2n(c(=O)c1CCN1CCC(c3noc4cc(F)ccc34)CC1)CCCC2,CCCO,288.15,2,-1.5742952196264457,0.002953461227892775,-1.5763836320886604,-1.5722068071642312,0.004176824924429168
Cc1nc2n(c(=O)c1CCN1CCC(c3noc4cc(F)ccc34)CC1)CCCC2,CCCO,293.15,2,-1.4871122604184022,0.01342505059098969,-1.4966052047290634,-1.4776193161077409,0.018985888621322555
Cc1nc2n(c(=O)c1CCN1CCC(c3noc4cc(F)ccc34)CC1)CCCC2,CCCO,298.15,2,-1.3872336913407066,0.004612647106930364,-1.3904953253892376,-1.3839720572921757,0.0065232680970619406
Cc1nc2n(c(=O)c1CCN1CCC(c3noc4cc(F)ccc34)CC1)CCCC2,CCCO,303.15,2,-1.280123620757299,0.021788635260609427,-1.2955305125028764,-1.2647167290117218,0.0308137834911546
Cc1nc2n(c(=O)c1CCN1CCC(c3noc4cc(F)ccc34)CC1)CCCC2,CCCO,308.15,2,-1.158561820924846,0.008597124712818215,-1.164640906107986,-1.1524827357417058,0.012158170366280308
Cc1nc2n(c(=O)c1CCN1CCC(c3noc4cc(F)ccc34)CC1)CCCC2,CCCO,313.15,2,-1.055588372234924,0.01501586677246706,-1.066206193455129,-1.0449705510147187,0.02123564244041032
Cc1nc2n(c(=O)c1CCN1CCC(c3noc4cc(F)ccc34)CC1)CCCC2,CCO,278.15,2,-1.7961051170106366,0.028145424557578846,-1.816006937574675,-1.7762032964465984,0.03980364112807666
Cc1nc2n(c(=O)c1CCN1CCC(c3noc4cc(F)ccc34)CC1)CCCC2,CCO,283.15,3,-1.7338420537568553,0.006342268486836875,-1.7403923377862178,-1.727730593017113,0.012661744769104866
Cc1nc2n(c(=O)c1CCN1CCC(c3noc4cc(F)ccc34)CC1)CCCC2,CCO,288.15,3,-1.636392334239172,0.011864962344594674,-1.6461307366257891,-1.6231774772504273,0.022953259375361856
Cc1nc2n(c(=O)c1CCN1CCC(c3noc4cc(F)ccc34)CC1)CCCC2,CCO,293.15,3,-1.562465016327594,0.023743539621287727,-1.58067273722342,-1.5356096813329725,0.045063055890447457
Cc1nc2n(c(=O)c1CCN1CCC(c3noc4cc(F)ccc34)CC1)CCCC2,CCO,298.15,3,-1.4480666751930225,0.01598696045397751,-1.4644479879432812,-1.4325056491534396,0.03194233878984165
Cc1nc2n(c(=O)c1CCN1CCC(c3noc4cc(F)ccc34)CC1)CCCC2,CCO,303.15,3,-1.3555294990977516,0.020377145452580882,-1.3752832935863315,-1.3345815242513106,0.0407017693350209
Cc1nc2n(c(=O)c1CCN1CCC(c3noc4cc(F)ccc34)CC1)CCCC2,CCO,308.15,3,-1.2432155072061162,0.014008527342054775,-1.253373776977898,-1.2272347208524028,0.026139056125495275
Cc1nc2n(c(=O)c1CCN1CCC(c3noc4cc(F)ccc34)CC1)CCCC2,CCO,313.15,3,-1.14382072256455,0.011623165538372095,-1.1557384937112058,-1.1325164627943716,0.02322203091683428
Cc1nc2n(c(=O)c1CCN1CCC(c3noc4cc(F)ccc34)CC1)CCCC2,CCOC(C)=O,278.15,2,-1.9226605556509617,0.008055777299968888,-1.9283568504074984,-1.916964260894425,0.011392589513073315
Cc1nc2n(c(=O)c1CCN1CCC(c3noc4cc(F)ccc34)CC1)CCCC2,CCOC(C)=O,283.15,2,-1.8507774364715446,0.0368595305159211,-1.8768410604507049,-1.8247138124923843,0.05212724795832058
Cc1nc2n(c(=O)c1CCN1CCC(c3noc4cc(F)ccc34)CC1)CCCC2,CCOC(C)=O,288.15,2,-1.766173379336899,0.004255641412052356,-1.7691825722376595,-1.7631641864361385,0.006018385801521031
Cc1nc2n(c(=O)c1CCN1CCC(c3noc4cc(F)ccc34)CC1)CCCC2,CCOC(C)=O,293.15,2,-1.6977924667761097,0.03501918876924569,-1.7225547726264951,-1.6730301609257243,0.049524611700770826
Cc1nc2n(c(=O)c1CCN1CCC(c3noc4cc(F)ccc34)CC1)CCCC2,CCOC(C)=O,298.15,2,-1.6279082131578875,0.042647551618639715,-1.658064586108431,-1.597751840207344,0.06031274590108704
Cc1nc2n(c(=O)c1CCN1CCC(c3noc4cc(F)ccc34)CC1)CCCC2,CCOC(C)=O,303.15,2,-1.548719065592014,0.038089219832576626,-1.575652211225734,-1.521785919958294,0.053866291267440136
Cc1nc2n(c(=O)c1CCN1CCC(c3noc4cc(F)ccc34)CC1)CCCC2,CCOC(C)=O,308.15,2,-1.4519028494772694,0.03714510519094649,-1.4781684052456752,-1.4256372937088635,0.05253111153681167
Cc1nc2n(c(=O)c1CCN1CCC(c3noc4cc(F)ccc34)CC1)CCCC2,CCOC(C)=O,313.15,2,-1.3678584218891192,0.04772020754391393,-1.4016017042430502,-1.3341151395351882,0.06748656470786196
Cc1nc2n(c(=O)c1CCN1CCC(c3noc4cc(F)ccc34)CC1)CCCC2,CO,278.15,2,-1.2918632283611569,0.0024277571236629705,-1.293579911886373,-1.2901465448359408,0.003433367050432068
Cc1nc2n(c(=O)c1CCN1CCC(c3noc4cc(F)ccc34)CC1)CCCC2,CO,283.15,3,-1.2365992253275804,0.01164159378152926,-1.246375815279763,-1.2237209101728974,0.02265490510686563
Cc1nc2n(c(=O)c1CCN1CCC(c3noc4cc(F)ccc34)CC1)CCCC2,CO,288.15,3,-1.1575100368342484,0.019327820631487132,-1.1692239215891538,-1.1352015495954602,0.03402237199369362
Cc1nc2n(c(=O)c1CCN1CCC(c3noc4cc(F)ccc34)CC1)CCCC2,CO,293.15,3,-1.0740812059167137,0.023919858901241958,-1.089573262474743,-1.046532228676561,0.043041033798181916
Cc1nc2n(c(=O)c1CCN1CCC(c3noc4cc(F)ccc34)CC1)CCCC2,CO,298.15,3,-0.9906180508941311,0.025461325600068658,-1.0106963646266776,-0.961979832504335,0.048716532122342504
Cc1nc2n(c(=O)c1CCN1CCC(c3noc4cc(F)ccc34)CC1)CCCC2,CO,303.15,3,-0.9008831784348796,0.025262550068946975,-0.923069254070592,-0.8733880074660919,0.04968124660450013
Cc1nc2n(c(=O)c1CCN1CCC(c3noc4cc(F)ccc34)CC1)CCCC2,CO,308.15,3,-0.8087193748500728,0.021518344189502117,-0.8237946308569356,-0.7840764368844239,0.03971819397251175
Cc1nc2n(c(=O)c1CCN1CCC(c3noc4cc(F)ccc34)CC1)CCCC2,CO,313.15,3,-0.7140570364787897,0.016801581381826792,-0.7281589576645505,-0.6954672284095323,0.032691729255018176
Cc1nc2n(c(=O)c1CCN1CCC(c3noc4cc(F)ccc34)CC1)CCCC2,CO,318.15,2,-0.6157097719755018,0.007124206172124935,-0.6207473464703823,-0.6106721974806212,0.01007514898976114
Cc1nc2n(c(=O)c1CCN1CCC(c3noc4cc(F)ccc34)CC1)CCCC2,CO,323.15,2,-0.5217552081988736,0.017190770957766624,-0.5339109189169351,-0.509599497480812,0.024311421436123082
Cc1nc2n(c(=O)c1CCN1CCC(c3noc4cc(F)ccc34)CC1)CCCC2,O,298.15,2,-5.240607903080207,0.02306494938676878,-5.256917285199315,-5.2242985209610975,0.03261876423821786
Cc1nc2n(c(=O)c1CCN1CCC(c3noc4cc(F)ccc34)CC1)CCCC2,O,303.15,2,-5.18695947155028,0.09979829818688661,-5.257527524949104,-5.116391418151455,0.14113610679764932
Cc1nc2n(c(=O)c1CCN1CCC(c3noc4cc(F)ccc34)CC1)CCCC2,O,308.15,2,-4.976375521607781,0.027111646870028004,-4.995546350958713,-4.957204692256849,0.03834165870186368
Cc1nc2n(c(=O)c1CCN1CCC(c3noc4cc(F)ccc34)CC1)CCCC2,O,313.15,2,-4.920679389860107,0.052773949118203184,-4.957996207151582,-4.883362572568631,0.07463363458295103
Cc1nc2n(c(=O)c1CCN1CCC(c3noc4cc(F)ccc34)CC1)CCCC2,O,318.15,2,-4.7890269232084055,0.008826601333950242,-4.795268272866473,-4.782785573550339,0.012482699316133328
Cc1nc2n(c(=O)c1CCN1CCC(c3noc4cc(F)ccc34)CC1)CCCC2,O,323.15,2,-4.669196171496341,0.014703008604096244,-4.679592768584142,-4.65879957440854,0.020793194175601215
Cc1nc2n(c(=O)c1CCN1CCC(c3noc4cc(F)ccc34)CC1)CCCC2,O,328.15,2,-4.57205968618549,0.012920243498580128,-4.5811956779779175,-4.562923694393063,0.018271983584854823
Cc1ncc(CO)c(CO)c1O.Cl,O,278.15,2,-0.23569995822306244,0.008534942126237913,-0.24173507367756,-0.2296648427685649,0.012070230908995117
Cc1ncc(CO)c(CO)c1O.Cl,O,283.15,2,-0.16557304567649134,0.008156090943087647,-0.1713402728903228,-0.1598058184626599,0.011534454427662905
Cc1ncc(CO)c(CO)c1O.Cl,O,288.15,2,-0.09695205565444051,0.007427193554652776,-0.1022038745821205,-0.0917002367267605,0.010503637855360001
Cc1ncc(CO)c(CO)c1O.Cl,O,293.15,2,-0.02791540817022875,0.006492589841272744,-0.0325063624744556,-0.0233244538660019,0.009181908608453696
Cc1ncc(CO)c(CO)c1O.Cl,O,298.15,2,0.02749526327219485,0.007524257916817118,0.0221748094758169,0.0328157170685728,0.010640907592755901
Cc1ncc(CO)c(CO)c1O.Cl,O,303.15,2,0.09028131102587825,0.006929989382407409,0.0853810685400272,0.0951815535117293,0.009800484971702106
Cc1ncc(CO)c(CO)c1O.Cl,O,308.15,2,0.1462164449346699,0.006895682587776851,0.1413404610159429,0.1510924288533969,0.009751967837454023
Cc1ncc(CO)c(CO)c1O.Cl,O,313.15,2,0.2109609558144565,0.0025256822007048915,0.2091750288032159,0.2127468828256971,0.0035718540224811968
Cc1ncc([N+](=O)[O-])n1CCO,O,313.15,2,-1.0616169149475412,0.08498492419093075,-1.121710331141573,-1.0015234987535095,0.12018683238806349
Clc1ccccc1C(c1ccccc1)(c1ccccc1)n1ccnc1,CC(C)O,288.15,2,-0.9187765975445623,0.14167918971433568,-1.0189589133445844,-0.8185942817445402,0.20036463160004425
Clc1ccccc1C(c1ccccc1)(c1ccccc1)n1ccnc1,CC(C)O,308.15,2,-0.5690399364325557,0.06641684665000938,-0.6160037390838043,-0.522076133781307,0.09392760530249733
Clc1ccccc1C(c1ccccc1)(c1ccccc1)n1ccnc1,CC(C)O,323.15,2,-0.3118238307007135,0.02016349359023407,-0.3260815737507795,-0.2975660876506475,0.028515486100131993
Clc1ccccc1C(c1ccccc1)(c1ccccc1)n1ccnc1,CCCO,283.15,2,-0.6940953780629759,0.0162694818349648,-0.7055996389948709,-0.6825911171310809,0.023008521863789988
Clc1ccccc1C(c1ccccc1)(c1ccccc1)n1ccnc1,CCCO,308.15,2,-0.2860580335120585,0.04411957129120292,-0.3172552815551114,-0.2548607854690056,0.06239449608610581
Cn1c(=O)c2c(ncn2C)n(C)c1=O,CCO,293.2,2,-1.8092070793023893,0.03396063911969749,-1.8332208775173564,-1.785193281087422,0.04802759642993437
Cn1c(=O)c2c(ncn2C)n(C)c1=O,CCO,298.2,2,-1.718927869620418,0.016473770241694552,-1.7305765842700294,-1.7072791549708066,0.02329742929922274
Cn1c(=O)c2c(ncn2C)n(C)c1=O,CCO,303.2,2,-1.6586155487654826,0.030893727499341668,-1.6804607129763964,-1.636770384554569,0.04369032842182752
Cn1c(=O)c2c(ncn2C)n(C)c1=O,CCO,308.2,2,-1.5966500962289603,0.05120673227870758,-1.6328587238656385,-1.560441468592282,0.0724172552733564
Cn1c(=O)c2c(ncn2C)n(C)c1=O,CCO,313.2,2,-1.552913123093461,0.057093469550957086,-1.5932843025744103,-1.5125419436125114,0.08074235896189896
Cn1c(=O)c2c(ncn2CC2OCCO2)n(C)c1=O,CC#N,278.15,2,-0.7538945530702343,0.08775242071768663,-0.8159448848252455,-0.6918442213152233,0.12410066351002225
Cn1c(=O)c2c(ncn2CC2OCCO2)n(C)c1=O,CC#N,283.15,2,-0.678454790584295,0.04392532267838496,-0.7095146841159883,-0.6473948970526018,0.0621197870633865
Cn1c(=O)c2c(ncn2CC2OCCO2)n(C)c1=O,CC#N,288.15,2,-0.6124732075449113,0.026737173441118547,-0.631379244194887,-0.5935671708949355,0.03781207329995151
Cn1c(=O)c2c(ncn2CC2OCCO2)n(C)c1=O,CC#N,293.15,2,-0.5202996548146998,0.042191224331924744,-0.5501333556463666,-0.4904659539830329,0.059667401663333675
Cn1c(=O)c2c(ncn2CC2OCCO2)n(C)c1=O,CC#N,298.15,2,-0.4526611595885984,0.024614385182183885,-0.4700661582656583,-0.4352561609115385,0.03480999735411977
Cn1c(=O)c2c(ncn2CC2OCCO2)n(C)c1=O,CC#N,303.15,2,-0.3702522689025034,0.03720837118645265,-0.3965625604853502,-0.3439419773196566,0.052620583165693624
Cn1c(=O)c2c(ncn2CC2OCCO2)n(C)c1=O,CC#N,308.15,2,-0.3054005448734491,0.02706878558782636,-0.3245410667210858,-0.2862600230258124,0.03828104369527341
Cn1c(=O)c2c(ncn2CC2OCCO2)n(C)c1=O,CC#N,313.15,2,-0.24297201897794246,0.0265416867454805,-0.2617398256598008,-0.2242042122960841,0.03753561336371672
Cn1c(=O)c2c(ncn2CC2OCCO2)n(C)c1=O,CC(C)=O,278.15,2,-1.0606903576798994,0.045395101402117576,-1.0927895417139877,-1.028591173645811,0.06419836806817658
Cn1c(=O)c2c(ncn2CC2OCCO2)n(C)c1=O,CC(C)=O,283.15,3,-0.9814510994331096,0.04738376923389064,-1.0149619557978218,-0.9272391836139192,0.08772277218390256
Cn1c(=O)c2c(ncn2CC2OCCO2)n(C)c1=O,CC(C)=O,288.15,2,-0.9139061653612051,0.029271329803968058,-0.9346041211599388,-0.8932082095624714,0.04139591159746747
Cn1c(=O)c2c(ncn2CC2OCCO2)n(C)c1=O,CC(C)=O,293.15,2,-0.8209360028547599,0.05310104584808198,-0.8584841124620365,-0.7833878932474834,0.07509621921455312
Cn1c(=O)c2c(ncn2CC2OCCO2)n(C)c1=O,CC(C)=O,298.15,2,-0.7505163460918113,0.046962160948532436,-0.7837236085576926,-0.7173090836259299,0.0664145249317627
Cn1c(=O)c2c(ncn2CC2OCCO2)n(C)c1=O,CC(C)=O,303.15,2,-0.692828154541896,0.029492418693047296,-0.7136824437933427,-0.6719738652904493,0.041708578502893334
Cn1c(=O)c2c(ncn2CC2OCCO2)n(C)c1=O,CC(C)=O,308.15,2,-0.6332938135616597,0.029832647098774718,-0.6543886806259486,-0.6121989464973709,0.04218973412857763
Cn1c(=O)c2c(ncn2CC2OCCO2)n(C)c1=O,CC(C)=O,313.15,2,-0.5671277327823854,0.023236293986304307,-0.5835582738297453,-0.5506971917350254,0.03286108209471994
Cn1c(=O)c2c(ncn2CC2OCCO2)n(C)c1=O,CC(C)=O,318.15,2,-0.5049365222115527,0.019298805221889374,-0.5185828382527491,-0.4912902061703564,0.027292632082392687
Cn1c(=O)c2c(ncn2CC2OCCO2)n(C)c1=O,CC(C)=O,323.15,2,-0.4355744914512697,0.02867710255622707,-0.45585226513356,-0.4152967177689795,0.0405555473645805
Cn1c(=O)c2c(ncn2CC2OCCO2)n(C)c1=O,CC(C)O,278.15,3,-2.0020441177112933,0.2619344572498527,-2.294702549379797,-1.7895866804071283,0.5051158689726685
Cn1c(=O)c2c(ncn2CC2OCCO2)n(C)c1=O,CC(C)O,283.15,3,-1.8776938177215567,0.23393814102091565,-2.136913415426702,-1.68227403521522,0.4546393802114823
Cn1c(=O)c2c(ncn2CC2OCCO2)n(C)c1=O,CC(C)O,288.15,3,-1.7719202174321345,0.19850934339494603,-1.996630262815996,-1.620386041574524,0.37624422124147205
Cn1c(=O)c2c(ncn2CC2OCCO2)n(C)c1=O,CC(C)O,293.15,3,-1.6450380617986882,0.17088370616253754,-1.8370663273188372,-1.509716169463222,0.3273501578556153
Cn1c(=O)c2c(ncn2CC2OCCO2)n(C)c1=O,CC(C)O,298.15,3,-1.5333096403210185,0.1454780447141366,-1.6962730684327127,-1.4165284600169143,0.2797446084157984
Cn1c(=O)c2c(ncn2CC2OCCO2)n(C)c1=O,CC(C)O,303.15,3,-1.4344493723284473,0.10296728238865085,-1.55285074952737,-1.3658627021312526,0.1869880473961174
Cn1c(=O)c2c(ncn2CC2OCCO2)n(C)c1=O,CC(C)O,308.15,3,-1.336915936007976,0.07233669912488042,-1.4201446612309103,-1.2891915395498386,0.13095312168107176
Cn1c(=O)c2c(ncn2CC2OCCO2)n(C)c1=O,CC(C)O,313.15,3,-1.2404840659153165,0.05037174717749712,-1.2962994865168265,-1.1984062451343611,0.09789324138246536
Cn1c(=O)c2c(ncn2CC2OCCO2)n(C)c1=O,CC(C)O,318.15,3,-1.1638279322013378,0.010086249687897654,-1.1734417818082767,-1.153327778562841,0.020114003245435663
Cn1c(=O)c2c(ncn2CC2OCCO2)n(C)c1=O,CC(C)O,323.15,2,-1.091126587967966,0.06382817217049992,-1.136259921340469,-1.045993254595463,0.09026666674500583
Cn1c(=O)c2c(ncn2CC2OCCO2)n(C)c1=O,CCCO,278.15,2,-1.9250476232697045,0.28497624621603257,-2.1265562594461485,-1.7235389870932607,0.40301727235288776
Cn1c(=O)c2c(ncn2CC2OCCO2)n(C)c1=O,CCCO,283.15,2,-1.842091833958974,0.30271937027725854,-2.056146753478545,-1.6280369144394031,0.4281098390391418
Cn1c(=O)c2c(ncn2CC2OCCO2)n(C)c1=O,CCCO,288.15,3,-1.8274675857291847,0.23704661485215467,-1.9848810014784743,-1.5548359954400552,0.4300450060384191
Cn1c(=O)c2c(ncn2CC2OCCO2)n(C)c1=O,CCCO,293.15,3,-1.7140924658990235,0.2435949869856088,-1.9144142569539164,-1.4429289309008988,0.47148532605301763
Cn1c(=O)c2c(ncn2CC2OCCO2)n(C)c1=O,CCCO,298.15,2,-1.6085076041840312,0.3476501582766259,-1.8543333885820097,-1.3626818197860524,0.4916515687959573
Cn1c(=O)c2c(ncn2CC2OCCO2)n(C)c1=O,CCCO,303.15,3,-1.5268578855065622,0.25427414466202286,-1.7984105979466585,-1.2943877656901832,0.5040228322564753
Cn1c(=O)c2c(ncn2CC2OCCO2)n(C)c1=O,CCCO,308.15,2,-1.4896445475418274,0.3628986233520226,-1.7462526249973054,-1.2330364700863494,0.513216154910956
Cn1c(=O)c2c(ncn2CC2OCCO2)n(C)c1=O,CCCO,313.15,2,-1.428722799057387,0.37977923537397656,-1.697267271744168,-1.1601783263706062,0.5370889453735617
Cn1c(=O)c2c(ncn2CC2OCCO2)n(C)c1=O,CCO,278.15,3,-1.6403505050243439,0.4255379182194709,-1.9918532176021728,-1.1672493511394293,0.8246038664627435
Cn1c(=O)c2c(ncn2CC2OCCO2)n(C)c1=O,CCO,283.15,4,-1.6250866689175383,0.39171276488142365,-1.9039783389261389,-1.058734273983216,0.8452440649429229
Cn1c(=O)c2c(ncn2CC2OCCO2)n(C)c1=O,CCO,288.15,4,-1.5152738350829091,0.38276728041269714,-1.7767781266652425,-0.952958827979216,0.8238192986860264
Cn1c(=O)c2c(ncn2CC2OCCO2)n(C)c1=O,CCO,293.15,3,-1.3299919828229063,0.40656077687892034,-1.611289876006416,-0.8638506603384428,0.7474392156679732
Cn1c(=O)c2c(ncn2CC2OCCO2)n(C)c1=O,CCO,298.15,3,-1.2317087702200855,0.40096064345135396,-1.4884928035067342,-0.7696763666573944,0.7188164368493398
Cn1c(=O)c2c(ncn2CC2OCCO2)n(C)c1=O,CCO,303.15,3,-1.1317563527465457,0.38629749815300657,-1.3693548980871937,-0.6860229039516108,0.6833319941355829
Cn1c(=O)c2c(ncn2CC2OCCO2)n(C)c1=O,CCO,308.15,3,-1.0379817035428505,0.37942976302942305,-1.2606969803401296,-0.5998743533105236,0.6608226270296059
Cn1c(=O)c2c(ncn2CC2OCCO2)n(C)c1=O,CCO,313.15,3,-0.9383313183745919,0.351160346484594,-1.1544795829143846,-0.5331485616160974,0.6213310212982872
Cn1c(=O)c2c(ncn2CC2OCCO2)n(C)c1=O,CCO,318.15,3,-1.0421962632233803,0.011207131274274175,-1.0531471110076394,-1.0307493243640664,0.022397786643572948
Cn1c(=O)c2c(ncn2CC2OCCO2)n(C)c1=O,CCO,323.15,2,-0.9615330557949915,0.021320451718989022,-0.976608891783449,-0.946457219806534,0.03015167197691504
Cn1c(=O)c2c(ncn2CC2OCCO2)n(C)c1=O,CCOC(C)=O,278.15,2,-1.096825515677264,0.1516862972621278,-1.2040839250843929,-0.9895671062701348,0.2145168188142581
Cn1c(=O)c2c(ncn2CC2OCCO2)n(C)c1=O,CCOC(C)=O,283.15,2,-1.0005237458340508,0.1722425639171395,-1.1223176307888174,-0.878729860879284,0.24358776990953346
Cn1c(=O)c2c(ncn2CC2OCCO2)n(C)c1=O,CCOC(C)=O,288.15,2,-0.925598201762172,0.19781908780403476,-1.065477420196542,-0.7857189833278019,0.27975843686874013
Cn1c(=O)c2c(ncn2CC2OCCO2)n(C)c1=O,CCOC(C)=O,293.15,2,-0.8413040115482266,0.2005378783198399,-0.9831057051929482,-0.699502317903505,0.2836033872894431
Cn1c(=O)c2c(ncn2CC2OCCO2)n(C)c1=O,CCOC(C)=O,298.15,2,-0.7707367467317812,0.20813799524940776,-0.9179125345952108,-0.6235609588683516,0.2943515757268592
Cn1c(=O)c2c(ncn2CC2OCCO2)n(C)c1=O,CCOC(C)=O,303.15,2,-0.7097292687800674,0.22676397037167792,-0.8700756099586662,-0.5493829276014686,0.3206926823571976
Cn1c(=O)c2c(ncn2CC2OCCO2)n(C)c1=O,CCOC(C)=O,308.15,2,-0.6393610077240194,0.23693200389351587,-0.8068972343572419,-0.4718247810907968,0.33507245326644514
Cn1c(=O)c2c(ncn2CC2OCCO2)n(C)c1=O,CCOC(C)=O,313.15,2,-0.5805084212456784,0.2560394171605073,-0.7615556293709244,-0.3994612131204323,0.36209441625049205
Cn1c(=O)c2c(ncn2CC2OCCO2)n(C)c1=O,CO,278.15,3,-1.4550841630098699,0.08050673434708389,-1.539368698903456,-1.37897982751509,0.1603888713883661
Cn1c(=O)c2c(ncn2CC2OCCO2)n(C)c1=O,CO,283.15,3,-1.3325207814139628,0.07707357588401821,-1.416504199715585,-1.2650256374487865,0.15147856226679846
Cn1c(=O)c2c(ncn2CC2OCCO2)n(C)c1=O,CO,288.15,3,-1.2313879331948787,0.07092883630295013,-1.3015558387109512,-1.1597219001801602,0.14183393853079096
Cn1c(=O)c2c(ncn2CC2OCCO2)n(C)c1=O,CO,293.15,4,-1.1448998537781612,0.07574696473197964,-1.2299258322854227,-1.079736678313022,0.15018915397240074
Cn1c(=O)c2c(ncn2CC2OCCO2)n(C)c1=O,CO,298.15,3,-1.027503890987284,0.04167281810275267,-1.0739641834001847,-0.993424565535106,0.08053961786507868
Cn1c(=O)c2c(ncn2CC2OCCO2)n(C)c1=O,CO,303.15,3,-0.9269696417908112,0.033494284934377096,-0.9645834578244104,-0.9003673661875433,0.06421609163686703
Cn1c(=O)c2c(ncn2CC2OCCO2)n(C)c1=O,CO,308.15,3,-0.8365773302912949,0.025289490921452808,-0.860994368130139,-0.81049745424834,0.050496913881799
Cn1c(=O)c2c(ncn2CC2OCCO2)n(C)c1=O,CO,313.15,3,-0.760027044535581,0.008442273657512201,-0.765505910182755,-0.7503048824516341,0.015201027731120975
Cn1c(=O)c2c(ncn2CC2OCCO2)n(C)c1=O,CO,318.15,2,-0.6651289156410827,0.003255568280281266,-0.6674309500486854,-0.6628268812334799,0.004604068815205475
Cn1c(=O)c2c(ncn2CC2OCCO2)n(C)c1=O,CO,323.15,2,-0.5707223433130647,0.006397787036591531,-0.575246261911226,-0.5661984247149034,0.009047837196322517
Cn1c(=O)c2c(ncn2CC2OCCO2)n(C)c1=O,O,278.15,2,-1.3574241942592957,0.032294973513488194,-1.3802601890289232,-1.3345881994896684,0.045671989539254776
Cn1c(=O)c2c(ncn2CC2OCCO2)n(C)c1=O,O,283.15,2,-1.2560367218469999,0.035081585285440836,-1.2808431486971092,-1.2312302949968903,0.04961285370021895
Cn1c(=O)c2c(ncn2CC2OCCO2)n(C)c1=O,O,288.15,3,-1.1457561089351744,0.029626811178673766,-1.1777744007756514,-1.1193128995049548,0.0584615012706966
Cn1c(=O)c2c(ncn2CC2OCCO2)n(C)c1=O,O,293.15,3,-1.0584981060761571,0.02217584061047913,-1.0837476991701684,-1.0421839405829068,0.04156375858726169
Cn1c(=O)c2c(ncn2CC2OCCO2)n(C)c1=O,O,298.15,2,-0.9698655411745701,0.020689987143677827,-0.9844955713865272,-0.955235510962613,0.029260060423914158
Cn1c(=O)c2c(ncn2CC2OCCO2)n(C)c1=O,O,303.15,2,-0.878786972190434,0.020507909030593786,-0.8932882537339237,-0.8642856906469444,0.02900256308697935
Cn1c(=O)c2c(ncn2CC2OCCO2)n(C)c1=O,O,308.15,2,-0.790050367022501,0.01776074157324487,-0.8026091078278442,-0.7774916262171576,0.02511748161068661
Cn1c(=O)c2c(ncn2CC2OCCO2)n(C)c1=O,O,313.15,2,-0.7024753307486173,0.008844310484522618,-0.7087292026671426,-0.6962214588300921,0.012507743837050445
Cn1c(=O)c2c(ncn2CC2OCCO2)n(C)c1=O,O,318.15,2,-0.6265758968058646,0.01772312819935164,-0.6391080409394646,-0.6140437526722644,0.025064288267200197
Cn1c(=O)c2c(ncn2CC2OCCO2)n(C)c1=O,O,323.15,3,-0.5516408425830469,0.016717653454472934,-0.5685303856649606,-0.5351005514239935,0.03342983424096713
FC(F)(F)c1cccnc1Cl,CCO,273.15,2,0.4499803565242879,0.010289334438455122,0.44270469836896,0.4572560146796158,0.014551316310655815
FC(F)(F)c1cccnc1Cl,CCO,278.15,2,0.5936328552290557,0.008188443527027604,0.5878427512837314,0.59942295917438,0.01158020789064862
FC(F)(F)c1cccnc1Cl,CCO,283.15,2,0.7787355732386267,0.014933096622349531,0.7681762793528494,0.789294867124404,0.02111858777155462
FC(F)(F)c1cccnc1Cl,CCO,288.15,2,0.9848127116135561,0.010672370229093309,0.9772662062532308,0.9923592169738814,0.015093010720650613
FC(F)(F)c1cccnc1Cl,CCO,293.15,2,1.1918982314158728,0.0012312549957184803,1.1910276026590303,1.192768860172715,0.001741257513684813
FC(F)(F)c1cccnc1Cl,CCO,298.15,2,1.4587041333142527,0.019057132493501973,1.445228705698127,1.4721795609303785,0.02695085523225149
FC(F)(F)c1cccnc1Cl,CCO,303.15,2,1.9971524816530186,0.10739850531273477,1.9212102702570844,2.0730946930489527,0.1518844227918683
N#CCC(N)=O,CCCO,283.15,2,-1.3237960717447566,0.008805487585692854,-1.330022491728254,-1.3175696517612592,0.012452839966994755
N#CCC(N)=O,CCCO,288.15,2,-1.225795268615503,0.02799670282581774,-1.245591927034503,-1.2059986101965026,0.03959331683800049
N#CCC(N)=O,CCCO,293.15,2,-1.1095155643962107,0.013896491027013857,-1.1193418674361102,-1.0996892613563112,0.019652606079799018
N#CCC(N)=O,CCCO,298.15,2,-1.0050954365613103,0.01472588328330904,-1.0155082084898996,-0.9946826646327208,0.02082554385717883
N#CCC(N)=O,CCCO,303.15,2,-0.9090915255323944,0.008499735870834338,-0.9151017464049558,-0.9030813046598328,0.012020441745122956
N#CCC(N)=O,CCCO,308.15,2,-0.810298560430557,0.004012556665303744,-0.8131358664584887,-0.8074612544026255,0.005674612055863171
N#CCC(N)=O,CCCO,313.15,2,-0.7090268140520433,0.0019088547519517402,-0.7103765781914485,-0.707677049912638,0.0026995282788104813
N#CCC(N)=O,CCCO,318.15,2,-0.6190642091257075,0.002072386871846397,-0.620529607936032,-0.6175988103153829,0.0029307976206490727
N#CCC(N)=O,CCO,283.15,2,-0.9347833776518816,0.012843658827957795,-0.943865215904377,-0.9257015393993862,0.018163676504990844
N#CCC(N)=O,CCO,288.15,2,-0.8136669477804186,0.009743272779460896,-0.8205564820337257,-0.8067774135271114,0.013779068506614256
N#CCC(N)=O,CCO,293.15,2,-0.734882291511792,0.007008205153465,-0.7398378408997536,-0.7299267421238304,0.009911098775923222
N#CCC(N)=O,CCO,298.15,2,-0.6503706843338771,0.0,-0.6503706843338771,-0.6503706843338771,0.0
N#CCC(N)=O,CCO,303.15,2,-0.5674794813616989,0.0,-0.5674794813616989,-0.5674794813616989,0.0
N#CCC(N)=O,CCO,308.15,2,-0.4906881285536018,0.0009983412508365696,-0.4913940624220066,-0.489982194685197,0.0014118677368096244
N#CCC(N)=O,CCO,313.15,2,-0.4022434601682562,0.005855491835181776,-0.4063839181520957,-0.3981030021844167,0.008280915967678992
N#CCC(N)=O,CCO,318.15,2,-0.32052472877426114,0.004757323205716917,-0.3238886642733197,-0.3171607932752026,0.006727870998117114
N#CCC(N)=O,CO,283.15,2,-0.32452507239416933,0.0013451538386585185,-0.3254762397952239,-0.3235739049931148,0.0019023348021091069
N#CCC(N)=O,CO,288.15,2,-0.23936962094264114,0.0005541783793706385,-0.2397614842326811,-0.2389777576526012,0.0007837265800798854
N#CCC(N)=O,CO,293.15,2,-0.15927273407633086,0.0010406228096098858,-0.1600085655216634,-0.1585369026309983,0.0014716628906651097
N#CCC(N)=O,CO,298.15,2,-0.07390759493524945,7.343435057440258e-17,-0.0739075949352495,-0.0739075949352494,9.71445146547012e-17
N#CCC(N)=O,CO,303.15,2,0.00740904572532,0.0009589757398206955,0.0067309474766994,0.0080871439739406,0.0013561964972412
N#CCC(N)=O,CO,308.15,2,0.08844107324583009,0.0012737165395107363,0.0875404196434326,0.0893417268482276,0.0018013072047950024
N#CCC(N)=O,CO,313.15,2,0.1565969321300245,0.003707281138798202,0.1539754884970153,0.1592183757630337,0.005242887266018376
N#CCC(N)=O,CO,318.15,2,0.2419664928497242,0.004849614433384737,0.2385372975977377,0.2453956881017107,0.006858390503972994
N#CCC(N)=O,O,283.15,2,-0.0060495274307848495,0.01378200974178672,-0.0157948799775813,0.0036958251160116,0.019490705093592898
N#CCC(N)=O,O,288.15,2,0.1090367099164868,0.0166434826388794,0.0972679904799746,0.120805429352999,0.023537438873024397
N#CCC(N)=O,O,293.15,2,0.24677371186721375,0.008724249197551902,0.2406047360988635,0.252942687635564,0.012337951536700503
N#CCC(N)=O,O,298.15,2,0.36002224398787463,0.011504732180932956,0.3518871698470018,0.3681573181287474,0.01627014828174561
N#CCC(N)=O,O,303.15,2,0.47461664982174906,0.008849080471567792,0.468359405013038,0.4808738946304601,0.012514489617422075
N#CCC(N)=O,O,308.15,2,0.5924780785184013,0.011571852206309567,0.5842955433524313,0.6006606136843713,0.016365070331940013
N#CCC(N)=O,O,313.15,2,0.7220981115976417,0.010474258380838299,0.7146916924686508,0.7295045307266325,0.014812838257981631
N#CCC(N)=O,O,318.15,2,0.8403172896817686,0.011250729529037126,0.8323618225384907,0.8482727568250464,0.015910934286555767
N#CN=C(N)N,O,283.15,2,-0.622453389291652,0.06258508877824806,-0.6667077299679133,-0.5781990486153907,0.08850868135252254
N#CN=C(N)N,O,288.15,2,-0.505919357870272,0.03735641315968961,-0.5323343309362949,-0.4795043848042491,0.05282994613204578
N#CN=C(N)N,O,293.15,2,-0.40844182672767637,0.0062317463709249355,-0.412848336845192,-0.4040353166101607,0.008813020235031332
N#CN=C(N)N,O,298.15,2,-0.301486015966815,0.0020094112512370793,-0.3029068842887573,-0.3000651476448727,0.002841736643884596
N#CN=C(N)N,O,303.15,2,-0.2110678351548852,0.020449646278391683,-0.2255279187112022,-0.1966077515985682,0.02892016711263401
N#CN=C(N)N,O,308.15,2,-0.1135441768143719,0.0156558946999779,-0.1246145661222688,-0.102473787506475,0.022140778615793805
N#CN=C(N)N,O,313.15,2,-0.0150163053187711,0.002284185025582424,-0.0166314680398452,-0.013401142597697,0.003230325442148199
N#CN=C(N)N,O,318.15,2,0.0723211112620642,7.455540517124429e-05,0.0722683926294935,0.0723738298946349,0.00010543726514139484
N#CN=C(N)N,O,323.15,2,0.15557392719318916,0.02667671148107697,0.1367106436051626,0.1744372107812157,0.037726567176053105
N#Cc1ccncc1,CC(C)=O,278.15,2,0.41713974074771515,0.014986753817332332,0.4065425054955061,0.4277369759999242,0.02119447050441814
N#Cc1ccncc1,CC(C)=O,288.15,2,0.57451188325685,0.007097553887274272,0.5694931547733214,0.5795306117403786,0.010037456967057157
N#Cc1ccncc1,CC(C)=O,298.15,2,0.7157028986998806,0.00841978918679455,0.709749208669737,0.7216565887300243,0.011907380060287243
N#Cc1ccncc1,CC(C)=O,308.15,2,0.8623029988566251,0.006583924489340578,0.8576474612033922,0.866958536509858,0.0093110753064658
N#Cc1ccncc1,CC(C)=O,318.15,2,1.0341777030182242,0.019465345359098878,1.0204136253166671,1.047941780719781,0.02752815540311393
N#Cc1ccncc1,CCCO,278.15,2,-0.23843261875840865,0.019066743066753884,-0.2519148420760519,-0.2249503954407654,0.02696444663528652
N#Cc1ccncc1,CCCO,288.15,2,0.01087530429461985,0.008437869933923156,0.0049088292455727,0.016841779343667,0.011932950098094298
N#Cc1ccncc1,CCCO,298.15,2,0.27293053224276453,0.03063481668493805,0.251268445624438,0.294592618861091,0.043324173236652996
N#Cc1ccncc1,CCCO,308.15,2,0.48131554730195764,0.012120459225225437,0.4727450883927057,0.4898860062112096,0.01714091781850391
N#Cc1ccncc1,CCCO,318.15,2,0.748229872189696,0.007450303250941945,0.7429617122390588,0.7534980321403333,0.01053631990127446
N#Cc1ccncc1,CCO,278.15,2,-0.5160544300534742,0.025257992181773006,-0.5339145276043628,-0.4981943325025857,0.03572019510177704
N#Cc1ccncc1,CCO,288.15,2,-0.1936844300892738,0.015015558205211988,-0.2043020331194805,-0.1830668270590671,0.021235206060413403
N#Cc1ccncc1,CCO,298.15,2,0.12018544878036705,0.011150671986633835,0.1123007330038314,0.1280701645569027,0.01576943155307131
N#Cc1ccncc1,CCO,308.15,2,0.433876096548746,0.014388476426704587,0.4237019072964804,0.4440502858010116,0.020348378504531195
N#Cc1ccncc1,CCO,318.15,2,0.7825033616873764,0.01962835572903595,0.7686240182478332,0.7963827051269196,0.027758686879086336
N#Cc1ccncc1,CO,278.15,2,-0.012462262057495548,0.01961791359688824,-0.026334221794587,0.0014096976795959,0.0277439194741829
N#Cc1ccncc1,CO,288.15,2,0.22844587667618727,0.01871392268395757,0.2152131350437601,0.2416786183086144,0.02646548326485429
N#Cc1ccncc1,CO,298.15,2,0.4434110210923231,0.04304017659159514,0.4129770203609397,0.4738450218237066,0.060868001462766885
N#Cc1ccncc1,CO,308.15,2,0.7135847702283946,0.01186960930460709,0.705191688999072,0.7219778514577173,0.016786162458645282
N#Cc1ccncc1,CO,318.15,2,0.9980971256905669,0.03035430902712871,0.976633387939252,1.0195608634418816,0.04292747550262954
N=C(Nc1ccccc1)Nc1ccccc1,CC#N,273.15,2,-0.7908527254962012,0.006424080803562312,-0.7953952365952904,-0.7863102143971119,0.009085022198178527
N=C(Nc1ccccc1)Nc1ccccc1,CC#N,275.65,2,-0.7463749224502914,0.0008173528548987738,-0.7469528781966124,-0.7457969667039702,0.0011559114926421588
N=C(Nc1ccccc1)Nc1ccccc1,CC#N,278.15,2,-0.6976489896582245,0.008209182117106332,-0.7034537580012257,-0.6918442213152233,0.011609536686002397
N=C(Nc1ccccc1)Nc1ccccc1,CC#N,280.65,2,-0.6643948544967307,0.003654898943950404,-0.6669792583245496,-0.6618104506689119,0.005168807655637764
N=C(Nc1ccccc1)Nc1ccccc1,CC#N,283.15,2,-0.6269104648668953,0.004635710716380245,-0.6301884073500669,-0.6236325223837236,0.006555884966343295
N=C(Nc1ccccc1)Nc1ccccc1,CC#N,285.65,2,-0.5884045102030888,0.007062478949448652,-0.5933984369602312,-0.5834105834459464,0.009987853514284772
N=C(Nc1ccccc1)Nc1ccccc1,CC(C)CO,273.15,2,-0.8519027276635012,0.008399453753426944,-0.8578420383708121,-0.8459634169561902,0.011878621414621926
N=C(Nc1ccccc1)Nc1ccccc1,CC(C)CO,275.65,2,-0.8183263124439993,0.0064006056026424925,-0.8228522240693285,-0.8138004008186702,0.00905182325065823
N=C(Nc1ccccc1)Nc1ccccc1,CC(C)CO,278.15,2,-0.7926054651426762,0.011410555548873696,-0.8006739463483905,-0.7845369839369617,0.016136962411428812
N=C(Nc1ccccc1)Nc1ccccc1,CC(C)CO,280.65,2,-0.7407405977598345,0.011478752569461927,-0.7488573015412635,-0.7326238939784054,0.01623340756285807
N=C(Nc1ccccc1)Nc1ccccc1,CC(C)CO,283.15,2,-0.7074873558062001,0.0026589783417561796,-0.7093675374226841,-0.7056071741897162,0.0037603632329679115
N=C(Nc1ccccc1)Nc1ccccc1,CC(C)CO,285.65,2,-0.6852724992224538,0.010436878958006447,-0.6926524871080834,-0.6778925113368243,0.014759975771259093
N=C(Nc1ccccc1)Nc1ccccc1,CCCO,273.15,2,-0.6651405061801712,0.014000479162861184,-0.6750403399360912,-0.655240672424251,0.019799667511840258
N=C(Nc1ccccc1)Nc1ccccc1,CCCO,275.65,2,-0.6212279289298781,0.005428436342175923,-0.6250664130786702,-0.6173894447810859,0.007676968297584241
N=C(Nc1ccccc1)Nc1ccccc1,CCCO,278.15,2,-0.5926963923344223,0.013553625569145623,-0.6022802528840285,-0.583112531784816,0.019167721099212498
N=C(Nc1ccccc1)Nc1ccccc1,CCCO,280.65,2,-0.5424860135331724,0.008621179377846783,-0.5485821079330734,-0.5363899191332713,0.012192188799802106
N=C(Nc1ccccc1)Nc1ccccc1,CCCO,283.15,2,-0.5206556068030364,0.009921753761122126,-0.527671346168789,-0.5136398674372838,0.01403147873150512
N=C(Nc1ccccc1)Nc1ccccc1,CCCO,285.65,2,-0.48033597304862924,0.004069997039974809,-0.4832138955550046,-0.4774580505422539,0.005755845012750727
N=C(Nc1ccccc1)Nc1ccccc1,CCO,273.15,2,-0.5996561372924512,0.011008207131013355,-0.6074401152034968,-0.5918721593814056,0.01556795582209125
N=C(Nc1ccccc1)Nc1ccccc1,CCO,275.65,2,-0.5646342732526299,0.008122407667599186,-0.570377682793951,-0.558890863711309,0.01148681908264193
N=C(Nc1ccccc1)Nc1ccccc1,CCO,278.15,2,-0.5209965493538573,0.0007350672310657573,-0.5215163203775719,-0.5204767783301426,0.0010395420474292871
N=C(Nc1ccccc1)Nc1ccccc1,CCO,280.65,2,-0.47892936455877366,0.011685193709642704,-0.4871920442703404,-0.4706666848472069,0.01652535942313349
N=C(Nc1ccccc1)Nc1ccccc1,CCO,283.15,2,-0.4617453211822117,0.01121044708473292,-0.4696723043359593,-0.4538183380284641,0.015853966307495193
N=C(Nc1ccccc1)Nc1ccccc1,CCO,285.65,2,-0.419760272946054,0.004371280367089016,-0.4228512349360903,-0.4166693109560178,0.006181923980072501
N=C(Nc1ccccc1)Nc1ccccc1,Cc1ccccc1,273.15,2,-1.8927833365994051,0.0036993113255180078,-1.895399144723399,-1.8901675284754111,0.005231616247987958
N=C(Nc1ccccc1)Nc1ccccc1,Cc1ccccc1,275.65,2,-1.837055750203074,0.010144679234268929,-1.844229121682588,-1.82988237872356,0.014346742959027825
N=C(Nc1ccccc1)Nc1ccccc1,Cc1ccccc1,278.15,2,-1.775638081435011,0.009666437681340442,-1.7824732850694038,-1.768802877800618,0.013670407268785878
N=C(Nc1ccccc1)Nc1ccccc1,Cc1ccccc1,280.65,2,-1.7364725305632445,0.010094139236158607,-1.7436101648673734,-1.7293348962591155,0.014275268608257896
N=C(Nc1ccccc1)Nc1ccccc1,Cc1ccccc1,283.15,2,-1.6807665984602465,0.0004218864529484828,-1.6810649172320171,-1.680468279688476,0.000596637543541112
N=C(Nc1ccccc1)Nc1ccccc1,Cc1ccccc1,285.65,2,-1.6337223577372866,0.01183681404955903,-1.642092249219374,-1.625352466255199,0.016739782964174887
NC(=O)N/N=C/c1ccc([N+](=O)[O-])o1,CC#N,278.15,2,-2.814814770437242,0.04432588463863222,-2.8461579040473115,-2.7834716368271724,0.06268626722013915
NC(=O)N/N=C/c1ccc([N+](=O)[O-])o1,CC#N,283.15,2,-2.7208690715933965,0.02571252918845295,-2.7390505753440086,-2.7026875678427844,0.03636300750122423
NC(=O)N/N=C/c1ccc([N+](=O)[O-])o1,CC#N,288.15,2,-2.6405727604597615,0.017775957601989585,-2.653142260622213,-2.6280032602973105,0.025139000324902572
NC(=O)N/N=C/c1ccc([N+](=O)[O-])o1,CC#N,293.15,2,-2.55480775821833,0.0002100085497495369,-2.554956256687965,-2.554659259748695,0.0002969969392698779
NC(=O)N/N=C/c1ccc([N+](=O)[O-])o1,CC#N,298.15,2,-2.487565587834612,0.015003106213299816,-2.4981743859768986,-2.476956789692326,0.021217596284572426
NC(=O)N/N=C/c1ccc([N+](=O)[O-])o1,CC#N,303.15,2,-2.4092680526243373,0.01125674505136053,-2.4172277733842424,-2.401308331864432,0.015919441519810285
NC(=O)N/N=C/c1ccc([N+](=O)[O-])o1,CC#N,308.15,2,-2.3366413565092903,0.0016176618987300748,-2.3377852162075494,-2.335497496811031,0.002287719396518284
NC(=O)N/N=C/c1ccc([N+](=O)[O-])o1,CC#N,313.15,2,-2.269232294496355,0.004549356702591229,-2.2724491754707934,-2.266015413521916,0.006433761948877237
NC(=O)N/N=C/c1ccc([N+](=O)[O-])o1,CC(C)=O,278.15,2,-2.387377044969682,0.006774456830676844,-2.392167309333509,-2.382586780605855,0.009580528727654247
NC(=O)N/N=C/c1ccc([N+](=O)[O-])o1,CC(C)=O,283.15,2,-2.325752679269505,0.004941141455512764,-2.3292465938995,-2.32225876463951,0.006987829259990086
NC(=O)N/N=C/c1ccc([N+](=O)[O-])o1,CC(C)=O,288.15,2,-2.2762595637187686,0.008995294261361822,-2.282620197289746,-2.269898930147791,0.012721267141954762
NC(=O)N/N=C/c1ccc([N+](=O)[O-])o1,CC(C)=O,293.15,2,-2.2237564018581475,0.005529473038055728,-2.227666329739745,-2.2198464739765504,0.00781985576319455
NC(=O)N/N=C/c1ccc([N+](=O)[O-])o1,CC(C)=O,298.15,2,-2.164254894907409,0.006366496732179388,-2.168756687919135,-2.159753101895683,0.009003586023452304
NC(=O)N/N=C/c1ccc([N+](=O)[O-])o1,CC(C)=O,303.15,2,-2.1210549122437063,0.004141258585575287,-2.1239832242722136,-2.118126600215199,0.005856624057014592
NC(=O)N/N=C/c1ccc([N+](=O)[O-])o1,CC(C)=O,308.15,2,-2.0664110819581447,0.0029104665070085424,-2.0684690925616667,-2.0643530713546223,0.004116021207044351
NC(=O)N/N=C/c1ccc([N+](=O)[O-])o1,CC(C)=O,313.15,2,-2.007360249346161,0.004216172167283408,-2.0103415332762973,-2.004378965416025,0.005962567860272383
NC(=O)N/N=C/c1ccc([N+](=O)[O-])o1,CC(C)O,278.15,3,-3.172718863529944,0.24098408057907997,-3.450930883557493,-3.028935137547073,0.42199574601042
NC(=O)N/N=C/c1ccc([N+](=O)[O-])o1,CC(C)O,283.15,3,-3.0624492359532334,0.2617577729930477,-3.3642941114461182,-2.897947951558656,0.4663461598874621
NC(=O)N/N=C/c1ccc([N+](=O)[O-])o1,CC(C)O,288.15,3,-2.9724857678946073,0.26291253587389135,-3.275926017107695,-2.8126408117350628,0.4632852053726322
NC(=O)N/N=C/c1ccc([N+](=O)[O-])o1,CC(C)O,293.15,3,-2.896098892849469,0.2437759412210737,-3.177341277045424,-2.745291900976734,0.4320493760686901
NC(=O)N/N=C/c1ccc([N+](=O)[O-])o1,CC(C)O,298.15,3,-2.792157941725558,0.24505449832886092,-3.074953684625206,-2.6422964422364736,0.4326572423887325
NC(=O)N/N=C/c1ccc([N+](=O)[O-])o1,CC(C)O,303.15,3,-2.6791356317099884,0.22970560755225555,-2.9442697799588555,-2.5400433207920137,0.40422645916684186
NC(=O)N/N=C/c1ccc([N+](=O)[O-])o1,CC(C)O,308.15,3,-2.5866257323193884,0.20927455123818683,-2.828174404376811,-2.459808461042279,0.3683659433345321
NC(=O)N/N=C/c1ccc([N+](=O)[O-])o1,CC(C)O,313.15,3,-2.4807675846001476,0.2014780384259705,-2.713207899033364,-2.356060664890252,0.3571472341431119
NC(=O)N/N=C/c1ccc([N+](=O)[O-])o1,CCCO,278.15,2,-3.123454857609841,0.2650022434267004,-3.310839740966509,-2.936069974253173,0.37476976671333606
NC(=O)N/N=C/c1ccc([N+](=O)[O-])o1,CCCO,283.15,2,-3.0077926735842175,0.23223033582008404,-3.172004318839828,-2.843581028328607,0.3284232905112212
NC(=O)N/N=C/c1ccc([N+](=O)[O-])o1,CCCO,288.15,2,-2.953639791055542,0.2747244789668463,-3.14789933309094,-2.759380249020144,0.38851908407079616
NC(=O)N/N=C/c1ccc([N+](=O)[O-])o1,CCCO,293.15,2,-2.8765236608328286,0.24961753027170194,-3.0530299091909874,-2.70001741247467,0.3530124967163175
NC(=O)N/N=C/c1ccc([N+](=O)[O-])o1,CCCO,298.15,2,-2.7713788132743984,0.2395794709548068,-2.940787081819628,-2.601970544729169,0.3388165370904588
NC(=O)N/N=C/c1ccc([N+](=O)[O-])o1,CCCO,303.15,2,-2.675331379472814,0.23944229290810373,-2.8446426484909897,-2.5060201104546382,0.33862253803635145
NC(=O)N/N=C/c1ccc([N+](=O)[O-])o1,CCCO,308.15,2,-2.5809686682502475,0.2197720257931013,-2.736370958003654,-2.4255663784968404,0.3108045795068137
NC(=O)N/N=C/c1ccc([N+](=O)[O-])o1,CCCO,313.15,2,-2.49169227633033,0.24742824308346373,-2.666650464871721,-2.3167340877889395,0.34991637708278134
NC(=O)N/N=C/c1ccc([N+](=O)[O-])o1,CCO,278.15,3,-2.9454231337416537,0.03845159719768382,-2.988898279098478,-2.9158779283102763,0.07302035078820168
NC(=O)N/N=C/c1ccc([N+](=O)[O-])o1,CCO,283.15,3,-2.8590389674103958,0.03384775336928702,-2.898090621681921,-2.838135957592111,0.059954664089810095
NC(=O)N/N=C/c1ccc([N+](=O)[O-])o1,CCO,288.15,3,-2.776198984345727,0.02997089499923401,-2.8106559929620234,-2.756179339595492,0.05447665336653129
NC(=O)N/N=C/c1ccc([N+](=O)[O-])o1,CCO,293.15,3,-2.6916064000649498,0.020618573523689065,-2.715214018760989,-2.677131293507973,0.03808272525301559
NC(=O)N/N=C/c1ccc([N+](=O)[O-])o1,CCO,298.15,3,-2.6146337778966493,0.020158645436529284,-2.6359827160492064,-2.5959257469917407,0.0400569690574657
NC(=O)N/N=C/c1ccc([N+](=O)[O-])o1,CCO,303.15,3,-2.5330942873997007,0.017550250855047533,-2.5529945812808617,-2.519828264608358,0.033166316672503804
NC(=O)N/N=C/c1ccc([N+](=O)[O-])o1,CCO,308.15,3,-2.4517561595342645,0.012667528605491989,-2.466381469487156,-2.444239758251496,0.02214171123566011
NC(=O)N/N=C/c1ccc([N+](=O)[O-])o1,CCO,313.15,3,-2.3732768622905165,0.009202126522985746,-2.383069405012753,-2.3648086568846662,0.018260748128086757
NC(=O)N/N=C/c1ccc([N+](=O)[O-])o1,CN(C)C=O,278.15,2,-0.5563037001725133,0.03825796357274914,-0.5833561656491921,-0.5292512346958345,0.054104930953357666
NC(=O)N/N=C/c1ccc([N+](=O)[O-])o1,CN(C)C=O,283.15,2,-0.5426412613185356,0.037238078273778605,-0.5689725589842799,-0.5163099636527912,0.05266259533148865
NC(=O)N/N=C/c1ccc([N+](=O)[O-])o1,CN(C)C=O,288.15,2,-0.5305801118326814,0.039919818736629725,-0.55880768636509,-0.5023525373002726,0.05645514906481741
NC(=O)N/N=C/c1ccc([N+](=O)[O-])o1,CN(C)C=O,293.15,2,-0.5070043316858527,0.031687169748083006,-0.5294105442913314,-0.4845981190803739,0.04481242521095746
NC(=O)N/N=C/c1ccc([N+](=O)[O-])o1,CN(C)C=O,298.15,2,-0.4858819871284543,0.04516689854695111,-0.5178198073761683,-0.4539441668807404,0.06387564049542788
NC(=O)N/N=C/c1ccc([N+](=O)[O-])o1,CN(C)C=O,303.15,2,-0.4533645245621488,0.02967682574903682,-0.4743492092933843,-0.4323798398309134,0.04196936946247093
NC(=O)N/N=C/c1ccc([N+](=O)[O-])o1,CN(C)C=O,308.15,2,-0.4388862732029116,0.02725339686189816,-0.458157334934328,-0.4196152114714952,0.038542123462832756
NC(=O)N/N=C/c1ccc([N+](=O)[O-])o1,CN(C)C=O,313.15,2,-0.41794866805256337,0.028297651379316717,-0.4379581292345311,-0.3979392068705957,0.040018922363935394
NC(=O)N/N=C/c1ccc([N+](=O)[O-])o1,CO,278.15,2,-2.445670231127479,0.024549535073075873,-2.463029373852628,-2.4283110884023302,0.03471828545029787
NC(=O)N/N=C/c1ccc([N+](=O)[O-])o1,CO,283.15,2,-2.371949340098436,0.008672899545534104,-2.378082006179633,-2.365816674017239,0.012265332162393783
NC(=O)N/N=C/c1ccc([N+](=O)[O-])o1,CO,288.15,2,-2.3047424389212425,0.004924416175491012,-2.308224526992317,-2.301260350850168,0.006964176142148837
NC(=O)N/N=C/c1ccc([N+](=O)[O-])o1,CO,293.15,2,-2.235556511588541,0.0058708179920819595,-2.2397078068018543,-2.231405216375228,0.008302590426626288
NC(=O)N/N=C/c1ccc([N+](=O)[O-])o1,CO,298.15,2,-2.15790178839383,0.002386293939886307,-2.1595891530206277,-2.156214423767032,0.0033747292535957207
NC(=O)N/N=C/c1ccc([N+](=O)[O-])o1,CO,303.15,2,-2.091764254414849,0.01074086529638517,-2.0993591931017344,-2.084169315727964,0.015189877373770422
NC(=O)N/N=C/c1ccc([N+](=O)[O-])o1,CO,308.15,2,-2.018406972394735,0.013293304778599344,-2.0278067583480626,-2.009007186441408,0.01879957190665449
NC(=O)N/N=C/c1ccc([N+](=O)[O-])o1,CO,313.15,2,-1.9565112418739883,0.02552539494184527,-1.974560421729832,-1.9384620620181447,0.03609835971168729
NC(=O)N/N=C/c1ccc([N+](=O)[O-])o1,NC=O,278.15,2,-1.4208101053523914,0.07666734940126961,-1.4750221080096275,-1.3665981026951552,0.10842400531447227
NC(=O)N/N=C/c1ccc([N+](=O)[O-])o1,NC=O,283.15,2,-1.361382776170948,0.06699803248998798,-1.4087575392707752,-1.314008013071121,0.09474952619965427
NC(=O)N/N=C/c1ccc([N+](=O)[O-])o1,NC=O,288.15,2,-1.3126726403784315,0.049379963199371164,-1.347589547211449,-1.277755733545414,0.06983381366603503
NC(=O)N/N=C/c1ccc([N+](=O)[O-])o1,NC=O,293.15,2,-1.2534614839280833,0.046542386950167186,-1.2863719213531548,-1.2205510465030118,0.06582087485014299
NC(=O)N/N=C/c1ccc([N+](=O)[O-])o1,NC=O,298.15,2,-1.1956969363381966,0.0327705085136251,-1.2188691851311124,-1.1725246875452808,0.04634449758583159
NC(=O)N/N=C/c1ccc([N+](=O)[O-])o1,NC=O,303.15,2,-1.1456896152813072,0.026956682850130347,-1.1647508685229295,-1.126628362039685,0.038122506483244445
NC(=O)N/N=C/c1ccc([N+](=O)[O-])o1,NC=O,308.15,2,-1.09274463165002,0.020467531863263982,-1.1072173622246857,-1.0782719010753543,0.028945461149331386
NC(=O)N/N=C/c1ccc([N+](=O)[O-])o1,NC=O,313.15,2,-1.0457652810820819,0.004602734759251222,-1.0490199060423515,-1.0425106561218125,0.006509249920539029
NC(=O)N/N=C/c1ccc([N+](=O)[O-])o1,O,278.15,3,-3.3007362832889697,0.2843769429426763,-3.629099798523215,-3.1347387408059544,0.4943610577172608
NC(=O)N/N=C/c1ccc([N+](=O)[O-])o1,O,283.15,3,-3.1930153700222,0.2625275612582392,-3.4960942324602384,-3.036172847473861,0.45992138498637747
NC(=O)N/N=C/c1ccc([N+](=O)[O-])o1,O,288.15,3,-3.098883561459719,0.21874951749257288,-3.3512521937475857,-2.9635391972210905,0.38771299652649516
NC(=O)N/N=C/c1ccc([N+](=O)[O-])o1,O,293.15,3,-2.997188671926559,0.20071140192167172,-3.2282432968027464,-2.8659965229474684,0.3622467738552779
NC(=O)N/N=C/c1ccc([N+](=O)[O-])o1,O,298.15,3,-2.9085333955412835,0.21125763489509503,-3.1524246930554263,-2.782396738657241,0.37002795439818525
NC(=O)N/N=C/c1ccc([N+](=O)[O-])o1,O,303.15,3,-2.8202573400015862,0.21873390866065898,-3.0728294928045496,-2.693911939684993,0.37891755311955677
NC(=O)N/N=C/c1ccc([N+](=O)[O-])o1,O,308.15,3,-2.7184149666402866,0.19677004394925887,-2.9456254150182044,-2.60471327109596,0.3409121439222442
NC(=O)N/N=C/c1ccc([N+](=O)[O-])o1,O,313.15,3,-2.6061701657344067,0.1939706482202438,-2.830070338675505,-2.489106686193558,0.34096365248194704
NC(=O)c1ccccc1,CCCO,283.15,2,-0.3376179986969787,0.00019303321359780506,-0.337754493791308,-0.3374815036026495,0.0002729901886585062
NC(=O)c1ccccc1,CCCO,288.15,2,-0.2537762462413121,0.0007386457167575427,-0.2542985476365258,-0.2532539448460985,0.0010446027904273403
NC(=O)c1ccccc1,CCCO,293.15,2,-0.17635413208746886,0.005338626015999593,-0.1801291107456011,-0.1725791534293366,0.007549957316264483
NC(=O)c1ccccc1,CCCO,298.15,2,-0.10560324394182244,0.005293671781302762,-0.1093464351557575,-0.1018600527278874,0.0074863824278701
NC(=O)c1ccccc1,CCCO,303.15,2,-0.0341570685614791,0.0,-0.0341570685614791,-0.0341570685614791,0.0
NC(=O)c1ccccc1,CCCO,308.15,2,0.030598528934228097,0.00044087415210625273,0.0302867838316239,0.0309102740368323,0.0006234902052083997
NC(=O)c1ccccc1,CCCO,313.15,2,0.10829134002684809,0.0004158111520278692,0.1079973171415562,0.10858536291214,0.0005880457705837866
NC(=O)c1ccccc1,CCCO,318.15,2,0.18028084696635227,0.005959763195024379,0.1760666579968845,0.18449503593582,0.0084283779389355
NC(=O)c1ccccc1,CCCO,323.15,2,0.27261148046932876,0.0003062166020137762,0.2723949526335329,0.2728280083051246,0.0004330556715916867
NC(=O)c1ccccc1,CCO,283.15,2,-0.12984268555181727,0.0013410540316614145,-0.1307909539515426,-0.1288944171520919,0.0018965367994507043
NC(=O)c1ccccc1,CCO,288.15,2,-0.0625093401865244,0.0009430871210972986,-0.063176203485102,-0.0618424768879468,0.0013337265971552006
NC(=O)c1ccccc1,CCO,293.15,2,0.0077368404946421,0.006962991514185566,0.0028132619776171,0.0126604190116671,0.009847157034050001
NC(=O)c1ccccc1,CCO,298.15,2,0.07394129956227535,0.002020604424726356,0.0725125164714558,0.0753700826530949,0.0028575661816390985
NC(=O)c1ccccc1,CCO,303.15,2,0.1442037146981775,0.0013122314106552228,0.1432758269692172,0.1451316024271378,0.0018557754579205943
NC(=O)c1ccccc1,CCO,308.15,2,0.20263281088453605,0.004063965185046267,0.1997591535436838,0.2055064682253883,0.005747314681704502
NC(=O)c1ccccc1,CCO,313.15,2,0.2781985016066906,0.002689174364185074,0.2762969681779823,0.2801000350353989,0.0038030668574165483
NC(=O)c1ccccc1,CCO,318.15,2,0.36111641940076233,0.004271892595117351,0.3580957351782542,0.3641371036232704,0.006041368445016182
NC(=O)c1ccccc1,CCO,323.15,2,0.4403177463947212,0.003794209492485608,0.4376348351333423,0.4430006576561002,0.005365822522757913
NC(=O)c1ccccc1,CCOC(C)=O,283.15,2,-0.6493263650701899,0.01658658492160542,-0.6610548517449836,-0.6375978783953962,0.023456973349587407
NC(=O)c1ccccc1,CCOC(C)=O,288.15,2,-0.6021350866019093,0.007161307286953038,-0.6071988955466745,-0.5970712776571442,0.010127617889530316
NC(=O)c1ccccc1,CCOC(C)=O,293.15,2,-0.5315212482417091,0.002484975066661968,-0.5332783909624254,-0.529764105520993,0.0035142854414323965
NC(=O)c1ccccc1,CCOC(C)=O,298.15,2,-0.46136411546480316,0.008679372500616171,-0.4675013586164329,-0.4552268723131734,0.012274486303259502
NC(=O)c1ccccc1,CCOC(C)=O,303.15,2,-0.39210215025474054,0.009610762213670642,-0.3988979853883985,-0.3853063151210826,0.013591670267315892
NC(=O)c1ccccc1,CCOC(C)=O,308.15,2,-0.32240385045550923,0.0017013219341751465,-0.3236068667321459,-0.3212008341788726,0.0024060325532733184
NC(=O)c1ccccc1,CCOC(C)=O,313.15,2,-0.26135500501953157,0.005837718657598577,-0.2654828954689788,-0.2572271145700844,0.008255780898894394
NC(=O)c1ccccc1,CCOC(C)=O,318.15,2,-0.18883033398923996,0.002418766386756562,-0.1905406601034216,-0.1871200078750583,0.0034206522283632967
NC(=O)c1ccccc1,CCOC(C)=O,323.15,2,-0.12045776681362065,0.0011521988639724456,-0.121272494443611,-0.1196430391836303,0.0016294552599807055
NC(=O)c1ccccc1,CO,283.15,2,0.20600941605541595,0.006137305905034652,0.2016696854317497,0.2103491466790822,0.008679461247332487
NC(=O)c1ccccc1,CO,288.15,2,0.26856796433856067,0.003682911463719948,0.2659637526680546,0.2711721760090667,0.0052084233410120695
NC(=O)c1ccccc1,CO,293.15,2,0.33298045898110007,0.001527693299055622,0.3319002166897646,0.3340607012724356,0.002160484582670985
NC(=O)c1ccccc1,CO,298.15,2,0.38418390706890626,0.013844018225671603,0.3743947079026637,0.3939731062351488,0.019578398332485092
NC(=O)c1ccccc1,CO,303.15,2,0.4529332777019149,0.004599386113212518,0.4496810205919671,0.4561855348118627,0.0065045142198956185
NC(=O)c1ccccc1,CO,308.15,2,0.5266996661895458,0.0063333770041864934,0.5222212923620745,0.531178040017017,0.008956747654942476
NC(=O)c1ccccc1,CO,313.15,2,0.5909810924963548,0.006791318490748942,0.5861789051383486,0.5957832798543609,0.009604374716012276
NC(=O)c1ccccc1,CO,318.15,2,0.6689075194566994,0.004280217183879024,0.6658809488610273,0.6719340900523715,0.006053141191344147
NC(=O)c1ccccc1,CO,323.15,2,0.739564623956493,0.004276583637088168,0.7365406226663965,0.7425886252465894,0.0060480025801928905
NC(=O)c1cnccn1,CC(C)=O,283.15,2,-1.4238835923193869,0.06820704897526558,-1.4721132591745203,-1.3756539254642537,0.0964593337102666
NC(=O)c1cnccn1,CC(C)=O,293.15,2,-1.2574875756855577,0.028639710738012917,-1.2777389093596276,-1.2372362420114875,0.04050266734814012
NC(=O)c1cnccn1,CC(C)=O,303.15,2,-1.1075300575555467,0.004590318196338232,-1.1107759026799815,-1.104284212431112,0.0064916902488694195
NC(=O)c1cnccn1,CC(C)=O,313.15,2,-0.9856466476533654,0.006260686021726988,-0.9900736211942084,-0.9812196741125224,0.008853947081685964
NC(=O)c1cnccn1,CC(C)=O,323.15,2,-0.8547314114971283,0.053128243624833066,-0.8922987528367787,-0.8171640701574779,0.07513468267930079
NC(=O)c1cnccn1,CO,283.15,2,-1.1756591467944881,0.002889052920775945,-1.1777020157059757,-1.1736162778830008,0.004085737822974833
NC(=O)c1cnccn1,CO,293.15,2,-1.0136175428543495,0.011037166372212933,-1.0214219980412254,-1.0058130876674736,0.015608910373751783
NC(=O)c1cnccn1,CO,303.15,2,-0.8507477917554266,0.01241333906424498,-0.8595253479849221,-0.8419702355259311,0.017555112458990996
NC(=O)c1cnccn1,CO,313.15,2,-0.6881141858974901,0.011818626709168752,-0.6964712169878557,-0.6797571548071244,0.01671406218073135
NC(=O)c1ncn([C@@H]2O[C@H](CO)[C@@H](O)[C@H]2O)n1,CCCO,283.15,2,-3.0698707020735485,0.19733334084313528,-3.2094064455379256,-2.930334958609171,0.2790714869287547
NC(=O)c1ncn([C@@H]2O[C@H](CO)[C@@H](O)[C@H]2O)n1,CCCO,288.15,2,-2.9495881836662994,0.2318441502133071,-3.1135267544605614,-2.7856496128720374,0.327877141588524
NC(=O)c1ncn([C@@H]2O[C@H](CO)[C@@H](O)[C@H]2O)n1,CCCO,293.15,2,-2.80539099063264,0.2345877173485854,-2.971269556352898,-2.6395124249123825,0.33175713144051544
NC(=O)c1ncn([C@@H]2O[C@H](CO)[C@@H](O)[C@H]2O)n1,CCCO,298.15,2,-2.679328088239598,0.26407720707646715,-2.866058872120172,-2.4925973043590237,0.37346156776114814
NC(=O)c1ncn([C@@H]2O[C@H](CO)[C@@H](O)[C@H]2O)n1,CCCO,303.15,2,-2.5596385682075997,0.286813189606914,-2.7624461195123917,-2.356831016902808,0.40561510260958356
NC(=O)c1ncn([C@@H]2O[C@H](CO)[C@@H](O)[C@H]2O)n1,CCCO,308.15,2,-2.447703813763911,0.3185427105341356,-2.6729475244801417,-2.22246010304768,0.4504874214324617
NC(=O)c1ncn([C@@H]2O[C@H](CO)[C@@H](O)[C@H]2O)n1,CCCO,313.15,2,-2.3429919495443716,0.3547569383338943,-2.593842986313246,-2.092140912775497,0.5017020735377491
NC(=O)c1ncn([C@@H]2O[C@H](CO)[C@@H](O)[C@H]2O)n1,CCCO,318.15,2,-2.2398089300209474,0.38714628852150934,-2.5135626959457102,-1.9660551640961843,0.5475075318495259
NC(=O)c1ncn([C@@H]2O[C@H](CO)[C@@H](O)[C@H]2O)n1,CO,283.15,2,-1.8653944114703287,0.03321619462929682,-1.8888818079379168,-1.8419070150027408,0.046974792935176035
NC(=O)c1ncn([C@@H]2O[C@H](CO)[C@@H](O)[C@H]2O)n1,CO,288.15,2,-1.7672964194082996,0.020418510592866566,-1.781734486710245,-1.7528583521063543,0.028876134603890602
NC(=O)c1ncn([C@@H]2O[C@H](CO)[C@@H](O)[C@H]2O)n1,CO,293.15,2,-1.6823173043537216,0.07632117755422921,-1.7362845265504596,-1.6283500821569836,0.10793444439347599
NC(=O)c1ncn([C@@H]2O[C@H](CO)[C@@H](O)[C@H]2O)n1,CO,298.15,2,-1.587825439866964,0.11992093461081986,-1.6726223459365033,-1.5030285337974247,0.16959381213907854
NC(=O)c1ncn([C@@H]2O[C@H](CO)[C@@H](O)[C@H]2O)n1,CO,303.15,2,-1.4901156814453538,0.15717099282624933,-1.601252356278617,-1.3789790066120908,0.22227334966652612
NC(=O)c1ncn([C@@H]2O[C@H](CO)[C@@H](O)[C@H]2O)n1,CO,308.15,2,-1.3965462935700481,0.18479097665703983,-1.527213246266326,-1.26587934087377,0.26133390539255585
NC(=O)c1ncn([C@@H]2O[C@H](CO)[C@@H](O)[C@H]2O)n1,CO,313.15,2,-1.3139598015097715,0.23185521786814525,-1.4779061983178214,-1.1500134047017216,0.3278927936160998
NC(=O)c1ncn([C@@H]2O[C@H](CO)[C@@H](O)[C@H]2O)n1,CO,318.15,2,-1.216796941453269,0.24960414619234833,-1.393293725838157,-1.0403001570683814,0.3529935687697756
NC(=O)c1ncn([C@@H]2O[C@H](CO)[C@@H](O)[C@H]2O)n1,O,283.15,2,-0.33548122100587363,0.03863697967922356,-0.3628016913416195,-0.3081607506701278,0.05464094067149167
NC(=O)c1ncn([C@@H]2O[C@H](CO)[C@@H](O)[C@H]2O)n1,O,288.15,2,-0.2341169537800851,0.0010703918489412935,-0.2348738351149983,-0.2333600724451719,0.0015137626698263906
NC(=O)c1ncn([C@@H]2O[C@H](CO)[C@@H](O)[C@H]2O)n1,O,293.15,2,-0.140079600920483,0.02999042851265226,-0.1612860362924698,-0.1188731655484962,0.042412870743973596
NC(=O)c1ncn([C@@H]2O[C@H](CO)[C@@H](O)[C@H]2O)n1,O,298.15,2,-0.0499986785240043,0.058700866956500446,-0.0915064596104751,-0.0084908974375335,0.08301556217294159
NC(=O)c1ncn([C@@H]2O[C@H](CO)[C@@H](O)[C@H]2O)n1,O,303.15,2,0.030199948018536798,0.08815265416094056,-0.0321333915182568,0.0925332875553304,0.1246666790735872
NC(=O)c1ncn([C@@H]2O[C@H](CO)[C@@H](O)[C@H]2O)n1,O,308.15,2,0.10939505184764575,0.1143828406401836,0.0285141695795917,0.1902759341156998,0.16176176453610808
NC(=O)c1ncn([C@@H]2O[C@H](CO)[C@@H](O)[C@H]2O)n1,O,313.15,2,0.19158751941133417,0.1256197324804853,0.102760954723543,0.2804140840991253,0.1776531293755823
NC(=O)c1ncn([C@@H]2O[C@H](CO)[C@@H](O)[C@H]2O)n1,O,318.15,2,0.2737265437224624,0.13026561733990072,0.1816148423459667,0.3658382450989581,0.18422340275299143
NC(N)=C([N+](=O)[O-])[N+](=O)[O-],CS(C)=O,293.15,2,0.482780788874163,0.02208684177502004,0.467163033280052,0.498398544468274,0.031235511188221987
NC(N)=C([N+](=O)[O-])[N+](=O)[O-],CS(C)=O,303.15,2,0.5031153901982763,0.019284298900724944,0.4894793316751454,0.5167514487214072,0.027272117046261812
NC(N)=C([N+](=O)[O-])[N+](=O)[O-],CS(C)=O,313.15,2,0.5213848868838975,0.020252504372019805,0.507064203706432,0.5357055700613629,0.028641366354930864
NC(N)=C([N+](=O)[O-])[N+](=O)[O-],CS(C)=O,323.15,2,0.5400793875468325,0.020003378809783784,0.5259348627437911,0.5542239123498739,0.028289049606082806
NC(N)=C([N+](=O)[O-])[N+](=O)[O-],CS(C)=O,333.15,2,0.5612658886375081,0.020989221637650806,0.5464242676856979,0.5761075095893184,0.029683241903620594
NCCS(=O)(=O)O,O,298.15,3,-0.071578084449592,0.04645339296782948,-0.100283165199976,-0.0179835834638617,0.0822995817361143
NCCS(=O)(=O)O,O,303.15,2,-0.019589567263756352,0.007974518610618191,-0.0252284034500228,-0.0139507310774899,0.0112776723725329
NCCS(=O)(=O)O,O,308.15,2,0.05192183742479315,0.004806280662433571,0.0485232837761006,0.0553203910734857,0.006797107297385099
NCCS(=O)(=O)O,O,313.15,2,0.1155622556380678,0.0004618465018758455,0.1152356808447241,0.1158888304314115,0.0006531495866873988
NCCS(=O)(=O)O,O,318.15,2,0.1776729627837791,0.006639190574995314,0.1729783461066101,0.1823675794609481,0.009389233354338
NS(=O)(=O)Cc1noc2ccccc12,CC#N,278.15,2,-0.871096386218279,0.004007370477994418,-0.8739300250579956,-0.8682627473785623,0.0056672776794332025
NS(=O)(=O)Cc1noc2ccccc12,CC#N,283.15,2,-0.8012172890377156,0.007289629465193843,-0.8063718354648914,-0.7960627426105398,0.010309092854351665
NS(=O)(=O)Cc1noc2ccccc12,CC#N,288.15,2,-0.7308341162236751,0.014546138778298922,-0.7411197895938908,-0.7205484428534593,0.020571346740431484
NS(=O)(=O)Cc1noc2ccccc12,CC#N,293.15,2,-0.6687586176871132,0.01618676854937521,-0.6802043914938735,-0.6573128438803528,0.022891547613520635
NS(=O)(=O)Cc1noc2ccccc12,CC#N,298.15,2,-0.6116263998772119,0.018281532577953476,-0.6245533955335656,-0.5986994042208582,0.02585399131270738
NS(=O)(=O)Cc1noc2ccccc12,CC#N,303.15,2,-0.5563784604008961,0.014546904803219013,-0.5666646754325275,-0.5460922453692648,0.020572430063262703
NS(=O)(=O)Cc1noc2ccccc12,CC#N,308.15,2,-0.5015662955268747,0.017107776824799397,-0.5136633205307165,-0.489469270523033,0.024194050007683487
NS(=O)(=O)Cc1noc2ccccc12,CC#N,313.15,2,-0.4524251612583191,0.011886374610521134,-0.4608300973491422,-0.444020225167496,0.0168098721816462
NS(=O)(=O)Cc1noc2ccccc12,CC(C)O,278.15,2,-1.9764506838671116,0.002129584411242679,-1.9779565274454105,-1.9749448402888128,0.00301168715659772
NS(=O)(=O)Cc1noc2ccccc12,CC(C)O,283.15,2,-1.887510224963209,0.010389195344829924,-1.89485649544261,-1.880163954483808,0.014692540958801903
NS(=O)(=O)Cc1noc2ccccc12,CC(C)O,288.15,2,-1.8079399027159084,0.01819798475980083,-1.820807821143493,-1.7950719842883238,0.025735836855169225
NS(=O)(=O)Cc1noc2ccccc12,CC(C)O,293.15,2,-1.7329595227351222,0.019369622451610405,-1.7466559141196791,-1.7192631313505653,0.027392782769113833
NS(=O)(=O)Cc1noc2ccccc12,CC(C)O,298.15,2,-1.6598928679542464,0.01701754190659621,-1.6719260872355268,-1.647859648672966,0.024066438562560855
NS(=O)(=O)Cc1noc2ccccc12,CC(C)O,303.15,2,-1.5880231751714058,0.02207110863649115,-1.6036298057565737,-1.572416544586238,0.031213261170335738
NS(=O)(=O)Cc1noc2ccccc12,CC(C)O,308.15,2,-1.521451702000344,0.019899733619692286,-1.5355229385866345,-1.5073804654140537,0.028142473172580784
NS(=O)(=O)Cc1noc2ccccc12,CC(C)O,313.15,2,-1.4620639475235317,0.0112067058658713,-1.4699882852360524,-1.454139609811011,0.015848675425041314
NS(=O)(=O)Cc1noc2ccccc12,CCO,278.15,2,-1.6222574515969002,0.008992255366737055,-1.628615936344881,-1.6158989668489194,0.012716969495961683
NS(=O)(=O)Cc1noc2ccccc12,CCO,283.15,2,-1.5555976887357477,0.0044092247657417415,-1.5587154814673794,-1.5524798960041162,0.0062355854632631935
NS(=O)(=O)Cc1noc2ccccc12,CCO,288.15,2,-1.4923733967921216,0.0037933098632100533,-1.4950556719195394,-1.489691121664704,0.0053645502548353985
NS(=O)(=O)Cc1noc2ccccc12,CCO,293.15,2,-1.4268774317610124,0.009605136228017303,-1.433669288722064,-1.4200855747999608,0.013583713922103113
NS(=O)(=O)Cc1noc2ccccc12,CCO,298.15,2,-1.3697131720507534,0.01257255308628523,-1.3786033095948935,-1.3608230345066132,0.017780275088280284
NS(=O)(=O)Cc1noc2ccccc12,CCO,303.15,2,-1.315569135588766,0.01147573052247116,-1.3236837024602748,-1.3074545687172572,0.0162291337430176
NS(=O)(=O)Cc1noc2ccccc12,CCO,308.15,2,-1.2630187309423748,0.01326644600328238,-1.2723995248735411,-1.2536379370112087,0.018761587862332396
NS(=O)(=O)Cc1noc2ccccc12,CCO,313.15,2,-1.2124796535980995,0.014798561085168305,-1.2229438164932254,-1.2020154907029736,0.020928325790251723
NS(=O)(=O)Cc1noc2ccccc12,CN(C)C=O,278.15,2,-0.412453487130092,0.015184962433794125,-0.4231908770390908,-0.4017160972210932,0.021474779817997613
NS(=O)(=O)Cc1noc2ccccc12,CN(C)C=O,283.15,2,-0.30424584605269656,0.015729364651538118,-0.3153681864615552,-0.293123505643838,0.02224468081771719
NS(=O)(=O)Cc1noc2ccccc12,CN(C)C=O,288.15,2,-0.21345682935550955,0.028992274615203012,-0.2339574633379422,-0.1929561953730769,0.04100126796486531
NS(=O)(=O)Cc1noc2ccccc12,CN(C)C=O,293.15,2,-0.1268298018194933,0.03652123230518766,-0.1526542128397807,-0.1010053907992059,0.051648822040574804
NS(=O)(=O)Cc1noc2ccccc12,CN(C)C=O,298.15,2,-0.047609865028313,0.03750451958891443,-0.0741295651547781,-0.0210901649018479,0.053039400252930205
NS(=O)(=O)Cc1noc2ccccc12,CN(C)C=O,303.15,2,0.02687290698911785,0.03959284344372509,-0.0011234610963975,0.0548692750746332,0.0559927361710307
NS(=O)(=O)Cc1noc2ccccc12,CN(C)C=O,308.15,2,0.1006681469085004,0.03561196309768112,0.075486686310765,0.1258496075062358,0.05036292119547081
NS(=O)(=O)Cc1noc2ccccc12,CN(C)C=O,313.15,2,0.1690175690940965,0.023396618816263096,0.1524736612722801,0.1855614769159129,0.033087815643632806
N[C@@H](C(=O)O)c1ccc(O)cc1,O,318.17,2,-0.8201960892888589,0.007830360181663165,-0.825732990072446,-0.8146591885052717,0.011073801567174302
N[C@@H](Cc1c[nH]c2ccccc12)C(=O)O,CCO,288.15,2,-2.6147019011546684,0.004356610331138857,-2.617782489862804,-2.611621312446533,0.006161177416271091
N[C@@H](Cc1c[nH]c2ccccc12)C(=O)O,CCO,293.15,2,-2.525519111775366,0.014124143921799526,-2.535506389720925,-2.5155318338298067,0.019974555891118406
N[C@@H](Cc1c[nH]c2ccccc12)C(=O)O,CCO,298.15,2,-2.4576243367092667,0.013520023004734785,-2.4671844366577127,-2.4480642367608203,0.019120199896892398
N[C@@H](Cc1c[nH]c2ccccc12)C(=O)O,CCO,303.15,2,-2.3851346416893153,0.007584760942343967,-2.3904978775853256,-2.379771405793305,0.010726471792020575
N[C@@H](Cc1c[nH]c2ccccc12)C(=O)O,CCO,308.15,2,-2.3229625845837854,0.004357224776170585,-2.3260436077701696,-2.319881561397401,0.006162046372768515
N[C@@H](Cc1c[nH]c2ccccc12)C(=O)O,O,288.15,2,-1.196385034785313,0.00858540623713133,-1.20245583375483,-1.190314235815796,0.0121415979390338
N[C@@H](Cc1c[nH]c2ccccc12)C(=O)O,O,293.15,2,-1.1710349563288562,0.012138408037969433,-1.1796181069653136,-1.1624518056923987,0.017166301272914852
N[C@@H](Cc1c[nH]c2ccccc12)C(=O)O,O,298.15,2,-1.1448143526584502,0.035656541887876876,-1.17002733522103,-1.1196013700958702,0.05042596512515973
N[C@@H](Cc1c[nH]c2ccccc12)C(=O)O,O,303.15,2,-1.1154027881251594,0.06514612902400338,-1.161468057726086,-1.0693375185242329,0.09213053920185321
N[C@@H](Cc1c[nH]c2ccccc12)C(=O)O,O,308.15,2,-1.084038866771961,0.09490740671349822,-1.151148537643905,-1.0169291959000166,0.1342193417438884
N[C@@H](Cc1ccccc1)C(=O)O,CCO,288.15,2,-2.722777625168008,0.12977537159107863,-2.814542670451064,-2.631012579884952,0.1835300905661117
N[C@@H](Cc1ccccc1)C(=O)O,CCO,293.15,2,-2.6769255284083684,0.12841203780888583,-2.7677265511290146,-2.586124505687722,0.18160204544129277
N[C@@H](Cc1ccccc1)C(=O)O,CCO,298.15,2,-2.6267304714158666,0.10634080576414735,-2.701924776288537,-2.5515361665431966,0.1503886097453404
N[C@@H](Cc1ccccc1)C(=O)O,CCO,303.15,2,-2.582927893511564,0.08404363914040046,-2.6423557206633363,-2.5235000663597917,0.11885565430354461
N[C@@H](Cc1ccccc1)C(=O)O,CCO,308.15,2,-2.5301064637326807,0.053276321575288325,-2.567778511995242,-2.492434415470119,0.07534409652512286
N[C@@H](Cc1ccccc1)C(=O)O,CO,288.15,2,-1.898433882426375,0.2836552999336414,-2.099008468528957,-1.697859296323793,0.4011491722051639
N[C@@H](Cc1ccccc1)C(=O)O,CO,293.15,2,-1.8290893615088852,0.22584533190282377,-1.9887861271966984,-1.669392595821072,0.3193935313756264
N[C@@H](Cc1ccccc1)C(=O)O,CO,298.15,2,-1.7485184538727234,0.1562106398913855,-1.858976056633412,-1.638060851112035,0.220915205521377
N[C@@H](Cc1ccccc1)C(=O)O,CO,303.15,2,-1.7069286511545507,0.1311368300723641,-1.7996563929620275,-1.6142009093470742,0.18545548361495334
N[C@@H](Cc1ccccc1)C(=O)O,CO,308.15,2,-1.669060407375086,0.10586789796021442,-1.743920315932719,-1.594200498817453,0.14971981711526605
N[C@@H](Cc1ccccc1)C(=O)O,O,288.15,2,-0.8538629728540506,0.08475685648000815,-0.9137951208231192,-0.7939308248849818,0.11986429593813741
N[C@@H](Cc1ccccc1)C(=O)O,O,293.15,2,-0.8146981434789007,0.06693010887120276,-0.8620248773272821,-0.7673714096305193,0.09465346769676275
N[C@@H](Cc1ccccc1)C(=O)O,O,298.15,2,-0.7813671764372877,0.04573232143183391,-0.8137048110411403,-0.7490295418334351,0.06467526920770528
N[C@@H](Cc1ccccc1)C(=O)O,O,303.15,2,-0.7421457045832172,0.02758742986324017,-0.7616529633150226,-0.7226384458514118,0.03901451746361084
N[C@@H](Cc1ccccc1)C(=O)O,O,308.15,2,-0.7079382358231529,0.010931319043155913,-0.715667845645882,-0.7002086260004237,0.015459219645458377
N[C@@H](Cc1cnc[nH]1)C(=O)O,O,288.15,2,-0.6723090634528551,0.004035007194250081,-0.6751622444020459,-0.6694558825036644,0.0057063618983814735
N[C@@H](Cc1cnc[nH]1)C(=O)O,O,293.15,2,-0.6337303387769895,0.0007382830403619986,-0.6342523837212645,-0.6332082938327145,0.0010440898885499816
N[C@@H](Cc1cnc[nH]1)C(=O)O,O,298.15,2,-0.5928693837462062,0.0007389450285843486,-0.5933918967868422,-0.5923468707055701,0.0010450260812721046
N[C@@H](Cc1cnc[nH]1)C(=O)O,O,303.15,2,-0.5456073833819196,0.0030114825949326424,-0.5477368231462217,-0.5434779436176175,0.004258879528604265
N[C@@H](Cc1cnc[nH]1)C(=O)O,O,308.15,2,-0.5028869349423642,0.004364543826362226,-0.5059731334787708,-0.4998007364059576,0.006172397072813196
Nc1ccc(O)c(C(=O)O)c1,CCO,293.2,2,-3.040169418095986,0.00808227988297903,-3.045884453008688,-3.0344543831832835,0.011430069825404399
Nc1ccc(O)c(C(=O)O)c1,CCO,298.2,2,-2.984915970042089,0.004549879215833091,-2.988133220489184,-2.9816987195949936,0.00643450089419062
Nc1ccc(O)c(C(=O)O)c1,CCO,303.2,2,-2.9513681178703086,0.008376323984206633,-2.957291073360957,-2.9454451623796607,0.011845910981296282
Nc1ccc(O)c(C(=O)O)c1,CCO,308.2,2,-2.8882266624702604,0.0012004555127609637,-2.8890755127038465,-2.8873778122366747,0.001697700467171881
Nc1ccc(O)c(C(=O)O)c1,CCO,313.2,2,-2.8535462450627893,0.0007347330017632329,-2.8540657797506976,-2.853026710374881,0.0010390693758166591
Nc1ccc(O)c(C(=O)O)c1,O,293.2,3,-2.2448146751592866,0.06617601412000872,-2.309452815709419,-2.1772011586571214,0.13225165705229758
Nc1ccc(O)c(C(=O)O)c1,O,298.2,3,-2.1884442744353194,0.048050431768136365,-2.236142629223146,-2.140049339648217,0.09609328957492913
Nc1ccc(O)c(C(=O)O)c1,O,303.2,3,-2.1453629880222405,0.03685186581311396,-2.182723946599621,-2.1090422396159263,0.0736817069836948
Nc1ccc(O)c(C(=O)O)c1,O,308.2,3,-2.1054410629723814,0.05819122359710714,-2.165794172611622,-2.049684337680618,0.11610983493100369
Nc1ccc(O)c(C(=O)O)c1,O,313.2,3,-2.06767781660079,0.07563883397110086,-2.146219090911344,-1.995321164624089,0.15089792628725518
Nc1ccc(Oc2ccc(N)cc2)cc1,CC(=O)N(C)C,293.15,2,0.24326304039732355,5.116545439411433e-06,0.2432594224533471,0.2432666583413,7.2358879528999775e-06
Nc1ccc(Oc2ccc(N)cc2)cc1,CC(=O)N(C)C,298.15,2,0.25531662348773865,0.002141626783476894,0.2538022646663714,0.2568309823091059,0.003028717642734491
Nc1ccc(Oc2ccc(N)cc2)cc1,CC(=O)N(C)C,303.15,2,0.2670444442327017,0.0022035089153437993,0.2654863281362571,0.2686025603291463,0.003116232192889201
Nc1ccc(Oc2ccc(N)cc2)cc1,CC(=O)N(C)C,308.15,2,0.2804411155983044,0.0023394918924098396,0.2787868450166505,0.2820953861799584,0.0033085411633078654
Nc1ccc(Oc2ccc(N)cc2)cc1,CC(=O)N(C)C,313.15,2,0.2939021953469842,0.0013617596673856165,0.2929392858518295,0.2948651048421389,0.0019258189903094136
Nc1ccc(Oc2ccc(N)cc2)cc1,CC(=O)N(C)C,318.15,2,0.3109577630750501,0.004247916818072596,0.3079540322870745,0.3139614938630256,0.006007461575951056
Nc1ccc(Oc2ccc(N)cc2)cc1,CC(=O)N(C)C,323.15,2,0.322602688253101,0.0028339184451742,0.3205988053031887,0.3246065712030133,0.0040077658998246
Nc1ccc(Oc2ccc(N)cc2)cc1,CN(C)C=O,293.15,2,0.2116166506085216,0.00719833863686674,0.206526656545116,0.2167066446719272,0.010179988126811201
Nc1ccc(Oc2ccc(N)cc2)cc1,CN(C)C=O,298.15,2,0.22856853486080214,0.006435213856263636,0.2240181515046525,0.2331189182169518,0.009100766712299285
Nc1ccc(Oc2ccc(N)cc2)cc1,CN(C)C=O,303.15,2,0.24384047991961033,0.0017931042412053417,0.2425725637512797,0.245108396087941,0.002535832336661298
Nc1ccc(Oc2ccc(N)cc2)cc1,CN(C)C=O,308.15,2,0.26394873215643433,0.000455724532160699,0.2636264862493904,0.2642709780634782,0.000644491814087822
Nc1ccc(Oc2ccc(N)cc2)cc1,CN(C)C=O,313.15,2,0.285602007344251,0.0010761682714633,0.2848410414618015,0.2863629732267005,0.0015219317648990094
Nc1ccc(Oc2ccc(N)cc2)cc1,CN(C)C=O,318.15,2,0.3082914712850251,0.0030549223220781253,0.3061313149950855,0.3104516275749647,0.004320312579879193
Nc1ccc(Oc2ccc(N)cc2)cc1,CN(C)C=O,323.15,2,0.3295692486191672,0.0024359211838108573,0.3278467922316586,0.3312917050066758,0.0034449127750172392
Nc1ccc(Oc2ccc(N)cc2)cc1,CS(C)=O,298.15,2,0.4032026744239612,0.0014819610070135494,0.4021547697464478,0.4042505791014745,0.0020958093550266788
Nc1ccc(Oc2ccc(N)cc2)cc1,CS(C)=O,303.15,2,0.4202274449515927,0.0002691889928888879,0.4200370995893002,0.4204177903138852,0.00038069072458501996
Nc1ccc(Oc2ccc(N)cc2)cc1,CS(C)=O,308.15,2,0.438094307441497,0.0015458133375551265,0.4370012523480632,0.4391873625349309,0.002186110186867707
Nc1ccc(Oc2ccc(N)cc2)cc1,CS(C)=O,313.15,2,0.45664187357847635,0.0029073147487481106,0.4545860916045929,0.4586976555523598,0.004111563947766905
Nc1ccc(Oc2ccc(N)cc2)cc1,CS(C)=O,318.15,2,0.48025748570821486,0.0024299477382929606,0.478539253184539,0.4819757182318907,0.0034364650473517333
Nc1ccc(Oc2ccc(N)cc2)cc1,CS(C)=O,323.15,2,0.49534223155867174,0.004892203108622042,0.4918829215656232,0.4988015415517203,0.006918619986097108
Nc1ccc(S(=O)(=O)Nc2ccccn2)cc1,O,298.15,2,-2.903754440242745,0.10489577738108963,-2.977926955746748,-2.829581924738742,0.1483450310080059
Nc1ccc(S(=O)(=O)Nc2ccccn2)cc1,O,303.15,2,-2.80814412841418,0.06686844040991059,-2.8554272560753966,-2.760861000752964,0.09456625532243246
Nc1ccc(S(=O)(=O)Nc2ccccn2)cc1,O,308.15,2,-2.7399428974100495,0.040846098321355905,-2.7688254505180927,-2.7110603443020063,0.05776510621608644
Nc1ccc(S(=O)(=O)Nc2ccccn2)cc1,O,313.15,2,-2.6657390125819482,0.02459403026021205,-2.683129618155651,-2.648348407008245,0.0347812111474064
Nc1ccc(S(=O)(=O)Nc2ncccn2)cc1,CCCO,298.15,2,-2.9921956975896022,0.29803401914280997,-3.2029375735497645,-2.78145382162944,0.4214837519203245
Nc1ccc(S(=O)(=O)Nc2ncccn2)cc1,CCCO,303.15,2,-2.8860592778776777,0.3159217862123812,-3.109449715233019,-2.662668840522336,0.44678087471068295
Nc1ccc(S(=O)(=O)Nc2ncccn2)cc1,CCCO,308.15,2,-2.7918009770475227,0.32613888944470115,-3.0224159973825206,-2.561185956712525,0.46123004066999584
Nc1ccc(S(=O)(=O)Nc2ncccn2)cc1,CCCO,313.15,2,-2.7080871196805996,0.30267865836007946,-2.9221132515274584,-2.494060987833741,0.4280522636937172
Nc1ccc(S(=O)(=O)Nc2ncccn2)cc1,CCO,298.15,2,-3.4834791369927007,0.5601386541826111,-3.8795569777699312,-3.0874012962154698,0.7921556815544615
Nc1ccc(S(=O)(=O)Nc2ncccn2)cc1,CCO,303.15,2,-3.3933431988167517,0.5679126965019898,-3.7949181176352464,-2.991768279998257,0.8031498376369894
Nc1ccc(S(=O)(=O)Nc2ncccn2)cc1,CCO,308.15,2,-3.3166941830399184,0.549859650346561,-3.705503670500836,-2.927884695579001,0.7776189749218347
Nc1ccc(S(=O)(=O)Nc2ncccn2)cc1,CCO,313.15,2,-3.266577850114117,0.5226220990546517,-3.636127480353609,-2.8970282198746253,0.7390992604789837
Nc1ccc(S(=O)(=O)Nc2ncccn2)cc1,CO,298.15,2,-2.243755487737916,0.12055174698759269,-2.3289984455167274,-2.158512529959104,0.17048591555762327
Nc1ccc(S(=O)(=O)Nc2ncccn2)cc1,CO,303.15,2,-2.179623761074094,0.08496612988840235,-2.23970388768936,-2.1195436344588274,0.12016025323053237
Nc1ccc(S(=O)(=O)Nc2ncccn2)cc1,CO,308.15,2,-2.116302048764607,0.05165117238298946,-2.1528249430128543,-2.07977915451636,0.07304578849649435
Nc1ccc(S(=O)(=O)Nc2ncccn2)cc1,CO,313.15,2,-2.063940835296478,0.031733897210565166,-2.086380089207545,-2.0415015813854103,0.04487850782213476
Nc1ccc(S(=O)(=O)Nc2ncccn2)cc1,CO,318.15,2,-2.0226633827443017,0.019151382359592,-2.0362054550798656,-2.0091213104087378,0.027084144671127852
Nc1ccc(S(=O)(=O)Nc2ncccn2)cc1,O,278.15,2,-4.014002695369921,0.049240122989070156,-4.048820720241952,-3.97918467049789,0.06963604974406223
Nc1ccc(S(=O)(=O)Nc2ncccn2)cc1,O,283.15,2,-3.9043287033929044,0.06822016403688548,-3.9525676439970447,-3.856089762788764,0.09647788120828071
Nc1ccc(S(=O)(=O)Nc2ncccn2)cc1,O,288.15,2,-3.776627419359111,0.03257020513418869,-3.7996580322741327,-3.753596806444089,0.04606122583004346
Nc1ccc(S(=O)(=O)Nc2ncccn2)cc1,O,293.15,3,-4.003990378733131,0.5825906177021158,-4.676628588525316,-3.6587154444389935,1.017913144086322
Nc1ccc(S(=O)(=O)Nc2ncccn2)cc1,O,298.15,5,-3.767936900817098,0.45117871182681846,-4.574772043359237,-3.546797735580542,1.0279743077786954
Nc1ccc(S(=O)(=O)Nc2ncccn2)cc1,O,303.15,5,-3.658693496015265,0.4399075357399229,-4.445282589720975,-3.445280052997851,1.000002536723124
Nc1ccc(S(=O)(=O)Nc2ncccn2)cc1,O,308.15,5,-3.5385368600145357,0.4363945271654155,-4.318715144324754,-3.3192112242956235,0.9995039200291305
Nc1ccc(S(=O)(=O)Nc2ncccn2)cc1,O,313.15,5,-3.4243837981905427,0.4352831775771792,-4.202120943242004,-3.202116487352681,1.0000044558893233
Nc1ccc(S(=O)(=O)Nc2ncccn2)cc1,O,318.15,2,-3.154143582454711,0.02743326399918841,-3.173541829458618,-3.134745335450804,0.03879649400781382
Nc1ccc(S(=O)(=O)c2ccc(N)cc2)cc1,CC(C)=O,283.15,2,-0.04958459319014215,0.018056927983942747,-0.0623527694149852,-0.0368164169652991,0.0255363524496861
Nc1ccc(S(=O)(=O)c2ccc(N)cc2)cc1,CC(C)=O,288.15,2,0.0083528510136113,0.008076064516409763,0.0026422110287579,0.0140634909984647,0.0114212799697068
Nc1ccc(S(=O)(=O)c2ccc(N)cc2)cc1,CC(C)=O,293.15,2,0.07506305162355781,0.006490829682738052,0.0704733419393668,0.0796527613077488,0.009179419368382
Nc1ccc(S(=O)(=O)c2ccc(N)cc2)cc1,CC(C)=O,298.15,2,0.1294872097673196,0.01870028381835432,0.1162641122692482,0.142710307265391,0.0264461949961428
Nc1ccc(S(=O)(=O)c2ccc(N)cc2)cc1,CC(C)=O,303.15,2,0.18715212264446596,0.02478105122168655,0.1696292732806802,0.2046749720082517,0.03504569872757149
Nc1ccc(S(=O)(=O)c2ccc(N)cc2)cc1,CC(C)=O,308.15,2,0.2609862158157795,0.008872075642003962,0.2547127109661185,0.2672597206654405,0.012547009699321987
Nc1ccc(S(=O)(=O)c2ccc(N)cc2)cc1,CC(C)=O,313.15,2,0.33013026328529116,0.008685622749162528,0.3239886005405302,0.3362719260300521,0.012283325489521935
Nc1ccc(S(=O)(=O)c2ccc(N)cc2)cc1,CC(C)=O,318.15,2,0.39066578009390246,0.007719869464281857,0.3852070080458338,0.3961245521419711,0.010917544096137322
Nc1ccc(S(=O)(=O)c2ccc(N)cc2)cc1,CC(C)=O,323.15,2,0.4783930531832061,0.019753864844324575,0.4644249613971416,0.4923611449692705,0.027936183572128903
Nc1ccc(S(=O)(=O)c2ccc(N)cc2)cc1,CCO,283.15,2,-1.2126515803731346,0.019393167211229623,-1.2263646204168797,-1.1989385403293895,0.027426080087490146
Nc1ccc(S(=O)(=O)c2ccc(N)cc2)cc1,CCO,288.15,2,-1.1700972585954896,0.0026808691609627395,-1.1719929193586802,-1.1682015978322988,0.003791321526381397
Nc1ccc(S(=O)(=O)c2ccc(N)cc2)cc1,CCO,293.15,2,-1.118260138778358,0.006065464955324898,-1.1225490701793177,-1.1139712073773984,0.0085778628019193
Nc1ccc(S(=O)(=O)c2ccc(N)cc2)cc1,CCO,298.15,2,-1.0755517989572483,0.016671880269324323,-1.0873405985508175,-1.0637629993636788,0.023577599187138754
Nc1ccc(S(=O)(=O)c2ccc(N)cc2)cc1,CCO,303.15,2,-1.0172557911481364,0.006354376547356664,-1.0217490138949852,-1.0127625684012878,0.008986445493697426
Nc1ccc(S(=O)(=O)c2ccc(N)cc2)cc1,CCO,308.15,2,-0.9834424076107136,0.025059161680469302,-1.0011619107658234,-0.9657229044556036,0.03543900631021979
Nc1ccc(S(=O)(=O)c2ccc(N)cc2)cc1,CCO,313.15,2,-0.9329239944948564,0.01976390210622316,-0.946899183696874,-0.918948805292839,0.027950378404035026
Nc1ccc(S(=O)(=O)c2ccc(N)cc2)cc1,CCO,318.15,2,-0.8692918658018914,0.006773836309638359,-0.8740816913910844,-0.8645020402126985,0.009579651178385884
Nc1ccc(S(=O)(=O)c2ccc(N)cc2)cc1,CCO,323.15,2,-0.8139192710966231,0.006043313126376154,-0.8181925387891174,-0.8096460034041288,0.008546535384988507
Nc1ccc(S(=O)(=O)c2ccc(N)cc2)cc1,CCOC(C)=O,283.15,2,-0.977648632344503,0.003916456053435766,-0.9804179849781066,-0.9748792797108996,0.005538705267207011
Nc1ccc(S(=O)(=O)c2ccc(N)cc2)cc1,CCOC(C)=O,288.15,2,-0.9624863592688853,0.003285375380468948,-0.9648094704791582,-0.9601632480586124,0.004646222420545798
Nc1ccc(S(=O)(=O)c2ccc(N)cc2)cc1,CCOC(C)=O,293.15,2,-0.9545431866810833,0.0047659237096098735,-0.9579132036547662,-0.9511731697074004,0.0067400339473657755
Nc1ccc(S(=O)(=O)c2ccc(N)cc2)cc1,CCOC(C)=O,298.15,2,-0.9434122064876593,0.006856053754091214,-0.9482601685893568,-0.938564244385962,0.009695924203394823
Nc1ccc(S(=O)(=O)c2ccc(N)cc2)cc1,CCOC(C)=O,303.15,2,-0.9299246409005425,0.0037484379528007973,-0.932575186795825,-0.92727409500526,0.005301091790564927
Nc1ccc(S(=O)(=O)c2ccc(N)cc2)cc1,CCOC(C)=O,308.15,2,-0.9212957747506677,0.009404428513427267,-0.9279457099256962,-0.9146458395756392,0.013299870350057086
Nc1ccc(S(=O)(=O)c2ccc(N)cc2)cc1,CCOC(C)=O,313.15,2,-0.9030473570022257,0.002053172179926184,-0.9044991689735952,-0.9015955450308564,0.0029036239427387978
Nc1ccc(S(=O)(=O)c2ccc(N)cc2)cc1,CCOC(C)=O,318.15,2,-0.8926951191944215,0.003109330220945992,-0.8948937476786006,-0.8904964907102423,0.004397256968358354
Nc1ccc(S(=O)(=O)c2ccc(N)cc2)cc1,CCOC(C)=O,323.15,2,-0.8781048319330778,0.002451198102923866,-0.8798380907336868,-0.8763715731324686,0.0034665176012181886
Nc1ccc(S(=O)(=O)c2ccc(N)cc2)cc1,CO,283.15,2,-0.7952860613257188,0.029424491143057792,-0.8160923185459384,-0.7744798041054991,0.04161251444043934
Nc1ccc(S(=O)(=O)c2ccc(N)cc2)cc1,CO,288.15,2,-0.7370174233184161,0.015246170742501432,-0.7477980940375668,-0.7262367525992653,0.021561341438301462
Nc1ccc(S(=O)(=O)c2ccc(N)cc2)cc1,CO,293.15,2,-0.6859799386177938,0.0027305716867643496,-0.6879107443740209,-0.6840491328615668,0.0038616115124541217
Nc1ccc(S(=O)(=O)c2ccc(N)cc2)cc1,CO,298.15,2,-0.6335332864150939,0.022058060376638045,-0.6491306904872369,-0.6179358823429508,0.0311948081442861
Nc1ccc(S(=O)(=O)c2ccc(N)cc2)cc1,CO,303.15,2,-0.5765721518210127,0.019833436527581037,-0.5905965092838982,-0.5625477943581272,0.02804871492577099
Nc1ccc(S(=O)(=O)c2ccc(N)cc2)cc1,CO,308.15,2,-0.5219332143901574,0.025960524365351297,-0.5402900772120558,-0.5035763515682589,0.036713725643796935
Nc1ccc(S(=O)(=O)c2ccc(N)cc2)cc1,CO,313.15,2,-0.46907884045766723,0.03467800749878303,-0.4935998947180946,-0.4445577861972398,0.04904210852085483
Nc1ccc(S(=O)(=O)c2ccc(N)cc2)cc1,CO,318.15,2,-0.4045762340759622,0.021156401815433636,-0.4195360692651627,-0.3896163988867617,0.029919670378400987
Nc1ccc(S(=O)(=O)c2ccc(N)cc2)cc1,CO,323.15,2,-0.33787189347070296,0.009687079338413994,-0.3447216929607876,-0.3310220939806183,0.013699598980169259
Nc1ccc(S(N)(=O)=O)cc1,C1COCCO1,293.15,2,0.0021838775699448,4.227556464504452e-06,0.0021808882361009,0.0021868669037887,5.978667687800247e-06
Nc1ccc(S(N)(=O)=O)cc1,C1COCCO1,303.15,2,0.11363587142461484,1.017600157288471e-05,0.1136286759048973,0.1136430669443324,1.4391039435110442e-05
Nc1ccc(S(N)(=O)=O)cc1,C1COCCO1,308.15,2,0.1294900144367674,3.280767752375767e-06,0.1294876945836422,0.1294923342898926,4.639706250392228e-06
Nc1ccc(S(N)(=O)=O)cc1,C1COCCO1,313.15,2,0.17480656814222606,1.204314750280072e-05,0.17479805235096,0.1748150839334921,1.703158253210657e-05
Nc1ccc(S(N)(=O)=O)cc1,C1COCCO1,323.15,2,0.2757431239605944,7.534612209755284e-06,0.2757377961852073,0.2757484517359815,1.0655550774230083e-05
Nc1ccc(S(N)(=O)=O)cc1,CC#N,293.15,2,-1.1535261527877876,8.395048898323039e-05,-1.1535855147478316,-1.1534667908277436,0.00011872392008793753
Nc1ccc(S(N)(=O)=O)cc1,CC#N,303.15,2,-1.014722644590503,0.00018091580867659186,-1.0148505713856422,-1.014594717795364,0.00025585359027813226
Nc1ccc(S(N)(=O)=O)cc1,CC#N,308.15,2,-0.846726416643161,0.00016348451461908542,-0.8468420176520671,-0.8466108156342549,0.0002312020178122376
Nc1ccc(S(N)(=O)=O)cc1,CC#N,313.15,2,-0.6757145361212624,2.757741176624741e-05,-0.6757340362961299,-0.675695035946395,3.900034973491895e-05
Nc1ccc(S(N)(=O)=O)cc1,CC#N,323.15,2,-0.5037714879871555,9.25118009797189e-05,-0.5038369037089682,-0.503706072265343,0.00013083144362513455
Nc1ccc(S(N)(=O)=O)cc1,CC(C)=O,298.15,2,0.15455395692631013,0.009740743296513017,0.1476662112875484,0.1614417025650719,0.013775491277523505
Nc1ccc(S(N)(=O)=O)cc1,CC(C)=O,303.15,2,0.16585649223490695,0.006440820446889223,0.1613021444205066,0.1704108400493073,0.009108695628800678
Nc1ccc(S(N)(=O)=O)cc1,CC(C)=O,308.15,2,0.16801626465156355,0.008392591642168993,0.1620818061896563,0.1739507231134708,0.011868916923814476
Nc1ccc(S(N)(=O)=O)cc1,CC(C)=O,313.15,2,0.1881555661430509,0.005351707934095242,0.1843713371719223,0.1919397951141795,0.00756845794225719
Nc1ccc(S(N)(=O)=O)cc1,CC(C)=O,318.15,2,0.21019565769331194,0.0014977334022636868,0.2091366002481617,0.2112547151384622,0.0021181148903005043
Nc1ccc(S(N)(=O)=O)cc1,CC(C)O,298.15,2,-1.6571154288319876,0.019817675815271735,-1.6711286417883229,-1.6431022158756523,0.02802642591267057
Nc1ccc(S(N)(=O)=O)cc1,CC(C)O,303.15,2,-1.5411577155176108,0.02716618252295077,-1.5603671073985408,-1.5219483236366809,0.03841878376185992
Nc1ccc(S(N)(=O)=O)cc1,CC(C)O,308.15,2,-1.3898368219405328,0.012675386058048946,-1.3987996733763366,-1.3808739705047288,0.017925702871607774
Nc1ccc(S(N)(=O)=O)cc1,CC(C)O,313.15,2,-1.2882997171897075,0.027811534620232545,-1.3079654419148783,-1.2686339924645365,0.03933144945034184
Nc1ccc(S(N)(=O)=O)cc1,CC(C)O,318.15,2,-1.1611920832961191,0.0492988049738228,-1.1960516025975023,-1.126332563994736,0.0697190386027664
Nc1ccc(S(N)(=O)=O)cc1,CCC(C)O,288.15,2,-2.3421404274653383,0.06019469456040838,-2.3847045041804558,-2.2995763507502205,0.08512815343023528
Nc1ccc(S(N)(=O)=O)cc1,CCC(C)O,298.15,2,-2.0378463573265493,0.06460434611209546,-2.083528528556535,-1.992164186096564,0.09136434245997083
Nc1ccc(S(N)(=O)=O)cc1,CCC(C)O,303.15,2,-1.911692515444877,0.09039748159135354,-1.9756131876803091,-1.8477718432094448,0.12784134447086437
Nc1ccc(S(N)(=O)=O)cc1,CCC(C)O,308.15,2,-1.7829992860307096,0.06035152549796849,-1.825674258965276,-1.7403243130961432,0.08534994586913269
Nc1ccc(S(N)(=O)=O)cc1,CCC(C)O,313.15,2,-1.6846535930772992,0.06326076919842985,-1.729385711960586,-1.6399214741940122,0.08946423776657375
Nc1ccc(S(N)(=O)=O)cc1,CCC(C)O,318.15,2,-1.5679252725653008,0.050462001093529274,-1.6036072957307783,-1.5322432493998233,0.07136404633095506
Nc1ccc(S(N)(=O)=O)cc1,CCCCCCCCO,298.15,2,-2.4879737604107137,0.008413451261802927,-2.493922968851117,-2.4820245519703104,0.011898416880806728
Nc1ccc(S(N)(=O)=O)cc1,CCCCCCCCO,303.15,2,-2.4213865035314317,0.0021917561677641598,-2.4229363091803653,-2.4198366978824986,0.0030996112978667334
Nc1ccc(S(N)(=O)=O)cc1,CCCCCCCCO,308.15,2,-2.3418990306480607,0.019015306171248986,-2.355344882588089,-2.328453178708032,0.026891703880056905
Nc1ccc(S(N)(=O)=O)cc1,CCCCCCCCO,313.15,2,-2.273423006050458,0.019453215174338602,-2.2871785064161143,-2.2596675056848023,0.027511000731311963
Nc1ccc(S(N)(=O)=O)cc1,CCCCO,283.15,2,-1.9500120126375253,0.17034496632597476,-2.070464093467616,-1.8295599318074345,0.2409041616601817
Nc1ccc(S(N)(=O)=O)cc1,CCCCO,303.15,2,-1.633568409313869,0.03457341454724419,-1.6580155051889989,-1.6091213134387388,0.04889419175026011
Nc1ccc(S(N)(=O)=O)cc1,CCCCO,308.15,2,-1.5571270743873384,0.0035968073585559844,-1.559670401261195,-1.5545837475134818,0.005086653747713221
Nc1ccc(S(N)(=O)=O)cc1,CCCCO,313.15,2,-1.481663931349684,0.0051198591145366545,-1.4852842184482926,-1.4780436442510754,0.007240574197217242
Nc1ccc(S(N)(=O)=O)cc1,CCCCO,318.15,2,-1.405322347688823,0.0177855312051077,-1.4178986174109598,-1.3927460779666865,0.025152539444273314
Nc1ccc(S(N)(=O)=O)cc1,CCCO,293.15,2,-1.5125466754323638,0.0017454252149444334,-1.513780877437905,-1.5113124734268224,0.0024684040110825034
Nc1ccc(S(N)(=O)=O)cc1,CCCO,303.15,2,-1.3347272545873794,0.028308227904855394,-1.354744194502277,-1.314710314672482,0.040033879829795005
Nc1ccc(S(N)(=O)=O)cc1,CCCO,308.15,2,-1.2616258544392436,0.04279970207165264,-1.291889814006873,-1.231361894871614,0.06052791913525901
Nc1ccc(S(N)(=O)=O)cc1,CCCO,313.15,2,-1.1880694854489113,0.052823411293813946,-1.2254212777801732,-1.1507176931176493,0.07470358466252391
Nc1ccc(S(N)(=O)=O)cc1,CCCO,318.15,2,-1.1196972984496467,0.03684001536452757,-1.1457471231329208,-1.0936474737663728,0.052099649366547984
Nc1ccc(S(N)(=O)=O)cc1,CCO,278.15,2,-0.9949911492018816,0.03282651531224878,-1.0182030007818967,-0.9717792976218664,0.046423703160030305
Nc1ccc(S(N)(=O)=O)cc1,CCO,283.15,2,-0.9315602626334043,0.014945159492635569,-0.9421280862565614,-0.9209924390102472,0.021135647246314226
Nc1ccc(S(N)(=O)=O)cc1,CCO,288.15,2,-0.8565303596162948,0.009164340264474996,-0.863010526762406,-0.8500501924701837,0.01296033429222232
Nc1ccc(S(N)(=O)=O)cc1,CCO,293.15,3,-0.8194484791180444,0.07002412920670247,-0.9001840314312533,-0.7752457824058342,0.12493824902541906
Nc1ccc(S(N)(=O)=O)cc1,CCO,298.15,2,-0.6991983453612989,0.0031099066559090787,-0.7013973814465494,-0.6969993092760485,0.004398072170500922
Nc1ccc(S(N)(=O)=O)cc1,CCO,303.15,3,-0.649622289419764,0.0499962923064892,-0.7073519712275153,-0.6204539305135369,0.08689804071397833
Nc1ccc(S(N)(=O)=O)cc1,CCO,308.15,3,-0.561569911032256,0.03183433190650307,-0.5977192115543586,-0.5377206835784197,0.05999852797593885
Nc1ccc(S(N)(=O)=O)cc1,CCO,313.15,3,-0.4743902583523183,0.017477732261605185,-0.4876355880050965,-0.4545807797788453,0.033054808226251176
Nc1ccc(S(N)(=O)=O)cc1,CCO,318.15,2,-0.39397076475338355,0.03285645626394819,-0.4172037877833806,-0.3707377417233866,0.04646604605999399
Nc1ccc(S(N)(=O)=O)cc1,CN(C)C=O,293.15,2,-0.6064950509971632,8.364213058213249e-05,-0.6065541949148907,-0.6064359070794357,0.00011828783545497767
Nc1ccc(S(N)(=O)=O)cc1,CN(C)C=O,303.15,2,-0.47763540015451766,2.494175078754351e-05,-0.4776530366356342,-0.4776177636734011,3.527296223310161e-05
Nc1ccc(S(N)(=O)=O)cc1,CN(C)C=O,308.15,2,-0.371905301647554,1.973298372491991e-05,-0.3719192549741589,-0.371891348320949,2.7906653209897048e-05
Nc1ccc(S(N)(=O)=O)cc1,CN(C)C=O,313.15,2,-0.24652395466492324,3.0064069187095322e-05,-0.2465452131721155,-0.246502696157731,4.2517014384513274e-05
Nc1ccc(S(N)(=O)=O)cc1,CN(C)C=O,323.15,2,-0.08235876257046529,2.65273975577343e-05,-0.0823775202731656,-0.082340004867765,3.751540540060383e-05
Nc1ccc(S(N)(=O)=O)cc1,CO,278.15,2,-0.5557034074171587,0.01685876212966802,-0.567624352441458,-0.5437824623928595,0.02384189004859849
Nc1ccc(S(N)(=O)=O)cc1,CO,283.15,2,-0.45964799626571906,0.0028767662446150233,-0.4616821771851749,-0.4576138153462632,0.004068361838911683
Nc1ccc(S(N)(=O)=O)cc1,CO,288.15,2,-0.3694760881510917,0.016775152611042312,-0.3813379123177989,-0.3576142639843844,0.023723648333414504
Nc1ccc(S(N)(=O)=O)cc1,CO,293.15,2,-0.2838528384605006,0.023874940281926257,-0.3007349706342745,-0.2669707062867267,0.03376426434754781
Nc1ccc(S(N)(=O)=O)cc1,CO,298.15,2,-0.20426826207427806,0.0253050024048602,-0.2221616008726966,-0.1863749232758595,0.035786677596837096
Nc1ccc(S(N)(=O)=O)cc1,CO,303.15,2,-0.1286926089819874,0.022069234774782114,-0.1442979145468338,-0.113087303417141,0.031210611129692797
Nc1ccc(S(N)(=O)=O)cc1,CO,308.15,2,-0.0555494467908271,0.01334926774836477,-0.0649888045395707,-0.0461100890420835,0.0188787154974872
Nc1ccc(S(N)(=O)=O)cc1,CO,313.15,2,0.01327363202233165,0.0041265245672385325,0.0103557385181044,0.0161915255265589,0.0058357870084544995
Nc1ccc(S(N)(=O)=O)cc1,CO,318.15,2,0.08040936834701964,0.010112872332456274,0.073258487743466,0.0875602489505733,0.0143017612071073
Nc1ccc(S(N)(=O)=O)cc1,CS(C)=O,293.15,2,-0.7412889900845079,0.00012229146226943227,-0.7413754632067598,-0.741202516962256,0.00017294624450381324
Nc1ccc(S(N)(=O)=O)cc1,CS(C)=O,303.15,2,-0.6126976583991763,5.456707587978729e-05,-0.6127362431485605,-0.6126590736497922,7.716949876823698e-05
Nc1ccc(S(N)(=O)=O)cc1,CS(C)=O,308.15,2,-0.5318744747260644,1.5139309143336178e-05,-0.5318851798342221,-0.5318637696179066,2.1410216315520536e-05
Nc1ccc(S(N)(=O)=O)cc1,CS(C)=O,313.15,2,-0.4579971930470937,2.562498292705437e-05,-0.4580153126462892,-0.4579790734478982,3.62391983910193e-05
Nc1ccc(S(N)(=O)=O)cc1,CS(C)=O,323.15,2,-0.32999537351120944,2.885882123870557e-05,-0.3300157797794044,-0.3299749672430145,4.081253638987814e-05
Nc1ccc(S(N)(=O)=O)cc1,Cc1ccccc1,278.15,2,-4.434374967568053,0.023941502507583395,-4.45130416634296,-4.417445768793146,0.0338583975498139
Nc1ccc(S(N)(=O)=O)cc1,Cc1ccccc1,283.15,2,-4.258692384816648,0.02118732127413933,-4.273674083364769,-4.243710686268526,0.029963397096243405
Nc1ccc(S(N)(=O)=O)cc1,Cc1ccccc1,288.15,2,-4.118379581205923,0.003814894341311953,-4.121077118864175,-4.115682043547671,0.005395075316504183
Nc1ccc(S(N)(=O)=O)cc1,Cc1ccccc1,293.15,2,-3.968014132153816,0.024150996718276124,-3.985091465705723,-3.9509367986019086,0.03415466710381443
Nc1ccc(S(N)(=O)=O)cc1,Cc1ccccc1,298.15,2,-3.878086573176681,0.006511132633716781,-3.882690639215187,-3.873482507138175,0.009208132077012099
Nc1ccc(S(N)(=O)=O)cc1,Cc1ccccc1,303.15,2,-3.778872182170118,0.03090743208269087,-3.8007270369848514,-3.757017327355385,0.04370970962946652
Nc1ccc(S(N)(=O)=O)cc1,Cc1ccccc1,308.15,2,-3.697316818077999,0.019819730464667413,-3.711331483890855,-3.683302152265143,0.028029331625711862
Nc1ccc(S(N)(=O)=O)cc1,Cc1ccccc1,313.15,2,-3.6261715239043406,0.016733346967755778,-3.638003787017188,-3.6143392607914935,0.023664526225694704
Nc1ccc(S(N)(=O)=O)cc1,Cc1ccccc1,318.15,2,-3.553418893363059,0.011058875732641497,-3.561238699385909,-3.545599087340209,0.01563961204570008
Nc1ccc(S(N)(=O)=O)cc1,O,293.15,2,-1.4343422776332695,0.025931950049562683,-1.452678935362706,-1.416005619903833,0.0366733154588732
Nc1ccc(S(N)(=O)=O)cc1,O,298.15,2,-1.3564560329586155,0.014117351450637985,-1.3664385079017554,-1.3464735580154756,0.019964949886279726
Nc1ccc(S(N)(=O)=O)cc1,O,303.15,3,-1.2267433277936843,0.023248928995843056,-1.245934392722162,-1.2008907977703336,0.045043594951828414
Nc1ccc(S(N)(=O)=O)cc1,O,308.15,3,-1.111211626974565,0.02086474328127239,-1.1305476315509224,-1.089096668935653,0.04145096261526948
Nc1ccc(S(N)(=O)=O)cc1,O,313.15,3,-1.0083859982366634,0.020026530656207815,-1.023509669985006,-0.9856743160015444,0.037835353983461495
Nc1cccc(C(=O)O)c1O,O,293.2,2,-2.1902540801470147,0.018459618599598392,-2.203307001636908,-2.1772011586571214,0.026105842979786686
Nc1cccc(C(=O)O)c1O,O,298.2,2,-2.1639584878559877,0.009908299714412254,-2.1709647137740773,-2.156952261937898,0.014012451836179274
Nc1cccc(C(=O)O)c1O,O,303.2,2,-2.1121448301718604,0.0043877256426926746,-2.1152474207277945,-2.1090422396159263,0.0062051811118681854
Nc1cccc(C(=O)O)c1O,O,308.2,2,-2.0720119780948782,0.02394509605792916,-2.0889437178936032,-2.0550802382961533,0.03386347959744995
Nc1cccc(C(=O)O)c1O,O,313.2,2,-2.026192444009191,0.023293302912751907,-2.0426632964550304,-2.009721591563352,0.03294170489167847
Nc1cccc2c1CN(C1CCC(=O)NC1=O)C2=O,CC#N,293.15,2,-1.997618743586153,0.013399007129215384,-2.007093272388388,-1.988144214783918,0.018949057604470187
Nc1cccc2c1CN(C1CCC(=O)NC1=O)C2=O,CC#N,298.15,2,-1.988474565991436,0.007307274377280956,-1.993641589255602,-1.98330754272727,0.010334046528332141
Nc1cccc2c1CN(C1CCC(=O)NC1=O)C2=O,CC#N,303.15,2,-1.9782073633705022,0.001428372869545625,-1.9792173755126208,-1.9771973512283836,0.0020200242842371985
Nc1cccc2c1CN(C1CCC(=O)NC1=O)C2=O,CC#N,308.15,2,-1.9683617624955945,0.002986330127634403,-1.9704734167797064,-1.9662501082114825,0.004223308568223949
Nc1cccc2c1CN(C1CCC(=O)NC1=O)C2=O,CC#N,313.15,2,-1.957995052626409,0.006876302914043485,-1.962857333046422,-1.953132772206396,0.009724560840026042
Nc1cccc2c1CN(C1CCC(=O)NC1=O)C2=O,CC#N,318.15,2,-1.9479157348705236,0.010077330500852563,-1.9550414836039345,-1.9407899861371127,0.01425149746682175
Nc1cccc2c1CN(C1CCC(=O)NC1=O)C2=O,CC(C)O,293.15,2,-3.0717844698907886,0.010893335036864744,-3.0794872209650923,-3.0640817188164844,0.015405502148607919
Nc1cccc2c1CN(C1CCC(=O)NC1=O)C2=O,CC(C)O,298.15,2,-2.988806485591269,0.00816951676691181,-2.994583206296169,-2.983029764886368,0.011553441409800858
Nc1cccc2c1CN(C1CCC(=O)NC1=O)C2=O,CC(C)O,303.15,2,-2.9106801770852533,0.0,-2.9106801770852533,-2.9106801770852533,0.0
Nc1cccc2c1CN(C1CCC(=O)NC1=O)C2=O,CC(C)O,308.15,2,-2.830075185495332,0.005341489277356987,-2.833852188784986,-2.826298182205677,0.007554006579308936
Nc1cccc2c1CN(C1CCC(=O)NC1=O)C2=O,CC(C)O,313.15,2,-2.7511915947028402,0.012176322515471818,-2.759801554923445,-2.742581634482236,0.017219920441208902
Nc1cccc2c1CN(C1CCC(=O)NC1=O)C2=O,CC(C)O,318.15,2,-2.6812305895776545,0.014802675867423887,-2.6916976620632163,-2.6707635170920923,0.020934144971124002
Nc1cccc2c1CN(C1CCC(=O)NC1=O)C2=O,CCOC(C)=O,293.15,2,-2.8714605231649952,0.020545425475570513,-2.885988332841134,-2.8569327134888565,0.029055619352277517
Nc1cccc2c1CN(C1CCC(=O)NC1=O)C2=O,CCOC(C)=O,298.15,2,-2.8234409783572056,0.016819462736653048,-2.835334134514208,-2.811547822200204,0.023786312314003855
Nc1cccc2c1CN(C1CCC(=O)NC1=O)C2=O,CCOC(C)=O,303.15,2,-2.776404205547685,0.007588747091543779,-2.7817702600768253,-2.7710381510185447,0.010732109058280592
Nc1cccc2c1CN(C1CCC(=O)NC1=O)C2=O,CCOC(C)=O,308.15,2,-2.732308631184871,0.00348754056543119,-2.734774694768351,-2.7298425676013918,0.004932127166959344
Nc1cccc2c1CN(C1CCC(=O)NC1=O)C2=O,CCOC(C)=O,313.15,2,-2.684321890980666,0.006053267513813061,-2.688602197488019,-2.680041584473312,0.008560613014707119
Nc1cccc2c1CN(C1CCC(=O)NC1=O)C2=O,CCOC(C)=O,318.15,2,-2.639437428859382,0.0170506880611521,-2.651494086011319,-2.6273807717074447,0.02411331430387431
Nc1cccc2c1CN(C1CCC(=O)NC1=O)C2=O,CO,293.15,2,-2.2022625725389027,0.004350247205306353,-2.205338661837613,-2.199186483240193,0.0061521785974201215
Nc1cccc2c1CN(C1CCC(=O)NC1=O)C2=O,CO,298.15,2,-2.174665728522993,0.007891200628919943,-2.1802456499994056,-2.16908580704658,0.01115984295282546
Nc1cccc2c1CN(C1CCC(=O)NC1=O)C2=O,CO,303.15,2,-2.1436109860057604,0.013562064341880007,-2.1532008136687923,-2.134021158342729,0.01917965532606347
Nc1cccc2c1CN(C1CCC(=O)NC1=O)C2=O,CO,308.15,2,-2.1136229544226532,0.01645190416297788,-2.125256207419726,-2.1019897014255804,0.023266505994145703
Nc1cccc2c1CN(C1CCC(=O)NC1=O)C2=O,CO,313.15,2,-2.084701191851133,0.01718846612836803,-2.096855272808697,-2.0725471108935687,0.024308161915128412
Nc1cccc2c1CN(C1CCC(=O)NC1=O)C2=O,CO,318.15,2,-2.051456232948064,0.01996571576431804,-2.0655741259562563,-2.0373383399398715,0.02823578601638488
Nc1ccccn1,CCO,288.15,2,1.2136947804461038,0.020529256914932167,1.1991784036688344,1.2282111572233732,0.029032753554538715
Nc1ccccn1,CCO,293.15,2,1.2890455346240848,0.023065678256494478,1.2727356371162506,1.3053554321319192,0.032619795015668585
Nc1ccccn1,CCO,298.15,2,1.3776460674445317,0.02451253626336971,1.360313086828622,1.3949790480604416,0.03466596123181964
Nc1ccccn1,CCO,303.15,2,1.471777536312779,0.03874981860291868,1.4443772768089067,1.4991777958166514,0.05480051900774474
Nc1ccccn1,CCO,308.15,2,1.5768099666138145,0.0646455487088322,1.531098660748274,1.622521272479355,0.09142261173108102
Nc1ccccn1,CCO,313.15,2,1.6970433121242214,0.10272888289447772,1.6244030224058177,1.7696836018426254,0.14528057943680772
Nc1nc2ccc(OC(F)(F)F)cc2s1,CC(C)=O,278.15,2,0.9132602952258443,3.949144542554066e-05,0.913232370556985,0.9132882198947035,5.584933771851652e-05
Nc1nc2ccc(OC(F)(F)F)cc2s1,CC(C)=O,283.15,2,0.9263896668269387,6.521407581425447e-05,0.9263435535117016,0.9264357801421758,9.222663047414592e-05
Nc1nc2ccc(OC(F)(F)F)cc2s1,CC(C)=O,288.15,2,0.9376591162824668,6.471359659884e-05,0.9376133568594768,0.9377048757054568,9.151884598002091e-05
Nc1nc2ccc(OC(F)(F)F)cc2s1,CC(C)=O,293.15,2,0.9584868750254173,2.5580203905519614e-05,0.9584687870897716,0.958504962961063,3.617587129145505e-05
Nc1nc2ccc(OC(F)(F)F)cc2s1,CC(C)=O,298.15,2,0.9805553036609405,2.5309383030774542e-05,0.9805374072245718,0.9805732000973092,3.5792872737361314e-05
Nc1nc2ccc(OC(F)(F)F)cc2s1,CC(C)=O,303.15,2,0.9958379691813493,5.027259074548737e-05,0.9958024210915254,0.9958735172711732,7.109617964784487e-05
Nc1nc2ccc(OC(F)(F)F)cc2s1,CC(C)=O,308.15,2,1.0149234418617503,3.743957036698623e-05,1.0148969680876592,1.0149499156358417,5.2947548182524784e-05
Nc1nc2ccc(OC(F)(F)F)cc2s1,CC(C)=O,313.15,2,1.0328779410091378,4.9642823910881154e-05,1.0328428382317132,1.0329130437865626,7.020555484937852e-05
Nc1nc2ccc(OC(F)(F)F)cc2s1,CC(C)=O,318.15,2,1.055122981985234,2.4694641750037325e-05,1.0551055202365935,1.0551404437338745,3.492349728095867e-05
Nc1nc2ccc(OC(F)(F)F)cc2s1,CC(C)=O,323.15,2,1.0748426185130155,1.230930964152619e-05,1.0748339145166963,1.0748513225093348,1.740799263849624e-05
Nc1nc2ccc(OC(F)(F)F)cc2s1,CCCO,278.15,2,0.4721641879221238,0.00010435708184614912,0.4720903963218855,0.472237979522362,0.00014758320047653095
Nc1nc2ccc(OC(F)(F)F)cc2s1,CCCO,283.15,2,0.4985941149949792,0.00010010331195292168,0.498523331264278,0.4986648987256803,0.00014156746140231435
Nc1nc2ccc(OC(F)(F)F)cc2s1,CCCO,288.15,2,0.5316152728713626,3.810316984596862e-05,0.5315883298615798,0.5316422158811454,5.388601956557437e-05
Nc1nc2ccc(OC(F)(F)F)cc2s1,CCCO,293.15,2,0.5642836615595814,7.272751559951732e-05,0.5642322354401221,0.5643350876790406,0.00010285223891848272
Nc1nc2ccc(OC(F)(F)F)cc2s1,CCCO,298.15,2,0.6002262327514896,1.7319222159058976e-05,0.600213986212056,0.6002384792909231,2.4493078867093843e-05
Nc1nc2ccc(OC(F)(F)F)cc2s1,CCCO,303.15,2,0.6419466296768029,4.9294915390675775e-05,0.6419117729078522,0.6419814864457537,6.97135379015279e-05
Nc1nc2ccc(OC(F)(F)F)cc2s1,CCCO,308.15,2,0.6814573271270528,1.5683845759471784e-05,0.6814462369733612,0.6814684172807444,2.218030738321275e-05
Nc1nc2ccc(OC(F)(F)F)cc2s1,CCCO,313.15,2,0.7219988835090202,6.003855447468151e-05,0.7219564298400185,0.7220413371780219,8.490733800337047e-05
Nc1nc2ccc(OC(F)(F)F)cc2s1,CCCO,318.15,2,0.7707885296256949,7.158467895491156e-05,0.7707379116137768,0.770839147637613,0.00010123602383615982
Nc1nc2ccc(OC(F)(F)F)cc2s1,CCCO,323.15,2,0.810440189196038,5.533099387718525e-05,0.8104010642750576,0.8104793141170183,7.824984196069806e-05
Nc1nc2ccc(OC(F)(F)F)cc2s1,CCO,278.15,2,0.5807992736373172,0.0,0.5807992736373172,0.5807992736373172,0.0
Nc1nc2ccc(OC(F)(F)F)cc2s1,CCO,283.15,2,0.6038453409508082,2.0091603131004773e-05,0.6038311340419894,0.6038595478596271,2.8413817637740202e-05
Nc1nc2ccc(OC(F)(F)F)cc2s1,CCO,288.15,2,0.6279449275120712,3.870855038882594e-05,0.6279175564336014,0.627972298590541,5.474215693967999e-05
Nc1nc2ccc(OC(F)(F)F)cc2s1,CCO,293.15,2,0.6629871718579665,1.8401974805500486e-05,0.6629741596967944,0.6630001840191387,2.6024322344331274e-05
Nc1nc2ccc(OC(F)(F)F)cc2s1,CCO,298.15,2,0.6882781052224123,7.101118512273617e-05,0.6882278927318719,0.6883283177129527,0.00010042498108076003
Nc1nc2ccc(OC(F)(F)F)cc2s1,CCO,303.15,2,0.7197155355410443,1.701724092478093e-05,0.7197035025345894,0.7197275685474993,2.406601290994015e-05
Nc1nc2ccc(OC(F)(F)F)cc2s1,CCO,308.15,2,0.759893989533956,3.23724161232915e-05,0.759871098778992,0.7599168802889202,4.578150992828878e-05
Nc1nc2ccc(OC(F)(F)F)cc2s1,CCO,313.15,2,0.798043868127702,1.5487279847288893e-05,0.7980329169670998,0.7980548192883041,2.1902321204358977e-05
Nc1nc2ccc(OC(F)(F)F)cc2s1,CCO,318.15,2,0.8413075599022626,1.4794931948225405e-05,0.8412970983055548,0.8413180214989703,2.0923193415511854e-05
Nc1nc2ccc(OC(F)(F)F)cc2s1,CCO,323.15,2,0.867429654427831,5.764563509399983e-05,0.8673888928083502,0.8674704160473118,8.152323896160052e-05
Nc1nnc(-c2cccc(Cl)c2Cl)c(N)n1,O,298.15,2,-3.1949864485844452,0.087577348606206,-3.256912985662232,-3.133059911506659,0.12385307415557323
Nc1nnc(-c2cccc(Cl)c2Cl)c(N)n1,O,303.15,2,-2.9694626970051905,0.2953986856273413,-3.178341110765877,-2.7605842832445044,0.41775682752137255
Nc1nnc(-c2cccc(Cl)c2Cl)c(N)n1,O,308.15,2,-2.833450923729631,0.2748206519484854,-3.027778470332513,-2.639123377126749,0.38865509320576397
Nc1nnc(-c2cccc(Cl)c2Cl)c(N)n1,O,313.15,2,-2.66593751964512,0.38305438757217614,-2.9367978746606656,-2.395077164629574,0.5417207100310915
O=C(NC(Cc1cc(=O)[nH]c2ccccc12)C(=O)O)c1ccc(Cl)cc1,CC(C)O,288.15,2,-3.296288597438331,0.004072956206334661,-3.299168612391306,-3.293408582485356,0.005760029905950148
O=C(NC(Cc1cc(=O)[nH]c2ccccc12)C(=O)O)c1ccc(Cl)cc1,CC(C)O,293.15,2,-3.2046209207148513,0.0032797860015425194,-3.206940079637383,-3.20230176179232,0.004638317845062634
O=C(NC(Cc1cc(=O)[nH]c2ccccc12)C(=O)O)c1ccc(Cl)cc1,CC(C)O,298.15,2,-3.116950515697715,0.0049640398833085565,-3.120460621961283,-3.1134404094341472,0.007020212527135694
O=C(NC(Cc1cc(=O)[nH]c2ccccc12)C(=O)O)c1ccc(Cl)cc1,CC(C)O,303.15,2,-3.0286062271899574,0.006064882328055675,-3.032894746611224,-3.024317707768691,0.008577038842533025
O=C(NC(Cc1cc(=O)[nH]c2ccccc12)C(=O)O)c1ccc(Cl)cc1,CC(C)O,308.15,2,-2.9438835783775223,0.004095453441522922,-2.946779501278057,-2.940987655476988,0.005791845801069062
O=C(NC(Cc1cc(=O)[nH]c2ccccc12)C(=O)O)c1ccc(Cl)cc1,CC(O)CO,288.15,2,-2.5515495010741427,0.004187191685845297,-2.554510292709332,-2.548588709438954,0.005921583270378061
O=C(NC(Cc1cc(=O)[nH]c2ccccc12)C(=O)O)c1ccc(Cl)cc1,CC(O)CO,293.15,2,-2.514017028665134,0.0019137855815142433,-2.51537027942756,-2.512663777902709,0.0027065015248513014
O=C(NC(Cc1cc(=O)[nH]c2ccccc12)C(=O)O)c1ccc(Cl)cc1,CC(O)CO,298.15,2,-2.4755745161644747,0.0009973004195158377,-2.4762797140539945,-2.474869318274955,0.0014103957790396748
O=C(NC(Cc1cc(=O)[nH]c2ccccc12)C(=O)O)c1ccc(Cl)cc1,CC(O)CO,303.15,2,-2.4396258225407768,0.0014864262182130523,-2.4406768845994087,-2.438574760482145,0.0021021241172638483
O=C(NC(Cc1cc(=O)[nH]c2ccccc12)C(=O)O)c1ccc(Cl)cc1,CC(O)CO,308.15,2,-2.4048074377381807,0.0022088189651725695,-2.406369308606868,-2.403245566869494,0.003123741737373731
O=C(NC(Cc1cc(=O)[nH]c2ccccc12)C(=O)O)c1ccc(Cl)cc1,CCCO,288.15,2,-3.08990325354366,0.005025152078373955,-3.093456572654772,-3.086349934432548,0.007106638222223793
O=C(NC(Cc1cc(=O)[nH]c2ccccc12)C(=O)O)c1ccc(Cl)cc1,CCCO,293.15,2,-3.0246208636121237,0.0029118814959071056,-3.026679874763891,-3.022561852460356,0.004118022303535085
O=C(NC(Cc1cc(=O)[nH]c2ccccc12)C(=O)O)c1ccc(Cl)cc1,CCCO,298.15,2,-2.96363012241044,0.005111229467725012,-2.9672443074272694,-2.9600159373936115,0.007228370033657949
O=C(NC(Cc1cc(=O)[nH]c2ccccc12)C(=O)O)c1ccc(Cl)cc1,CCCO,303.15,2,-2.901899651926865,0.005418121281194608,-2.905730842226089,-2.8980684616276413,0.0076623805984477045
O=C(NC(Cc1cc(=O)[nH]c2ccccc12)C(=O)O)c1ccc(Cl)cc1,CCCO,308.15,2,-2.846322494421279,0.00482778169917361,-2.8497362515988525,-2.8429087372437047,0.0068275143551477235
O=C(NC(Cc1cc(=O)[nH]c2ccccc12)C(=O)O)c1ccc(Cl)cc1,CCO,288.15,2,-2.88235811684533,0.0027026862547696413,-2.884269204623497,-2.880447029067162,0.0038221755563347948
O=C(NC(Cc1cc(=O)[nH]c2ccccc12)C(=O)O)c1ccc(Cl)cc1,CCO,293.15,2,-2.8309633805586274,3.5667965625078815e-05,-2.830988601618992,-2.8309381594982628,5.044212072924381e-05
O=C(NC(Cc1cc(=O)[nH]c2ccccc12)C(=O)O)c1ccc(Cl)cc1,CCO,298.15,2,-2.7828555420818493,0.0006670014181307947,-2.7833271833076703,-2.782383900856028,0.0009432824516424354
O=C(NC(Cc1cc(=O)[nH]c2ccccc12)C(=O)O)c1ccc(Cl)cc1,CCO,303.15,2,-2.737158450041732,0.0054007771956560155,-2.740977376220458,-2.733339523863006,0.0076378523574520685
O=C(NC(Cc1cc(=O)[nH]c2ccccc12)C(=O)O)c1ccc(Cl)cc1,CCO,308.15,2,-2.693415286728987,0.009199241389045414,-2.699920132696953,-2.686910440761021,0.013009691935931933
O=C(NC(Cc1cc(=O)[nH]c2ccccc12)C(=O)O)c1ccc(Cl)cc1,O,288.15,2,-4.537428861743347,0.007220519241814631,-4.542534539862922,-4.532323183623772,0.010211356239150149
O=C(NC(Cc1cc(=O)[nH]c2ccccc12)C(=O)O)c1ccc(Cl)cc1,O,293.15,2,-4.424681080082856,0.00434316417691712,-4.427752160924161,-4.421609999241552,0.006142161682609171
O=C(NC(Cc1cc(=O)[nH]c2ccccc12)C(=O)O)c1ccc(Cl)cc1,O,298.15,2,-4.318272321596629,0.0005305377187439245,-4.318647468415228,-4.31789717477803,0.0007502936371981406
O=C(NC(Cc1cc(=O)[nH]c2ccccc12)C(=O)O)c1ccc(Cl)cc1,O,303.15,2,-4.216407357194963,0.011452722717625092,-4.224505655091645,-4.208309059298281,0.016196595793363855
O=C(NC(Cc1cc(=O)[nH]c2ccccc12)C(=O)O)c1ccc(Cl)cc1,O,308.15,2,-4.123761587915466,0.0295054045547905,-4.14462505955781,-4.102898116273121,0.04172694328468918
O=C(Nc1ccc(F)cc1F)c1cccnc1Oc1cccc(C(F)(F)F)c1,CC(C)O,278.15,2,-3.2207135003371015,0.016824526004302315,-3.2326102367649927,-3.20881676390921,0.023793472855782927
O=C(Nc1ccc(F)cc1F)c1cccnc1Oc1cccc(C(F)(F)F)c1,CC(C)O,283.15,2,-3.020060431645888,0.011308201461584792,-3.0280565375823985,-3.0120643257093778,0.01599221187302069
O=C(Nc1ccc(F)cc1F)c1cccnc1Oc1cccc(C(F)(F)F)c1,CC(C)O,288.15,2,-2.819952667543518,0.0056012726580337915,-2.823913365423288,-2.8159919696637474,0.007921395759540761
O=C(Nc1ccc(F)cc1F)c1cccnc1Oc1cccc(C(F)(F)F)c1,CC(C)O,293.15,2,-2.617948503385897,0.005498342335491908,-2.6218364185366085,-2.6140605882351857,0.007775830301422815
O=C(Nc1ccc(F)cc1F)c1cccnc1Oc1cccc(C(F)(F)F)c1,CC(C)O,298.15,2,-2.4282935852625016,0.011027360458323837,-2.436091106621171,-2.4204960639038324,0.015595042717338359
O=C(Nc1ccc(F)cc1F)c1cccnc1Oc1cccc(C(F)(F)F)c1,CC(C)O,303.15,2,-2.2417219840638722,0.017053388731668433,-2.253780550878245,-2.229663417249499,0.024117133628746235
O=C(Nc1ccc(F)cc1F)c1cccnc1Oc1cccc(C(F)(F)F)c1,CC(C)O,308.15,2,-2.059513534332337,0.011109834310526654,-2.0673693735111693,-2.0516576951535046,0.015711678357664738
O=C(Nc1ccc(F)cc1F)c1cccnc1Oc1cccc(C(F)(F)F)c1,CC(C)O,313.15,2,-1.884858082817574,0.01146493992707209,-1.8929650195859031,-1.876751146049245,0.016213873536658152
O=C(Nc1ccc(F)cc1F)c1cccnc1Oc1cccc(C(F)(F)F)c1,CC(C)O,318.15,2,-1.7056575524481583,0.011330136317418846,-1.7136691686699732,-1.6976459362263436,0.016023232443629576
O=C(Nc1ccc(F)cc1F)c1cccnc1Oc1cccc(C(F)(F)F)c1,CC(C)O,323.15,2,-1.5431192764018022,0.016876812765408058,-1.555052985153038,-1.5311855676505663,0.023867417502471566
O=C(Nc1ccc(F)cc1F)c1cccnc1Oc1cccc(C(F)(F)F)c1,CCO,278.15,3,-2.3668235040854206,0.006455584297744878,-2.372108561455414,-2.3596284272049406,0.012480134250473451
O=C(Nc1ccc(F)cc1F)c1cccnc1Oc1cccc(C(F)(F)F)c1,CCO,283.15,3,-2.2495224929726327,0.008621531497904598,-2.257966852128552,-2.2407340891115544,0.0172327630169975
O=C(Nc1ccc(F)cc1F)c1cccnc1Oc1cccc(C(F)(F)F)c1,CCO,288.15,3,-2.1333970041733634,0.0025806358509968606,-2.134886934976617,-2.1304171425668565,0.004469792409760309
O=C(Nc1ccc(F)cc1F)c1cccnc1Oc1cccc(C(F)(F)F)c1,CCO,293.15,3,-2.030162109236471,0.005288277761916231,-2.0356597777573966,-2.025111620720327,0.010548157037069572
O=C(Nc1ccc(F)cc1F)c1cccnc1Oc1cccc(C(F)(F)F)c1,CCO,298.15,3,-1.9300168959008974,0.0076397324581678255,-1.9350498243852952,-1.9212260603606648,0.01382376402463037
O=C(Nc1ccc(F)cc1F)c1cccnc1Oc1cccc(C(F)(F)F)c1,CCO,303.15,3,-1.8239331815588793,0.011659364377843406,-1.837257359495084,-1.8156006167787424,0.02165674271634166
O=C(Nc1ccc(F)cc1F)c1cccnc1Oc1cccc(C(F)(F)F)c1,CCO,308.15,3,-1.7306372961347953,0.011787502097150855,-1.7438810442605248,-1.7212955769702731,0.022585467290251682
O=C(Nc1ccc(F)cc1F)c1cccnc1Oc1cccc(C(F)(F)F)c1,CCO,313.15,3,-1.626816914654678,0.0056942622429009965,-1.633332155539133,-1.6227922546736564,0.010539900865476515
O=C(Nc1ccc(F)cc1F)c1cccnc1Oc1cccc(C(F)(F)F)c1,CCO,318.15,3,-1.5341321200103988,0.004670099295208237,-1.5391960480278783,-1.529994758168583,0.009201289859295247
O=C(Nc1ccc(F)cc1F)c1cccnc1Oc1cccc(C(F)(F)F)c1,CCO,323.15,3,-1.4443410725666046,0.006936088289286177,-1.4504443343181583,-1.4367981203094535,0.013646214008704804
O=C(Nc1ccc(F)cc1F)c1cccnc1Oc1cccc(C(F)(F)F)c1,CO,278.15,2,-2.239454523153794,0.01607848873651694,-2.2508237315706165,-2.2280853147369712,0.022738416833645303
O=C(Nc1ccc(F)cc1F)c1cccnc1Oc1cccc(C(F)(F)F)c1,CO,283.15,2,-2.130519695735914,0.006530553707212789,-2.135137494547187,-2.125901896924641,0.009235597622545999
O=C(Nc1ccc(F)cc1F)c1cccnc1Oc1cccc(C(F)(F)F)c1,CO,288.15,2,-2.0236811501941228,0.006447449176410624,-2.0282401852281184,-2.0191221151601275,0.009118070067990924
O=C(Nc1ccc(F)cc1F)c1cccnc1Oc1cccc(C(F)(F)F)c1,CO,293.15,2,-1.9251474916248497,0.00970784081533581,-1.932011971696053,-1.918283011553646,0.013728960142407098
O=C(Nc1ccc(F)cc1F)c1cccnc1Oc1cccc(C(F)(F)F)c1,CO,298.15,2,-1.8200620101877614,0.016053089520173112,-1.8314132586464704,-1.808710761729052,0.022702496917418324
O=C(Nc1ccc(F)cc1F)c1cccnc1Oc1cccc(C(F)(F)F)c1,CO,303.15,2,-1.723715683653607,0.019337333140722154,-1.7373892430474749,-1.7100421242597388,0.027347118787736102
O=C(Nc1ccc(F)cc1F)c1cccnc1Oc1cccc(C(F)(F)F)c1,CO,308.15,2,-1.6290699374004172,0.01952692655123167,-1.6428775595805247,-1.6152623152203096,0.02761524436021512
O=C(Nc1ccc(F)cc1F)c1cccnc1Oc1cccc(C(F)(F)F)c1,CO,313.15,2,-1.5341909520602406,0.01928631096113225,-1.5478284333249297,-1.5205534707955517,0.027274962529378
O=C(Nc1ccc(F)cc1F)c1cccnc1Oc1cccc(C(F)(F)F)c1,CO,318.15,2,-1.4399237252577848,0.01604662553010539,-1.4512704029852834,-1.428577047530286,0.02269335545499751
O=C(Nc1ccc(F)cc1F)c1cccnc1Oc1cccc(C(F)(F)F)c1,CO,323.15,2,-1.343109614030661,0.009860770133877785,-1.3500822314600478,-1.3361369966012742,0.013945234858773636
O=C(Nc1ccc(F)cc1F)c1cccnc1Oc1cccc(C(F)(F)F)c1,O,278.15,2,-5.084484063198932,0.014700194962255135,-5.094878670741507,-5.074089455656358,0.020789215085149415
O=C(Nc1ccc(F)cc1F)c1cccnc1Oc1cccc(C(F)(F)F)c1,O,283.15,2,-4.952681329775024,0.002903609620266457,-4.954734491827433,-4.950628167722615,0.004106324104817816
O=C(Nc1ccc(F)cc1F)c1cccnc1Oc1cccc(C(F)(F)F)c1,O,288.15,2,-4.840979518997596,0.017593434477539884,-4.853419955821026,-4.828539082174166,0.024880873646859314
O=C(Nc1ccc(F)cc1F)c1cccnc1Oc1cccc(C(F)(F)F)c1,O,293.15,2,-4.74604618117575,0.01763423820044687,-4.758515470588345,-4.733576891763155,0.024938578825190127
O=C(Nc1ccc(F)cc1F)c1cccnc1Oc1cccc(C(F)(F)F)c1,O,298.15,2,-4.6546119256037155,0.011815665581646996,-4.662966862860731,-4.646256988346701,0.01670987451403061
O=C(Nc1ccc(F)cc1F)c1cccnc1Oc1cccc(C(F)(F)F)c1,O,303.15,2,-4.566888930284453,0.008827449912408053,-4.573130879978101,-4.560646980590804,0.01248389938729666
O=C(Nc1ccc(F)cc1F)c1cccnc1Oc1cccc(C(F)(F)F)c1,O,308.15,2,-4.480609881045256,0.0058417537154687674,-4.484740624711485,-4.476479137379026,0.008261487332458906
O=C(Nc1ccc(F)cc1F)c1cccnc1Oc1cccc(C(F)(F)F)c1,O,313.15,2,-4.400433445255058,0.002891907544252612,-4.402478332690164,-4.398388557819953,0.004089774870211116
O=C(Nc1ccc(F)cc1F)c1cccnc1Oc1cccc(C(F)(F)F)c1,O,318.15,2,-4.317258754589252,0.002943740303477673,-4.319340293319893,-4.31517721585861,0.00416307746128286
O=C(Nc1ccc(F)cc1F)c1cccnc1Oc1cccc(C(F)(F)F)c1,O,323.15,2,-4.236828028244691,0.008716561451587336,-4.2429915679557375,-4.230664488533644,0.012327079422093767
O=C(O)/C=C/c1ccc(O)cc1,CCO,293.15,2,-0.1332538887400243,0.004123622851530881,-0.1361697304213976,-0.130338047058651,0.005831683362746587
O=C(O)/C=C/c1ccc(O)cc1,CCO,298.15,2,-0.0864863161083929,0.003649479630572791,-0.0890668879029731,-0.0839057443138127,0.005161143589160394
O=C(O)/C=C/c1ccc(O)cc1,CCO,303.15,2,-0.0400265923307722,0.004500440069684263,-0.0432088840223696,-0.0368443006391748,0.006364583383194802
O=C(O)/C=C/c1ccc(O)cc1,CCO,308.15,2,-0.003744479342036,0.004213771113985727,-0.0067240654711033,-0.0007648932129687,0.0059591722581346
O=C(O)/C=C/c1ccc(O)cc1,CCO,313.15,2,0.042576421896878755,0.003657631623196427,0.0399900857730342,0.0451627580207233,0.0051726722476891016
O=C(O)/C=C/c1ccc(O)cc1,CCO,318.15,2,0.07845758529030596,0.004662214833251648,0.0751609015663652,0.0817542690142467,0.0065933674478814985
O=C(O)/C=C/c1ccc(O)cc1,CCO,323.15,2,0.115430688664753,0.004492990423090208,0.1122536646687797,0.1186077126607263,0.006354047991946596
O=C(O)/C=C/c1ccc(O)cc1,CCOC(C)=O,293.15,2,-0.9303890195912021,0.003009108473379158,-0.9325167805980544,-0.9282612585843498,0.004255522013704605
O=C(O)/C=C/c1ccc(O)cc1,CCOC(C)=O,298.15,2,-0.8784297303064255,0.003143619489614563,-0.8806526049650021,-0.8762068556478487,0.004445749317153358
O=C(O)/C=C/c1ccc(O)cc1,CCOC(C)=O,303.15,2,-0.8297783985013865,0.0028004321599191854,-0.8317586030719182,-0.8277981939308546,0.003960409141063548
O=C(O)/C=C/c1ccc(O)cc1,CCOC(C)=O,308.15,2,-0.7799849617638765,0.004020807180399921,-0.7828281017869809,-0.7771418217407723,0.005686280046208636
O=C(O)/C=C/c1ccc(O)cc1,CCOC(C)=O,313.15,2,-0.7294429783149325,0.0037386357423360417,-0.7320865930007248,-0.7267993636291403,0.005287229371584434
O=C(O)/C=C/c1ccc(O)cc1,CCOC(C)=O,318.15,2,-0.6815168810130887,0.004856953939068168,-0.6849512660793146,-0.678082495946863,0.006868770132451574
O=C(O)/C=C/c1ccc(O)cc1,CCOC(C)=O,323.15,2,-0.6358612717831931,0.004362133028528562,-0.6389457656281035,-0.6327767779382828,0.00616898768982066
O=C(O)CC(=O)O,CCOC(C)=O,288.15,2,-0.5934533690912381,0.5689177970310931,-0.995739001309636,-0.1911677368728403,0.8045712644367957
O=C(O)CC(=O)O,CCOC(C)=O,293.15,2,-0.5203342456838691,0.5206787968353973,-0.8885097537462312,-0.1521587376215069,0.7363510161247243
O=C(O)CC(=O)O,CCOC(C)=O,298.15,2,-0.473348561837817,0.5233516430901748,-0.8434140576120014,-0.1032830660636326,0.7401309915483688
O=C(O)CC(=O)O,CCOC(C)=O,303.15,2,-0.4140454714406946,0.5149642571639635,-0.7781801897500263,-0.0499107531313628,0.7282694366186635
O=C(O)CC(=O)O,CCOC(C)=O,308.15,2,-0.36875631896308886,0.5131823664083296,-0.7316310502357782,-0.0058815876903995,0.7257494625453788
O=C(O)CC(O)(CC(=O)O)C(=O)O,O,288.15,2,0.8370841945700787,0.0015652848669892242,0.8359773710261419,0.8381910181140154,0.002213647087873527
O=C(O)CC(O)(CC(=O)O)C(=O)O,O,303.15,2,0.9789505192357706,0.01248786553009712,0.9701202648368932,0.987780773634648,0.017660508797754826
O=C(O)CC(O)(CC(=O)O)C(=O)O,O,313.15,2,1.0503377758702475,0.002837992098049407,1.0483310124127627,1.052344539327732,0.0040135269149692565
O=C(O)CC(O)(CC(=O)O)C(=O)O,O,323.15,2,1.120673421377625,0.014335481640004945,1.1105367050984023,1.1308101376568478,0.020273432558445492
O=C(O)CC(O)(CC(=O)O)C(=O)O,O,333.15,2,1.1842376272045687,0.03090465215851921,1.1623847380930683,1.2060905163160691,0.04370577822300081
O=C(O)CC(O)C(=O)O,O,298.15,2,1.0027647189365065,0.018398514298013976,0.9897550047126232,1.01577443316039,0.026019428447766724
O=C(O)CC(O)C(=O)O,O,303.15,2,1.036752683793994,0.01586229586227041,1.0255363468245953,1.0479690207633927,0.022432673938797443
O=C(O)CC(O)C(=O)O,O,308.15,2,1.0817366541590687,0.006255411894846859,1.0773134099891075,1.08615989832903,0.00884648833992241
O=C(O)CC(O)C(=O)O,O,313.15,2,1.1301717317491682,0.0031084397351177854,1.1279737329335566,1.1323697305647795,0.004395997631222892
O=C(O)CC(O)C(=O)O,O,323.15,2,1.2147401885408122,0.003986418715261689,1.2119213648346017,1.2175590122470226,0.005637647412420899
O=C(O)CC(O)C(=O)O,O,328.15,2,1.2577355170618656,0.0013151863029294813,1.2568055399085405,1.2586654942151907,0.0018599543066502022
O=C(O)CC(O)C(=O)O,O,333.15,2,1.3051563526379169,0.0029599678492867832,1.3030633392995918,1.3072493659762416,0.004186026676649801
O=C(O)CCC(=O)O,CCC(=O)O,288.15,2,-1.0065326128069518,0.020900382862905065,-1.021311415258707,-0.9917538103551964,0.02955760490351067
O=C(O)CCC(=O)O,CCC(=O)O,292.95,2,-0.8780758769126165,0.014279307372437593,-0.8881728719863141,-0.8679788818389187,0.020193990147395424
O=C(O)CCC(=O)O,CCC(=O)O,297.95,2,-0.7727499585339099,0.01045815516579917,-0.7801449909703476,-0.7653549260974721,0.014790064872875486
O=C(O)CCC(=O)O,CCC(=O)O,303.15,2,-0.6757317478838579,0.009765621476599083,-0.6826370850524621,-0.6688264107152537,0.013810674337208395
O=C(O)CCC(=O)O,CCC(=O)O,307.45,2,-0.5977948908156188,0.004671186188704903,-0.6010979182458369,-0.5944918633854005,0.006606054860436417
O=C(O)CCC(=O)O,CCC(=O)O,313.15,2,-0.5219983079339023,0.002945623516558435,-0.5240811782972834,-0.5199154375705214,0.004165740726762013
O=C(O)CCC(=O)O,CCC(=O)O,317.75,2,-0.46003279447207934,0.00316834798951348,-0.4622731548206231,-0.4577924341235356,0.004480720697087492
O=C(O)CCC(=O)O,CCC(=O)O,321.45,2,-0.4031047729353834,0.002037677498837011,-0.4045456285126823,-0.4016639173580845,0.002881711154597788
O=C(O)CCC(=O)O,CCC(=O)O,325.65,2,-0.3487711835000379,0.006457239671332829,-0.3533371414593841,-0.3442052255406916,0.009131915918692501
O=C(O)CCC(=O)O,CCC(=O)O,329.15,2,-0.30648217287074186,0.015468565166826601,-0.317420100195431,-0.2955442455460528,0.02187585464937819
O=C(O)CCC(=O)O,CCO,288.15,2,-0.2032093098247708,0.11776947876970609,-0.2864849068796351,-0.1199337127699065,0.16655119410972863
O=C(O)CCC(=O)O,CCO,293.15,2,-0.1851534197527635,0.11320729144384312,-0.2652030632124668,-0.1051037762930602,0.16009928691940659
O=C(O)CCC(=O)O,CCO,298.15,2,-0.08408579943467555,0.08395420023519531,-0.1434503837300754,-0.0247212151392757,0.11872916859079971
O=C(O)CCC(=O)O,CCO,303.15,2,-0.007766606079604249,0.09440785346819888,-0.0745230394642336,0.0589898273050251,0.1335128667692587
O=C(O)CCC(=O)O,CCO,308.15,2,0.06666073231113065,0.10014064289854556,-0.0041493953548114,0.1374708599770727,0.1416202553318841
O=C(O)CCC(=O)O,CCO,318.15,2,0.23544308865210423,0.14692749164810567,0.1315496629649989,0.3393365143392096,0.20778685137421068
O=C(O)CCC(=O)O,CCO,323.15,2,0.3008045925440977,0.16952030721562789,0.1809356337631004,0.420673551325095,0.23973791756199458
O=C(O)CCC(=O)O,CCO,328.15,2,0.3921107538799235,0.16475168459026385,0.2756137204942407,0.5086077872656063,0.23299406677136558
O=C(O)CCC(=O)O,O,278.15,2,-0.5922984901302846,0.09982528849715012,-0.6628856285605228,-0.5217113517000462,0.14117427686047657
O=C(O)CCC(=O)O,O,283.15,3,-0.4736882682576131,0.07818899040970773,-0.5634352205609505,-0.4202923725266099,0.14314284803434063
O=C(O)CCC(=O)O,O,288.15,2,-0.353902954033666,0.0503707730716379,-0.3895204692462299,-0.3182854388211021,0.0712350304251278
O=C(O)CCC(=O)O,O,293.15,2,-0.26835363748564167,0.07768629431508053,-0.3232861430010891,-0.2134211319701943,0.1098650110308948
O=C(O)CCC(=O)O,O,298.15,2,-0.1822619561364002,0.08106515108794692,-0.2395836741885995,-0.1249402380842009,0.11464343610439859
O=C(O)CCC(=O)O,O,303.15,2,-0.09853259591988614,0.07020211068185346,-0.1481729844366333,-0.048892207403139,0.09928077703349429
O=C(O)CCC(=O)O,O,308.15,2,-0.023085119900438402,0.08260752718760234,-0.0814974625518441,0.0353272227509673,0.1168246853028114
O=C(O)CCC(=O)O,O,313.15,2,0.11981456656315134,0.012649273660278145,0.1108701793808843,0.1287589537454184,0.017888774364534107
O=C(O)CCC(=O)O,O,323.15,2,0.2810385525500728,0.03398048174629162,0.2570107234792843,0.3050663816208613,0.04805565814157703
O=C(O)CCC(=O)O,O,328.15,3,0.35574766093617055,0.03592175829576733,0.3153106764463731,0.3839668052225243,0.06865612877615118
O=C(O)CCC(=O)O,O,333.15,2,0.41055535538606075,0.04937469993167684,0.3756421702453211,0.4454685405268004,0.06982637028147931
O=C(O)CCCCC(=O)O,CC(=O)O,318.15,2,-0.1014093355944386,0.02521565951778121,-0.1192394994315528,-0.0835791717573244,0.0356603276742284
O=C(O)CCCCC(=O)O,CC(C)=O,298.15,2,-0.5672393529137345,0.09546223228142188,-0.6347413447071333,-0.4997373611203358,0.1350039835867975
O=C(O)CCCCC(=O)O,CC(C)=O,308.15,2,-0.4244720532472386,0.09755462909261432,-0.4934535930147646,-0.3554905134797125,0.1379630795350521
O=C(O)CCCCC(=O)O,CC(C)=O,318.15,2,-0.29399635404248736,0.04945242103748602,-0.328964496304186,-0.2590282117807887,0.06993628452339729
O=C(O)CCCCC(=O)O,CC(C)=O,323.15,2,-0.19085736504603162,0.05923946017032749,-0.2327459890463006,-0.1489687410457627,0.0837772480005379
O=C(O)CCCCC(=O)O,CCC(=O)O,289.65,2,-0.5029353688796554,0.0001378618313375282,-0.503032851915461,-0.5028378858438499,0.00019496607161106905
O=C(O)CCCCC(=O)O,CCC(=O)O,294.55,2,-0.42295734879070745,0.000460613428154834,-0.4232830516692613,-0.4226316459121536,0.0006514057571077037
O=C(O)CCCCC(=O)O,CCC(=O)O,299.45,2,-0.33948507102728287,0.0001912926557516393,-0.339620335361356,-0.3393498066932097,0.00027052866814630816
O=C(O)CCCCC(=O)O,CCC(=O)O,303.25,2,-0.2643351748712771,8.114903656314833e-05,-0.2643925559053177,-0.2642777938372366,0.0001147620680810868
O=C(O)CCCCC(=O)O,CCC(=O)O,307.45,2,-0.19583308833298696,0.0002797972531918921,-0.1960309348680763,-0.1956352417978976,0.0003956930701786987
O=C(O)CCCCC(=O)O,CCC(=O)O,310.85,2,-0.1435763844519386,0.00018762027919615133,-0.1437090520236463,-0.1434437168802309,0.00026533514341542386
O=C(O)CCCCC(=O)O,CCC(=O)O,315.55,2,-0.05778928173018765,5.225832360303647e-05,-0.0578262339451808,-0.0577523295151945,7.39044299862962e-05
O=C(O)CCCCC(=O)O,CCC(=O)O,319.45,2,0.0208737766720737,0.00017811046206410875,0.0207478335565479,0.0209997197875995,0.00025188623105160124
O=C(O)CCCCC(=O)O,CCC(=O)O,322.85,2,0.09080078064418225,0.00011632954219335577,0.090718523236045,0.0908830380523195,0.00016451481627449693
O=C(O)CCCCC(=O)O,CCC(=O)O,329.75,2,0.24265557120411374,0.00011672643680442352,0.2425730331491056,0.2427381092591219,0.00016507611001628786
O=C(O)CCCCC(=O)O,O,293.15,2,-0.8002147795171977,0.10855568860695647,-0.8769752430675518,-0.7234543159668435,0.1535209271007083
O=C(O)CCCCCCCC(=O)O,CCO,288.15,2,-0.10092312829271285,0.12491261081683845,-0.1892496824570154,-0.0125965741284103,0.1766531083286051
O=C(O)CCCCCCCCCCC(=O)O,CC(=O)O,288.15,2,-1.2515146951446678,0.003972678125134981,-1.2543238027864223,-1.2487055875029136,0.0056182152835086985
O=C(O)CCCCCCCCCCC(=O)O,CC(=O)O,293.15,2,-1.1105111327034423,0.011522579716913818,-1.1186588269580346,-1.10236343844885,0.01629538850918455
O=C(O)CCCCCCCCCCC(=O)O,CC(=O)O,298.15,2,-0.9859866135418303,0.009728008615311251,-0.992865354401158,-0.9791078726825024,0.01375748171865554
O=C(O)CCCCCCCCCCC(=O)O,CC(=O)O,303.15,2,-0.8650996065410178,0.005574163889451525,-0.8690411356266942,-0.8611580774553415,0.007883058171352708
O=C(O)CCCCCCCCCCC(=O)O,CC(=O)O,308.15,2,-0.7285641077370673,0.025703389296505084,-0.7467391486081038,-0.7103890668660309,0.03635008174207288
O=C(O)CCCCCCCCCCC(=O)O,CC(=O)O,313.15,2,-0.598256507463611,0.040293156201770916,-0.626748071449292,-0.5697649434779299,0.05698312797136207
O=C(O)CCCCCCCCCCC(=O)O,CC(=O)O,318.15,2,-0.48363547537197515,0.0341999795751396,-0.5078185128459978,-0.4594524378979525,0.04836607494804529
O=C(O)CCCCCCCCCCC(=O)O,CC(=O)O,323.15,2,-0.36106622422378876,0.04152581591360951,-0.3904294102506063,-0.3317030381969712,0.05872637205363507
O=C(O)CCCCCCCCCCC(=O)O,CC(C)=O,288.15,2,-1.3945133352027599,0.014181330983119687,-1.4045410505071747,-1.384485619898345,0.02005543060882964
O=C(O)CCCCCCCCCCC(=O)O,CC(C)=O,293.15,2,-1.2559101221452296,0.005845935449032398,-1.2600438227436193,-1.25177642154684,0.008267401196779156
O=C(O)CCCCCCCCCCC(=O)O,CC(C)=O,298.15,2,-1.1176861239783775,0.020357434735171452,-1.1320810041271798,-1.1032912438295752,0.028789760297604605
O=C(O)CCCCCCCCCCC(=O)O,CC(C)=O,303.15,2,-0.9864280644355903,0.005350938395524352,-0.990211749260777,-0.9826443796104036,0.007567369650373412
O=C(O)CCCCCCCCCCC(=O)O,CC(C)=O,308.15,2,-0.8574947334806526,0.022549505123528237,-0.8734396414659003,-0.841549825495405,0.03188981597049523
O=C(O)CCCCCCCCCCC(=O)O,CC(C)=O,313.15,2,-0.7300996715947161,0.02666785685254039,-0.7489566940148595,-0.7112426491745726,0.03771404484028695
O=C(O)CCCCCCCCCCC(=O)O,CC(C)=O,318.15,2,-0.6058054206822326,0.024613345132888723,-0.6232096839333832,-0.5884011574310821,0.03480852650230104
O=C(O)CCCCCCCCCCC(=O)O,CC(C)=O,323.15,2,-0.48090741080982047,0.023524449847479253,-0.4975417088206559,-0.4642731127989851,0.033268596021670815
O=C(O)CCCCCCCCCCC(=O)O,CCO,288.15,2,-0.8511742160871041,0.01400165359489661,-0.8610748802918805,-0.8412735518823278,0.019801328409552732
O=C(O)CCCCCCCCCCC(=O)O,CCO,293.15,2,-0.7365329100661174,0.006448150912762094,-0.7410924413026457,-0.7319733788295891,0.009119062473056605
O=C(O)CCCCCCCCCCC(=O)O,CCO,298.15,2,-0.6116481809518881,0.015638733725226492,-0.6227064356181665,-0.6005899262856097,0.022116509332556822
O=C(O)CCCCCCCCCCC(=O)O,CCO,303.15,2,-0.4900972818724937,0.022052907460627866,-0.505691042282783,-0.4745035214622043,0.03118752082057874
O=C(O)CCCCCCCCCCC(=O)O,CCO,308.15,2,-0.37759070007218065,0.018671627542141328,-0.3907935345230183,-0.364387865621343,0.026405668901675283
O=C(O)CCCCCCCCCCC(=O)O,CCO,313.15,2,-0.26922363339814076,0.012127204121256004,-0.2777988616691143,-0.2606484051271672,0.017150456541947134
O=C(O)CCCCCCCCCCC(=O)O,CCO,318.15,2,-0.15739321479393956,0.011170415768003704,-0.1652918915321681,-0.149494538055711,0.01579735347645711
O=C(O)CCCCCCCCCCC(=O)O,CCO,323.15,2,-0.04940996162846105,0.0060778576146304,-0.0537076559628525,-0.0451122672940696,0.0085953886687829
O=C(O)CCCCCCCCCCC(=O)O,CCOC(C)=O,288.15,2,-1.9170081598202378,0.012817885766572362,-1.9260717737662556,-1.90794454587422,0.01812722789203569
O=C(O)CCCCCCCCCCC(=O)O,CCOC(C)=O,293.15,2,-1.7659680656116978,0.009369484394452449,-1.7725932915632368,-1.7593428396601591,0.013250451903077609
O=C(O)CCCCCCCCCCC(=O)O,CCOC(C)=O,298.15,2,-1.6203334867483803,0.011498772578806103,-1.628464346814176,-1.6122026266825844,0.01626172013159155
O=C(O)CCCCCCCCCCC(=O)O,CCOC(C)=O,303.15,2,-1.4719562719311567,0.012012196767938048,-1.4804501777227128,-1.4634623661396005,0.016987811583112356
O=C(O)CCCCCCCCCCC(=O)O,CCOC(C)=O,308.15,2,-1.325011700875414,0.012595371781067441,-1.3339179736733726,-1.3161054280774558,0.01781254559591683
O=C(O)CCCCCCCCCCC(=O)O,CCOC(C)=O,313.15,2,-1.1874460862456995,0.010333622284786414,-1.1947530606374923,-1.1801391118539064,0.014613948783585906
O=C(O)CCCCCCCCCCC(=O)O,CCOC(C)=O,318.15,2,-1.0526797376510486,0.007280238201288728,-1.0578276434518332,-1.047531831850264,0.010295811601569227
O=C(O)CCCCCCCCCCC(=O)O,CCOC(C)=O,323.15,2,-0.9193242519256659,0.003072840127176532,-0.9214970780170946,-0.9171514258342373,0.004345652182857318
O=C(O)[C@@H]1C[C@@H](O)CN1,O,293.15,2,0.45338482949697295,0.006686662568333899,0.4486566450513978,0.4581130139425481,0.009456368891150313
O=C(O)[C@@H]1C[C@@H](O)CN1,O,298.15,2,0.4691793890519841,0.007635640552385287,0.4637801758386894,0.4745786022652787,0.010798426426589292
O=C(O)[C@@H]1C[C@@H](O)CN1,O,303.15,2,0.4885776689831261,0.002954033497877524,0.4864888518649247,0.4906664861013275,0.004177634236402827
O=C(O)[C@@H]1C[C@@H](O)CN1,O,308.15,2,0.5086250302882582,0.0017832027625628896,0.5073641155226195,0.5098859450538971,0.002521829531277553
O=C(O)[C@@H]1C[C@@H](O)CN1,O,313.15,2,0.5290084495174807,0.008053805441879218,0.5233135490751708,0.5347033499597906,0.011389800884619827
O=C(O)[C@@H]1C[C@@H](O)CN1,O,318.15,2,0.5467618381149966,0.013180992316316309,0.5374414690653615,0.5560822071646315,0.018640738099270027
O=C(O)c1cc(O)c(O)c(O)c1,O,293.15,3,-1.1976677732744192,0.05022407334978266,-1.2516951623593648,-1.1523992584002567,0.09929590395910814
O=C(O)c1cc(O)c(O)c(O)c1,O,298.0,2,-1.136732528468508,0.11135032717428557,-1.215469099900786,-1.05799595703623,0.15747314286455594
O=C(O)c1cc(O)c(O)c(O)c1,O,298.15,3,-1.1269552381007342,0.0412986683231738,-1.169137211036339,-1.0866005325031156,0.08253667853322333
O=C(O)c1cc(O)c(O)c(O)c1,O,303.15,3,-1.0401304860405463,0.10165164245054044,-1.1485739203748442,-0.9470105352987268,0.20156338507611737
O=C(O)c1cc(O)c(O)c(O)c1,O,308.15,3,-0.9659480835583368,0.15325511322391308,-1.140825938946666,-0.8550478792501764,0.2857780596964895
O=C(O)c1cc(O)c(O)c(O)c1,O,313.15,3,-0.8890168251927975,0.19991608528666843,-1.1183899209507349,-0.7518041066858343,0.36658581426490056
O=C(O)c1cc(O)c(O)c(O)c1,O,318.15,4,-0.8009526454804499,0.20408927419016512,-1.1037365913859494,-0.6786534962014268,0.4250830951845226
O=C(O)c1ccc(Cl)cc1Cl,CCO,298.15,2,0.02580760871043115,0.0053441406885597585,0.0220287305899356,0.0295864868309267,0.007557756240991101
O=C(O)c1ccc(Cl)cc1Cl,CCO,303.15,2,0.08619304102182375,0.021381610772613368,0.0710739590518175,0.10131212299183,0.030238163940012497
O=C(O)c1ccc(Cl)cc1Cl,CCO,308.15,2,0.14561654009745445,0.0425198519727417,0.1155504644324806,0.1756826157624283,0.0601321513299477
O=C(O)c1ccc(Cl)cc1Cl,CCO,313.15,2,0.201693530747792,0.06420316473930258,0.1562950375869941,0.2470920239085899,0.0907969863215958
O=C(O)c1ccc(Cl)cc1Cl,CCO,318.15,2,0.2684720279004091,0.11211662251210475,0.1891936038383675,0.3477504519624507,0.1585568481240832
O=C(O)c1cccc(C(=O)O)c1,CCCO,293.15,2,-1.3792066802699932,0.09310025333871651,-1.4450385007359852,-1.3133748598040014,0.1316636409319838
O=C(O)c1cccc(C(=O)O)c1,CCCO,313.15,2,-1.152699779943859,0.0748280634944847,-1.2056112110638666,-1.0997883488238511,0.10582286224001547
O=C(O)c1cccc(C(=O)O)c1,CCO,298.15,2,-1.1225373239183818,0.014741801115142636,-1.1329613514538026,-1.1121132963829612,0.02084805507084142
O=C(O)c1cccc(C(=O)O)c1,CO,323.15,2,-0.8095993426494756,0.006882229758774952,-0.8144658139815892,-0.8047328713173619,0.009732942664227306
O=C(O)c1ccccc1Nc1ccccc1,CCO,283.15,2,-0.8322737040396639,0.11201466155930827,-0.9114800308205668,-0.7530673772587609,0.1584126535618059
O=C(O)c1ccccc1Nc1ccccc1,CCO,285.65,2,-0.8017065836919277,0.10187472803338234,-0.8737428947158676,-0.7296702726679878,0.14407262204787985
O=C(O)c1ccccc1Nc1ccccc1,CCO,288.15,2,-0.7700168330466872,0.08340613150849377,-0.82899387422888,-0.7110397918644943,0.11795408236438576
O=C(O)c1ccccc1Nc1ccccc1,CCO,290.65,2,-0.7453711380945329,0.04804229665093926,-0.7793421718401878,-0.711400104348878,0.06794206749130982
O=C(O)c1ccccc1Nc1ccccc1,CCO,293.15,2,-0.6908344230769594,0.029818918437759894,-0.7119195825119481,-0.6697492636419708,0.04217031886997724
O=C(O)c1ccccc1Nc1ccccc1,CCO,295.65,2,-0.6459168979033477,0.002408079077108153,-0.6476196669484043,-0.6442141288582911,0.003405538090113236
O=C(O)c1ccccc1Nc1ccccc1,CCO,298.15,2,-0.6033437796176373,0.03533601229535939,-0.6283301135317771,-0.5783574457034975,0.04997266782827969
O=C(O)c1ccccc1Nc1ccccc1,CCO,300.65,2,-0.5668214996980161,0.05360433720926869,-0.6047254900397003,-0.5289175093563317,0.07580798068336858
O=C(O)c1ccccc1Nc1ccccc1,CCO,303.15,2,-0.5230576477330335,0.07541011845466646,-0.576380653862409,-0.4697346416036581,0.10664601225875092
O=C(O)c1ccccc1Nc1ccccc1,CCO,305.65,2,-0.4877859403823127,0.09270331257989063,-0.5533370813460096,-0.4222347994186159,0.13110228192739365
O=C(O)c1ccccc1Nc1ccccc1,CCO,308.15,2,-0.44413990165471817,0.11102018670498871,-0.5226430285224123,-0.3656367747870241,0.15700625373538818
O=C(O)c1ccccc1Nc1ccccc1,CCO,310.65,2,-0.40717676681760384,0.12211864653942643,-0.4935276898949554,-0.3208258437402523,0.17270184615470308
O=C(O)c1ccccc1Nc1ccccc1,CCO,313.15,2,-0.36752203706128284,0.13861752397426108,-0.4655394282547717,-0.269504645867794,0.1960347823869777
O=C(O)c1ccccc1Nc1ccccc1,CCO,315.65,2,-0.32759472366890463,0.13619993467598146,-0.4239026210754559,-0.2312868262623533,0.1926157948131026
O=C(O)c1ccccc1Nc1ccccc1,CCO,318.15,2,-0.2860867681508537,0.1384087430478888,-0.3839565289355223,-0.1882170073661851,0.1957395215693372
O=C(O)c1ccccc1Nc1ccccc1,CO,283.15,2,-0.9831288427372222,0.1390107487506207,-1.0814242858366054,-0.8848333996378389,0.19659088619876652
O=C(O)c1ccccc1Nc1ccccc1,CO,285.65,2,-0.9381711150596049,0.11642918968782291,-1.0204989846159194,-0.8558432455032905,0.16465573911262887
O=C(O)c1ccccc1Nc1ccccc1,CO,288.15,2,-0.8905027866154493,0.09969540510885573,-0.9609980836210612,-0.8200074896098375,0.1409905940112237
O=C(O)c1ccccc1Nc1ccccc1,CO,290.65,2,-0.8378951760578622,0.06998271642312232,-0.8873804294065072,-0.7884099227092173,0.0989705066972899
O=C(O)c1ccccc1Nc1ccccc1,CO,293.15,2,-0.7891263051887951,0.043026305763618704,-0.8195504977636557,-0.7587021126139345,0.06084838514972124
O=C(O)c1ccccc1Nc1ccccc1,CO,295.65,2,-0.744466094171397,0.0031937074098667456,-0.7467243863380394,-0.7422078020047544,0.004516584333284945
O=C(O)c1ccccc1Nc1ccccc1,CO,298.15,2,-0.6976799034082126,0.010997040855275982,-0.7054559855699638,-0.6899038212464615,0.01555216432350226
O=C(O)c1ccccc1Nc1ccccc1,CO,300.65,2,-0.6587118021500653,0.03727542157658292,-0.6850695055184545,-0.6323540987816763,0.052715406736778214
O=C(O)c1ccccc1Nc1ccccc1,CO,303.15,2,-0.6217130719612569,0.05797473092605371,-0.6627073973365349,-0.5807187465859789,0.08198865075055606
O=C(O)c1ccccc1Nc1ccccc1,CO,305.65,2,-0.5900820134197542,0.08182752817002983,-0.6479428134765155,-0.5322212133629928,0.11572160011352273
O=C(O)c1ccccc1Nc1ccccc1,CO,308.15,2,-0.5617797932494413,0.08764843178462779,-0.6237565937247181,-0.4998029927741645,0.12395360095055363
O=C(O)c1ccccc1Nc1ccccc1,CO,310.65,2,-0.5236216738809183,0.1055207803737347,-0.5982361332392825,-0.4490072145225542,0.14922891871672828
O=C(O)c1ccccc1Nc1ccccc1,CO,313.15,2,-0.4700559504180466,0.10361401469068103,-0.5433221228317897,-0.3967897780043035,0.14653234482748623
O=C(O)c1ccccc1Nc1ccccc1,CO,315.65,2,-0.41399845624073384,0.10222771553503313,-0.4862843671207651,-0.3417125453607025,0.1445718217600626
O=C(O)c1ccccc1Nc1ccccc1,CO,318.15,2,-0.3535598146155621,0.09598256215384354,-0.4214297351902041,-0.28568989404092,0.1357398411492841
O=C(O)c1ccccc1O,CCO,298.15,2,0.4619751069808637,0.001236757166600241,0.4611005876016796,0.4628496263600478,0.0017490387583681821
O=C(O)c1ccccc1O,CCOC(C)=O,298.15,2,0.19644926383116224,0.02200430800955126,0.1808898684222911,0.2120086592400334,0.031118790817742298
O=C(O)c1ccccc1O,CO,298.15,2,0.5358608892371024,0.0026803610728819882,0.5339655877464391,0.5377561907277657,0.0037906029813266073
O=C(O)c1ccccc1O,O,298.15,3,-1.790245864018922,0.06227640253567583,-1.8571345855499863,-1.7339372404894096,0.12319734506057678
O=C(O)c1cccnc1,CCO,303.15,2,-1.1203750212449637,0.03089318548514128,-1.142219802193961,-1.0985302402959665,0.043689561897994444
O=C(c1ccccc1)C(O)c1ccccc1,CC(C)=O,283.15,3,-0.9436361400431833,0.06454893156542693,-1.0176135591600597,-0.8987689368569836,0.11884462230307613
O=C(c1ccccc1)C(O)c1ccccc1,CC(C)=O,288.15,3,-0.8584456915196919,0.0581093343220319,-0.9248150183206804,-0.8167153227453061,0.10809969557537424
O=C(c1ccccc1)C(O)c1ccccc1,CC(C)=O,293.15,3,-0.780233709694739,0.04289690267406534,-0.829018673366822,-0.748413930324372,0.08060474304245002
O=C(c1ccccc1)C(O)c1ccccc1,CC(C)=O,298.15,3,-0.6940505345677316,0.05792101683805172,-0.7609311969487447,-0.66033282067846,0.10059837627028467
O=C(c1ccccc1)C(O)c1ccccc1,CC(C)=O,303.15,3,-0.6270108986225905,0.06395098051923243,-0.7008471231659071,-0.5891510495177663,0.11169607364814083
O=C(c1ccccc1)C(O)c1ccccc1,CC(C)=O,308.15,3,-0.5437961500802787,0.07864254762240294,-0.6346023317375588,-0.4978200617292227,0.13678227000833604
O=C(c1ccccc1)C(O)c1ccccc1,CC(C)=O,313.15,3,-0.46893563153936046,0.09748771347651998,-0.5815041611539582,-0.4123369081725699,0.1691672529813883
O=C(c1ccccc1)C(O)c1ccccc1,CC(C)=O,318.15,2,-0.3163696231590249,0.0007173169218493277,-0.3168768428187244,-0.3158624034993254,0.0010144393193990409
O=C(c1ccccc1)C(O)c1ccccc1,CCCCO,283.15,3,-2.0315584049080133,0.1193194099234495,-2.1121693367970567,-1.8944876051426176,0.21768173165443905
O=C(c1ccccc1)C(O)c1ccccc1,CCCCO,288.15,3,-1.8957631048726047,0.09288496235255703,-1.9635509692234216,-1.7898884786445382,0.1736624905788835
O=C(c1ccccc1)C(O)c1ccccc1,CCCCO,293.15,3,-1.769963205460239,0.0675525569761591,-1.8149299222346245,-1.6922816248107635,0.12264829742386096
O=C(c1ccccc1)C(O)c1ccccc1,CCCCO,298.15,3,-1.6437970156930917,0.0426648874638796,-1.670605474996402,-1.5945979190261428,0.07600755597025932
O=C(c1ccccc1)C(O)c1ccccc1,CCCCO,303.15,3,-1.5440289376053122,0.020381319772375988,-1.5667233578902344,-1.5272853711354462,0.03943798675478827
O=C(c1ccccc1)C(O)c1ccccc1,CCCCO,308.15,3,-1.4277847672677073,0.022015202271063107,-1.4523944801246604,-1.4099626057126713,0.042431874411989146
O=C(c1ccccc1)C(O)c1ccccc1,CCCCO,313.15,3,-1.3178928076778618,0.04670320164964052,-1.3701611429734264,-1.2802606015712896,0.08990054140213677
O=C(c1ccccc1)C(O)c1ccccc1,CCCCO,318.15,2,-1.1717663949037755,0.014284472152189445,-1.181867042028259,-1.161665747779292,0.020201294248967105
O=C(c1ccccc1)C(O)c1ccccc1,CCCO,283.15,3,-1.921259191485193,0.11147721279367832,-1.993955386859565,-1.7929131788443766,0.20104220801518835
O=C(c1ccccc1)C(O)c1ccccc1,CCCO,288.15,3,-1.78864096917044,0.07876012907267328,-1.8418575406445408,-1.6981644180588655,0.14369312258567524
O=C(c1ccccc1)C(O)c1ccccc1,CCCO,293.15,3,-1.6757614536577943,0.06472259325951671,-1.72711456322319,-1.6030619504168149,0.12405261280637503
O=C(c1ccccc1)C(O)c1ccccc1,CCCO,298.15,3,-1.5421534221725082,0.03277158758330115,-1.569749404887803,-1.5059317099770326,0.06381769491077027
O=C(c1ccccc1)C(O)c1ccccc1,CCCO,303.15,3,-1.429346932860593,0.005602028788276346,-1.4347434305838522,-1.4235598191934369,0.011183611390415349
O=C(c1ccccc1)C(O)c1ccccc1,CCCO,308.15,3,-1.329831503991837,0.027420978134844853,-1.3612260536766994,-1.3105709821140223,0.05065507156267701
O=C(c1ccccc1)C(O)c1ccccc1,CCCO,313.15,3,-1.2254004082647862,0.04842420772178939,-1.2812278343374774,-1.1947704906969905,0.08645734364048696
O=C(c1ccccc1)C(O)c1ccccc1,CCCO,318.15,2,-1.0725605015331894,0.0047921291564107646,-1.075949048556009,-1.0691719545103695,0.006777094045639531
O=C(c1ccccc1)C(O)c1ccccc1,CCO,283.15,3,-1.7016081043070796,0.02353230166247949,-1.7237235029014066,-1.6768773994773178,0.04684610342408879
O=C(c1ccccc1)C(O)c1ccccc1,CCO,288.15,3,-1.6003249104263464,0.021341605711784065,-1.6234925043226764,-1.581467113261774,0.04202539106090253
O=C(c1ccccc1)C(O)c1ccccc1,CCO,293.15,3,-1.4704459012000222,0.022997638219884136,-1.4959416528572704,-1.4512663576820175,0.04467529517525293
O=C(c1ccccc1)C(O)c1ccccc1,CCO,298.15,3,-1.377418191450019,0.008758868921385674,-1.3866838666292565,-1.3692741955918708,0.017409671037385666
O=C(c1ccccc1)C(O)c1ccccc1,CCO,303.15,3,-1.2863801818972915,0.03184242983365702,-1.322282087976299,-1.2615568062404017,0.06072528173589742
O=C(c1ccccc1)C(O)c1ccccc1,CCO,308.15,3,-1.2085363333723809,0.024167766588968607,-1.2322383675172948,-1.1839283133233676,0.0483100541939272
O=C(c1ccccc1)C(O)c1ccccc1,CCO,313.15,3,-1.1121915938087692,0.04994877742116096,-1.1698307829102068,-1.081590630215652,0.08824015269455487
O=C(c1ccccc1)C(O)c1ccccc1,CCO,318.15,2,-0.9618464882304498,0.005697945466495648,-0.96587554410864,-0.9578174323522596,0.008058111756380382
O=C(c1ccccc1)C(O)c1ccccc1,CCOC(C)=O,283.15,2,-1.130053562813265,0.05678821017276979,-1.1702088913178776,-1.0898982343086527,0.0803106570092249
O=C(c1ccccc1)C(O)c1ccccc1,CCOC(C)=O,288.15,2,-1.0480739084784179,0.05759209810701464,-1.0887976715926488,-1.0073501453641869,0.08144752622846196
O=C(c1ccccc1)C(O)c1ccccc1,CCOC(C)=O,293.15,2,-0.9521009056653595,0.03588858521567181,-0.9774779676385524,-0.9267238436921668,0.050754123946385676
O=C(c1ccccc1)C(O)c1ccccc1,CCOC(C)=O,298.15,2,-0.8705383662785279,0.01187809826890078,-0.8789374501120678,-0.8621392824449879,0.016798167667079866
O=C(c1ccccc1)C(O)c1ccccc1,CCOC(C)=O,303.15,2,-0.7969648674692655,0.019616164633734088,-0.8108355905026506,-0.7830941444358804,0.027741446066770203
O=C(c1ccccc1)C(O)c1ccccc1,CCOC(C)=O,308.15,2,-0.7174103315523049,0.00616466437170959,-0.7217694075332799,-0.71305125557133,0.008718151961949916
O=C(c1ccccc1)C(O)c1ccccc1,CCOC(C)=O,313.15,2,-0.6369020072903496,0.009281146444202883,-0.6434647688782309,-0.6303392457024684,0.013125523175762543
O=C(c1ccccc1)C(O)c1ccccc1,CO,283.15,2,-1.5258735071343237,0.02708937071403927,-1.5450285848642973,-1.5067184294043503,0.03831015545994698
O=C(c1ccccc1)C(O)c1ccccc1,CO,288.15,2,-1.4041385118359937,0.005626032989621737,-1.4081167179141345,-1.400160305757853,0.0079564121562814
O=C(c1ccccc1)C(O)c1ccccc1,CO,293.15,2,-1.2758286221645245,0.05710684220262867,-1.3162092575381534,-1.2354479867908958,0.08076127074725759
O=C(c1ccccc1)C(O)c1ccccc1,CO,298.15,2,-1.1737910095049051,0.06972454730881586,-1.223093709722131,-1.1244883092876792,0.09860540043445187
O=C(c1ccccc1)C(O)c1ccccc1,CO,303.15,2,-1.0962593607296522,0.0687512620478009,-1.1448738443387856,-1.047644877120519,0.09722896721826668
O=C(c1ccccc1)C(O)c1ccccc1,CO,308.15,2,-1.007533164090041,0.0885279569330968,-1.0701318827620243,-0.9449344454180576,0.1251974373439667
O=C(c1ccccc1)C(O)c1ccccc1,CO,313.15,2,-0.9276496268655372,0.09290739854742791,-0.9933450784008246,-0.8619541753302497,0.131390903070575
O=C1CC[C@@H](C(=O)O)N1,CC(C)O,328.15,2,-0.25768331347987183,0.11269181552359536,-0.3373684604208295,-0.1779981665389141,0.15937029388191543
O=C1CC[C@@H](C(=O)O)N1,CCCO,308.15,2,-0.5082215630115428,0.20550718346520228,-0.6535370860223352,-0.3629060400007503,0.2906310460215849
O=C1CC[C@@H](C(=O)O)N1,CCCO,328.15,2,-0.24441138971763327,0.10041575188227667,-0.3154160488115369,-0.1734067306237296,0.1420093181878073
O=C1C[C@@H](c2ccc(O)cc2)Oc2cc(O)cc(O)c21,O,298.15,3,-3.1689641683715664,2.5599566757657555,-5.005249835367422,-0.2447257754132106,4.760524059954212
O=C1C[C@@H](c2ccc(O)cc2)Oc2cc(O)cc(O)c21,O,303.15,2,-2.489826568634965,3.244465060310147,-4.784009814103091,-0.1956433231668396,4.588366490936251
O=C1C[C@@H](c2ccc(O)cc2)Oc2cc(O)cc(O)c21,O,308.15,2,-2.36273292762777,3.1114615325416266,-4.562868476689042,-0.1625973785664984,4.400271098122544
O=C1C[C@@H](c2ccc(O)cc2)Oc2cc(O)cc(O)c21,O,313.15,2,-2.246683019506033,3.010974919176273,-4.375763802838192,-0.1176022361738737,4.258161566664318
O=C1C[C@@H](c2ccc(O)cc2)Oc2cc(O)cc(O)c21,O,318.15,2,-2.1517624619304017,2.9216295982964975,-4.217666563001184,-0.0858583608596193,4.131808202141564
O=C1NC(=O)C(c2ccccc2)(c2ccccc2)N1,O,298.2,2,-4.005747044238726,0.102746694309632,-4.078399928529568,-3.933094159947884,0.1453057685816841
O=C1NC(=O)C(c2ccccc2)(c2ccccc2)N1,O,303.2,2,-3.9486497866762402,0.104854901002942,-4.022793398216065,-3.874506175136416,0.1482872230796488
O=C1NC(=O)C(c2ccccc2)(c2ccccc2)N1,O,308.2,2,-3.9113878440553203,0.10426035472555133,-3.985111047890672,-3.837664640219968,0.14744640767070427
O=C1NC(=O)C(c2ccccc2)(c2ccccc2)N1,O,313.2,2,-3.867012482402918,0.10626709638635189,-3.942154666874712,-3.791870297931124,0.15028436894358776
O=C1NS(=O)(=O)c2ccccc21,CC(C)O,293.15,2,-1.0308298104366616,0.06979706616969021,-1.0801837892321755,-0.9814758316411474,0.09870795759102813
O=C1NS(=O)(=O)c2ccccc21,CC(C)O,298.15,2,-0.9573257846679424,0.0697668820332983,-1.0066584200559294,-0.9079931492799552,0.0986652707759742
O=C1NS(=O)(=O)c2ccccc21,CC(C)O,303.15,2,-0.8874831108032806,0.06397118972421903,-0.932717572857847,-0.8422486487487141,0.09046892410913288
O=C1NS(=O)(=O)c2ccccc21,CC(C)O,308.15,2,-0.8167044485790165,0.062463189258227504,-0.8608725932780478,-0.7725363038799851,0.0883362893980627
O=C1NS(=O)(=O)c2ccccc21,CC(C)O,313.15,2,-0.7344849878378601,0.07500581623473093,-0.7875221091258703,-0.6814478665498498,0.1060742425760205
O=C1NS(=O)(=O)c2ccccc21,CC(C)O,318.15,2,-0.6574343596592056,0.07890993363817324,-0.7132321088377384,-0.6016366104806729,0.1115954983570655
O=C1NS(=O)(=O)c2ccccc21,CC(C)O,323.15,2,-0.578553203194077,0.07674604427555319,-0.6328208515305637,-0.5242855548575903,0.10853529667297335
O=C1NS(=O)(=O)c2ccccc21,CCO,293.15,2,-0.8501137976945767,0.002462599947783872,-0.8518551188170043,-0.8483724765721491,0.003482642244855172
O=C1NS(=O)(=O)c2ccccc21,CCO,298.15,2,-0.7893075751602525,0.013138352294402451,-0.7985977931612424,-0.7800173571592628,0.01858043600197956
O=C1NS(=O)(=O)c2ccccc21,CCO,303.15,2,-0.72039527293067,0.016215592842813497,-0.7318614285907834,-0.7089291172705564,0.022932311320226995
O=C1NS(=O)(=O)c2ccccc21,CCO,308.15,2,-0.6631688366423205,0.03225717231545599,-0.6859781019284824,-0.6403595713561586,0.04561853057232379
O=C1NS(=O)(=O)c2ccccc21,CCO,313.15,2,-0.5911928124355552,0.029795787228774965,-0.6122616156358135,-0.5701240092352968,0.04213760640051667
O=C1NS(=O)(=O)c2ccccc21,CCO,318.15,2,-0.516928069708124,0.036440227857760715,-0.5426952019343295,-0.4911609374819184,0.051534264452411105
O=C1NS(=O)(=O)c2ccccc21,CCO,323.15,2,-0.44368922575020375,0.05187430441903821,-0.480369898174241,-0.4070085533261666,0.07336134484807438
O=C1NS(=O)(=O)c2ccccc21,CO,293.15,2,-0.6267937216508725,0.013871585279570284,-0.6366024136678642,-0.6169850296338809,0.019617384033983276
O=C1NS(=O)(=O)c2ccccc21,CO,298.15,2,-0.5709430141542449,0.037546535588810194,-0.5974924240791546,-0.5443936042293351,0.053098819849819456
O=C1NS(=O)(=O)c2ccccc21,CO,303.15,2,-0.5023879060699344,0.03663688344202889,-0.5282940947933342,-0.4764817173465347,0.05181237744679951
O=C1NS(=O)(=O)c2ccccc21,CO,308.15,2,-0.4448683134216233,0.04566718493886329,-0.4771598895695937,-0.4125767372736529,0.0645831522959408
O=C1NS(=O)(=O)c2ccccc21,CO,313.15,2,-0.3738401420662575,0.044003078289639175,-0.4049550171179439,-0.3427252670145711,0.06222975010337278
O=C1NS(=O)(=O)c2ccccc21,CO,318.15,2,-0.3078081019692421,0.046799581924970614,-0.3409004037050842,-0.2747158002334,0.0661846034716842
O=C1NS(=O)(=O)c2ccccc21,CO,323.15,2,-0.2392072577521589,0.05234495607375636,-0.276220731152824,-0.2021937843514938,0.07402694680133018
O=C1Nc2ccccc2C1=O,CCOC(C)=O,318.15,2,-1.0364336335882067,0.001957605287734388,-1.0378178695620504,-1.035049397614363,0.0027684719476872566
O=C1Nc2ccccc2C1=O,CCOCCOCCO,298.15,2,0.9023418696728593,0.003691948448851684,0.8997312678888852,0.9049524714568336,0.005221203567948307
O=C1Nc2ccccc2C1=O,CCOCCOCCO,308.15,2,0.9262313521310395,0.0037059683195276726,0.9236108368014389,0.92885186746064,0.005241030659201118
O=C1Nc2ccccc2C1=O,CCOCCOCCO,318.15,2,0.9598999946816271,0.004982891022170668,0.9563765586499368,0.9634234307133176,0.007046872063380838
O=C1Nc2ccccc2C1=O,CCOCCOCCO,328.15,2,0.9930275253912217,0.0025212893067469095,0.991244704625088,0.9948103461573556,0.0035656415322676827
O=C1Nc2ccccc2C1=O,CCOCCOCCO,338.15,2,1.017600521324367,0.005101577082767265,1.0139931615743965,1.0212078810743377,0.007214719499941236
O=C1OC(=O)C2C3C=CC(O3)C12,C1COCCO1,288.15,2,-0.5569135447194182,0.022667712071210006,-0.572942037638955,-0.5408850517998816,0.03205698583907346
O=C1OC(=O)C2C3C=CC(O3)C12,C1COCCO1,293.15,2,-0.46836980377828863,0.014296785090074201,-0.4784791574646468,-0.4582604500919304,0.020218707372716416
O=C1OC(=O)C2C3C=CC(O3)C12,C1COCCO1,298.15,2,-0.38403220641497676,0.00017669570794425773,-0.3841571491482707,-0.3839072636816828,0.0002498854665878847
O=C1OC(=O)C2C3C=CC(O3)C12,C1COCCO1,303.15,2,-0.2963640365530037,0.0051066795315787865,-0.2999750042791296,-0.2927530688268778,0.007221935452251804
O=C1OC(=O)C2C3C=CC(O3)C12,C1COCCO1,308.15,2,-0.1986834715574648,0.0002492731778896673,-0.1988597343119185,-0.1985072088030111,0.00035252550890740864
O=C1OC(=O)C2C3C=CC(O3)C12,C1COCCO1,313.15,2,-0.0879655355315167,0.01733966549232842,-0.1002265305846485,-0.0757045404783849,0.024521990106263603
O=C1OC(=O)C2C3C=CC(O3)C12,C1COCCO1,318.15,2,0.03241720370819155,0.0045264071781930156,0.0292165504980798,0.0356178569183033,0.006401306420223497
O=C1OC(=O)C2C3C=CC(O3)C12,C1COCCO1,323.15,2,0.23916548248401798,0.0073414738366776615,0.2339742765501996,0.2443566884178364,0.010382411867636804
O=C1OC(=O)C2C3C=CC(O3)C12,CC(C)=O,278.15,2,-0.25664623527989283,0.005201086970247505,-0.2603239591460958,-0.2529685114136898,0.007355447732405984
O=C1OC(=O)C2C3C=CC(O3)C12,CC(C)=O,283.15,2,-0.20032400241786455,0.00391230835496855,-0.2030904221857556,-0.1975575826499735,0.005532839535782097
O=C1OC(=O)C2C3C=CC(O3)C12,CC(C)=O,288.15,2,-0.16052631702955783,0.00432984415468551,-0.1635879791928169,-0.1574646548662988,0.006123324326518104
O=C1OC(=O)C2C3C=CC(O3)C12,CC(C)=O,293.15,2,-0.0984397107541036,0.0028481950497982575,-0.1004536887879579,-0.0964257327202493,0.004027956067708602
O=C1OC(=O)C2C3C=CC(O3)C12,CC(C)=O,298.15,2,-0.046747647934267195,0.00617569655259414,-0.0511145248451569,-0.0423807710233775,0.008733753821779398
O=C1OC(=O)C2C3C=CC(O3)C12,CC(C)=O,303.15,2,0.01071624613096545,0.006537125338201877,0.0060938004748565,0.0153386917870744,0.009244891312217899
O=C1OC(=O)C2C3C=CC(O3)C12,CC(C)=O,308.15,2,0.07294682869441524,0.0017869895711934737,0.0716832362507147,0.0742104211381158,0.002527184887401099
O=C1OC(=O)C2C3C=CC(O3)C12,CC(C)=O,313.15,2,0.13224543998725774,0.0009969330473332911,0.1315405018690994,0.1329503781054161,0.0014098762363166928
O=C1OC(=O)C2C3C=CC(O3)C12,CC(C)=O,318.15,2,0.18923915542202213,0.009716880701224501,0.1823682831862056,0.1961100276578387,0.013741744471633094
O=C1OC(=O)C2C3C=CC(O3)C12,CC(C)=O,323.15,2,0.272056328916647,0.0037729839146640846,0.2693884264052802,0.2747242314280137,0.0053358050227335085
O=C1OC(=O)C2C3C=CC(O3)C12,CCOC(C)=O,278.15,2,-0.78578531357441,0.009377871793235723,-0.792416470312505,-0.7791541568363148,0.013262313476190113
O=C1OC(=O)C2C3C=CC(O3)C12,CCOC(C)=O,283.15,2,-0.7423458484787602,0.026072279029435885,-0.7607817337814621,-0.7239099631760582,0.03687177060540392
O=C1OC(=O)C2C3C=CC(O3)C12,CCOC(C)=O,288.15,2,-0.6706282954907643,0.011364094381302708,-0.6786639236898274,-0.6625926672917013,0.01607125639812612
O=C1OC(=O)C2C3C=CC(O3)C12,CCOC(C)=O,293.15,2,-0.622200083274716,0.015794687745294304,-0.6333686140861376,-0.6110315524632943,0.022337061622843324
O=C1OC(=O)C2C3C=CC(O3)C12,CCOC(C)=O,298.15,2,-0.5429663008823009,0.0013462702047868026,-0.5439182576734151,-0.5420143440911868,0.0019039135822283004
O=C1OC(=O)C2C3C=CC(O3)C12,CCOC(C)=O,303.15,2,-0.4918600795947269,0.0006754227849651219,-0.4923376756261436,-0.4913824835633101,0.0009551920628335098
O=C1OC(=O)C2C3C=CC(O3)C12,CCOC(C)=O,308.15,2,-0.422963082243219,0.0007190566182988278,-0.4234715320540751,-0.4224546324323628,0.0010168996217123083
O=C1OC(=O)C2C3C=CC(O3)C12,CCOC(C)=O,313.15,2,-0.3672944850643755,0.00013931388519495633,-0.3673929948573103,-0.3671959752714407,0.00019701958586959556
O=C1OC(=O)C2C3C=CC(O3)C12,CCOC(C)=O,318.15,2,-0.30477099596046237,0.005051071531609845,-0.308342642892722,-0.3011993490282027,0.0071432938645192845
O=C1OC(=O)C2C3C=CC(O3)C12,CCOC(C)=O,323.15,2,-0.23221176508030938,0.0055494474706633675,-0.236135817018654,-0.2282877131419648,0.007848103876689189
O=C1OC(=O)C2C3C=CC(O3)C12,COC(C)=O,278.15,2,-0.5178596299061242,0.014933925200159084,-0.5284195096848894,-0.5072997501273591,0.021119759557530315
O=C1OC(=O)C2C3C=CC(O3)C12,COC(C)=O,283.15,2,-0.43315567542649525,0.0011941090837902484,-0.4340000380571198,-0.4323113127958707,0.00168872526124908
O=C1OC(=O)C2C3C=CC(O3)C12,COC(C)=O,288.15,2,-0.4010224453912607,0.013503678950516865,-0.4105709883481372,-0.3914739024343842,0.01909708591375303
O=C1OC(=O)C2C3C=CC(O3)C12,COC(C)=O,293.15,2,-0.3239881029988476,0.009286535131513575,-0.330554674964068,-0.3174215310336273,0.013133143930440683
O=C1OC(=O)C2C3C=CC(O3)C12,COC(C)=O,298.15,2,-0.2627275188192121,0.0031516406681045654,-0.2649560653074921,-0.260498972330932,0.004457092976560106
O=C1OC(=O)C2C3C=CC(O3)C12,COC(C)=O,303.15,2,-0.19408507961225624,0.00884994277154134,-0.200342934159126,-0.1878272250653865,0.012515709093739502
O=C1OC(=O)C2C3C=CC(O3)C12,COC(C)=O,308.15,2,-0.11562237618176875,0.002762272225748249,-0.1175755976040786,-0.1136691547594589,0.00390644284461969
O=C1OC(=O)C2C3C=CC(O3)C12,COC(C)=O,313.15,2,-0.0464393734642435,0.003579394399278823,-0.0489703875165147,-0.0439083594119723,0.005062028104542406
O=C1OC(=O)C2C3C=CC(O3)C12,COC(C)=O,318.15,2,0.027279449908020198,0.00022799624269982527,0.0271182322187221,0.0274406675973183,0.0003224353785962024
O=C1OC(=O)C2C3C=CC(O3)C12,COC(C)=O,323.15,2,0.1100365666206227,0.0006839208542807249,0.1095529615467659,0.1105201716944795,0.0009672101477136014
O=C1OC(=O)[C@H]2[C@@H]1[C@@H]1C=C[C@H]2C1,CN1CCCC1=O,278.15,2,0.1252241180677102,0.00012329733439693212,0.1251369336864559,0.1253113024489645,0.00017436876250859212
O=C1OC(=O)[C@H]2[C@@H]1[C@@H]1C=C[C@H]2C1,CN1CCCC1=O,283.15,2,0.18174141227859758,0.00013912337580543894,0.181643037196144,0.1818397873610512,0.00019675016490719455
O=C1OC(=O)[C@H]2[C@@H]1[C@@H]1C=C[C@H]2C1,CN1CCCC1=O,288.15,2,0.2328795133934219,0.0001017686553964957,0.2328075520870788,0.232951474699765,0.0001439226126861981
O=C1OC(=O)[C@H]2[C@@H]1[C@@H]1C=C[C@H]2C1,CN1CCCC1=O,293.15,2,0.2841045687570032,7.005060109632744e-05,0.2840550355019418,0.2841541020120646,9.906651012281387e-05
O=C1OC(=O)[C@H]2[C@@H]1[C@@H]1C=C[C@H]2C1,CN1CCCC1=O,298.15,2,0.33254966905363814,2.1593417539362644e-05,0.332534400201667,0.3325649379056092,3.053770394217947e-05
O=C1OC(=O)[C@H]2[C@@H]1[C@@H]1C=C[C@H]2C1,CN1CCCC1=O,303.15,2,0.38317112457285435,5.997938349988386e-05,0.3831287127440502,0.3832135364016585,8.482365760831279e-05
O=C1OC(=O)[C@H]2[C@@H]1[C@@H]1C=C[C@H]2C1,CN1CCCC1=O,308.15,2,0.43444060262316353,1.856889523797413e-05,0.4344274724314216,0.4344537328149054,2.6260383483800442e-05
O=C1OC(=O)[C@H]2[C@@H]1[C@@H]1C=C[C@H]2C1,CN1CCCC1=O,313.15,2,0.4736313264200728,7.041752780080937e-05,0.4735815337086504,0.4736811191314951,9.958542284466132e-05
O=C1OC(=O)[C@H]2[C@@H]1[C@@H]1C=C[C@H]2C1,CN1CCCC1=O,318.15,2,0.5202858766543392,1.658835765589755e-05,0.5202741469141521,0.5202976063945265,2.345948037441037e-05
O=C1OC(=O)[C@H]2[C@@H]1[C@@H]1C=C[C@H]2C1,CN1CCCC1=O,323.15,2,0.5631256233488204,1.5774335783871515e-05,0.5631144692090189,0.5631367774886219,2.230827960303383e-05
O=C1O[C@H]([C@@H](O)CO)C(O)=C1O,O,323.15,2,0.5648833401812021,0.03674670992434595,0.5388994924074021,0.5908671879550021,0.05196769554760006
O=C1c2c(O)cc(O)cc2O[C@H](c2cc(O)c(O)c(O)c2)[C@H]1O,O,298.15,2,-2.4636830633722946,0.31656356433414023,-2.687527306389549,-2.23983882035504,0.44768848603450895
O=C1c2c(O)cc(O)cc2O[C@H](c2cc(O)c(O)c(O)c2)[C@H]1O,O,303.15,2,-2.3603495029395156,0.3066322577994775,-2.577171251760068,-2.1435277541189635,0.4336434976411043
O=C1c2c(O)cc(O)cc2O[C@H](c2cc(O)c(O)c(O)c2)[C@H]1O,O,308.15,2,-2.2708717896857857,0.29891203342071604,-2.482234515495834,-2.059509063875738,0.4227254516200962
O=C1c2c(O)cc(O)cc2O[C@H](c2cc(O)c(O)c(O)c2)[C@H]1O,O,313.15,2,-2.1971146359923734,0.2970006498374727,-2.4071258095092616,-1.9871034624754849,0.4200223470337767
O=C1c2c(O)cc(O)cc2O[C@H](c2cc(O)c(O)c(O)c2)[C@H]1O,O,318.15,2,-2.141547706452717,0.27661655544397956,-2.3371451485956194,-1.9459502643098143,0.39119488428580507
O=C1c2cccc(O)c2C(=O)c2c(O)cc(CO)cc21,CCO,283.15,2,-3.4271295563864546,0.014428463825586295,-3.4373320209996314,-3.4169270917732777,0.02040492922635373
O=C1c2cccc(O)c2C(=O)c2c(O)cc(CO)cc21,CCO,288.15,2,-3.363504715848645,0.01621706134721284,-3.374971909898177,-3.3520375217991125,0.022934388099064673
O=C1c2cccc(O)c2C(=O)c2c(O)cc(CO)cc21,CCO,293.15,2,-3.272155474495003,0.006313542451468671,-3.276619823175746,-3.2676911258142605,0.008928697361485494
O=C1c2cccc(O)c2C(=O)c2c(O)cc(CO)cc21,CCO,298.15,2,-3.190017545844281,0.006974411554505762,-3.194949199549258,-3.185085892139304,0.00986330740995367
O=C1c2cccc(O)c2C(=O)c2c(O)cc(CO)cc21,CCO,303.15,2,-3.1270713632620977,0.006696196481110183,-3.131806289202048,-3.122336437322147,0.009469851879901015
O=C1c2cccc(O)c2C(=O)c2c(O)cc(CO)cc21,CCO,308.15,2,-3.063775606483782,0.009303391018240672,-3.0703540973608097,-3.057197115606754,0.013156981754055774
O=C1c2cccc(O)c2C(=O)c2c(O)cc(CO)cc21,CCO,313.15,2,-2.9791120449049417,0.006289533487875609,-2.983559416684719,-2.974664673125165,0.008894743559553664
O=C1c2cccc(O)c2C(=O)c2c(O)cc(CO)cc21,CCO,318.15,2,-2.8952947572013557,0.0062170871008914354,-2.899690901649623,-2.890898612753088,0.008792288896535272
O=C1c2cccc(O)c2C(=O)c2c(O)cc(CO)cc21,O,283.15,2,-4.741942874498694,0.010347133181109441,-4.749259402536897,-4.734626346460491,0.014633056076405637
O=C1c2cccc(O)c2C(=O)c2c(O)cc(CO)cc21,O,288.15,2,-4.605734979306979,0.00549621311522816,-4.609621388871602,-4.601848569742354,0.007772819129248099
O=C1c2cccc(O)c2C(=O)c2c(O)cc(CO)cc21,O,293.15,2,-4.495649543049485,0.007990721862960055,-4.501299836665359,-4.48999924943361,0.011300587231748871
O=C1c2cccc(O)c2C(=O)c2c(O)cc(CO)cc21,O,298.15,2,-4.34736918035426,0.003781979112347126,-4.3500434434309065,-4.3446949172776135,0.005348526153293065
O=C1c2cccc(O)c2C(=O)c2c(O)cc(CO)cc21,O,303.15,2,-4.186315740845243,0.014334474367894456,-4.196451744875526,-4.1761797368149605,0.020272008060565838
O=C1c2cccc(O)c2C(=O)c2c(O)cc(CO)cc21,O,308.15,2,-4.051743801327277,0.010689215690235948,-4.059302218227408,-4.044185384427146,0.015116833800262519
O=C1c2cccc(O)c2C(=O)c2c(O)cc(CO)cc21,O,313.15,2,-3.9247282248446913,0.016496009598465047,-3.936392665094284,-3.913063784595098,0.023328880499186244
O=C1c2cccc(O)c2C(=O)c2c(O)cc(CO)cc21,O,318.15,2,-3.8170264945146553,0.01107561167087117,-3.824858134632917,-3.8091948543963934,0.015663280236523747
O=C1c2ccccc2-c2ccccc21,CCCCO,283.15,2,-0.6591894551237003,0.1978237338888132,-0.7990719588361231,-0.5193069514112775,0.27976500742484567
O=C1c2ccccc2-c2ccccc21,CCCCO,288.15,2,-0.5652548769407841,0.17863368662745746,-0.691567968103412,-0.4389417857781563,0.25262618232525574
O=C1c2ccccc2-c2ccccc21,CCCCO,293.15,2,-0.41615977545372507,0.1082420488452771,-0.492698462201746,-0.3396210887057041,0.1530773734960419
O=C1c2ccccc2-c2ccccc21,CCCCO,298.15,2,-0.31111007902897303,0.09448473506579476,-0.3779208759126109,-0.2442992821453352,0.13362159376727573
O=C1c2ccccc2-c2ccccc21,CCCCO,303.15,2,-0.19039756777228053,0.1289123796493621,-0.2815523856012392,-0.0992427499433219,0.1823096356579173
O=C1c2ccccc2-c2ccccc21,CCCCO,308.15,2,-0.0702234070644706,0.09796520426590369,-0.1394952673212164,-0.0009515468077248,0.1385437205134916
O=C1c2ccccc2-c2ccccc21,CCCCO,313.15,2,0.08692758562105665,0.14483812144865776,-0.01548843222961,0.1893436034717233,0.2048320357013333
O=C1c2ccccc2-c2ccccc21,CCCCO,318.15,2,0.22468391268327734,0.1276025752068624,0.1344552664576385,0.3149125589089162,0.18045729245127767
O=C1c2ccccc2-c2ccccc21,CCO,283.15,2,-0.5208384618672689,0.1252060647116285,-0.6093725192705431,-0.4323044044639947,0.17706811480654844
O=C1c2ccccc2-c2ccccc21,CCO,288.15,2,-0.45665280474780623,0.12062279780861722,-0.5419460030439733,-0.3713596064516392,0.17058639659233416
O=C1c2ccccc2-c2ccccc21,CCO,293.15,2,-0.3420579085446658,0.09598026659568505,-0.4099262059145673,-0.2741896111747642,0.1357365947398031
O=C1c2ccccc2-c2ccccc21,CCO,298.15,2,-0.2228907720091527,0.15152731208004927,-0.3300367619159258,-0.1157447821023796,0.2142919798135462
O=C1c2ccccc2-c2ccccc21,CCO,303.15,2,-0.1330451098312657,0.19387183599213564,-0.270133199742391,0.0040429800798596,0.27417617982225057
O=C1c2ccccc2-c2ccccc21,CCO,308.15,2,0.06892264645475468,0.2712529862264531,-0.1228821795230715,0.2607274724325809,0.3836096519556524
O=C1c2ccccc2-c2ccccc21,CCO,313.15,2,0.2014768258447952,0.35422269810323803,-0.0489964460341996,0.45195009772379,0.5009465437579896
O=C1c2ccccc2-c2ccccc21,CCO,318.15,2,0.36659357132210113,0.38596091699190105,0.0936779896441497,0.6395091530000525,0.5458311633559028
O=C1c2ccccc2-c2ccccc21,CCOC(C)=O,283.15,2,0.18965362229793314,0.03584447062276192,0.1643077540525362,0.2149994905433301,0.05069173649079389
O=C1c2ccccc2-c2ccccc21,CCOC(C)=O,288.15,2,0.23133134708597924,0.001259901194306495,0.2304404624078601,0.2322222317640984,0.0017817693562383052
O=C1c2ccccc2-c2ccccc21,CCOC(C)=O,293.15,2,0.3281826649485281,0.0030132946374723953,0.3260519438766583,0.3303133860203979,0.00426144214373958
O=C1c2ccccc2-c2ccccc21,CCOC(C)=O,298.15,2,0.4654123901865883,0.00708040296450023,0.4604057892368569,0.4704189911363198,0.01001320189946292
O=C1c2ccccc2-c2ccccc21,CCOC(C)=O,303.15,2,0.5104433913007613,0.0015018554036134715,0.5093814191605045,0.511505363441018,0.0021239442805135456
O=C1c2ccccc2-c2ccccc21,CCOC(C)=O,308.15,2,0.5988619477989681,0.0010572612102205396,0.5981143512277357,0.5996095443702005,0.0014951931424648235
O=C1c2ccccc2-c2ccccc21,CCOC(C)=O,313.15,2,0.7145137909815317,0.020724716866143758,0.6998592031473102,0.7291683788157531,0.029309175668442933
O=C1c2ccccc2-c2ccccc21,CCOC(C)=O,318.15,2,0.7876378038200429,0.0306671568236851,0.7659528492703039,0.809322758369782,0.04336990909947802
O=Cc1cc([N+](=O)[O-])ccc1O,CC#N,273.15,2,-0.758490738329626,0.012045525833062913,-0.7670082113291424,-0.7499732653301094,0.01703494599903299
O=Cc1cc([N+](=O)[O-])ccc1O,CC#N,278.15,2,-0.7356660229103167,0.009739849753429949,-0.742553136718705,-0.7287789091019282,0.013774227616776824
O=Cc1cc([N+](=O)[O-])ccc1O,CC#N,283.15,2,-0.713238368152777,0.008977408505927204,-0.7195863545847998,-0.706890381720754,0.01269597286404578
O=Cc1cc([N+](=O)[O-])ccc1O,CC#N,288.15,2,-0.6901054458677999,0.006192641439829737,-0.6944843046233603,-0.6857265871122394,0.008757717511120866
O=Cc1cc([N+](=O)[O-])ccc1O,CC#N,293.15,2,-0.6682342430368668,0.005575590176071703,-0.6721767806594842,-0.6642917054142494,0.00788507524523474
O=Cc1cc([N+](=O)[O-])ccc1O,CC#N,298.15,2,-0.6454549921359632,0.004471504332170538,-0.6486168231713461,-0.6422931611005804,0.006323662070765623
O=Cc1cc([N+](=O)[O-])ccc1O,CC#N,303.15,2,-0.6221423159468948,0.001735323656702838,-0.6233693750721028,-0.6209152568216868,0.002454118250415971
O=Cc1cc([N+](=O)[O-])ccc1O,CC#N,308.15,2,-0.5996794649042132,0.0007022877278804415,-0.6001760573189415,-0.5991828724894848,0.0009931848294567613
O=Cc1cc([N+](=O)[O-])ccc1O,CC#N,313.15,2,-0.5778273366334987,0.00354204220287066,-0.5803319386943975,-0.5753227345725999,0.005009204121797617
O=Cc1cc([N+](=O)[O-])ccc1O,CC(C)O,273.15,2,-1.5665016845814126,0.020192821614571,-1.580780165676366,-1.5522232034864591,0.028556962189906887
O=Cc1cc([N+](=O)[O-])ccc1O,CC(C)O,278.15,2,-1.5251623663044067,0.0028848348825695055,-1.527202252612475,-1.5231224799963383,0.00407977261613679
O=Cc1cc([N+](=O)[O-])ccc1O,CC(C)O,283.15,2,-1.492466050448175,0.002662006839381533,-1.4943483735358667,-1.4905837273604834,0.0037646461753833016
O=Cc1cc([N+](=O)[O-])ccc1O,CC(C)O,288.15,2,-1.4598242546011124,0.0032755943626318696,-1.462140449587346,-1.457508059614879,0.004632389972466955
O=Cc1cc([N+](=O)[O-])ccc1O,CC(C)O,293.15,2,-1.4258175451151391,0.001614404386892481,-1.4269591014046883,-1.4246759888255902,0.002283112579098079
O=Cc1cc([N+](=O)[O-])ccc1O,CC(C)O,298.15,2,-1.3918325391949335,0.001485063484734387,-1.3928826376554817,-1.3907824407343852,0.002100196921096531
O=Cc1cc([N+](=O)[O-])ccc1O,CC(C)O,303.15,2,-1.3605858192195004,0.0033926059137113344,-1.3629847538669793,-1.3581868845720215,0.004797869294957735
O=Cc1cc([N+](=O)[O-])ccc1O,CC(C)O,308.15,2,-1.3249622404874173,0.010423577752244301,-1.3323328230002545,-1.31759165797458,0.014741165025674352
O=Cc1cc([N+](=O)[O-])ccc1O,CC(C)O,313.15,2,-1.29018226740909,0.016052540719379487,-1.3015331278070363,-1.2788314070111435,0.022701720795892832
O=Cc1cc([N+](=O)[O-])ccc1O,CCO,273.15,2,-1.2500928464180352,0.02984046692622573,-1.2711932429353423,-1.228992449900728,0.042200793034614215
O=Cc1cc([N+](=O)[O-])ccc1O,CCO,278.15,2,-1.2269220970980355,0.022249707339647287,-1.242655016037316,-1.2111891781587547,0.031465837878561276
O=Cc1cc([N+](=O)[O-])ccc1O,CCO,283.15,2,-1.1996504159020052,0.01738423070043258,-1.2119429233159924,-1.187357908488018,0.024585014827974483
O=Cc1cc([N+](=O)[O-])ccc1O,CCO,288.15,2,-1.1735579711037105,0.013668637779831613,-1.183223157567412,-1.163892784640009,0.019330372927403028
O=Cc1cc([N+](=O)[O-])ccc1O,CCO,293.15,2,-1.1476035514868246,0.0036528985189535463,-1.150186540800563,-1.1450205621730862,0.005165978627476697
O=Cc1cc([N+](=O)[O-])ccc1O,CCO,298.15,2,-1.123131880148751,0.0002805358377802155,-1.1233302489420112,-1.1229335113554908,0.00039673758652036817
O=Cc1cc([N+](=O)[O-])ccc1O,CCO,303.15,2,-1.0984857096257499,0.0019116744332352928,-1.0998374675809115,-1.0971339516705882,0.002703515910323251
O=Cc1cc([N+](=O)[O-])ccc1O,CCO,308.15,2,-1.0719976889781866,0.008329524738114664,-1.0778875524045686,-1.0661078255518046,0.011779726852763961
O=Cc1cc([N+](=O)[O-])ccc1O,CCO,313.15,2,-1.0456345719856421,0.0192990630036896,-1.0592810703060975,-1.031988073665187,0.02729299664091056
O=Cc1cc([N+](=O)[O-])ccc1O,CO,273.15,2,-0.9558245982880085,0.02065034926291023,-0.9704266002856828,-0.941222596290334,0.029204003995348837
O=Cc1cc([N+](=O)[O-])ccc1O,CO,278.15,2,-0.9260010538238264,0.009985613566308744,-0.9330619488908716,-0.918940158756781,0.01412179013409054
O=Cc1cc([N+](=O)[O-])ccc1O,CO,283.15,2,-0.9006659621287103,0.008197956210880226,-0.906462792557294,-0.8948691317001265,0.01159366085716751
O=Cc1cc([N+](=O)[O-])ccc1O,CO,288.15,2,-0.8738100892131915,0.0035740250420225944,-0.8763373065565362,-0.8712828718698468,0.005054434686689424
O=Cc1cc([N+](=O)[O-])ccc1O,CO,293.15,2,-0.8480717229791501,0.0014592998502157136,-0.8491036037990222,-0.8470398421592781,0.0020637616397440883
O=Cc1cc([N+](=O)[O-])ccc1O,CO,298.15,2,-0.8219491072677702,0.0009619973524914445,-0.8226293421192004,-0.82126887241634,0.0013604697028604118
O=Cc1cc([N+](=O)[O-])ccc1O,CO,303.15,2,-0.7963206036927963,0.005887888209013742,-0.8004839693722583,-0.7921572380133345,0.008326731358923811
O=Cc1cc([N+](=O)[O-])ccc1O,CO,308.15,2,-0.771450534511966,0.008832101866301685,-0.7776957736337583,-0.7652052953901738,0.012490478243584513
O=Cc1cc([N+](=O)[O-])ccc1O,CO,313.15,2,-0.7489532498168409,0.006066984485812968,-0.7532432556881128,-0.7446632439455689,0.008580011742543858
O=Cc1cc([N+](=O)[O-])ccc1O,O,273.15,2,-2.759348881082232,0.05289436604444141,-2.79675084599882,-2.721946916165644,0.07480392983317596
O=Cc1cc([N+](=O)[O-])ccc1O,O,278.15,2,-2.6391707485515212,0.014556069094417581,-2.6494634437156037,-2.6288780533874383,0.02058539032816542
O=Cc1cc([N+](=O)[O-])ccc1O,O,283.15,2,-2.533055403133841,0.007211369026846931,-2.538154611074363,-2.527956195193319,0.010198415881044198
O=Cc1cc([N+](=O)[O-])ccc1O,O,288.15,2,-2.4428683495682555,0.014354990291180753,-2.4530188605470165,-2.4327178385894945,0.020301021957521925
O=Cc1cc([N+](=O)[O-])ccc1O,O,293.15,2,-2.3654360137007764,0.02237935454845177,-2.3812606070605646,-2.349611420340988,0.031649186719576505
O=Cc1cc([N+](=O)[O-])ccc1O,O,298.15,2,-2.2904577640457764,0.01585878146032945,-2.301671615957731,-2.279243912133822,0.022427703823908907
O=Cc1cc([N+](=O)[O-])ccc1O,O,303.15,2,-2.222284561114491,0.007646682433418258,-2.227691582116741,-2.216877540112241,0.010814042004500202
O=Cc1cc([N+](=O)[O-])ccc1O,O,308.15,2,-2.1587010388371093,0.007083259947199847,-2.1637096599786814,-2.153692417695537,0.010017242283144157
O=Cc1cc([N+](=O)[O-])ccc1O,O,313.15,2,-2.106800797077152,0.0147107413071422,-2.1172028620117134,-2.0963987321425908,0.020804129869122612
O=P(O)(O)c1ccccc1,CC(C)=O,288.15,2,0.3219553032175153,0.016671360517261563,0.310166871144154,0.3337437352908766,0.02357686414672261
O=P(O)(O)c1ccccc1,CC(C)=O,293.15,2,0.377532476792803,0.025837997721118614,0.3592622533919175,0.3958027001936886,0.0365404468017711
O=P(O)(O)c1ccccc1,CC(C)=O,298.15,2,0.43528811522660765,0.027774699436293696,0.4156484369097862,0.4549277935434291,0.0392793566336429
O=P(O)(O)c1ccccc1,CC(C)=O,303.15,2,0.48969285697694964,0.03704066189800761,0.4635011537692303,0.515884560184669,0.052383406415438705
O=P(O)(O)c1ccccc1,CC(C)=O,308.15,2,0.5495658283251039,0.03414428099070286,0.525422175697839,0.5737094809523688,0.048287305254529844
O=P(O)(O)c1ccccc1,CC(C)=O,313.15,2,0.6062466816565083,0.03845465581755082,0.5790551337597234,0.6334382295532932,0.05438309579356981
O=P(O)(O)c1ccccc1,CC(C)=O,318.15,2,0.6695625899215701,0.04342457716487444,0.6388567769381289,0.7002684029050114,0.06141162596688243
O=P(O)(O)c1ccccc1,CCCO,288.15,2,0.7252303321635022,0.06533335642728046,0.6790326727960945,0.7714279915309099,0.09239531873481543
O=P(O)(O)c1ccccc1,CCCO,293.15,2,0.7630743798851751,0.09427384026368697,0.6964127081462247,0.8297360516241256,0.13332334347790087
O=P(O)(O)c1ccccc1,CCCO,298.15,2,0.7983907147890786,0.10179275502727561,0.726412367433631,0.8703690621445263,0.14395669471089523
O=P(O)(O)c1ccccc1,CCCO,303.15,2,0.8345894721672855,0.12510533582361805,0.7461266408437849,0.9230523034907862,0.17692566264700127
O=P(O)(O)c1ccccc1,CCCO,308.15,2,0.8736795644766185,0.14148931576370696,0.7736315098346567,0.9737276191185804,0.20009610928392374
O=P(O)(O)c1ccccc1,CCCO,313.15,2,0.9065082407671585,0.16254278447180923,0.7915731356341987,1.0214433459001182,0.22987021026591947
O=P(O)(O)c1ccccc1,CCCO,318.15,2,0.9370773999441969,0.17769989552933985,0.8114245987992597,1.0627302010891342,0.25130560228987453
O=P(Oc1ccccc1)(Oc1ccccc1)N1CCN(P(=O)(Oc2ccccc2)Oc2ccccc2)CC1,ClCCl,288.15,2,-1.0134353366538633,0.028522637666702984,-1.033603887165316,-0.9932667861424108,0.04033710102290511
O=P(Oc1ccccc1)(Oc1ccccc1)N1CCN(P(=O)(Oc2ccccc2)Oc2ccccc2)CC1,ClCCl,293.15,2,-0.940999770461068,0.0023832011293459686,-0.94268494814056,-0.939314592781576,0.0033703553589840007
O=P(Oc1ccccc1)(Oc1ccccc1)N1CCN(P(=O)(Oc2ccccc2)Oc2ccccc2)CC1,ClCCl,298.15,2,-0.8713503722720325,0.012427879140472886,-0.8801382098880277,-0.8625625346560373,0.01757567523199044
O=P(Oc1ccccc1)(Oc1ccccc1)N1CCN(P(=O)(Oc2ccccc2)Oc2ccccc2)CC1,ClCCl,303.15,2,-0.7910436904307331,0.00927558847342794,-0.7976025219397898,-0.7844848589216764,0.013117663018113346
O=P(Oc1ccccc1)(Oc1ccccc1)N1CCN(P(=O)(Oc2ccccc2)Oc2ccccc2)CC1,ClCCl,308.15,2,-0.6903733664782009,0.00748422982980503,-0.6956655161428147,-0.6850812168135871,0.010584299329227553
O=S(=O)(c1ccc(O)cc1)c1ccc(O)cc1,CC#N,278.15,2,-0.8406743489419399,0.5214620495570612,-1.2094037003151734,-0.4719449975687064,0.737458702746467
O=S(=O)(c1ccc(O)cc1)c1ccc(O)cc1,CC#N,283.15,2,-0.7801383715036757,0.48063878015231665,-1.120001312250609,-0.4402754307567424,0.6797258814938665
O=S(=O)(c1ccc(O)cc1)c1ccc(O)cc1,CC#N,288.15,2,-0.7187536592271302,0.43350061473051954,-1.0252848835516175,-0.4122224349026429,0.6130624486489746
O=S(=O)(c1ccc(O)cc1)c1ccc(O)cc1,CC#N,293.15,2,-0.6437141732485951,0.36386466525196315,-0.9010053454824314,-0.3864230010147588,0.5145823444676726
O=S(=O)(c1ccc(O)cc1)c1ccc(O)cc1,CC#N,298.15,2,-0.5734018903886645,0.3288253973302741,-0.8059165586672622,-0.3408872221100669,0.4650293365571953
O=S(=O)(c1ccc(O)cc1)c1ccc(O)cc1,CC#N,303.15,2,-0.5058788844671119,0.2990850180446827,-0.717363928877808,-0.2943938400564159,0.4229700888213921
O=S(=O)(c1ccc(O)cc1)c1ccc(O)cc1,CC#N,308.15,2,-0.43454822654522984,0.26743311034826206,-0.6236519923862962,-0.2454444607041635,0.3782075316821327
O=S(=O)(c1ccc(O)cc1)c1ccc(O)cc1,CC#N,313.15,2,-0.37603704536901605,0.23394018715285086,-0.5414577380968469,-0.2106163526411852,0.3308413854556618
O=[N+]([O-])N1C2C3N([N+](=O)[O-])C1C1N([N+](=O)[O-])C(C(N1[N+](=O)[O-])N3[N+](=O)[O-])N2[N+](=O)[O-],CCOC(C)=O,283.15,2,0.057742373784111095,0.00010987666011394966,0.0576646792526504,0.0578200683155718,0.00015538906292140303
O=[N+]([O-])N1C2C3N([N+](=O)[O-])C1C1N([N+](=O)[O-])C(C(N1[N+](=O)[O-])N3[N+](=O)[O-])N2[N+](=O)[O-],CCOC(C)=O,288.15,2,0.0490601170240869,0.006012832211969864,0.0448084025928661,0.0533118314553077,0.008503428862441598
O=[N+]([O-])N1C2C3N([N+](=O)[O-])C1C1N([N+](=O)[O-])C(C(N1[N+](=O)[O-])N3[N+](=O)[O-])N2[N+](=O)[O-],CCOC(C)=O,293.15,2,0.04181363801413154,0.011080729077192467,0.0339783793431578,0.0496488966851053,0.0156705173419475
O=[N+]([O-])N1C2C3N([N+](=O)[O-])C1C1N([N+](=O)[O-])C(C(N1[N+](=O)[O-])N3[N+](=O)[O-])N2[N+](=O)[O-],CCOC(C)=O,298.15,2,0.033763853745733596,0.015977959955402476,0.0224657299117414,0.0450619775797258,0.022596247667984397
O=[N+]([O-])N1C2C3N([N+](=O)[O-])C1C1N([N+](=O)[O-])C(C(N1[N+](=O)[O-])N3[N+](=O)[O-])N2[N+](=O)[O-],CCOC(C)=O,303.15,2,0.0258374587964586,0.020295271677468425,0.0114865345672974,0.0401883830256198,0.0287018484583224
O=[N+]([O-])N1C2C3N([N+](=O)[O-])C1C1N([N+](=O)[O-])C(C(N1[N+](=O)[O-])N3[N+](=O)[O-])N2[N+](=O)[O-],CCOC(C)=O,308.15,2,0.0181618863994435,0.024034113494352555,0.0011672017677797,0.0351565710311073,0.0339893692633276
O=[N+]([O-])N1C2C3N([N+](=O)[O-])C1C1N([N+](=O)[O-])C(C(N1[N+](=O)[O-])N3[N+](=O)[O-])N2[N+](=O)[O-],CCOC(C)=O,313.15,2,0.01135408739401805,0.02785120919187448,-0.0083396914898015,0.0310478662778376,0.0393875577676391
O=[N+]([O-])N1C2C3N([N+](=O)[O-])C1C1N([N+](=O)[O-])C(C(N1[N+](=O)[O-])N3[N+](=O)[O-])N2[N+](=O)[O-],CCOC(C)=O,318.15,2,0.00479103622337505,0.030032865580865067,-0.0164454066873187,0.0260274791340688,0.0424728858213875
O=[N+]([O-])N1CN([N+](=O)[O-])CN([N+](=O)[O-])CN([N+](=O)[O-])C1,CC(C)=O,293.15,2,-1.1835966014401411,0.04066050124566925,-1.212347917597398,-1.1548452852828843,0.05750263231451358
O=[N+]([O-])N1CN([N+](=O)[O-])CN([N+](=O)[O-])CN([N+](=O)[O-])C1,CC(C)=O,298.15,3,-1.1584030001566967,0.027416669303543098,-1.1852786690728367,-1.1304755980400538,0.054803071032782924
O=[N+]([O-])N1CN([N+](=O)[O-])CN([N+](=O)[O-])CN([N+](=O)[O-])C1,CC(C)=O,303.15,3,-1.1300959423123917,0.025994483058654688,-1.1562694031124394,-1.104284212431112,0.05198519068132734
O=[N+]([O-])N1CN([N+](=O)[O-])CN([N+](=O)[O-])CN([N+](=O)[O-])C1,CC(C)=O,308.15,3,-1.096862025020732,0.03738054285941334,-1.1352122068600004,-1.0605331400853204,0.07467906677467995
O=[N+]([O-])N1CN([N+](=O)[O-])CN([N+](=O)[O-])CN([N+](=O)[O-])C1,CC(C)=O,313.15,3,-1.0692786286511555,0.03810795611586369,-1.1100573069561266,-1.0345700414002763,0.07548726555585028
O=[N+]([O-])N1CN([N+](=O)[O-])CN([N+](=O)[O-])CN([N+](=O)[O-])C1,CC(C)=O,318.15,2,-1.0153189675033913,0.0008463861617737859,-1.015917452897884,-1.0147204821088986,0.0011969707889853964
O=[N+]([O-])N1CN([N+](=O)[O-])CN([N+](=O)[O-])CN([N+](=O)[O-])C1,CS(C)=O,298.15,2,0.08307662613375155,0.05032922907922935,0.0474884869599373,0.1186647653075658,0.07117627834762849
O=[N+]([O-])N1CN([N+](=O)[O-])CN([N+](=O)[O-])CN([N+](=O)[O-])C1,CS(C)=O,308.15,2,0.12405382338045995,0.04040820473126378,0.095480907799409,0.1526267389615109,0.05714583116210191
O=[N+]([O-])N1CN([N+](=O)[O-])CN([N+](=O)[O-])CN([N+](=O)[O-])C1,CS(C)=O,318.15,2,0.17571157211487642,0.00971028992303735,0.1688453602630093,0.1825777839667435,0.013732423703734203
O=[N+]([O-])N1CN([N+](=O)[O-])CN([N+](=O)[O-])CN([N+](=O)[O-])C1,CS(C)=O,328.15,2,0.2050818953248395,0.028046485925172154,0.1852500349386972,0.2249137557109818,0.03966372077228458
O=[N+]([O-])N1CN([N+](=O)[O-])CN([N+](=O)[O-])CN([N+](=O)[O-])C1,CS(C)=O,338.15,2,0.24737261827130402,0.04770052184892722,0.2136432558057905,0.2811019807368175,0.06745872493102703
O=[N+]([O-])N1CN([N+](=O)[O-])CN([N+](=O)[O-])CN([N+](=O)[O-])C1,CS(C)=O,348.15,2,0.2839302825412501,0.07401181269871782,0.2315960278940781,0.3362645371884221,0.10466850929434399
O=[N+]([O-])N1CN([N+](=O)[O-])CN([N+](=O)[O-])CN([N+](=O)[O-])C1,CS(C)=O,358.15,2,0.31727993689809497,0.10891716418260769,0.2402638715169645,0.3942960022792254,0.1540321307622609
O=[N+]([O-])N=C1NCCN1Cc1ccc(Cl)nc1,CCCO,293.15,2,-2.1859447141132016,0.01595357746932832,-2.197225596925948,-2.1746638313004545,0.022561765625493724
O=[N+]([O-])N=C1NCCN1Cc1ccc(Cl)nc1,CCCO,298.15,2,-2.0835100297404825,0.01987960204447276,-2.097567031153419,-2.069453028327546,0.028114002825873285
O=[N+]([O-])N=C1NCCN1Cc1ccc(Cl)nc1,CCCO,303.15,2,-1.9648759389592176,0.013859023828686846,-1.974675748689108,-1.955076129229327,0.019599619459780948
O=[N+]([O-])N=C1NCCN1Cc1ccc(Cl)nc1,CCCO,308.15,2,-1.8404971712952274,0.0028075921691030434,-1.8424824387568064,-1.8385119038336484,0.00397053492315802
O=[N+]([O-])N=C1NCCN1Cc1ccc(Cl)nc1,CCCO,313.15,2,-1.7516908698833271,0.023227764294301283,-1.7681153795276303,-1.735266360239024,0.032849019288606396
O=[N+]([O-])N=C1NCCN1Cc1ccc(Cl)nc1,CCCO,318.15,2,-1.6429946155855868,0.015181545619767969,-1.6537295894422177,-1.632259641728956,0.021469947713261606
O=[N+]([O-])N=C1NCCN1Cc1ccc(Cl)nc1,CCCO,323.15,2,-1.5363862479355124,0.010588121830643166,-1.5438731806819894,-1.528899315189035,0.014973865492954319
O=[N+]([O-])N=C1NCCN1Cc1ccc(Cl)nc1,CCO,293.15,2,-2.0146111382211096,0.03817513391046799,-2.041605034281906,-1.987617242160313,0.05398779212159277
O=[N+]([O-])N=C1NCCN1Cc1ccc(Cl)nc1,CCO,298.15,2,-1.8941610073024333,0.041432595193067606,-1.9234582763256087,-1.864863738279258,0.05859453804635062
O=[N+]([O-])N=C1NCCN1Cc1ccc(Cl)nc1,CCO,303.15,2,-1.817512089664712,0.0018841251219697875,-1.8188443673150605,-1.816179812014363,0.0026645553006974243
O=[N+]([O-])N=C1NCCN1Cc1ccc(Cl)nc1,CCO,308.15,2,-1.702495365046272,0.012550889138484145,-1.7113701838660147,-1.6936205462265292,0.01774963763948545
O=[N+]([O-])N=C1NCCN1Cc1ccc(Cl)nc1,CCO,313.15,2,-1.6014332966735445,0.0035054833255699505,-1.6039120477043916,-1.5989545456426977,0.004957502061693875
O=[N+]([O-])N=C1NCCN1Cc1ccc(Cl)nc1,CCO,318.15,2,-1.4976378639157528,0.0014539837575545322,-1.4986659856904547,-1.496609742141051,0.0020562435494038134
O=[N+]([O-])N=C1NCCN1Cc1ccc(Cl)nc1,CCO,323.15,2,-1.392542441689614,0.015272265342461844,-1.403341564077349,-1.3817433193018789,0.02159824477547012
O=[N+]([O-])N=C1NCCN1Cc1ccc(Cl)nc1,CO,293.15,2,-1.5420589196011136,0.02011575928144765,-1.5562829093977415,-1.5278349298044858,0.028447979593255734
O=[N+]([O-])N=C1NCCN1Cc1ccc(Cl)nc1,CO,298.15,2,-1.4465189990746705,0.018593256832176344,-1.4596664170650455,-1.4333715810842955,0.026294835980749998
O=[N+]([O-])N=C1NCCN1Cc1ccc(Cl)nc1,CO,303.15,2,-1.3601967371706194,0.004996813189320646,-1.3637300176611102,-1.3566634566801283,0.007066560980981906
O=[N+]([O-])N=C1NCCN1Cc1ccc(Cl)nc1,CO,308.15,2,-1.2611115496348693,0.012007392776969347,-1.2696020584918348,-1.252621040777904,0.0169810177139309
O=[N+]([O-])N=C1NCCN1Cc1ccc(Cl)nc1,CO,313.15,2,-1.1825847433123067,0.004078596228015825,-1.1854687463628586,-1.179700740261755,0.005768006101103618
O=[N+]([O-])N=C1NCCN1Cc1ccc(Cl)nc1,CO,318.15,2,-1.0759961433591676,0.018613093603190387,-1.0891575880648436,-1.0628346986534918,0.026322889411351857
O=[N+]([O-])N=C1NCCN1Cc1ccc(Cl)nc1,CO,323.15,2,-0.9935726360930286,0.021929105931736508,-1.0090788556027177,-0.9780664165833396,0.031012439019378113
O=[N+]([O-])c1cccc2ccccc12,C1CCCCC1,298.15,2,-0.6175050861764462,0.01306635403690144,-0.6267443937213234,-0.6082657786315689,0.018478615089754458
O=[N+]([O-])c1cccc2ccccc12,CC#N,298.15,2,0.9589339007824729,0.007843075218526202,0.9533880091100968,0.9644797924548488,0.011091783344752026
O=[N+]([O-])c1cccc2ccccc12,CC(C)CO,298.15,2,-0.6695083326209589,0.07405907969035155,-0.7218760100784414,-0.6171406551634764,0.104735354914965
O=[N+]([O-])c1cccc2ccccc12,CC(C)O,298.15,2,-0.5416547387766966,0.009868555296432463,-0.5486328611473185,-0.5346766164060748,0.013956244741243684
O=[N+]([O-])c1cccc2ccccc12,CCCCO,298.15,2,-0.39942526955387825,0.009630083975580657,-0.4062347672364073,-0.3926157718713493,0.013618995365058006
O=[N+]([O-])c1cccc2ccccc12,CCCO,298.15,2,-0.3891623835814022,0.0047852764173613,-0.3925460849859705,-0.385778682176834,0.0067674028091365135
O=[N+]([O-])c1cccc2ccccc12,CCO,298.15,2,-0.3103365156791583,0.003962343811317579,-0.3131383158575335,-0.3075347155007831,0.005603600356750393
O=[N+]([O-])c1cn[nH]c1,CC#N,288.15,2,-0.03383444542266315,0.10469522211324914,-0.1078651469367734,0.0401962560914471,0.14806140302822052
O=[N+]([O-])c1cn[nH]c1,CC#N,293.15,2,0.013321155985730897,0.07447085034207916,-0.0393376872918818,0.0659799992633436,0.10531768655522539
O=[N+]([O-])c1cn[nH]c1,CC#N,298.15,2,0.0618821965190173,0.0529316995433994,0.0244538328321507,0.0993105602058839,0.0748567273737332
O=[N+]([O-])c1cn[nH]c1,CC#N,303.15,2,0.1234340201508039,0.013540603046626463,0.1138593679151791,0.1330086723864287,0.019149304471249587
O=[N+]([O-])c1cn[nH]c1,CC#N,308.15,2,0.1818225289192262,0.02005685175993206,0.1676401930305249,0.1960048648079275,0.028364671777402595
O=[N+]([O-])c1cn[nH]c1,CC#N,313.15,2,0.23388294601283843,0.045941374754594665,0.2013974883868321,0.2663684036388448,0.06497091525201268
O=[N+]([O-])c1cn[nH]c1,CC#N,318.15,2,0.29531958144183257,0.07189373323527797,0.2444830351463509,0.3461561277373143,0.10167309259096341
O=[N+]([O-])c1cn[nH]c1,CCO,288.15,2,0.09888310193861818,0.26748473602338635,-0.0902571687674119,0.2880233726446483,0.3782805414120602
O=[N+]([O-])c1cn[nH]c1,CCO,293.15,2,0.14470702955292936,0.2761740809383697,-0.0505775358665543,0.339991594972413,0.39056913083896727
O=[N+]([O-])c1cn[nH]c1,CCO,298.15,2,0.19610415545407867,0.28387446911829767,-0.0046254066652008,0.3968337175733581,0.4014591242385589
O=[N+]([O-])c1cn[nH]c1,CCO,303.15,2,0.2555985339650945,0.2979022793673995,0.044949812093477,0.466247255836712,0.421297443743235
O=[N+]([O-])c1cn[nH]c1,CCO,308.15,2,0.3100798615385969,0.31496557561684574,0.087365567179601,0.5327941558975928,0.44542858871799185
O=[N+]([O-])c1cn[nH]c1,CCO,313.15,2,0.3728338675142695,0.3415234725266781,0.1313403041562779,0.6143274308722612,0.48298712671598326
O=[N+]([O-])c1cn[nH]c1,CCO,318.15,2,0.439378140425219,0.37020084672728604,0.1776066113033533,0.7011496695470847,0.5235430582437314
O=[N+]([O-])c1cn[nH]c1,CO,288.15,2,0.3246661985564949,0.2233140502582254,0.1667593192846703,0.4825730778283196,0.3158137585436493
O=[N+]([O-])c1cn[nH]c1,CO,293.15,2,0.37766978638861187,0.24390569476189647,0.2052024156524587,0.5501371571247651,0.3449347414723064
O=[N+]([O-])c1cn[nH]c1,CO,298.15,2,0.42816388228668173,0.2573112980572655,0.2462173185544764,0.6101104460188871,0.3638931274644107
O=[N+]([O-])c1cn[nH]c1,CO,303.15,2,0.4796884842446656,0.27732668735195487,0.2835889030140967,0.6757880654752344,0.3921991624611377
O=[N+]([O-])c1cn[nH]c1,CO,308.15,2,0.5334720520913452,0.3059645603715016,0.3171224366498956,0.7498216675327948,0.4326992308828992
O=[N+]([O-])c1cn[nH]c1,CO,313.15,2,0.5891188383445961,0.33999616512330477,0.3487052444084861,0.8295324322807061,0.48082718787221995
O=[N+]([O-])c1cn[nH]c1,CO,318.15,2,0.6533128604432143,0.3791597737716362,0.3852064132561331,0.9214193076302956,0.5362128943741624
O=[N+]([O-])c1cn[nH]c1,O,288.15,2,-0.872129344601247,0.06490036446481309,-0.9180208324157948,-0.8262378567866993,0.09178297562909554
O=[N+]([O-])c1cn[nH]c1,O,293.15,2,-0.7778915878165826,0.029141850440665223,-0.7984979878795012,-0.7572851877536642,0.04121280012583706
O=[N+]([O-])c1cn[nH]c1,O,298.15,2,-0.6928940426334426,0.008019268441165458,-0.6985645217283459,-0.6872235635385392,0.011340958189806738
O=[N+]([O-])c1cn[nH]c1,O,303.15,2,-0.597592567622671,0.02088162140046173,-0.6123581037171075,-0.5828270315282343,0.029531072188873186
O=[N+]([O-])c1cn[nH]c1,O,308.15,2,-0.49999311186125445,0.04991839365291379,-0.5352907465191693,-0.4646954772033396,0.07059526931582971
O=[N+]([O-])c1cn[nH]c1,O,313.15,2,-0.40733636581444604,0.04798638714776729,-0.4412678655712753,-0.3734048660576168,0.06786299951365848
O=[N+]([O-])c1cn[nH]c1,O,318.15,2,-0.3125352654202693,0.05599023664086584,-0.352126341429265,-0.2729441894112736,0.07918215201799145
O=[N+]([O-])c1nonc1-c1no[n+]([O-])c1-c1nonc1[N+](=O)[O-],CCO,298.15,2,-1.0246717786767523,0.23813603810446057,-1.1930593860653145,-0.8562841712881902,0.33677521477712424
O=[N+]([O-])c1nonc1-c1no[n+]([O-])c1-c1nonc1[N+](=O)[O-],CCO,303.15,2,-0.8954087836269979,0.14400222683075264,-0.9972337347249866,-0.7935838325290094,0.20364990219597712
O=[N+]([O-])c1nonc1-c1no[n+]([O-])c1-c1nonc1[N+](=O)[O-],CCO,308.15,2,-0.8212139875301594,0.13305928467901273,-0.9153011100265206,-0.7271268650337982,0.1881742449927224
O=[N+]([O-])c1nonc1-c1no[n+]([O-])c1-c1nonc1[N+](=O)[O-],CCO,313.15,2,-0.699144626612462,0.05610955879319362,-0.7388200761245145,-0.6594691771004095,0.07935089902410497
O=[N+]([O-])c1nonc1-c1no[n+]([O-])c1-c1nonc1[N+](=O)[O-],CCO,318.15,2,-0.6146874424927138,0.035266893378651624,-0.6396249019521413,-0.5897499830332862,0.04987491891885509
O=[N+]([O-])c1nonc1-c1no[n+]([O-])c1-c1nonc1[N+](=O)[O-],CO,298.15,2,-0.41213155528076273,0.04532160797438008,-0.4441787716137252,-0.3800843389478003,0.0640944326659249
O=[N+]([O-])c1nonc1-c1no[n+]([O-])c1-c1nonc1[N+](=O)[O-],CO,303.15,2,-0.35600495063520476,0.02286758959563238,-0.3721747783076674,-0.3398351229627422,0.03233965534492517
O=[N+]([O-])c1nonc1-c1no[n+]([O-])c1-c1nonc1[N+](=O)[O-],CO,308.15,2,-0.3023338982072627,0.03199926019818004,-0.3249607920863486,-0.2797070043281768,0.04525378775817179
O=[N+]([O-])c1nonc1-c1no[n+]([O-])c1-c1nonc1[N+](=O)[O-],CO,313.15,2,-0.25785948056553315,0.05627381998967299,-0.297651080283502,-0.2180678808475643,0.07958319943593772
O=[N+]([O-])c1nonc1-c1no[n+]([O-])c1-c1nonc1[N+](=O)[O-],CO,318.15,2,-0.21055962729292,0.06298289202438973,-0.2550952573421061,-0.1660239972437339,0.08907126009837218
O=c1[nH]c2ccccc2n1CCCN1CCC(n2c(=O)[nH]c3cc(Cl)ccc32)CC1,CC(C)O,293.15,2,-3.617063136292926,0.0014960160688296635,-3.61812097939996,-3.616005293185893,0.002115686214067214
O=c1[nH]c2ccccc2n1CCCN1CCC(n2c(=O)[nH]c3cc(Cl)ccc32)CC1,CC(C)O,298.15,2,-3.5279317182379653,0.003634356967961675,-3.5305015966952635,-3.525361839780667,0.0051397569145965605
O=c1[nH]cc(F)c(=O)[nH]1,CCO,293.15,2,-1.3747334217446379,0.0010027652149679834,-1.3754424838280797,-1.3740243596611958,0.0014181241668838052
O=c1[nH]cc(F)c(=O)[nH]1,CCO,298.15,2,-1.3314031134039972,0.009597203266953422,-1.3381893609144857,-1.324616865893509,0.013572495020976794
O=c1[nH]cc(F)c(=O)[nH]1,CCO,303.15,2,-1.2866386606608162,0.006079716131911364,-1.29093766916538,-1.2823396521562525,0.008598017009127545
O=c1[nH]cc(F)c(=O)[nH]1,CCO,308.15,2,-1.2458814362337278,0.007801101605679106,-1.2513976480798288,-1.2403652243876269,0.01103242369220192
O=c1[nH]cc(F)c(=O)[nH]1,CCO,313.15,2,-1.199459967314624,0.010589315004434293,-1.20694774376238,-1.191972190866868,0.014975552895512001
O=c1[nH]cc(F)c(=O)[nH]1,CCO,318.15,2,-1.1671715821877418,0.006443866195852162,-1.1717280836718875,-1.1626150807035958,0.009113002968291761
O=c1[nH]cc(F)c(=O)[nH]1,CCO,323.15,2,-1.122704630696925,0.0027239914205268675,-1.1246307835022735,-1.1207784778915764,0.00385230561069716
O=c1[nH]cc(F)c(=O)[nH]1,O,293.15,2,-1.0675218947400227,0.002990950554334809,-1.0696368161591865,-1.0654069733208589,0.004229842838327613
O=c1[nH]cc(F)c(=O)[nH]1,O,298.15,3,-0.961150184964462,0.08700804735037389,-1.012125318238314,-0.8606856075541686,0.15143971068414552
O=c1[nH]cc(F)c(=O)[nH]1,O,303.15,2,-0.9629940245991837,0.0051636209649197455,-0.9666452559989556,-0.959342793199412,0.0073024627995436076
O=c1[nH]cc(F)c(=O)[nH]1,O,308.15,2,-0.9123372828821703,0.020581520183062044,-0.9268906153707414,-0.8977839503935994,0.029106664977141983
O=c1[nH]cc(F)c(=O)[nH]1,O,313.15,2,-0.8631576482865904,0.018107146203900002,-0.8759613341553043,-0.8503539624178764,0.025607371737427886
O=c1[nH]cc(F)c(=O)[nH]1,O,318.15,2,-0.7992317051485677,0.0218092060843364,-0.8146531426630969,-0.7838102676340385,0.03084287502905836
O=c1[nH]cc(F)c(=O)[nH]1,O,323.15,2,-0.7433176013719753,0.03115572875469959,-0.765348028447232,-0.7212871742967185,0.04406085415051353
O=c1c(-c2ccc(O)cc2)coc2cc(O)ccc12,O,288.2,2,-5.504098956276653,0.00016330369462798407,-5.504214429426518,-5.503983483126789,0.00023094629972852943
O=c1c(-c2ccc(O)cc2)coc2cc(O)ccc12,O,293.2,2,-5.472209720081468,0.00045424173403898425,-5.472530917491905,-5.471888522671031,0.000642394820873804
O=c1c(-c2ccc(O)cc2)coc2cc(O)ccc12,O,298.2,2,-5.275740150391761,0.00038442642527926395,-5.276011980923943,-5.275468319859579,0.0005436610643645423
O=c1c(-c2ccc(O)cc2)coc2cc(O)ccc12,O,303.2,2,-5.028947935860727,0.0002897442132744029,-5.029152815958743,-5.028743055762711,0.00040976019603178315
O=c1c(-c2ccc(O)cc2)coc2cc(O)ccc12,O,308.2,2,-4.930227941235614,0.00035988828529585535,-4.930482420682617,-4.929973461788612,0.0005089588940050405
O=c1c(-c2ccc(O)cc2)coc2cc(O)ccc12,O,313.2,2,-4.8678209149921265,0.0003234780866133196,-4.868049648540737,-4.867592181443517,0.0004574670972194994
O=c1c(-c2ccc(O)cc2)coc2cc(O)ccc12,O,318.2,2,-4.813756249948989,0.0003617175209609163,-4.814012022860935,-4.813500477037044,0.0005115458238913462
O=c1c(-c2ccc(O)cc2)coc2cc(O)ccc12,O,323.2,2,-4.77395360293116,0.0002594615355944599,-4.774137069942436,-4.773770135919884,0.0003669340225522788
O=c1c(-c2ccc(O)cc2)coc2cc(O)ccc12,O,328.2,2,-4.699520668713976,0.00027683770125934166,-4.699716422529825,-4.699324914898128,0.0003915076316971522
O=c1cc(-c2ccc(O)c(O)c2)oc2cc(O)cc(O)c12,CCO,303.2,2,-1.4544008942344684,0.0064424077921678945,-1.4589563644714794,-1.4498454239974574,0.009110940474021945
O=c1cc(-c2ccc(O)c(O)c2)oc2cc(O)cc(O)c12,CCO,313.2,2,-1.3402245346582315,0.0025256533703728414,-1.342010441283349,-1.3384386280331144,0.003571813250234479
O=c1cc(-c2ccc(O)c(O)c2)oc2cc(O)cc(O)c12,O,303.2,2,-4.248075068371325,0.4808346864456852,-4.588076535786776,-3.908073600955873,0.6800029348309029
O=c1cc(-c2ccc(O)c(O)c2)oc2cc(O)cc(O)c12,O,313.2,2,-4.05714384526838,0.48048172042261694,-4.396895728015391,-3.717391962521368,0.6795037654940228
O=c1cc(-c2ccc(O)cc2)oc2cc(O)cc(O)c12,CCCCO,298.2,2,-2.21143720003455,0.00326303431441895,-2.21374451372552,-2.20912988634358,0.004614627381939851
O=c1cc(-c2ccc(O)cc2)oc2cc(O)cc(O)c12,CCCCO,308.2,2,-2.1184513988008273,0.0056548316818935745,-2.122449968629563,-2.114452828972092,0.007997139657470953
O=c1cc(-c2ccc(O)cc2)oc2cc(O)cc(O)c12,CCCCO,318.2,2,-2.032783617910143,0.033950029551957764,-2.056789914027816,-2.00877732179247,0.04801259223534604
O=c1cc(-c2ccc(O)cc2)oc2cc(O)cc(O)c12,CCO,298.2,2,-2.3344773475673133,0.05084207774400698,-2.370428125509714,-2.298526569624912,0.07190155588480218
O=c1cc(-c2ccc(O)cc2)oc2cc(O)cc(O)c12,CCO,308.2,2,-2.2267050892724485,0.010473765500545492,-2.234111159882442,-2.219299018662455,0.014812141219986863
O=c1cc(-c2ccc(O)cc2)oc2cc(O)cc(O)c12,CCO,318.2,2,-2.1353482290653316,0.06214367767277577,-2.179290444955622,-2.0914060131750407,0.08788443178058136
O=c1cc(-c2ccc(O)cc2)oc2cc(O)cc(O)c12,CCOC(C)=O,298.2,2,-2.613221906908723,0.002559733918922139,-2.615031912120826,-2.61141190169662,0.0036200104242061215
O=c1cc(-c2ccc(O)cc2)oc2cc(O)cc(O)c12,CCOC(C)=O,308.2,2,-2.4882168313849284,0.002840010271479361,-2.490225021906531,-2.486208640863326,0.0040163810432050084
O=c1cc(-c2ccc(O)cc2)oc2cc(O)cc(O)c12,CCOC(C)=O,318.2,2,-2.3581156566638146,0.002767847386542563,-2.360072820320128,-2.356158493007501,0.003914327312627197
O=c1cc(-c2ccc(O)cc2)oc2cc(O)cc(O)c12,CO,298.2,2,-2.448825051920613,0.012710935345945319,-2.4578130404989547,-2.4398370633422712,0.01797597715668342
O=c1cc(-c2ccc(O)cc2)oc2cc(O)cc(O)c12,CO,308.2,2,-2.3309251848220214,0.04463928132888634,-2.362489923356971,-2.299360446287072,0.06312947706989913
O=c1cc(-c2ccc(O)cc2)oc2cc(O)cc(O)c12,CO,318.2,2,-2.214763013113301,0.0925468748068801,-2.280203535866869,-2.149322490359734,0.13088104550713497
O=c1cc(-c2ccc(O)cc2)oc2cc(O)cc(O)c12,O,298.2,2,-4.242441800110902,0.0029671041547046782,-4.244539859579181,-4.240343740642624,0.004196118936556914
O=c1cc(-c2ccc(O)cc2)oc2cc(O)cc(O)c12,O,308.2,2,-4.042296119273242,0.02980209024163886,-4.063369379376639,-4.021222859169846,0.04214652020679299
O=c1cc(-c2ccc(O)cc2)oc2cc(O)cc(O)c12,O,318.2,2,-3.854752462910864,0.11615549931075776,-3.93688680414561,-3.7726181216761177,0.16426868246949233
O=c1cc(-c2ccccc2)oc2cc(O)cc(O)c12,O,298.15,2,-4.234498103570441,4.593227424040944,-7.48240036264181,-0.986595844499072,6.495804518142738
O=c1cc(-c2ccccc2)oc2cc(O)cc(O)c12,O,303.15,2,-4.022010820584486,4.44359345107789,-7.164105882677794,-0.8799157584911766,6.284190124186617
O=c1cc(-c2ccccc2)oc2cc(O)cc(O)c12,O,308.15,2,-3.7037458962260623,4.235317321613845,-6.698567494816058,-0.7089242976360665,5.9896431971799915
O=c1cc(-c2ccccc2)oc2cc(O)cc(O)c12,O,313.15,2,-3.425111038370652,4.004759218915413,-6.2569034390850815,-0.5933186376562217,5.6635848014288594
O=c1cc(-c2ccccc2)oc2cc(O)cc(O)c12,O,318.15,2,-3.2153599275105362,3.919066437885143,-5.986558381659728,-0.4441614733613443,5.542396908298384
O=c1cc(CBr)c2ccccc2[nH]1,CC(C)O,278.15,2,-2.691728067284579,0.004014953444542575,-2.694567068091364,-2.688889066477795,0.005678001613568906
O=c1cc(CBr)c2ccccc2[nH]1,CC(C)O,283.15,2,-2.6330258956779984,0.0031395162057767222,-2.635245868876748,-2.6308059224792486,0.004439946397499561
O=c1cc(CBr)c2ccccc2[nH]1,CC(C)O,288.15,2,-2.5780781281191807,0.0029041926299526585,-2.580131702421692,-2.576024553816669,0.004107148605023259
O=c1cc(CBr)c2ccccc2[nH]1,CC(C)O,293.15,2,-2.528419364415281,0.006914999628898015,-2.5333090075447773,-2.523529721285785,0.009779286258992492
O=c1cc(CBr)c2ccccc2[nH]1,CC(C)O,298.15,2,-2.4816660744128063,0.014041759268455535,-2.49159509761132,-2.471737051214292,0.01985804639702815
O=c1cc(CBr)c2ccccc2[nH]1,CC(C)O,303.15,2,-2.4323074186216864,0.01472512444365123,-2.442719653969608,-2.421895183273765,0.020824470695842923
O=c1cc(CBr)c2ccccc2[nH]1,CC(C)O,308.15,2,-2.382687639324703,0.011730295972165027,-2.3909822111519463,-2.37439306749746,0.01658914365448627
O=c1cc(CBr)c2ccccc2[nH]1,CC(C)O,313.15,2,-2.3341230041948853,0.0039847620051059185,-2.33694065643011,-2.33130535195966,0.00563530447045002
O=c1cc(CBr)c2ccccc2[nH]1,CCCO,278.15,2,-2.484681183549197,0.003056409905736595,-2.486842391719629,-2.482519975378765,0.004322416340864166
O=c1cc(CBr)c2ccccc2[nH]1,CCCO,283.15,2,-2.4452811477710847,0.007985009217560748,-2.450927401936659,-2.439634893605511,0.011292508331148365
O=c1cc(CBr)c2ccccc2[nH]1,CCCO,288.15,2,-2.4090895610105867,0.015142469612777622,-2.419796903957693,-2.3983822180634804,0.02141468589421258
O=c1cc(CBr)c2ccccc2[nH]1,CCCO,293.15,2,-2.372658792375142,0.015697130822475744,-2.3837583400248867,-2.3615592447253966,0.022199095299490157
O=c1cc(CBr)c2ccccc2[nH]1,CCCO,298.15,2,-2.332933578422581,0.014344169241633722,-2.343076437763828,-2.3227907190813344,0.020285718682493403
O=c1cc(CBr)c2ccccc2[nH]1,CCCO,303.15,2,-2.2931500911139393,0.00871067933311896,-2.299309471539129,-2.286990710688749,0.012318760850380084
O=c1cc(CBr)c2ccccc2[nH]1,CCCO,308.15,2,-2.2492681824593195,0.0035933030665176143,-2.2518090314245125,-2.2467273334941265,0.005081697930386042
O=c1cc(CBr)c2ccccc2[nH]1,CCCO,313.15,2,-2.2095159060545484,0.006655218605548294,-2.2142218562608105,-2.2048099558482863,0.009411900412524155
O=c1cc(CBr)c2ccccc2[nH]1,CCO,278.15,2,-2.4818970794933835,0.003896255442161132,-2.4846521481377706,-2.4791420108489963,0.005510137288774253
O=c1cc(CBr)c2ccccc2[nH]1,CCO,283.15,2,-2.442458242332121,0.007366219028697502,-2.447666945759018,-2.437249538905223,0.010417406853794997
O=c1cc(CBr)c2ccccc2[nH]1,CCO,288.15,2,-2.400694151800196,0.010115482107531652,-2.407846877793403,-2.3935414258069896,0.01430545198641342
O=c1cc(CBr)c2ccccc2[nH]1,CCO,293.15,2,-2.3613333281569453,0.01681723659003264,-2.373224910190576,-2.3494417461233144,0.023783164067261442
O=c1cc(CBr)c2ccccc2[nH]1,CCO,298.15,2,-2.3238927389106525,0.016011104215516374,-2.3352142992757288,-2.3125711785455767,0.022643120730152066
O=c1cc(CBr)c2ccccc2[nH]1,CCO,303.15,2,-2.2818277037724606,0.014550024229641231,-2.2921161245716686,-2.271539282973253,0.02057684159841555
O=c1cc(CBr)c2ccccc2[nH]1,CCO,308.15,2,-2.238614008914249,0.00798427225548926,-2.244259741968945,-2.2329682758595526,0.011291466109392356
O=c1cc(CBr)c2ccccc2[nH]1,CCO,313.15,2,-2.193940850077375,0.005474533362795057,-2.1978119297420395,-2.190069770412711,0.007742159329328757
O=c1cc(CBr)c2ccccc2[nH]1,CN1CCCC1=O,278.15,2,-1.2487663239893059,0.00871365598143778,-1.2549278092227072,-1.2426048387559043,0.012322970466802863
O=c1cc(CBr)c2ccccc2[nH]1,CN1CCCC1=O,283.15,2,-1.1883314556495668,0.007108084980385956,-1.193357630740448,-1.1833052805586857,0.010052350181762426
O=c1cc(CBr)c2ccccc2[nH]1,CN1CCCC1=O,288.15,2,-1.1246078672333553,0.005950255225158663,-1.1288153330528556,-1.1204004014138549,0.008414931639000756
O=c1cc(CBr)c2ccccc2[nH]1,CN1CCCC1=O,293.15,2,-1.0654574709418063,0.0065075405824727645,-1.0700589970165193,-1.0608559448670931,0.009203052149426183
O=c1cc(CBr)c2ccccc2[nH]1,CN1CCCC1=O,298.15,2,-1.0097668860474225,0.003552610021280753,-1.0122789606843814,-1.0072548114104636,0.005024149273917811
O=c1cc(CBr)c2ccccc2[nH]1,CN1CCCC1=O,303.15,2,-0.9529593639562254,0.009891883486142821,-0.9599539818479842,-0.9459647460644666,0.013989235783517628
O=c1cc(CBr)c2ccccc2[nH]1,CN1CCCC1=O,308.15,2,-0.8962128070684334,0.013252834194688062,-0.9055839759974382,-0.8868416381394285,0.018742337858009717
O=c1cc(CBr)c2ccccc2[nH]1,CN1CCCC1=O,313.15,2,-0.8407627704687346,0.016364735704812183,-0.852334386057933,-0.8291911548795363,0.023143231178396673
O=c1cc[nH]c(=O)[nH]1,O,298.15,2,-1.5606203746747038,0.24750810655247382,-1.7356350352166008,-1.385605714132807,0.3500293210837937
OC(Cn1cncn1)(Cn1cncn1)c1ccc(F)cc1F,CCO,298.15,2,-0.6975630742892032,0.03470739173748531,-0.722104906344077,-0.6730212422343294,0.04908366410974763
OC(Cn1cncn1)(Cn1cncn1)c1ccc(F)cc1F,CCO,303.15,2,-0.6078133761345332,0.015201191526793069,-0.6185622417452441,-0.5970645105238224,0.021497731221421734
OC(Cn1cncn1)(Cn1cncn1)c1ccc(F)cc1F,CCO,308.15,2,-0.5529894731700129,0.024835878524370015,-0.5705510912913202,-0.5354278550487055,0.03512323624261471
OC(Cn1cncn1)(Cn1cncn1)c1ccc(F)cc1F,CCO,313.15,2,-0.4535806509792527,0.07303675647106285,-0.5052254367558117,-0.4019358652026937,0.10328957155311796
OC(Cn1cncn1)(Cn1cncn1)c1ccc(F)cc1F,CCO,318.15,2,-0.3594134779484165,0.06646631323305519,-0.406412258755979,-0.312414697140854,0.09399756161512496
OC(Cn1cncn1)(Cn1cncn1)c1ccc(F)cc1F,CCO,323.15,2,-0.2671063145989816,0.07211343007941344,-0.3180982100227568,-0.2161144191752064,0.10198379084755038
OC[C@H]1O[C@@H](Oc2ccc(O)cc2)[C@H](O)[C@@H](O)[C@@H]1O,CC#N,283.15,2,-2.9857090971363114,0.2603385405950555,-3.1697962445952848,-2.8016219496773385,0.3681742949179463
OC[C@H]1O[C@@H](Oc2ccc(O)cc2)[C@H](O)[C@@H](O)[C@@H]1O,CC#N,293.15,2,-2.744898037590395,0.16646046479330223,-2.862603361045203,-2.627192714135586,0.23541064690961688
OC[C@H]1O[C@@H](Oc2ccc(O)cc2)[C@H](O)[C@@H](O)[C@@H]1O,CC#N,303.15,2,-2.5395159339323423,0.035563320341440274,-2.564662998907284,-2.5143688689574004,0.050294129949883803
OC[C@H]1O[C@@H](Oc2ccc(O)cc2)[C@H](O)[C@@H](O)[C@@H]1O,CC#N,313.15,2,-2.356878669815439,0.004401097507754373,-2.3599907157078355,-2.353766623923043,0.0062240917847926625
OC[C@H]1O[C@@H](Oc2ccc(O)cc2)[C@H](O)[C@@H](O)[C@@H]1O,CC#N,323.15,2,-2.1780042179783203,0.0026202747938907493,-2.1798570320536528,-2.1761514039029883,0.0037056281506644417
OC[C@H]1O[C@@H](Oc2ccc(O)cc2)[C@H](O)[C@@H](O)[C@@H]1O,CC(C)=O,283.15,2,-2.051907579992193,0.04073873209105104,-2.080714213710717,-2.0231009462736687,0.05761326743704842
OC[C@H]1O[C@@H](Oc2ccc(O)cc2)[C@H](O)[C@@H](O)[C@@H]1O,CC(C)=O,293.15,2,-1.975676060047057,0.003283612321695271,-1.9779979245865156,-1.9733541955075988,0.004643729078916747
OC[C@H]1O[C@@H](Oc2ccc(O)cc2)[C@H](O)[C@@H](O)[C@@H]1O,CC(C)=O,303.15,2,-1.9113974370600566,0.0318175255099091,-1.9338958251086893,-1.888899049011424,0.04499677609726538
OC[C@H]1O[C@@H](Oc2ccc(O)cc2)[C@H](O)[C@@H](O)[C@@H]1O,CC(C)=O,313.15,2,-1.7920510763248494,0.021769587479180473,-1.8074444992550116,-1.776657653394687,0.030786845860324652
OC[C@H]1O[C@@H](Oc2ccc(O)cc2)[C@H](O)[C@@H](O)[C@@H]1O,CC(C)=O,323.15,2,-1.7040762951777402,0.03689459062102634,-1.7301647103949696,-1.677987879960511,0.05217683043445853
OC[C@H]1O[C@@H](Oc2ccc(O)cc2)[C@H](O)[C@@H](O)[C@@H]1O,CC(C)O,283.15,2,-2.084979163251024,0.0957905734751533,-2.152713327329053,-2.017244999172995,0.13546832815605825
OC[C@H]1O[C@@H](Oc2ccc(O)cc2)[C@H](O)[C@@H](O)[C@@H]1O,CC(C)O,293.15,2,-1.9560054290097297,0.038093765131644836,-1.9829417886552436,-1.929069069364216,0.05387271929102755
OC[C@H]1O[C@@H](Oc2ccc(O)cc2)[C@H](O)[C@@H](O)[C@@H]1O,CC(C)O,303.15,2,-1.7860880424658792,0.008609941551566616,-1.7921761905226117,-1.7799998944091464,0.012176296113465268
OC[C@H]1O[C@@H](Oc2ccc(O)cc2)[C@H](O)[C@@H](O)[C@@H]1O,CC(C)O,313.15,2,-1.6346311767883983,0.03324134656448617,-1.6581363583599185,-1.611125995216878,0.04701036314304052
OC[C@H]1O[C@@H](Oc2ccc(O)cc2)[C@H](O)[C@@H](O)[C@@H]1O,CC(C)O,323.15,2,-1.4824982900925505,0.002132394094956378,-1.4840061204172563,-1.4809904597678447,0.003015660649411611
OC[C@H]1O[C@@H](Oc2ccc(O)cc2)[C@H](O)[C@@H](O)[C@@H]1O,CCCO,283.15,2,-1.9795568709728224,0.009236277332737476,-1.9860879053077207,-1.9730258366379243,0.013062068669796423
OC[C@H]1O[C@@H](Oc2ccc(O)cc2)[C@H](O)[C@@H](O)[C@@H]1O,CCCO,293.15,2,-1.8628790670794868,0.003330493288291133,-1.865234081468334,-1.86052405269064,0.0047100287776939975
OC[C@H]1O[C@@H](Oc2ccc(O)cc2)[C@H](O)[C@@H](O)[C@@H]1O,CCCO,303.15,2,-1.747644753613876,0.029995601806084803,-1.76885484705673,-1.726434660171022,0.04242018688570792
OC[C@H]1O[C@@H](Oc2ccc(O)cc2)[C@H](O)[C@@H](O)[C@@H]1O,CCCO,313.15,2,-1.6199778645296505,0.007205202471347402,-1.6250727120569624,-1.6148830170023387,0.010189695054623638
OC[C@H]1O[C@@H](Oc2ccc(O)cc2)[C@H](O)[C@@H](O)[C@@H]1O,CCCO,323.15,2,-1.5084410107574195,0.02314709553646496,-1.5248084789760268,-1.4920735425388123,0.03273493643721448
OC[C@H]1O[C@@H](Oc2ccc(O)cc2)[C@H](O)[C@@H](O)[C@@H]1O,CCO,283.15,2,-1.371072103404065,0.04364598776859666,-1.4019344773268247,-1.3402097294813051,0.06172474784551962
OC[C@H]1O[C@@H](Oc2ccc(O)cc2)[C@H](O)[C@@H](O)[C@@H]1O,CCO,293.15,2,-1.3143112995790946,0.01784281673919488,-1.3269280762908482,-1.301694522867341,0.025233553423507082
OC[C@H]1O[C@@H](Oc2ccc(O)cc2)[C@H](O)[C@@H](O)[C@@H]1O,CCO,303.15,2,-1.2225740432296324,0.001811605846600754,-1.223855042008601,-1.2212930444506638,0.002561997557937179
OC[C@H]1O[C@@H](Oc2ccc(O)cc2)[C@H](O)[C@@H](O)[C@@H]1O,CCO,313.15,2,-1.112614371815304,0.025334078941863236,-1.130528270830211,-1.0947004728003973,0.03582779802981362
OC[C@H]1O[C@@H](Oc2ccc(O)cc2)[C@H](O)[C@@H](O)[C@@H]1O,CCO,323.15,2,-1.0100545666018161,0.004182912099602564,-1.0130123321125524,-1.00709680109108,0.005915531021472464
OC[C@H]1O[C@@H](Oc2ccc(O)cc2)[C@H](O)[C@@H](O)[C@@H]1O,CCOC(C)=O,283.15,2,-2.9370325633341716,0.20198406104048613,-3.079856862587497,-2.7942082640808463,0.2856485985066506
OC[C@H]1O[C@@H](Oc2ccc(O)cc2)[C@H](O)[C@@H](O)[C@@H]1O,CCOC(C)=O,293.15,2,-2.9211680511714744,0.19067394086150613,-3.055994887750208,-2.7863412145927406,0.26965367315746747
OC[C@H]1O[C@@H](Oc2ccc(O)cc2)[C@H](O)[C@@H](O)[C@@H]1O,CCOC(C)=O,303.15,2,-2.894721880304268,0.16755838017428829,-3.0132035471701406,-2.776240213438395,0.2369633337317456
OC[C@H]1O[C@@H](Oc2ccc(O)cc2)[C@H](O)[C@@H](O)[C@@H]1O,CCOC(C)=O,313.15,2,-2.859447427190233,0.13436411664465547,-2.954457205217809,-2.764437649162657,0.19001955605515208
OC[C@H]1O[C@@H](Oc2ccc(O)cc2)[C@H](O)[C@@H](O)[C@@H]1O,CCOC(C)=O,323.15,2,-2.7848493312660603,0.044346600207183215,-2.8162071129951283,-2.7534915495369923,0.062715563458136
OC[C@H]1O[C@@H](Oc2ccc(O)cc2)[C@H](O)[C@@H](O)[C@@H]1O,CO,283.15,2,-0.5463464193814616,0.0014603924664190048,-0.5473790727976602,-0.5453137659652629,0.002065306832397251
OC[C@H]1O[C@@H](Oc2ccc(O)cc2)[C@H](O)[C@@H](O)[C@@H]1O,CO,293.15,2,-0.5016590558019555,0.015408334264008264,-0.5125543934468247,-0.4907637181570862,0.021790675289738548
OC[C@H]1O[C@@H](Oc2ccc(O)cc2)[C@H](O)[C@@H](O)[C@@H]1O,CO,303.15,2,-0.4387842081104598,0.01556725634998778,-0.4497919206400055,-0.4277764955809141,0.02201542505909143
OC[C@H]1O[C@@H](Oc2ccc(O)cc2)[C@H](O)[C@@H](O)[C@@H]1O,CO,313.15,2,-0.35890957557359254,0.007932523551640577,-0.3645187167688796,-0.3533004343783055,0.011218282390574097
OC[C@H]1O[C@@H](Oc2ccc(O)cc2)[C@H](O)[C@@H](O)[C@@H]1O,CO,323.15,2,-0.26503560619135913,0.006636623671248497,-0.2697284077934821,-0.2603428045892362,0.009385603204245918
O[C@H]1[C@H](O)[C@@H](O)[C@H](O)[C@@H](O)[C@H]1O,O,283.15,2,-0.22522835713672612,0.09904620586479895,-0.2952646009545243,-0.155192113318928,0.1400724876355963
O[C@H]1[C@H](O)[C@@H](O)[C@H](O)[C@@H](O)[C@H]1O,O,288.15,2,-0.16890682251989064,0.08439477282292505,-0.2285829386796791,-0.1092307063601022,0.11935223231957691
O[C@H]1[C@H](O)[C@@H](O)[C@H](O)[C@@H](O)[C@H]1O,O,293.15,2,-0.11280382636235695,0.06819512377149162,-0.1610250608250346,-0.0645825918996793,0.0964424689253553
O[C@H]1[C@H](O)[C@@H](O)[C@H](O)[C@@H](O)[C@H]1O,O,298.15,2,-0.05443557385765045,0.04977476244914343,-0.0896316459173893,-0.0192395017979116,0.0703921441194777
O[C@H]1[C@H](O)[C@@H](O)[C@H](O)[C@@H](O)[C@H]1O,O,303.15,2,0.0026948816603045486,0.03419006939093995,-0.0214811482552677,0.0268709115758768,0.0483520598311445
O[C@H]1[C@H](O)[C@@H](O)[C@H](O)[C@@H](O)[C@H]1O,O,308.15,2,0.0586017641233425,0.022572502849299295,0.0426405942902503,0.0745629339564347,0.03192233966618439
O[C@H]1[C@H](O)[C@@H](O)[C@H](O)[C@@H](O)[C@H]1O,O,313.15,2,0.1062408835809652,0.020273226361818723,0.0919055477439933,0.1205762194179371,0.0286706716739438
O[C@H]1[C@H](O)[C@@H](O)[C@H](O)[C@@H](O)[C@H]1O,O,318.15,2,0.1598328116165313,0.012614280402851542,0.1509131684038864,0.1687524548291762,0.017839286425289785
O[C@H]1[C@H](O)[C@@H](O)[C@H](O)[C@@H](O)[C@H]1O,O,323.15,2,0.2125479469151802,0.007185787390729763,0.2074668279230304,0.21762906590733,0.010162237984299605
Oc1ccc(/C=C/c2cc(O)cc(O)c2)cc1,CO,298.15,2,-0.31506526066071816,0.014567788184830302,-0.325366242473101,-0.3047642788483354,0.020601963624765574
Oc1ccc(OCc2ccccc2)cc1,CC(C)O,283.15,2,-0.4488253735541912,0.11943365356366394,-0.5332777198909429,-0.3643730272174396,0.16890469267350328
Oc1ccc(OCc2ccccc2)cc1,CC(C)O,288.15,2,-0.3671913597298273,0.12176654824150451,-0.453293311713074,-0.2810894077465806,0.17220390396649343
Oc1ccc(OCc2ccccc2)cc1,CC(C)O,293.15,2,-0.28314589140501045,0.13952939181793633,-0.381808070534308,-0.1844837122757129,0.1973243582585951
Oc1ccc(OCc2ccccc2)cc1,CC(C)O,298.15,2,-0.2004856604181933,0.15181752224064304,-0.3078368598974915,-0.0931344609388951,0.21470239895859639
Oc1ccc(OCc2ccccc2)cc1,CC(C)O,303.15,2,-0.1149292629566045,0.17871751474531763,-0.2413016295498254,0.0114431036366164,0.2527447331864418
Oc1ccc(OCc2ccccc2)cc1,CC(C)O,308.15,2,-0.025718007017139395,0.1998126224782778,-0.1670068673381972,0.1155708533039184,0.2825777206421156
Oc1ccc(OCc2ccccc2)cc1,CC(C)O,313.15,2,0.062115890677220495,0.23159081775886603,-0.1016435470206116,0.2258753283750526,0.32751887539566416
Oc1ccc(OCc2ccccc2)cc1,CCCO,283.15,2,-0.33535853562205864,0.08973955757061869,-0.3988139853209237,-0.2719030859231936,0.1269108993977301
Oc1ccc(OCc2ccccc2)cc1,CCCO,288.15,2,-0.25629564672736904,0.075565878083021,-0.3097287915461891,-0.202862501908549,0.10686628963764011
Oc1ccc(OCc2ccccc2)cc1,CCCO,293.15,2,-0.179306352800271,0.06252185119171019,-0.2235159777502655,-0.1350967278502765,0.088419249899989
Oc1ccc(OCc2ccccc2)cc1,CCCO,298.15,2,-0.10122740150426325,0.048666748811636545,-0.1356399896072738,-0.0668148134012527,0.0688251762060211
Oc1ccc(OCc2ccccc2)cc1,CCCO,303.15,2,-0.02085798816309195,0.029357348070724987,-0.0416167680615554,-9.92082646285064e-05,0.041517559796926895
Oc1ccc(OCc2ccccc2)cc1,CCCO,308.15,2,0.05849759294898005,0.00425935882468786,0.0554857714405365,0.0615094144574236,0.006023643016887098
Oc1ccc(OCc2ccccc2)cc1,CCCO,313.15,2,0.14452146828907675,0.022353498814141847,0.1287151576943516,0.1603277788838019,0.031612621189450296
Oc1ccc(OCc2ccccc2)cc1,CCO,283.15,2,-0.15017591658291254,0.13293513867546553,-0.2441752545983083,-0.0561765785675168,0.1879986760307915
Oc1ccc(OCc2ccccc2)cc1,CCO,288.15,2,-0.06982396436709755,0.11158757661037756,-0.1487282964844689,0.0090803677502738,0.15780866423474268
Oc1ccc(OCc2ccccc2)cc1,CCO,293.15,2,0.005731282076734304,0.09298005250952812,-0.0600155435678343,0.0714781077213029,0.1314936512891372
Oc1ccc(OCc2ccccc2)cc1,CCO,298.15,2,0.08244861939207684,0.070572487834903,0.0325463346788118,0.1323509041053419,0.0998045694265301
Oc1ccc(OCc2ccccc2)cc1,CCO,303.15,2,0.16188296747510575,0.04675831977581246,0.1288198424847397,0.1949460924654718,0.06612624998073208
Oc1ccc(OCc2ccccc2)cc1,CCO,308.15,2,0.23759430562828288,0.01871004874116243,0.2243643032870761,0.2508243079694897,0.02646000468241358
Oc1ccc(OCc2ccccc2)cc1,CCO,313.15,2,0.31561959122640204,0.006595339359815741,0.3109559820408498,0.3202832004119543,0.009327218371104506
Oc1ccc(OCc2ccccc2)cc1,O,283.15,2,-3.630004437465675,0.10353745838267928,-3.703216476394887,-3.5567923985364622,0.1464240778584247
Oc1ccc(OCc2ccccc2)cc1,O,288.15,2,-3.507447368760978,0.13650433559427821,-3.603970510121057,-3.4109242274009,0.1930462827201569
Oc1ccc(OCc2ccccc2)cc1,O,293.15,2,-3.4034944129967935,0.14330011198584727,-3.5048228939267774,-3.302165932066809,0.2026569618599683
Oc1ccc(OCc2ccccc2)cc1,O,298.15,2,-3.276093290019528,0.18826712330374548,-3.40921824958209,-3.1429683304569656,0.26624991912512463
Oc1ccc(OCc2ccccc2)cc1,O,303.15,2,-3.17236325321593,0.20547390175044453,-3.317655242500528,-3.027071263931332,0.2905839785691957
Oc1ccc(OCc2ccccc2)cc1,O,308.15,2,-3.0632813356413044,0.23586874034392394,-3.230065721408422,-2.896496949874187,0.33356877153423525
Oc1ccc(OCc2ccccc2)cc1,O,313.15,2,-2.9634846487137905,0.2568107782592044,-3.1450772915026683,-2.781892005924912,0.3631852855777562
[NH3+]O.[NH3+]O.[O-]n1nnnc1-c1nnnn1[O-],CCO,298.15,2,-3.8614718058854693,0.31609106776684603,-4.084981943375903,-3.637961668395036,0.4470202749808667
[NH3+]O.[NH3+]O.[O-]n1nnnc1-c1nnnn1[O-],CCO,303.15,2,-3.7909608924772975,0.2936967153242745,-3.998635831495307,-3.583285953459288,0.41534987803601897
[NH3+]O.[NH3+]O.[O-]n1nnnc1-c1nnnn1[O-],CCO,308.15,2,-3.722287719791493,0.2750430031721567,-3.9167724924524383,-3.527802947130548,0.3889695453218902
[NH3+]O.[NH3+]O.[O-]n1nnnc1-c1nnnn1[O-],CCO,313.15,2,-3.668354962464834,0.2769907162703482,-3.864216976265316,-3.4724929486643514,0.3917240276009646
[NH3+]O.[NH3+]O.[O-]n1nnnc1-c1nnnn1[O-],CCO,318.15,2,-3.6081194958182627,0.2629159916148154,-3.794029176371484,-3.4222098152650413,0.37181936110644287
[NH3+]O.[NH3+]O.[O-]n1nnnc1-c1nnnn1[O-],CCO,323.15,2,-3.5347118474733863,0.22937484346987913,-3.696904354724541,-3.372519340222232,0.3243850145023086
[NH3+]O.[NH3+]O.[O-]n1nnnc1-c1nnnn1[O-],O,298.15,3,-2.4374870444225096,0.33472629600179693,-2.8054256414822865,-2.151011234731891,0.6544144067503956
[NH3+]O.[NH3+]O.[O-]n1nnnc1-c1nnnn1[O-],O,303.15,3,-2.2901735692225422,0.3899545308942319,-2.740449410715485,-2.063222890685572,0.677226520029913
[NH3+]O.[NH3+]O.[O-]n1nnnc1-c1nnnn1[O-],O,308.15,3,-2.187127622685123,0.44951481351530176,-2.702882846646499,-1.878643891636583,0.8242389550099158
[NH3+]O.[NH3+]O.[O-]n1nnnc1-c1nnnn1[O-],O,313.15,3,-2.098592685020493,0.47295256333559366,-2.638455717115028,-1.75728150030644,0.8811742168085879
[NH3+]O.[NH3+]O.[O-]n1nnnc1-c1nnnn1[O-],O,318.15,3,-2.017191194852924,0.49076940859537366,-2.575489481493499,-1.6538881463130846,0.9216013351804144
[NH3+]O.[NH3+]O.[O-]n1nnnc1-c1nnnn1[O-],O,323.15,3,-1.9466335173004012,0.5047428546827006,-2.5203942033079807,-1.5710719713992352,0.9493222319087455
[NH3+]O.[NH3+]O.[O-]n1nnnc1-c1nnnn1[O-],O,328.15,2,-1.587145684422493,0.1255565056000651,-1.6759275409543857,-1.4983638278906002,0.1775637130637855
[NH3+]O.[NH3+]O.[O-]n1nnnc1-c1nnnn1[O-],O,333.15,2,-1.5221116711698766,0.11610566117367352,-1.6042107715199287,-1.4400125708198244,0.16419820070010438
[NH3+]O.[NH3+]O.[O-]n1nnnc1-c1nnnn1[O-],O=CO,298.15,3,-1.6846380464654036,0.45961957908144996,-2.215358222143381,-1.4177850348970995,0.7975731872462817
[NH3+]O.[NH3+]O.[O-]n1nnnc1-c1nnnn1[O-],O=CO,303.15,3,-1.641257163347592,0.4685384617618991,-2.1822722787209465,-1.3684531184796374,0.8138191602413092
[NH3+]O.[NH3+]O.[O-]n1nnnc1-c1nnnn1[O-],O=CO,308.15,3,-1.5949679876460607,0.46890356124692933,-2.1363942259543256,-1.3205439247340274,0.8158503012202982
[NH3+]O.[NH3+]O.[O-]n1nnnc1-c1nnnn1[O-],O=CO,313.15,3,-1.553069600334393,0.4777872674925637,-2.1047512667587487,-1.2732066810409566,0.8315445857177921
[NH3+]O.[NH3+]O.[O-]n1nnnc1-c1nnnn1[O-],O=CO,318.15,3,-1.5022764707055274,0.4718880799284506,-2.0471444269357435,-1.225654093888021,0.8214903330477226
[NH3+]O.[NH3+]O.[O-]n1nnnc1-c1nnnn1[O-],O=CO,323.15,3,-1.4534038023951432,0.4692214278969512,-1.9952140377167256,-1.1824901271344936,0.8127239105822319
[NH3+]O.[NH3+]O.[O-]n1nnnc1-c1nnnn1[O-],O=CO,328.15,2,-1.1353899453862328,0.00404248257852383,-1.1382484122303356,-1.1325314785421303,0.00571693368820525
[NH3+]O.[NH3+]O.[O-]n1nnnc1-c1nnnn1[O-],O=CO,333.15,2,-1.0882709631302,0.011452645036639768,-1.0963692060981305,-1.0801727201622695,0.016196485935860983
c1ccc(-c2ccc(C(c3ccccc3)n3ccnc3)cc2)cc1,CC(C)O,293.15,2,-1.4661015701360078,0.1034998957511755,-1.5392870482737646,-1.3929160919982508,0.14637095627551377
c1ccc(-c2ccc(C(c3ccccc3)n3ccnc3)cc2)cc1,CCCO,293.15,2,-1.2129792762913238,0.15359505585045377,-1.3215873818399062,-1.1043711707427415,0.2172162110971647
c1ccc(P(c2ccccc2)c2ccccc2)cc1,CCO,303.5,2,-0.8010271930766164,0.01675862195838557,-0.8128773283067325,-0.7891770578465002,0.023700270460232375
c1ccc(P(c2ccccc2)c2ccccc2)cc1,CCO,308.3,2,-0.6945257507315462,0.007868143380037905,-0.700089368270919,-0.6889621331921734,0.01112723507874569
c1ccc(P(c2ccccc2)c2ccccc2)cc1,CCO,313.3,2,-0.561971140826072,0.0038772871655493816,-0.5647127968734396,-0.5592294847787045,0.005483312094735071
c1ccc(P(c2ccccc2)c2ccccc2)cc1,CCO,318.6,2,-0.421376407946805,0.007058287570162506,-0.4263673709512316,-0.4163854449423784,0.009981926008853226
c1ccc(P(c2ccccc2)c2ccccc2)cc1,CCO,323.2,2,-0.32203983766571426,0.0011303146251620978,-0.3228390908020407,-0.3212405845293878,0.0015985062726528998
c1ccc(P(c2ccccc2)c2ccccc2)cc1,CCO,327.9,2,-0.18351555420226234,0.004173992183400938,-0.1864670123797648,-0.1805640960247599,0.005902916355004895
c1ccc(P(c2ccccc2)c2ccccc2)cc1,CCO,333.0,2,-0.0671447582033579,0.003901292017738584,-0.0699033882444898,-0.064386128162226,0.005517260082263803
c1ccc2[nH]c(-c3cscn3)nc2c1,CC#N,283.15,2,-2.677163332160231,0.01665123761066736,-2.6889375351898828,-2.66538912913058,0.023548406059302973
c1ccc2[nH]c(-c3cscn3)nc2c1,CC#N,288.15,2,-2.629498352576854,0.011553272227909412,-2.637667749714103,-2.621328955439605,0.016338794274497914
c1ccc2[nH]c(-c3cscn3)nc2c1,CC#N,293.15,2,-2.551623234708952,0.011048564695132053,-2.559435749727258,-2.543810719690646,0.01562503003661231
c1ccc2[nH]c(-c3cscn3)nc2c1,CC#N,298.15,2,-2.5122659908656266,0.05306447373970122,-2.549788240087065,-2.4747437416441884,0.07504449844287642
c1ccc2[nH]c(-c3cscn3)nc2c1,CC#N,303.15,2,-2.401951623818382,0.006699762109589217,-2.406689071038409,-2.3972141765983546,0.009474894440054449
c1ccc2[nH]c(-c3cscn3)nc2c1,CC#N,308.15,2,-2.32034807345141,0.006951500442686484,-2.325263526553855,-2.315432620348965,0.0098309062048898
c1ccc2[nH]c(-c3cscn3)nc2c1,CC#N,313.15,2,-2.2486707757790825,0.009384308758491885,-2.25530648413896,-2.2420350674192044,0.013271416719755624
c1ccc2[nH]c(-c3cscn3)nc2c1,CC#N,318.15,2,-2.196788192848648,0.012442495049124336,-2.205586365472764,-2.1879900202245324,0.017596345248231504
c1ccc2[nH]c(-c3cscn3)nc2c1,CC#N,323.15,2,-2.1245590101043312,0.01195845853855016,-2.1330149172294783,-2.1161031029791846,0.016911814250293755
c1ccc2[nH]c(-c3cscn3)nc2c1,CC(C)O,283.15,2,-2.0396771741389816,0.0075705593077063996,-2.0450303679628354,-2.0343239803151274,0.010706387647708038
c1ccc2[nH]c(-c3cscn3)nc2c1,CC(C)O,288.15,2,-1.9925018792444127,0.009298095641668521,-1.9990766257247576,-1.985927132764068,0.01314949296068968
c1ccc2[nH]c(-c3cscn3)nc2c1,CC(C)O,293.15,2,-1.9277827362995095,0.008343242074573305,-1.9336822993475211,-1.9218831732514976,0.011799126096023516
c1ccc2[nH]c(-c3cscn3)nc2c1,CC(C)O,298.15,2,-1.8894108782889836,0.023989354629039276,-1.906373913623466,-1.8724478429545008,0.03392607066896525
c1ccc2[nH]c(-c3cscn3)nc2c1,CC(C)O,303.15,2,-1.8100536936977092,0.008480432351864459,-1.8160502649211063,-1.804057122474312,0.01199314244679428
c1ccc2[nH]c(-c3cscn3)nc2c1,CC(C)O,308.15,2,-1.7539719105923761,0.002921230756514044,-1.756037532669718,-1.7519062885150345,0.004131244154683467
c1ccc2[nH]c(-c3cscn3)nc2c1,CC(C)O,313.15,2,-1.695476792284834,0.008593185523424961,-1.7015530920404418,-1.689400492529226,0.012152599511215723
c1ccc2[nH]c(-c3cscn3)nc2c1,CC(C)O,318.15,2,-1.6446835894604583,0.013997842078421172,-1.6545815585160883,-1.6347856204048283,0.019795938111260014
c1ccc2[nH]c(-c3cscn3)nc2c1,CC(C)O,323.15,2,-1.606473937895914,0.0081846729182569,-1.6122613756182076,-1.6006865001736208,0.011574875444586796
c1ccc2[nH]c(-c3cscn3)nc2c1,CCCO,283.15,2,-1.7325053004945494,0.0020223826153604467,-1.7339353409560248,-1.7310752600330743,0.0028600809229504254
c1ccc2[nH]c(-c3cscn3)nc2c1,CCCO,288.15,2,-1.6887727351075155,0.015765425557454478,-1.6999205744274832,-1.6776248957875477,0.022295678639935534
c1ccc2[nH]c(-c3cscn3)nc2c1,CCCO,293.15,2,-1.6308272175899656,0.0070439248959524685,-1.6358080246500624,-1.625846410529869,0.009961614120193474
c1ccc2[nH]c(-c3cscn3)nc2c1,CCCO,298.15,2,-1.5957851922653372,0.030388724974376995,-1.6172732657663322,-1.5742971187643424,0.04297614700198982
c1ccc2[nH]c(-c3cscn3)nc2c1,CCCO,303.15,2,-1.5324305576165203,0.010575529970594369,-1.539908586573369,-1.5249525286596712,0.014956057913697807
c1ccc2[nH]c(-c3cscn3)nc2c1,CCCO,308.15,2,-1.482961508798915,0.007910110844080004,-1.4885548018167012,-1.4773682157811288,0.011186586035572432
c1ccc2[nH]c(-c3cscn3)nc2c1,CCCO,313.15,2,-1.4369472836797255,0.009074268413513194,-1.4433637604092275,-1.4305308069502234,0.012832953459004148
c1ccc2[nH]c(-c3cscn3)nc2c1,CCCO,318.15,2,-1.3946001168476063,0.010890257910765417,-1.402300692065179,-1.3868995416300338,0.015401150435145228
c1ccc2[nH]c(-c3cscn3)nc2c1,CCCO,323.15,2,-1.3457902231632486,0.0001777680852469828,-1.3459159241818053,-1.345664522144692,0.0002514020371133796
c1ccc2[nH]c(-c3cscn3)nc2c1,CO,283.15,2,-1.4832805219440004,0.005616532629449357,-1.4872520102530395,-1.4793090336349612,0.007942976618078301
c1ccc2[nH]c(-c3cscn3)nc2c1,CO,288.15,2,-1.4447034722241496,0.011285065572613967,-1.4526832186166798,-1.4367237258316194,0.01595949278506037
c1ccc2[nH]c(-c3cscn3)nc2c1,CO,293.15,2,-1.4010177510653836,0.01014850430581052,-1.4081938272789232,-1.3938416748518443,0.01435215242707888
c1ccc2[nH]c(-c3cscn3)nc2c1,CO,298.15,2,-1.369933342007901,0.025517345612674075,-1.3879768301285036,-1.3518898538872983,0.03608697624120527
c1ccc2[nH]c(-c3cscn3)nc2c1,CO,303.15,2,-1.298728653500643,0.01556162597661001,-1.3097323847549929,-1.2877249222462934,0.02200746250869945
c1ccc2[nH]c(-c3cscn3)nc2c1,CO,308.15,2,-1.269714052826815,0.004871031802889877,-1.2731583924460137,-1.2662697132076162,0.006888679238397533
c1ccc2[nH]c(-c3cscn3)nc2c1,CO,313.15,2,-1.2261892961324712,0.004256629487155695,-1.2291991877078376,-1.223179404557105,0.006019783150732705
c1ccc2[nH]c(-c3cscn3)nc2c1,CO,318.15,2,-1.178857383511322,0.006809942841360264,-1.1836727402739409,-1.1740420267487035,0.009630713525237367
c1ccc2[nH]c(-c3cscn3)nc2c1,CO,323.15,2,-1.1469115833985124,0.004537261144418445,-1.150119911521745,-1.14370325527528,0.006416656246465147
c1ccc2c(c1)sc1ccccc12,CC#N,278.15,2,-1.3309997894886867,0.3945102203365093,-1.6099606415360312,-1.052038937441342,0.5579217040946893
c1ccc2c(c1)sc1ccccc12,CC#N,283.15,2,-1.2132588672883715,0.406903947055329,-1.5009834075427664,-0.9255343270339764,0.57544908050879
c1ccc2c(c1)sc1ccccc12,CC#N,293.15,2,-0.9715953677835172,0.5140724672846124,-1.3350994954217663,-0.6080912401452682,0.7270082552764981
c1ccc2c(c1)sc1ccccc12,CC#N,298.15,2,-0.8903580981638317,0.5218756957362325,-1.259379941555369,-0.5213362547722943,0.7380436867830747
c1ccc2c(c1)sc1ccccc12,CC#N,303.15,2,-0.8229335812413701,0.5400775589583162,-1.2048260855474728,-0.4410410769352672,0.7637850086122057
c1ccc2c(c1)sc1ccccc12,CC#N,308.15,2,-0.727469538683072,0.5535483674319903,-1.118887343008975,-0.336051734357169,0.782835608651806
c1ccc2c(c1)sc1ccccc12,CC#N,313.15,2,-0.6314633901579215,0.592974290568122,-1.0507595320879228,-0.2121672482279202,0.8385922838600026
c1ccc2c(c1)sc1ccccc12,CC#N,318.15,2,-0.5494321638982123,0.6158753089216327,-0.9849217712020586,-0.113942556594366,0.8709792146076926
c1ccc2c(c1)sc1ccccc12,CC#N,323.15,2,-0.46134525468109383,0.6357883836612954,-0.9109155321676302,-0.0117749771945575,0.8991405549730728
c1ccc2c(c1)sc1ccccc12,CC#N,328.15,2,-0.376621734010881,0.6627358537926329,-0.845246750363108,0.092003282341346,0.9372500327044541
c1ccc2c(c1)sc1ccccc12,CO,278.15,2,-1.2194895335172198,0.3941584731663697,-1.4982016627552956,-0.940777404279144,0.5574242584761516
c1ccc2c(c1)sc1ccccc12,CO,283.15,2,-1.101896365638862,0.40753454533166733,-1.3900668062106605,-0.8137259250670636,0.5763408811435968
c1ccc2c(c1)sc1ccccc12,CO,293.15,2,-0.8754821143248757,0.4899810237627561,-1.2219510188802474,-0.529013209769504,0.6929378091107434
c1ccc2c(c1)sc1ccccc12,CO,298.15,2,-0.7844078728019717,0.5126501901818667,-1.146906298656143,-0.4219094469478004,0.7249968517083425
c1ccc2c(c1)sc1ccccc12,CO,303.15,2,-0.7095931099419116,0.5400279047105536,-1.0914505033927069,-0.3277357164911164,0.7637147869015906
c1ccc2c(c1)sc1ccccc12,CO,308.15,2,-0.6134050931184133,0.5532708123386295,-1.004626636355648,-0.2221835498811786,0.7824430864744694
c1ccc2c(c1)sc1ccccc12,CO,313.15,2,-0.5171034764201383,0.5928551057856074,-0.9363153419822092,-0.0978916108580673,0.8384237311241419
c1ccc2c(c1)sc1ccccc12,CO,318.15,2,-0.42969528226910847,0.6089414961257243,-0.8602819435254899,0.000891378987273,0.8611733225127629
c1ccc2c(c1)sc1ccccc12,CO,323.15,2,-0.3460311540439398,0.6355314999488207,-0.795419787315409,0.1033574792275293,0.8987772665429383
c1ccc2c(c1)sc1ccccc12,CO,328.15,2,-0.2574601855294801,0.657803664396439,-0.7225976173135621,0.2076772462546019,0.930274863568164
c1ccc2cc3ccccc3cc2c1,C1CCCCC1,298.15,2,-1.8449660120498437,0.0005947209733064342,-1.8453865432829824,-1.8445454808167048,0.0008410624662775756
c1ccc2cc3ccccc3cc2c1,CCCCCC,298.15,3,-2.022660775753462,0.014644083820653823,-2.039551866640238,-2.0135315070931705,0.026020359547067606
c1ccc2cc3ccccc3cc2c1,CCCCCCC,298.15,2,-1.9712180159180381,0.00117321079408934,-1.9720476012263,-1.9703884306097763,0.001659170616523653
c1ccc2cc3ccccc3cc2c1,CCCCCCCC,298.15,2,-1.9481967817489974,0.00033459313449900053,-1.94843337482334,-1.9479601886746545,0.00047318614868552267
