SMILES_Solute,SMILES_Solvent,delta_H_J_mol,r2
Br.CC(C)c1ccc(NC2=NCCC3(CCCCC3)[Se]2)cc1,CCCCCCCCO,21524.40442486241,0.9984534751530364
Br.Cc1ccc(Sc2ccccc2N2CCNCC2)c(C)c1,CCC(C)=O,36147.67707116148,0.9704183090983672
Br.Cc1ccc(Sc2ccccc2N2CCNCC2)c(C)c1,CCCO,25319.03800180588,0.9765107817006516
Br.Cc1ccc(Sc2ccccc2N2CCNCC2)c(C)c1,CCO,22145.30375979108,0.9578707780343574
Br.Fc1ccc(NC2=NCCC3(CCCCC3)[Se]2)cc1,CCCCCC,29990.122258126325,0.9986927366144888
Br.Fc1ccc(NC2=NCCC3(CCCCC3)[Se]2)cc1,CCCCCCCCO,22359.28720801241,0.99746302336712
Br.c1ccc(NC2=NCCC3(CCCCC3)[Se]2)cc1,CCCCCCCCO,27894.02405488462,0.9985427476436038
Brc1c(Br)c(Br)c(Oc2c(Br)c(Br)c(Br)c(Br)c2Br)c(Br)c1Br,CC(C)=O,22287.851471458554,0.98970128814715
Brc1c(Br)c(Br)c(Oc2c(Br)c(Br)c(Br)c(Br)c2Br)c(Br)c1Br,CCOC(C)=O,22906.143698710937,0.995827499406846
Brc1c(Br)c(Br)c(Oc2c(Br)c(Br)c(Br)c(Br)c2Br)c(Br)c1Br,Cc1ccccc1,19512.014428279985,0.9888523106839596
Brc1cc(Br)cc(Br)c1,CC(=O)N(C)C,28847.54084022892,0.9998366072046894
Brc1cc(Br)cc(Br)c1,CN(C)C=O,32332.133115371413,0.9995111077872352
Brc1ccc(NC2=NCCC3(CCCCC3)S2)cc1,CCCCCC,41582.07332501811,0.9994175194549292
Brc1cn[nH]c1,CCO,21201.05945216163,0.9785094764988476
Brc1cn[nH]c1,O,15478.617153211371,0.9996505816618626
Brc1cnc2[nH]ccc2c1,CC#N,25379.404716381578,0.9966794259714236
Brc1cnc2[nH]ccc2c1,CC(C)O,20796.11343447084,0.9994908090883936
Brc1cnc2[nH]ccc2c1,CCCCO,16029.981758221938,0.9993332975229496
Brc1cnc2[nH]ccc2c1,CCCO,19013.276253525983,0.9992904817457632
Brc1cnc2[nH]ccc2c1,CCO,18054.543678494025,0.997683421296934
Brc1cnc2[nH]ccc2c1,CCOC(C)=O,16604.930559402084,0.9971317974636252
Brc1cnc2[nH]ccc2c1,CO,16779.79656233112,0.9995458724731592
Brc1cnc2[nH]ccc2c1,ClCCl,59196.69712632596,0.9989942884524126
Brc1sc(Br)c(Br)c1Br,CCCCO,25546.67678548022,0.9991206081193345
Brc1sc(Br)c(Br)c1Br,CCO,23138.11169916977,0.9930652164265708
Brc1sc(Br)c(Br)c1Br,CO,24235.40730035452,0.993804422906446
Brc1sc(Br)c(Br)c1Br,Cc1ccccc1,19772.01326781219,0.9978842461217916
C#CC(C)(C)NC(=O)c1cc(Cl)cc(Cl)c1,C1CCCCC1,41169.33326178247,0.9817683862294914
C#CC(C)(C)NC(=O)c1cc(Cl)cc(Cl)c1,CC(C)O,38860.74328265491,0.9962172367366168
C#CC(C)(C)NC(=O)c1cc(Cl)cc(Cl)c1,CCO,22701.861384002525,0.993709399363676
C#CC(C)(C)NC(=O)c1cc(Cl)cc(Cl)c1,CO,23684.96452167767,0.9952363704330458
C#CC(C)(C)NC(=O)c1cc(Cl)cc(Cl)c1,Cc1ccccc1,32362.05435191104,0.9980428905303594
C#C[C@]1(O)C=C[C@H]2[C@@H]3CCC4=CC(=O)CC[C@@H]4[C@H]3CC[C@@]21CC,CC#N,21890.321757028767,0.999690565089367
C#C[C@]1(O)C=C[C@H]2[C@@H]3CCC4=CC(=O)CC[C@@H]4[C@H]3CC[C@@]21CC,CC(=O)OC(C)C,26645.77254000881,0.9999805486739084
C#C[C@]1(O)C=C[C@H]2[C@@H]3CCC4=CC(=O)CC[C@@H]4[C@H]3CC[C@@]21CC,CC(C)O,34815.02593460572,0.9998179389814214
C#C[C@]1(O)C=C[C@H]2[C@@H]3CCC4=CC(=O)CC[C@@H]4[C@H]3CC[C@@]21CC,CCC(C)=O,24290.16036515017,0.9995367675144674
C#C[C@]1(O)C=C[C@H]2[C@@H]3CCC4=CC(=O)CC[C@@H]4[C@H]3CC[C@@]21CC,CCCO,27670.15478051331,0.9998105265558076
C#C[C@]1(O)C=C[C@H]2[C@@H]3CCC4=CC(=O)CC[C@@H]4[C@H]3CC[C@@]21CC,CCO,28735.60606732334,0.9997752804636334
C#C[C@]1(O)C=C[C@H]2[C@@H]3CCC4=CC(=O)CC[C@@H]4[C@H]3CC[C@@]21CC,CCOC(C)=O,11694.217425720024,0.9978261313592606
C#C[C@]1(O)C=C[C@H]2[C@@H]3CCC4=CC(=O)CC[C@@H]4[C@H]3CC[C@@]21CC,CO,24041.840604723973,0.9999622135246476
C#C[C@]1(O)C=C[C@H]2[C@@H]3CCC4=CC(=O)CC[C@@H]4[C@H]3CC[C@@]21CC,O,21984.56143030709,0.9985248669588134
C#C[C@]1(O)CC[C@H]2[C@@H]3CCC4=CC(=O)CC[C@@H]4[C@H]3C(=C)C[C@@]21CC,CC(C)=O,14238.287012696836,0.9978071970772652
C#C[C@]1(O)CC[C@H]2[C@@H]3CCC4=CC(=O)CC[C@@H]4[C@H]3C(=C)C[C@@]21CC,CC(C)O,20480.08519156009,0.993062397513568
C#C[C@]1(O)CC[C@H]2[C@@H]3CCC4=CC(=O)CC[C@@H]4[C@H]3C(=C)C[C@@]21CC,CCCCO,24468.40037294214,0.9995107780806388
C#C[C@]1(O)CC[C@H]2[C@@H]3CCC4=CC(=O)CC[C@@H]4[C@H]3C(=C)C[C@@]21CC,CCCO,18730.787420416906,0.9958819061298256
C#C[C@]1(O)CC[C@H]2[C@@H]3CCC4=CC(=O)CC[C@@H]4[C@H]3C(=C)C[C@@]21CC,CCO,24666.927317609607,0.9983268185213386
C#C[C@]1(O)CC[C@H]2[C@@H]3CCC4=CC(=O)CC[C@@H]4[C@H]3C(=C)C[C@@]21CC,CCOC(C)=O,17975.322027479942,0.998646149337426
C#C[C@]1(O)CC[C@H]2[C@@H]3CCC4=CC(=O)CC[C@@H]4[C@H]3C(=C)C[C@@]21CC,COC(C)=O,14470.199235226077,0.9975728503835932
C#C[C@]1(O)CC[C@H]2[C@@H]3CCC4=CC(=O)CC[C@@H]4[C@H]3C(=C)C[C@@]21CC,O,23595.622332915475,0.9962177475057412
C(=C/c1ccccc1)\CN1CCN(C(c2ccccc2)c2ccccc2)CC1,CC#N,32903.77935298279,0.9876525205292372
C(=C/c1ccccc1)\CN1CCN(C(c2ccccc2)c2ccccc2)CC1,CC(C)O,35133.72082413445,0.9971760199829396
C(=C/c1ccccc1)\CN1CCN(C(c2ccccc2)c2ccccc2)CC1,CCCCO,30872.60867093871,0.9909114643949394
C(=C/c1ccccc1)\CN1CCN(C(c2ccccc2)c2ccccc2)CC1,CCCCOC(C)=O,29999.387713755845,0.9921478857524498
C(=Cc1ccc(-c2nc3ccccc3o2)cc1)c1ccc(-c2nc3ccccc3o2)cc1,CN(C)C=O,34134.022420148016,0.9823970272614222
C(=Cc1ccc(-c2nc3ccccc3o2)cc1)c1ccc(-c2nc3ccccc3o2)cc1,CN1CCCC1=O,41673.89331328723,0.9928593388834656
C(=Cc1ccc(-c2nc3ccccc3o2)cc1)c1ccc(-c2nc3ccccc3o2)cc1,Clc1ccccc1,30412.36179964903,0.9273213895760354
C(=Cc1ccc(-c2nc3ccccc3o2)cc1)c1ccc(-c2nc3ccccc3o2)cc1,O,35234.286933030235,0.9210007047698464
C/C(=C/C(C)=N/c1c(C(C)C)cccc1C(C)C)Nc1c(C(C)C)cccc1C(C)C,C1CCOC1,13895.275111987972,0.9800328130503256
C/C(=C/C(C)=N/c1c(C(C)C)cccc1C(C)C)Nc1c(C(C)C)cccc1C(C)C,CCCCCC,15442.307437157768,0.9770733244956002
C/C(=C/C(C)=N/c1c(C(C)C)cccc1C(C)C)Nc1c(C(C)C)cccc1C(C)C,CCO,23270.453605088143,0.9924032773806072
C/C(=C/C(C)=N/c1c(C(C)C)cccc1C(C)C)Nc1c(C(C)C)cccc1C(C)C,Cc1ccccc1,17591.0633081148,0.9938742965533474
C/C=C/C(=O)O,CC#N,35996.86580808878,0.9980587735614304
C/C=C/C(=O)O,CC(=O)O,27537.52064962887,0.990234662576396
C/C=C/C(=O)O,CC(C)O,23629.293332836794,0.9962014708052724
C/C=C/C(=O)O,CCCCO,23630.798381633005,0.998520859986492
C/C=C/C(=O)O,CCO,23649.62622441395,0.995817533101376
C/C=C/C(=O)O,CCOC(C)=O,27368.88180644056,0.9981091342599884
C/C=C/C(=O)O,CO,25677.338510588423,0.9991117112421178
C/C=C/C=C/C(=O)O,CC#N,30642.712576952985,0.99467681061933
C/C=C/C=C/C(=O)O,CC(C)=O,25927.65047601512,0.9955115137854068
C/C=C/C=C/C(=O)O,CCCO,39688.50935744229,0.993787705026986
C/C=C/C=C/C(=O)O,CO,24012.6365207728,0.993517745398574
C/C=C/C=C/C(=O)O,COC(C)(C)C,23619.08521053318,0.996368869203696
C1=CONN=C1,CC(C)O,30040.690921382124,0.960683987385828
C1=CONN=C1,CCCO,32324.74406931529,0.9695505739135368
C1=CONN=C1,CCO,29338.93993030464,0.9758198327882552
C1=CONN=C1,COC(C)=O,18531.74783972036,0.9861759350085484
C1=CONN=C1,CS(C)=O,13883.38806368043,0.939035977315256
C1=CONN=C1,ClCCl,20786.69858429742,0.930551631072168
C1=CONN=C1,OCCO,39970.7629184455,0.9525776276732488
C1=Cc2cccc3cccc1c23,CC(C)O,34072.94505314473,0.9990247898018982
C1=Cc2cccc3cccc1c23,CCCCO,30980.48292000858,0.9986471615736248
C1=Cc2cccc3cccc1c23,CCO,30468.23493181507,0.9990467423875548
C1=Cc2cccc3cccc1c23,Cc1ccccc1,27911.334882824453,0.9943885510533106
C1=Cc2ccccc2Nc2ccccc21,C1COCCO1,15476.44940684596,0.9984458431680668
C1=Cc2ccccc2Nc2ccccc21,CC#N,23572.713668989985,0.9991667102155124
C1=Cc2ccccc2Nc2ccccc21,CC(=O)OC(C)C,15463.279590762286,0.998376492584737
C1=Cc2ccccc2Nc2ccccc21,CC(=O)OCC(C)C,16022.263652165511,0.996786320293042
C1=Cc2ccccc2Nc2ccccc21,CC(C)=O,14379.403632996578,0.9980386834016431
C1=Cc2ccccc2Nc2ccccc21,CCCCOC(C)=O,15790.061101463512,0.9979628194727432
C1=Cc2ccccc2Nc2ccccc21,CCCOC(C)=O,15244.446333410648,0.9973927794584312
C1=Cc2ccccc2Nc2ccccc21,CCOC(C)=O,17456.791830393253,0.9997127824624178
C1=Cc2ccccc2Nc2ccccc21,CN(C)C=O,8792.787160455358,0.998225150150588
C1=Cc2ccccc2Nc2ccccc21,CN1CCCC1=O,4913.202781212249,0.9943588590341762
C1=Cc2ccccc2Nc2ccccc21,COC(C)=O,17242.861990139296,0.9975750643319784
C1=Cc2nc1c(-c1ccccc1)c1ccc([nH]1)c(-c1ccccc1)c1nc(c(-c3ccccc3)c3ccc([nH]3)c2-c2ccccc2)C=C1,CCO,22185.60553926244,0.9993381519865728
C1=Cc2nc1c(-c1ccccc1)c1ccc([nH]1)c(-c1ccccc1)c1nc(c(-c3ccccc3)c3ccc([nH]3)c2-c2ccccc2)C=C1,CN(C)C=O,10291.001525065056,0.9607139950611568
C1CN2CN3CCN(CN1C3)C2,O,7106.425217778281,0.9946029621886348
C1N2CN3CN1CN(C2)C3,CCO,16189.794596906242,0.9994998760369004
C1OCOCO1,CCO,73187.31998021423,0.911867787698902
C1OCOCO1,CO,62970.876964215895,0.9278165892118586
C=C(C)[C@@H]1CC[C@]2(C(=O)O)CC[C@]3(C)[C@H](CC[C@@H]4[C@@]5(C)CCC(=O)C(C)(C)[C@@H]5CC[C@]43C)[C@@H]12,CC(C)O,19917.84379588732,0.985116540521177
C=C(C)[C@@H]1CC[C@]2(C(=O)O)CC[C@]3(C)[C@H](CC[C@@H]4[C@@]5(C)CCC(=O)C(C)(C)[C@@H]5CC[C@]43C)[C@@H]12,CCCO,14836.079202627872,0.9833133100276732
C=C(C)[C@@H]1CC[C@]2(C(=O)O)CC[C@]3(C)[C@H](CC[C@@H]4[C@@]5(C)CCC(=O)C(C)(C)[C@@H]5CC[C@]43C)[C@@H]12,CCCOCCO,5513.422329754879,0.9758026760030049
C=C(C)[C@@H]1CC[C@]2(C(=O)O)CC[C@]3(C)[C@H](CC[C@@H]4[C@@]5(C)CCC(=O)C(C)(C)[C@@H]5CC[C@]43C)[C@@H]12,CCO,14541.95942725202,0.995881861563331
C=C(C)[C@@H]1CC[C@]2(C(=O)O)CC[C@]3(C)[C@H](CC[C@@H]4[C@@]5(C)CCC(=O)C(C)(C)[C@@H]5CC[C@]43C)[C@@H]12,COCCO,9299.395577066774,0.9801948683376346
C=C(C)[C@@H]1CC[C@]2(C(=O)O)CC[C@]3(C)[C@H](CC[C@@H]4[C@@]5(C)CC[C@H](O)C(C)(C)[C@@H]5CC[C@]43C)[C@@H]12,C1CCOC1,25155.23888548251,0.9976890525923566
C=C(C)[C@@H]1CC[C@]2(C(=O)O)CC[C@]3(C)[C@H](CC[C@@H]4[C@@]5(C)CC[C@H](O)C(C)(C)[C@@H]5CC[C@]43C)[C@@H]12,CC(C)=O,16606.906607698467,0.9860366169215604
C=C(C)[C@@H]1CC[C@]2(C(=O)O)CC[C@]3(C)[C@H](CC[C@@H]4[C@@]5(C)CC[C@H](O)C(C)(C)[C@@H]5CC[C@]43C)[C@@H]12,CC(C)O,16563.59797792241,0.9900345372265452
C=C(C)[C@@H]1CC[C@]2(C(=O)O)CC[C@]3(C)[C@H](CC[C@@H]4[C@@]5(C)CC[C@H](O)C(C)(C)[C@@H]5CC[C@]43C)[C@@H]12,CCCCCCO,11786.549160733495,0.9940907031277602
C=C(C)[C@@H]1CC[C@]2(C(=O)O)CC[C@]3(C)[C@H](CC[C@@H]4[C@@]5(C)CC[C@H](O)C(C)(C)[C@@H]5CC[C@]43C)[C@@H]12,CCCCCO,10427.276057124116,0.995282745257052
C=C(C)[C@@H]1CC[C@]2(C(=O)O)CC[C@]3(C)[C@H](CC[C@@H]4[C@@]5(C)CC[C@H](O)C(C)(C)[C@@H]5CC[C@]43C)[C@@H]12,CCCCO,16444.467150350894,0.9982489877539716
C=C(C)[C@@H]1CC[C@]2(C(=O)O)CC[C@]3(C)[C@H](CC[C@@H]4[C@@]5(C)CC[C@H](O)C(C)(C)[C@@H]5CC[C@]43C)[C@@H]12,CCCCOC(C)=O,15110.800321923794,0.98879499637579
C=C(C)[C@@H]1CC[C@]2(C(=O)O)CC[C@]3(C)[C@H](CC[C@@H]4[C@@]5(C)CC[C@H](O)C(C)(C)[C@@H]5CC[C@]43C)[C@@H]12,CCCO,17516.75158428631,0.9994487398287042
C=C(C)[C@@H]1CC[C@]2(C(=O)O)CC[C@]3(C)[C@H](CC[C@@H]4[C@@]5(C)CC[C@H](O)C(C)(C)[C@@H]5CC[C@]43C)[C@@H]12,CCO,17109.277993058593,0.9983626058187832
C=C(C)[C@@H]1CC[C@]2(C(=O)O)CC[C@]3(C)[C@H](CC[C@@H]4[C@@]5(C)CC[C@H](O)C(C)(C)[C@@H]5CC[C@]43C)[C@@H]12,CCOC(C)=O,18463.2351570081,0.9796630552309892
C=C(C)[C@@H]1CC[C@]2(C(=O)O)CC[C@]3(C)[C@H](CC[C@@H]4[C@@]5(C)CC[C@H](O)C(C)(C)[C@@H]5CC[C@]43C)[C@@H]12,CO,23468.70127019016,0.9780804370676012
C=C(C)[C@@H]1CC[C@]2(CO)CC[C@]3(C)[C@H](CC[C@@H]4[C@@]5(C)CC[C@H](O)C(C)(C)[C@@H]5CC[C@]43C)[C@@H]12,C1CCCCC1,65180.36918253184,0.998021103547202
C=C(C)[C@@H]1CC[C@]2(CO)CC[C@]3(C)[C@H](CC[C@@H]4[C@@]5(C)CC[C@H](O)C(C)(C)[C@@H]5CC[C@]43C)[C@@H]12,CC#N,54943.57377356107,0.9916915780176112
C=C(C)[C@@H]1CC[C@]2(CO)CC[C@]3(C)[C@H](CC[C@@H]4[C@@]5(C)CC[C@H](O)C(C)(C)[C@@H]5CC[C@]43C)[C@@H]12,CC(C)=O,26521.02979656748,0.9574630775325084
C=C(C)[C@@H]1CC[C@]2(CO)CC[C@]3(C)[C@H](CC[C@@H]4[C@@]5(C)CC[C@H](O)C(C)(C)[C@@H]5CC[C@]43C)[C@@H]12,CCC(C)O,15584.803624962917,0.9414644392777762
C=C(C)[C@@H]1CC[C@]2(CO)CC[C@]3(C)[C@H](CC[C@@H]4[C@@]5(C)CC[C@H](O)C(C)(C)[C@@H]5CC[C@]43C)[C@@H]12,CCCCCCCCCCCC,24001.208819115185,0.9789135256008952
C=C(C)[C@@H]1CC[C@]2(CO)CC[C@]3(C)[C@H](CC[C@@H]4[C@@]5(C)CC[C@H](O)C(C)(C)[C@@H]5CC[C@]43C)[C@@H]12,CCCCCCCCCO,18870.66367249635,0.9767243117599648
C=C(C)[C@@H]1CC[C@]2(CO)CC[C@]3(C)[C@H](CC[C@@H]4[C@@]5(C)CC[C@H](O)C(C)(C)[C@@H]5CC[C@]43C)[C@@H]12,CCCCCCCCO,15731.216701362311,0.9020380401615822
C=C(C)[C@@H]1CC[C@]2(CO)CC[C@]3(C)[C@H](CC[C@@H]4[C@@]5(C)CC[C@H](O)C(C)(C)[C@@H]5CC[C@]43C)[C@@H]12,CCCCCCO,12152.768595839972,0.9770110641869544
C=C(C)[C@@H]1CC[C@]2(CO)CC[C@]3(C)[C@H](CC[C@@H]4[C@@]5(C)CC[C@H](O)C(C)(C)[C@@H]5CC[C@]43C)[C@@H]12,CCCCO,8860.679783711394,0.9960135378396768
C=C(C)[C@@H]1CC[C@]2(CO)CC[C@]3(C)[C@H](CC[C@@H]4[C@@]5(C)CC[C@H](O)C(C)(C)[C@@H]5CC[C@]43C)[C@@H]12,CCOC(C)=O,25784.996195361786,0.9931632077497988
C=C(C)[C@@H]1CC[C@]2(CO)CC[C@]3(C)[C@H](CC[C@@H]4[C@@]5(C)CC[C@H](O)C(C)(C)[C@@H]5CC[C@]43C)[C@@H]12,CN1CCCC1=O,4803.501093002859,0.9988256062592654
C=C(C)[C@@H]1CC[C@]2(CO)CC[C@]3(C)[C@H](CC[C@@H]4[C@@]5(C)CC[C@H](O)C(C)(C)[C@@H]5CC[C@]43C)[C@@H]12,CO,18237.433702471404,0.992044686056134
C=C(C)[C@@H]1CC[C@]2(CO)CC[C@]3(C)[C@H](CC[C@@H]4[C@@]5(C)CC[C@H](O)C(C)(C)[C@@H]5CC[C@]43C)[C@@H]12,COC(C)=O,9034.069190723874,0.997687344974204
C=C(C)[C@@H]1CC[C@]2(CO)CC[C@]3(C)[C@H](CC[C@@H]4[C@@]5(C)CC[C@H](O)C(C)(C)[C@@H]5CC[C@]43C)[C@@H]12,ClC(Cl)Cl,15465.011360435274,0.9919761425939476
C=C(C)[C@@H]1CC[C@]2(CO)CC[C@]3(C)[C@H](CC[C@@H]4[C@@]5(C)CC[C@H](O)C(C)(C)[C@@H]5CC[C@]43C)[C@@H]12,ClCCl,6925.806130573208,0.9960389225223502
C=C(C)[C@@H]1CC[C@]2(CO)CC[C@]3(C)[C@H](CC[C@@H]4[C@@]5(C)CC[C@H](O)C(C)(C)[C@@H]5CC[C@]43C)[C@@H]12,O,50184.60201781102,0.9882844465735652
C=C(CC(=O)O)C(=O)O,CC#N,25962.721126222867,0.9988348362743108
C=C(CC(=O)O)C(=O)O,CC(C)=O,11329.08251126633,0.994641312028984
C=C(CC(=O)O)C(=O)O,CC(C)O,6015.152039333448,0.9832881656965496
C=C(CC(=O)O)C(=O)O,CCCO,7964.221706728466,0.9943418629280802
C=C(CC(=O)O)C(=O)O,CCO,7132.902717885595,0.9906218971168562
C=C(CC(=O)O)C(=O)O,CO,4153.42484338012,0.9822900692930796
C=C1CCC[C@]2(C)C[C@]3(O)OC(=O)C(C)=C3C[C@@H]12,CCCCCC,47464.184195373135,0.9925099750029625
C=C1CCC[C@]2(C)C[C@]3(O)OC(=O)C(C)=C3C[C@@H]12,CCO,25134.80319880112,0.9975678422055676
C=C1CCC[C@]2(C)C[C@]3(O)OC(=O)C(C)=C3C[C@@H]12,CCOC(C)=O,4245.492587090104,0.981212531168498
C=C1CCC[C@]2(C)C[C@]3(O)OC(=O)C(C)=C3C[C@@H]12,CCOCC,43725.07479953475,0.993721642358335
C=C1CCN([C@H](C)[C@](O)(Cn2cncn2)c2ccc(F)cc2F)CC1,C1CCOC1,9062.114307073767,0.9991068266630424
C=C1CCN([C@H](C)[C@](O)(Cn2cncn2)c2ccc(F)cc2F)CC1,CC#N,35426.1984120568,0.9997357037657654
C=C1CCN([C@H](C)[C@](O)(Cn2cncn2)c2ccc(F)cc2F)CC1,CC(C)=O,13285.769445756749,0.999347819113846
C=C1CCN([C@H](C)[C@](O)(Cn2cncn2)c2ccc(F)cc2F)CC1,CC(C)O,31665.18285938445,0.9985953369467672
C=C1CCN([C@H](C)[C@](O)(Cn2cncn2)c2ccc(F)cc2F)CC1,CC(O)CO,15658.68747319373,0.999446325711806
C=C1CCN([C@H](C)[C@](O)(Cn2cncn2)c2ccc(F)cc2F)CC1,CCCCO,27959.39857279248,0.9993361805185828
C=C1CCN([C@H](C)[C@](O)(Cn2cncn2)c2ccc(F)cc2F)CC1,CCCO,26312.92131315238,0.99913847846683
C=C1CCN([C@H](C)[C@](O)(Cn2cncn2)c2ccc(F)cc2F)CC1,CCO,29876.176508661272,0.9978827795903594
C=C1CCN([C@H](C)[C@](O)(Cn2cncn2)c2ccc(F)cc2F)CC1,CCOC(C)=O,15805.126418662334,0.9984761056925004
C=C1CCN([C@H](C)[C@](O)(Cn2cncn2)c2ccc(F)cc2F)CC1,CCOCCOCCO,10872.875045241131,0.9997446150225012
C=C1CCN([C@H](C)[C@](O)(Cn2cncn2)c2ccc(F)cc2F)CC1,CN(C)C=O,11554.359677542883,0.999585788388397
C=C1CCN([C@H](C)[C@](O)(Cn2cncn2)c2ccc(F)cc2F)CC1,CO,17250.558746066115,0.9993464025680628
C=C1CCN([C@H](C)[C@](O)(Cn2cncn2)c2ccc(F)cc2F)CC1,ClCCl,11583.975527276052,0.9985004266721532
C=C1CCN([C@H](C)[C@](O)(Cn2cncn2)c2ccc(F)cc2F)CC1,O,36351.31550730232,0.999624184646408
C=C1CC[C@H](O)C/C1=C/C=C1\CCC[C@]2(C)[C@@H]([C@H](C)CCCC(C)C)CC[C@@H]12,CC#N,32143.550979238804,0.9842037333541556
C=C1CC[C@H](O)C/C1=C/C=C1\CCC[C@]2(C)[C@@H]([C@H](C)CCCC(C)C)CC[C@@H]12,CC(C)=O,33545.4737244596,0.9925478417554776
C=C1CC[C@H](O)C/C1=C/C=C1\CCC[C@]2(C)[C@@H]([C@H](C)CCCC(C)C)CC[C@@H]12,CC(C)O,8042.49770771903,0.9948794085927154
C=C1CC[C@H](O)C/C1=C/C=C1\CCC[C@]2(C)[C@@H]([C@H](C)CCCC(C)C)CC[C@@H]12,CC(O)CO,22840.132552600346,0.9980758843599636
C=C1CC[C@H](O)C/C1=C/C=C1\CCC[C@]2(C)[C@@H]([C@H](C)CCCC(C)C)CC[C@@H]12,CCCO,27149.235514258507,0.9957040666710332
C=C1CC[C@H](O)C/C1=C/C=C1\CCC[C@]2(C)[C@@H]([C@H](C)CCCC(C)C)CC[C@@H]12,CCO,16676.195946279808,0.9310832633353184
C=C1CC[C@H](O)C/C1=C/C=C1\CCC[C@]2(C)[C@@H]([C@H](C)CCCC(C)C)CC[C@@H]12,CCOC(C)=O,30018.487515204448,0.990030562059778
C=C1CC[C@H](O)C/C1=C/C=C1\CCC[C@]2(C)[C@@H]([C@H](C)CCCC(C)C)CC[C@@H]12,CCOCCOCCO,3337.489238929018,0.9972339694659652
C=C1CC[C@H](O)C/C1=C/C=C1\CCC[C@]2(C)[C@@H]([C@H](C)CCCC(C)C)CC[C@@H]12,O,45138.764453127005,0.99547376566611
C=C1CC[C@H](O)C/C1=C/C=C1\CCC[C@]2(C)[C@@H]([C@H](C)CCCC(C)C)CC[C@@H]12,OCCO,41409.565423912194,0.9950005067969568
C=C1C[C@]23C[C@@]1(O)CC[C@H]2[C@@]12C=C[C@H](O)[C@@](C)(C(=O)O1)[C@H]2[C@@H]3C(=O)O,C1CCOC1,21248.19276309537,0.999646312065894
C=C1C[C@]23C[C@@]1(O)CC[C@H]2[C@@]12C=C[C@H](O)[C@@](C)(C(=O)O1)[C@H]2[C@@H]3C(=O)O,CC#N,30253.512539122465,0.9938068698617571
C=C1C[C@]23C[C@@]1(O)CC[C@H]2[C@@]12C=C[C@H](O)[C@@](C)(C(=O)O1)[C@H]2[C@@H]3C(=O)O,CC(C)=O,22284.37098875385,0.9992988798965388
C=C1C[C@]23C[C@@]1(O)CC[C@H]2[C@@]12C=C[C@H](O)[C@@](C)(C(=O)O1)[C@H]2[C@@H]3C(=O)O,CC(C)O,12228.52364818703,0.9983545479326362
C=C1C[C@]23C[C@@]1(O)CC[C@H]2[C@@]12C=C[C@H](O)[C@@](C)(C(=O)O1)[C@H]2[C@@H]3C(=O)O,CCCCCC,21706.052422937875,0.9998739339481214
C=C1C[C@]23C[C@@]1(O)CC[C@H]2[C@@]12C=C[C@H](O)[C@@](C)(C(=O)O1)[C@H]2[C@@H]3C(=O)O,CCCCCCC,29484.22187129052,0.9909904591195255
C=C1C[C@]23C[C@@]1(O)CC[C@H]2[C@@]12C=C[C@H](O)[C@@](C)(C(=O)O1)[C@H]2[C@@H]3C(=O)O,CCCCO,33785.57008690631,0.9881873220954608
C=C1C[C@]23C[C@@]1(O)CC[C@H]2[C@@]12C=C[C@H](O)[C@@](C)(C(=O)O1)[C@H]2[C@@H]3C(=O)O,CCOC(C)=O,25745.787422590176,0.9981313202762316
C=C1C[C@]23C[C@@]1(O)CC[C@H]2[C@@]12C=C[C@H](O)[C@@](C)(C(=O)O1)[C@H]2[C@@H]3C(=O)O,CS(C)=O,22622.06566665088,0.99871165786328
C=C1C[C@]23C[C@@]1(O)CC[C@H]2[C@@]12C=C[C@H](O)[C@@](C)(C(=O)O1)[C@H]2[C@@H]3C(=O)O,ClC(Cl)Cl,29962.43001413439,0.9950460370780092
C=C1C[C@]23C[C@H]1CC[C@H]2[C@@]12CC[C@H](O)[C@@](C)(C(=O)O1)[C@H]2[C@@H]3C(=O)O,CC#N,21596.71155819732,0.994830735583778
C=C1C[C@]23C[C@H]1CC[C@H]2[C@@]12CC[C@H](O)[C@@](C)(C(=O)O1)[C@H]2[C@@H]3C(=O)O,CC(C)=O,10432.86513148112,0.9957229131839754
C=C1C[C@]23C[C@H]1CC[C@H]2[C@@]12CC[C@H](O)[C@@](C)(C(=O)O1)[C@H]2[C@@H]3C(=O)O,CC(C)O,10165.359490802311,0.9962832877476908
C=C1C[C@]23C[C@H]1CC[C@H]2[C@@]12CC[C@H](O)[C@@](C)(C(=O)O1)[C@H]2[C@@H]3C(=O)O,CCCCO,9502.264751165356,0.9818686939335122
C=C1C[C@]23C[C@H]1CC[C@H]2[C@@]12CC[C@H](O)[C@@](C)(C(=O)O1)[C@H]2[C@@H]3C(=O)O,CCO,21027.317827504463,0.9924942999634372
C=C1C[C@]23C[C@H]1CC[C@H]2[C@@]12CC[C@H](O)[C@@](C)(C(=O)O1)[C@H]2[C@@H]3C(=O)O,CCOC(C)=O,16475.069131184788,0.9991078690607555
C=C1C[C@]23C[C@H]1CC[C@H]2[C@@]12CC[C@H](O)[C@@](C)(C(=O)O1)[C@H]2[C@@H]3C(=O)O,CO,13208.03873525028,0.9965858915743808
C=C1C[C@]23C[C@H]1CC[C@H]2[C@@]12CC[C@H](O)[C@@](C)(C(=O)O1)[C@H]2[C@@H]3C(=O)O,O,34671.54051598049,0.9963208983896472
C=CC(=O)N1CCC[C@@H](n2nc(-c3ccc(Oc4ccccc4)cc3)c3c(N)ncnc32)C1,CC#N,27426.947396758274,0.997909110796406
C=CC(=O)N1CCC[C@@H](n2nc(-c3ccc(Oc4ccccc4)cc3)c3c(N)ncnc32)C1,CC(C)=O,22311.3726986696,0.9985884065614672
C=CC(=O)N1CCC[C@@H](n2nc(-c3ccc(Oc4ccccc4)cc3)c3c(N)ncnc32)C1,CC(C)O,39468.351901625465,0.9993237931878658
C=CC(=O)N1CCC[C@@H](n2nc(-c3ccc(Oc4ccccc4)cc3)c3c(N)ncnc32)C1,CCC(C)=O,21677.526303220908,0.9967924396004652
C=CC(=O)N1CCC[C@@H](n2nc(-c3ccc(Oc4ccccc4)cc3)c3c(N)ncnc32)C1,CCCCO,35911.60691231476,0.9969349519727316
C=CC(=O)N1CCC[C@@H](n2nc(-c3ccc(Oc4ccccc4)cc3)c3c(N)ncnc32)C1,CCO,17316.40116299534,0.9993713833573856
C=CC(=O)N1CCC[C@@H](n2nc(-c3ccc(Oc4ccccc4)cc3)c3c(N)ncnc32)C1,CCOCCOCCO,12100.47047834097,0.9972053177170752
C=CC(=O)N1CCC[C@@H](n2nc(-c3ccc(Oc4ccccc4)cc3)c3c(N)ncnc32)C1,COC(C)(C)C,13988.382994698764,0.9961785643663372
C=CC(=O)NC(C)(C)C,CC(=O)N(C)C,29875.66142232033,0.9724676328971504
C=CC(=O)NC(C)(C)C,CCO,36771.14973002941,0.9985950112711977
C=CC(=O)NC(C)(C)C,CCOC(C)=O,18690.79891468791,0.9960236898701136
C=CC(=O)NC(C)(C)C,CN(C)C=O,27694.64404143495,0.9911259203898072
C=CC(=O)NC(C)(C)C,ClCCl,30003.60902227307,0.9976128513777904
C=CC(=O)NC(C)(C)C,NC=O,37334.61798134461,0.9971678277342092
C=CC(=O)NC(C)(C)C,O,18857.074384434647,0.9969695011808416
C=CC(=O)NC(C)(C)CC(C)=O,CC(C)=O,39150.19579672849,0.955662270331635
C=CC(=O)NC(C)(C)CC(C)=O,CCC(C)=O,41636.607749416966,0.941699563044748
C=CC(=O)NC(C)(C)CC(C)=O,CCCCCO,49699.7992575562,0.9308432100184276
C=CC(=O)NC(C)(C)CC(C)=O,CCCCO,49003.85194892943,0.9237156141218904
C=CC(=O)NC(C)(C)CC(C)=O,CCCO,51791.91891935554,0.9014551721078174
C=CC(=O)NC(C)(C)CC(C)=O,CCO,43403.36759605576,0.9454618896157562
C=CC(=O)NC(C)(C)CC(C)=O,CCOC=O,42576.762415384015,0.9480576614117784
C=CC(=O)NC(C)(C)CC(C)=O,CO,35328.78994006959,0.96224354508231
C=CC(=O)NC(C)(C)CC(C)=O,COC(C)=O,41959.62937523458,0.943962593023549
C=CC(=O)NC(C)(C)CS(=O)(=O)O,C1COCCO1,63299.31180546841,0.9984041378779704
C=CC(=O)NC(C)(C)CS(=O)(=O)O,CC(C)=O,22795.895285949548,0.9906623955080356
C=CC(=O)NC(C)(C)CS(=O)(=O)O,CC(C)O,58918.22553195097,0.9969935273735478
C=CC(=O)NC(C)(C)CS(=O)(=O)O,CCCCCCCO,25126.79099903205,0.9888296955297
C=CC(=O)NC(C)(C)CS(=O)(=O)O,CCCCO,25415.526896377185,0.9907940685811554
C=CC(=O)NC(C)(C)CS(=O)(=O)O,CCCO,25800.16434097134,0.9949621910267902
C=CC(=O)NC(C)(C)CS(=O)(=O)O,CCO,22096.47145779368,0.9866262930583026
C=CC(=O)NC(C)(C)CS(=O)(=O)O,CCOC(C)=O,37907.020060166455,0.9984140136513728
C=CC(=O)NC(C)(C)CS(=O)(=O)O,Cc1ccccc1,17151.38147379683,0.9737232741567708
C=CC(=O)NC(C)(C)CS(=O)(=O)O,OCCO,52396.68045091009,0.9959456499111016
C=CC(=O)NCO,CC#N,26366.84679969813,0.9994453197078677
C=CC(=O)NCO,CCCCOC(C)=O,40843.80011390012,0.999968310587366
C=CC(=O)NCO,Cc1ccccc1,42584.61816054501,0.9904258390787024
C=CC(=O)NCO,ClCCl,20768.770189197778,0.9934785843133674
C=CC(=O)Nc1cc(F)c(Br)c(F)c1,c1ccccc1,41851.29166323549,0.9978098451257272
C=CC(=O)Nc1cc(Nc2nccc(-c3cn(C)c4ccccc34)n2)c(OC)cc1N(C)CCN(C)C,CCO,50582.77472884095,0.9968440187605798
C=CC(=O)Nc1cc(Nc2nccc(-c3cn(C)c4ccccc34)n2)c(OC)cc1N(C)CCN(C)C,CCOC(C)=O,43711.70202005952,0.9982231131025396
C=CC(=O)Nc1cc(Nc2nccc(-c3cn(C)c4ccccc34)n2)c(OC)cc1N(C)CCN(C)C,CCOCCOCCO,58153.40635124783,0.9967236358769976
C=CC(=O)Nc1cc(Nc2nccc(-c3cn(C)c4ccccc34)n2)c(OC)cc1N(C)CCN(C)C,ClCCl,52901.88151910962,0.9977150806654248
C=CC(=O)Nc1cc(Nc2nccc(-c3cn(C)c4ccccc34)n2)c(OC)cc1N(C)CCN(C)C,O,27004.37416309758,0.9979877127749224
C=CC(C)(O)CCC=C(C)C,O,55238.37204892908,0.9800835975089875
C=CC1=C(C(=O)O)N2C(=O)[C@@H](NC(=O)/C(=N\OCC(=O)O)c3csc(N)n3)[C@H]2SC1,O,33202.33751532603,0.997741623325171
C=CC1=C(C(=O)O)N2C(=O)[C@@H](NC(=O)/C(=N\OCC(=O)O)c3csc(N)n3)[C@H]2SC1.O.O.O,CC#N,22177.361229500955,0.9476855227151372
C=CC1=C(C(=O)O)N2C(=O)[C@@H](NC(=O)/C(=N\OCC(=O)O)c3csc(N)n3)[C@H]2SC1.O.O.O,CCC(C)O,20202.104260911183,0.9929293006697044
C=CC1=C(C(=O)O)N2C(=O)[C@@H](NC(=O)/C(=N\OCC(=O)O)c3csc(N)n3)[C@H]2SC1.O.O.O,CCCCCO,33251.820050479066,0.9955015444686672
C=CC1=C(C(=O)O)N2C(=O)[C@@H](NC(=O)/C(=N\OCC(=O)O)c3csc(N)n3)[C@H]2SC1.O.O.O,CCCCO,24566.40637299718,0.9854719171944252
C=CC1=C(C(=O)O)N2C(=O)[C@@H](NC(=O)/C(=N\OCC(=O)O)c3csc(N)n3)[C@H]2SC1.O.O.O,CCO,19191.166893332946,0.9973343105547012
C=CC1=C(C(=O)O)N2C(=O)[C@@H](NC(=O)/C(=N\OCC(=O)O)c3csc(N)n3)[C@H]2SC1.O.O.O,CO,29989.189133582306,0.9925765890481067
C=CCC,O,-21995.12748778296,0.9969932084481082
C=CCc1ccc(O)c(OC)c1,O,9774.734089539888,0.9216294123551126
C=C[C@]1(C)C[C@@H](OC(=O)CSC(C)(C)CNC(=O)[C@H](N)C(C)C)[C@]2(C)[C@H](C)CC[C@]3(CCC(=O)[C@H]32)[C@@H](C)[C@@H]1O.O=C(O)C(O)C(O)C(=O)O,CC(C)=O,30511.17597252598,0.9593570692208032
C=C[C@]1(C)C[C@@H](OC(=O)CSC(C)(C)CNC(=O)[C@H](N)C(C)C)[C@]2(C)[C@H](C)CC[C@]3(CCC(=O)[C@H]32)[C@@H](C)[C@@H]1O.O=C(O)C(O)C(O)C(=O)O,CCCCO,17149.58353035013,0.9833485975090988
C=C[C@]1(C)C[C@@H](OC(=O)CSC(C)(C)CNC(=O)[C@H](N)C(C)C)[C@]2(C)[C@H](C)CC[C@]3(CCC(=O)[C@H]32)[C@@H](C)[C@@H]1O.O=C(O)C(O)C(O)C(=O)O,CCO,34061.96631610356,0.9869897732271078
C=NCC#N,CC(C)O,28842.5107857044,0.9986143591478134
C=NCC#N,CCCCO,24957.677256384915,0.9994166518605616
C=NCC#N,CCCO,26056.84536978588,0.9994394074976184
C=NCC#N,CCO,24727.421667963947,0.9995514990327552
C=NCC#N,CO,24578.994539750427,0.9997543833563894
C=NCC#N,O,24765.7287660503,0.9999027176779806
CC#CCn1c(N2CCC[C@@H](N)C2)nc2c1c(=O)n(Cc1nc(C)c3ccccc3n1)c(=O)n2C,CC#N,23558.068776584783,0.9941037513599572
CC#CCn1c(N2CCC[C@@H](N)C2)nc2c1c(=O)n(Cc1nc(C)c3ccccc3n1)c(=O)n2C,CC(C)O,23098.864804331828,0.996787882745734
CC#CCn1c(N2CCC[C@@H](N)C2)nc2c1c(=O)n(Cc1nc(C)c3ccccc3n1)c(=O)n2C,CCO,25894.472956545407,0.9998588105811022
CC#CCn1c(N2CCC[C@@H](N)C2)nc2c1c(=O)n(Cc1nc(C)c3ccccc3n1)c(=O)n2C,CO,27495.92962449895,0.9993175376681932
CC#C[C@]1(O)CC[C@H]2[C@@H]3CCC4=CC(=O)CCC4=C3[C@@H](c3ccc(N(C)C)cc3)C[C@@]21C,CC(C)=O,28267.318752143816,0.9994576746937714
CC#C[C@]1(O)CC[C@H]2[C@@H]3CCC4=CC(=O)CCC4=C3[C@@H](c3ccc(N(C)C)cc3)C[C@@]21C,CCCCO,28412.42273258082,0.9997480416361106
CC#C[C@]1(O)CC[C@H]2[C@@H]3CCC4=CC(=O)CCC4=C3[C@@H](c3ccc(N(C)C)cc3)C[C@@]21C,CCCO,22366.93832551176,0.998873845518222
CC#C[C@]1(O)CC[C@H]2[C@@H]3CCC4=CC(=O)CCC4=C3[C@@H](c3ccc(N(C)C)cc3)C[C@@]21C,CCO,23449.11967525788,0.9993668171073172
CC#C[C@]1(O)CC[C@H]2[C@@H]3CCC4=CC(=O)CCC4=C3[C@@H](c3ccc(N(C)C)cc3)C[C@@]21C,CCOC(C)=O,26390.83534692614,0.9990268634980776
CC#C[C@]1(O)CC[C@H]2[C@@H]3CCC4=CC(=O)CCC4=C3[C@@H](c3ccc(N(C)C)cc3)C[C@@]21C,CO,35259.67745005868,0.9998321798478704
CC(=CC(C)=Nc1c(C)cc(C)cc1C)Nc1c(C)cc(C)cc1C,C1CCOC1,14055.93989149602,0.9964623305953684
CC(=CC(C)=Nc1c(C)cc(C)cc1C)Nc1c(C)cc(C)cc1C,CCCCCC,26262.085274141875,0.977637809292316
CC(=CC(C)=Nc1c(C)cc(C)cc1C)Nc1c(C)cc(C)cc1C,CCO,24912.19238425403,0.9869731896370044
CC(=CC(C)=Nc1c(C)cc(C)cc1C)Nc1c(C)cc(C)cc1C,CO,26862.526781129407,0.9880472014626948
CC(=CC(C)=Nc1c(C)cc(C)cc1C)Nc1c(C)cc(C)cc1C,Cc1ccccc1,20442.395972163024,0.9945156202669316
CC(=CC(C)=Nc1c(C)cccc1C)Nc1c(C)cccc1C,CCCCCC,21501.64375893777,0.9996064699880718
CC(=CC(C)=Nc1c(C)cccc1C)Nc1c(C)cccc1C,CCO,12447.939916780591,0.9723988398148828
CC(=CC(C)=Nc1c(C)cccc1C)Nc1c(C)cccc1C,CO,22398.719761377743,0.9928117094795196
CC(=CC(C)=Nc1c(C)cccc1C)Nc1c(C)cccc1C,Cc1ccccc1,21300.812445407657,0.9504830648394408
CC(=NC#N)N(C)Cc1ccc(Cl)nc1,C1COCCO1,26364.18067592501,0.9982649884182662
CC(=NC#N)N(C)Cc1ccc(Cl)nc1,CC(C)=O,27491.294908784843,0.9942528388174892
CC(=NC#N)N(C)Cc1ccc(Cl)nc1,CC(C)CO,22081.955684526605,0.9978692795410858
CC(=NC#N)N(C)Cc1ccc(Cl)nc1,CC(C)O,21912.0904393562,0.9980674765922024
CC(=NC#N)N(C)Cc1ccc(Cl)nc1,CCCCO,22661.95918779301,0.997236740340914
CC(=NC#N)N(C)Cc1ccc(Cl)nc1,CCO,23385.2882281078,0.9980955455623726
CC(=NC#N)N(C)Cc1ccc(Cl)nc1,CCOC(C)=O,26746.23158806916,0.999169438903474
CC(=NC#N)N(C)Cc1ccc(Cl)nc1,CN(C)C=O,31021.97533191148,0.9906909573479242
CC(=NC#N)N(C)Cc1ccc(Cl)nc1,CO,23972.24927229492,0.9985803257337508
CC(=NC#N)N(C)Cc1ccc(Cl)nc1,CS(C)=O,38016.37313835985,0.9890461139335958
CC(=NC#N)N(C)Cc1ccc(Cl)nc1,O,34341.424044104075,0.9944663947100532
CC(=NC#N)N(C)Cc1ccc(Cl)nc1,OCCO,25252.784636222023,0.9963579506891552
CC(=O)C1=C(O)C=C2Oc3c(C(C)=O)c(O)c(C)c(O)c3[C@]2(C)C1=O,CC(C)=O,24650.856650582144,0.9713092555080864
CC(=O)C1=C(O)C=C2Oc3c(C(C)=O)c(O)c(C)c(O)c3[C@]2(C)C1=O,CCCCCC,24962.547162061463,0.9918569682082256
CC(=O)C1=C(O)C=C2Oc3c(C(C)=O)c(O)c(C)c(O)c3[C@]2(C)C1=O,CCOC(C)=O,28100.830706791792,0.9944912942611404
CC(=O)C1=C(O)C=C2Oc3c(C(C)=O)c(O)c(C)c(O)c3[C@]2(C)C1=O,O,13213.950582445015,0.9837111571581854
CC(=O)C1=CC[C@H]2[C@@H]3CCC4=CC(=O)C=C[C@]4(C)[C@H]3[C@@H](O)C[C@]12C,CC(C)=O,17650.37573834988,0.997565085492315
CC(=O)C1=CC[C@H]2[C@@H]3CCC4=CC(=O)C=C[C@]4(C)[C@H]3[C@@H](O)C[C@]12C,CCO,25340.6452749872,0.9984740202384098
CC(=O)C1C(=O)C=C(C)OC1=O,CC#N,31789.775352500823,0.994556842831948
CC(=O)C1C(=O)C=C(C)OC1=O,CC(C)=O,28607.333378481915,0.9859534178047517
CC(=O)C1C(=O)C=C(C)OC1=O,CC(C)O,40392.89062179809,0.9955573315272892
CC(=O)C1C(=O)C=C(C)OC1=O,CCCCCO,41744.87753851524,0.9980330947567846
CC(=O)C1C(=O)C=C(C)OC1=O,CCCO,38290.87822396345,0.9963165030720236
CC(=O)C1C(=O)C=C(C)OC1=O,CCOC(C)=O,26385.236826503133,0.9912808101966736
CC(=O)C1C(=O)C=C(C)OC1=O,CN(C)C=O,27280.820676924803,0.9930279572453162
CC(=O)C1C(=O)C=C(C)OC1=O,CO,34808.45935523799,0.9879691577677058
CC(=O)C1C(=O)C=C(C)OC1=O,CS(C)=O,32701.25201605313,0.9965263340907184
CC(=O)CCC(=O)O,O,49233.091337728096,0.999157928486076
CC(=O)CCc1ccc(O)cc1,CC(=O)O,42785.686908742486,0.9929728587177784
CC(=O)CCc1ccc(O)cc1,CC(C)=O,26610.30581089916,0.9863298262036304
CC(=O)CCc1ccc(O)cc1,CCC(C)O,45145.74159398629,0.9896109511497624
CC(=O)CCc1ccc(O)cc1,CCCCO,41017.46715785864,0.9595420863061924
CC(=O)CCc1ccc(O)cc1,CCCO,41248.84412899683,0.9898696478656948
CC(=O)CCc1ccc(O)cc1,CCO,36298.142538125554,0.9962980891466532
CC(=O)CCc1ccc(O)cc1,CCOC(C)=O,35216.594745110284,0.9848797942272848
CC(=O)CCc1ccc(O)cc1,COC(C)=O,39446.862124120205,0.994753818230924
CC(=O)CCc1ccc(O)cc1,O,34267.14946807596,0.9961507561135476
CC(=O)N(CC(O)CO)c1c(I)c(C(=O)NCC(O)CO)c(I)c(C(=O)NCC(O)CO)c1I,C1CCCCC1,34106.84401494717,0.9999253993866808
CC(=O)N(CC(O)CO)c1c(I)c(C(=O)NCC(O)CO)c(I)c(C(=O)NCC(O)CO)c1I,C1COCCO1,27799.550458363246,0.9993868451296668
CC(=O)N(CC(O)CO)c1c(I)c(C(=O)NCC(O)CO)c(I)c(C(=O)NCC(O)CO)c1I,CC(C)O,26760.38698609538,0.998846633530441
CC(=O)N(CC(O)CO)c1c(I)c(C(=O)NCC(O)CO)c(I)c(C(=O)NCC(O)CO)c1I,CCC(C)=O,24718.951119903053,0.9997303230334674
CC(=O)N(CC(O)CO)c1c(I)c(C(=O)NCC(O)CO)c(I)c(C(=O)NCC(O)CO)c1I,CCCCO,27456.13718078981,0.999252460223138
CC(=O)N(CC(O)CO)c1c(I)c(C(=O)NCC(O)CO)c(I)c(C(=O)NCC(O)CO)c1I,CCCO,19749.1982967667,0.9952940148671554
CC(=O)N(CC(O)CO)c1c(I)c(C(=O)NCC(O)CO)c(I)c(C(=O)NCC(O)CO)c1I,CCO,18111.06518747302,0.999980653642538
CC(=O)N(CC(O)CO)c1c(I)c(C(=O)NCC(O)CO)c(I)c(C(=O)NCC(O)CO)c1I,CCOC(C)=O,24601.468450679706,0.9999463849923302
CC(=O)N(CC(O)CO)c1c(I)c(C(=O)NCC(O)CO)c(I)c(C(=O)NCC(O)CO)c1I,CS(C)=O,27902.98415385508,0.9996130470871016
CC(=O)N1CCC[C@H]1C(=O)O,CC(C)CO,31663.58196295164,0.9960565717440636
CC(=O)N1CCC[C@H]1C(=O)O,CC(C)O,28102.67661936924,0.9933522992388008
CC(=O)N1CCC[C@H]1C(=O)O,CCC(C)=O,29519.039779769475,0.9889022558304836
CC(=O)N1CCC[C@H]1C(=O)O,CCC(C)O,30523.312546228008,0.9971781957394272
CC(=O)N1CCC[C@H]1C(=O)O,CCCCCO,29160.683072114403,0.994277163365374
CC(=O)N1CCC[C@H]1C(=O)O,CCCO,29008.53936993228,0.9993951204862794
CC(=O)N1CCC[C@H]1C(=O)O,CCO,28948.66041535733,0.9993940932509522
CC(=O)N1CCC[C@H]1C(=O)O,CCOC(C)=O,30792.087455853933,0.9961391669029606
CC(=O)N1CCC[C@H]1C(=O)O,CO,28650.835731881747,0.9787697429469984
CC(=O)N1CCC[C@H]1C(=O)O,COC(C)=O,30726.131668463844,0.9985662646312958
CC(=O)N1CCC[C@H]1C(=O)O,ClCCl,39875.84465633768,0.9982010559999136
CC(=O)N1CCC[C@H]1C(=O)O,O,33611.83929009872,0.9813309027418576
CC(=O)N1CCN(c2ccc(O)cc2)CC1,CC(C)CO,27731.375791785304,0.9977253934247576
CC(=O)N1CCN(c2ccc(O)cc2)CC1,CCCCOCCO,24598.81522888997,0.9988496709671268
CC(=O)N1CCN(c2ccc(O)cc2)CC1,CCCO,29334.99856106235,0.9934837148904077
CC(=O)N1CCN(c2ccc(O)cc2)CC1,CCCOCCO,24528.62850497696,0.999715535097114
CC(=O)N1CCN(c2ccc(O)cc2)CC1,CCOCCO,24130.2076754345,0.9995143101765392
CC(=O)N1CCN(c2ccc(O)cc2)CC1,CO,24991.61290845545,0.999534578968727
CC(=O)N1CCN(c2ccc(O)cc2)CC1,OCCO,45385.39114215072,0.9993215012480194
CC(=O)N1CCN(c2ccc(OC[C@H]3CO[C@](Cn4ccnc4)(c4ccc(Cl)cc4Cl)O3)cc2)CC1,C1COCCO1,26832.12127479749,0.9976183243035672
CC(=O)N1CCN(c2ccc(OC[C@H]3CO[C@](Cn4ccnc4)(c4ccc(Cl)cc4Cl)O3)cc2)CC1,CC(C)O,46658.4520367412,0.9675904857737052
CC(=O)N1CCN(c2ccc(OC[C@H]3CO[C@](Cn4ccnc4)(c4ccc(Cl)cc4Cl)O3)cc2)CC1,CC(O)CO,46278.46603603468,0.9806993864660428
CC(=O)N1CCN(c2ccc(OC[C@H]3CO[C@](Cn4ccnc4)(c4ccc(Cl)cc4Cl)O3)cc2)CC1,CCOCCOCCO,23134.749214805805,0.9976367097133432
CC(=O)N1CCN(c2ccc(OC[C@H]3CO[C@](Cn4ccnc4)(c4ccc(Cl)cc4Cl)O3)cc2)CC1,CN1CCCC1=O,21489.23528247173,0.9528002386365656
CC(=O)N1CN(C(C)=O)CN(C(C)=O)C1,CC#N,62359.35527061381,0.999332742764525
CC(=O)N1CN(C(C)=O)CN(C(C)=O)C1,CCOC(C)=O,21775.83351496892,0.9942131138887588
CC(=O)N1CN(C(C)=O)CN(C(C)=O)C1,CO,35920.22016612819,0.995147605198195
CC(=O)NC1(C)CCC2CC1C(C)=NC2(C)C,CC#N,5923.645965242247,0.9738196994233664
CC(=O)NC1(C)CCC2CC1C(C)=NC2(C)C,CC(C)=O,11037.053016785208,0.9848435431552308
CC(=O)NC1(C)CCC2CC1C(C)=NC2(C)C,CC(O)CO,9082.438518954996,0.9885219538908177
CC(=O)NC1(C)CCC2CC1C(C)=NC2(C)C,CCCCO,23406.569062275084,0.999302356247976
CC(=O)NC1(C)CCC2CC1C(C)=NC2(C)C,CCCO,23011.01702454782,0.9989727536994792
CC(=O)NC1(C)CCC2CC1C(C)=NC2(C)C,CCO,23090.166267706954,0.9980872183998976
CC(=O)NC1(C)CCC2CC1C(C)=NC2(C)C,CCOCCO,21018.859801431685,0.998813102260486
CC(=O)NC1(C)CCC2CC1C(C)=NC2(C)C,CO,14807.129964730097,0.9717460612480764
CC(=O)NC1CCSC1=O,CCCCCO,30560.002159671792,0.997263416153746
CC(=O)NC1CCSC1=O,CCCCO,32297.11291390673,0.9966542309034048
CC(=O)NC1CCSC1=O,CCCCOC(C)=O,23082.672162189665,0.9978995283785852
CC(=O)NC1CCSC1=O,CCCO,34383.68738208411,0.9964299669279464
CC(=O)NC1CCSC1=O,CCCOC(C)=O,24118.21273817675,0.9978291303684464
CC(=O)NC1CCSC1=O,CCCOCCO,20477.19051737318,0.9935358119633536
CC(=O)NC1CCSC1=O,CCOC(C)=O,25153.26879041998,0.996267626960582
CC(=O)NC1CCSC1=O,COCCO,19369.75433275764,0.9977892263080071
CC(=O)NCC(=O)O,C1COCCO1,12485.703242502172,0.995997127956636
CC(=O)NCC(=O)O,CC#N,28272.155036218523,0.9879901732397024
CC(=O)NCC(=O)O,CC(C)=O,19421.306072557072,0.9660784854093708
CC(=O)NCC(=O)O,CC(C)O,25022.818992601708,0.9774813831440948
CC(=O)NCC(=O)O,CCCCCO,26006.28027876749,0.9934084536348916
CC(=O)NCC(=O)O,CCCCO,23740.505471013366,0.9832759144397336
CC(=O)NCC(=O)O,CCCO,25554.211264185305,0.9902205239777824
CC(=O)NCC(=O)O,CCOC=O,4250.788570968683,0.9885055001397594
CC(=O)NCC(=O)O,CO,25117.34996479716,0.9776335979409886
CC(=O)NC[C@H]1CN(c2ccc(N3CCOCC3)c(F)c2)C(=O)O1,CC(C)O,40146.53382655483,0.9993012305602104
CC(=O)NC[C@H]1CN(c2ccc(N3CCOCC3)c(F)c2)C(=O)O1,CCCO,37148.879749946194,0.9991029333734606
CC(=O)NC[C@H]1CN(c2ccc(N3CCOCC3)c(F)c2)C(=O)O1,O,18106.5457747056,0.9995174151577196
CC(=O)NS(=O)(=O)c1ccc(N)cc1,C1COCCO1,20609.61641803134,0.9986478623818702
CC(=O)NS(=O)(=O)c1ccc(N)cc1,CC#N,14848.589054858772,0.9975771880185328
CC(=O)NS(=O)(=O)c1ccc(N)cc1,CC(O)CO,10295.003699969247,0.9855129708074544
CC(=O)NS(=O)(=O)c1ccc(N)cc1,CCCCCCCCO,16395.50520337493,0.9829172629876683
CC(=O)NS(=O)(=O)c1ccc(N)cc1,CCCCCO,29903.74566001835,0.9664301325677734
CC(=O)NS(=O)(=O)c1ccc(N)cc1,CCCCO,27660.65473158721,0.9913480984221544
CC(=O)NS(=O)(=O)c1ccc(N)cc1,CCCO,27032.877602850323,0.9983648036407332
CC(=O)NS(=O)(=O)c1ccc(N)cc1,CN(C)C=O,26319.29281911804,0.997129122740814
CC(=O)NS(=O)(=O)c1ccc(N)cc1,CS(C)=O,24229.782338049805,0.9959578678595388
CC(=O)N[C@@H](CC(C)C)C(=O)O,CC#N,29373.519842542995,0.9938097246867534
CC(=O)N[C@@H](CC(C)C)C(=O)O,CC(C)=O,25584.78007724914,0.9993395658917742
CC(=O)N[C@@H](CC(C)C)C(=O)O,CC(C)CO,22373.11441342057,0.9994671302209348
CC(=O)N[C@@H](CC(C)C)C(=O)O,CC(C)O,20423.47866453041,0.9994936052014484
CC(=O)N[C@@H](CC(C)C)C(=O)O,CCC(C)O,21050.830797007708,0.9998114934957176
CC(=O)N[C@@H](CC(C)C)C(=O)O,CCCCO,20157.200263515217,0.9987746834419672
CC(=O)N[C@@H](CC(C)C)C(=O)O,CCCO,19359.44728555034,0.9985291660127488
CC(=O)N[C@@H](CC(C)C)C(=O)O,CCCOC(C)=O,25586.38334903054,0.9985252195160284
CC(=O)N[C@@H](CC(C)C)C(=O)O,CCO,17975.484493825254,0.9993229581186028
CC(=O)N[C@@H](CC(C)C)C(=O)O,CO,18645.644721600856,0.9993813323102152
CC(=O)N[C@@H](CC(C)C)C(=O)O,COC(C)=O,26504.321016511432,0.9969355561431568
CC(=O)N[C@@H](CCC(N)=O)C(=O)O,CC(C)=O,19181.30562556328,0.9879320916904818
CC(=O)N[C@@H](CCC(N)=O)C(=O)O,CC(C)CO,17042.584834046742,0.995319033411063
CC(=O)N[C@@H](CCC(N)=O)C(=O)O,CCC(C)=O,9542.785776883838,0.9839395712102732
CC(=O)N[C@@H](CCC(N)=O)C(=O)O,CCC(C)O,13974.099987257268,0.9922340587221826
CC(=O)N[C@@H](CCC(N)=O)C(=O)O,CCCO,9274.044923217238,0.998053305118396
CC(=O)N[C@@H](CCC(N)=O)C(=O)O,CCO,18368.753853118906,0.994886445800393
CC(=O)N[C@@H](CCC(N)=O)C(=O)O,CCOC(C)=O,26457.63319293085,0.9662939775668656
CC(=O)N[C@@H](CCC(N)=O)C(=O)O,CO,22090.70941470275,0.997637865480293
CC(=O)N[C@@H](CCC(N)=O)C(=O)O,COC(C)=O,20790.374812408336,0.9934300213702804
CC(=O)N[C@@H](CCC(N)=O)C(=O)O,O,23778.60157487998,0.9749967065587648
CC(=O)N[C@H](C(=O)O)C(C)C,C1COCCO1,25049.669120219976,0.9958196866557916
CC(=O)N[C@H](C(=O)O)C(C)C,CC#N,30424.63754503546,0.9889423411550936
CC(=O)N[C@H](C(=O)O)C(C)C,CC(C)=O,27105.33704740118,0.9968578141561472
CC(=O)N[C@H](C(=O)O)C(C)C,CC(C)CO,24338.154967166192,0.9986988506725096
CC(=O)N[C@H](C(=O)O)C(C)C,CC(C)O,24375.434187526265,0.9996755911383072
CC(=O)N[C@H](C(=O)O)C(C)C,CCCCO,22795.30616574246,0.9995737849827804
CC(=O)N[C@H](C(=O)O)C(C)C,COC(=O)OC,30967.504303407764,0.9968005668412396
CC(=O)N[C@H](C(=O)O)C(C)C,COC(C)=O,25029.125956162723,0.999038148881058
CC(=O)N[C@H](C(=O)O)C(C)C,O,20272.90733957298,0.9819566158162942
CC(=O)Nc1ccc(/C=N/NC(N)=S)cc1,CCCCCC,41166.93140018258,0.998877693683565
CC(=O)Nc1ccc(/C=N/NC(N)=S)cc1,CCCCCCCCO,20340.75469069925,0.9996524307673886
CC(=O)Nc1ccc(C(=O)O)cc1,C1COCCO1,17273.569019721508,0.9935252155473988
CC(=O)Nc1ccc(C(=O)O)cc1,CC#N,26668.72230149533,0.991585656926212
CC(=O)Nc1ccc(C(=O)O)cc1,CC(=O)O,19041.55935339681,0.9965278566454174
CC(=O)Nc1ccc(C(=O)O)cc1,CC(C)O,15916.189904164712,0.9948734097097895
CC(=O)Nc1ccc(C(=O)O)cc1,CCC(C)O,20252.74540899347,0.9967200330544792
CC(=O)Nc1ccc(C(=O)O)cc1,CCCCCO,17869.573785155393,0.962488225496501
CC(=O)Nc1ccc(C(=O)O)cc1,CCCCO,19720.85584046701,0.9945987483186022
CC(=O)Nc1ccc(C(=O)O)cc1,CCCO,17816.05632605751,0.9981730812763886
CC(=O)Nc1ccc(C(=O)O)cc1,CO,15523.578277652514,0.9986808199738963
CC(=O)Nc1ccc(CC(=O)O)cc1,C1CCCCC1,38822.78516149216,0.99986433470974
CC(=O)Nc1ccc(CC(=O)O)cc1,CC#N,28299.980133088848,0.9999134320949216
CC(=O)Nc1ccc(CC(=O)O)cc1,CC(C)=O,26591.52068113765,0.9992386697385308
CC(=O)Nc1ccc(CC(=O)O)cc1,CCC(C)=O,24224.19651213402,0.9982240571139668
CC(=O)Nc1ccc(CC(=O)O)cc1,CCCCO,27281.440590967773,0.999248447494371
CC(=O)Nc1ccc(CC(=O)O)cc1,CCCO,24410.039433220554,0.998551449189047
CC(=O)Nc1ccc(CC(=O)O)cc1,CCO,24502.538008084422,0.9976331099006692
CC(=O)Nc1ccc(CC(=O)O)cc1,CCOC(C)=O,31161.15442080168,0.9997894167180424
CC(=O)Nc1ccc(CC(=O)O)cc1,CO,28350.8000765094,0.996949440656529
CC(=O)Nc1ccc(CC(=O)O)cc1,Cc1ccccc1,36838.85128471957,0.9996712591933083
CC(=O)Nc1ccc(O)cc1,CC#N,20231.70989032622,0.993791280515416
CC(=O)Nc1ccc(O)cc1,CC(C)O,18841.361947147743,0.9857978635459216
CC(=O)Nc1ccc(O)cc1,CCCCCO,20002.08847696473,0.9958279905628742
CC(=O)Nc1ccc(O)cc1,CCCCO,18897.01953620008,0.9881300346021226
CC(=O)Nc1ccc(O)cc1,CCCO,19545.0739980674,0.9904144940857704
CC(=O)Nc1ccc(O)cc1,CCO,18949.17321847915,0.9726781544203006
CC(=O)Nc1ccc(O)cc1,CCOCCOCCO,12105.19476054336,0.9939081086650052
CC(=O)Nc1ccc(O)cc1,CO,20966.792526870024,0.985192792574556
CC(=O)Nc1ccc(OC(=O)c2ccccc2OC(C)=O)cc1,CC(=O)N(C)C,12599.173069975184,0.9985590720874556
CC(=O)Nc1ccc(OC(=O)c2ccccc2OC(C)=O)cc1,CC(=O)OC(C)C,41109.97339565989,0.9965101548671318
CC(=O)Nc1ccc(OC(=O)c2ccccc2OC(C)=O)cc1,CC(C)=O,30620.0335455125,0.9948935270058988
CC(=O)Nc1ccc(OC(=O)c2ccccc2OC(C)=O)cc1,CC(C)CO,37753.857100386325,0.9967571520303664
CC(=O)Nc1ccc(OC(=O)c2ccccc2OC(C)=O)cc1,CCC(C)=O,10566.328659434294,0.9921168261790076
CC(=O)Nc1ccc(OC(=O)c2ccccc2OC(C)=O)cc1,CCCCCOC(C)=O,31488.18706307047,0.9998763285483036
CC(=O)Nc1ccc(OC(=O)c2ccccc2OC(C)=O)cc1,CCCOC(C)=O,29171.247113838155,0.9995325903312452
CC(=O)Nc1ccc(OC(=O)c2ccccc2OC(C)=O)cc1,CCOC=O,27946.26883820963,0.986332239522988
CC(=O)Nc1ccc(OC(=O)c2ccccc2OC(C)=O)cc1,CN1CCCC1=O,16777.547036956203,0.9790730213325586
CC(=O)Nc1ccc(OC(=O)c2ccccc2OC(C)=O)cc1,COC(C)=O,27677.929204482287,0.9938147297992064
CC(=O)Nc1ccc(OC(=O)c2ccccc2OC(C)=O)cc1,CS(C)=O,25941.3776014856,0.9998425890357304
CC(=O)Nc1ccc(OC(=O)c2ccccc2OC(C)=O)cc1,Cc1ccccc1,37684.21223300499,0.9974544225298702
CC(=O)Nc1ccc(OC(=O)c2ccccc2OC(C)=O)cc1,O,50909.88279104127,0.999761754632834
CC(=O)Nc1ccc([N+](=O)[O-])cc1,C1CCCCC1,42383.25254833203,0.9993142001797324
CC(=O)Nc1ccc([N+](=O)[O-])cc1,C1COCCO1,23148.63907671028,0.984647986739304
CC(=O)Nc1ccc([N+](=O)[O-])cc1,CC#N,24938.16194716564,0.9966998250934834
CC(=O)Nc1ccc([N+](=O)[O-])cc1,CC(C)CO,27605.807694130108,0.9975039110947604
CC(=O)Nc1ccc([N+](=O)[O-])cc1,CCCCCCCO,26576.23324029368,0.99334677715157
CC(=O)Nc1ccc([N+](=O)[O-])cc1,CCCO,25541.771609948817,0.9971407750946132
CC(=O)Nc1ccc([N+](=O)[O-])cc1,CCO,26052.36267510348,0.9988082053241918
CC(=O)Nc1ccc([N+](=O)[O-])cc1,CN(C)C=O,10808.61716829634,0.9679018163050918
CC(=O)Nc1ccc([N+](=O)[O-])cc1,CN1CCCC1=O,22057.168798214097,0.9948663491559512
CC(=O)Nc1ccc([N+](=O)[O-])cc1,CO,26572.839319220355,0.997697883981054
CC(=O)Nc1ccc([N+](=O)[O-])cc1,O,37612.5956032709,0.9979230028692792
CC(=O)Nc1ccc([N+](=O)[O-])cc1,OCCO,28220.45971111068,0.9969535820586058
CC(=O)Nc1cccc(N)c1,C1CCOC1,50293.44305122486,0.998312907316092
CC(=O)Nc1cccc(N)c1,CC#N,26093.96698159737,0.9937940372659618
CC(=O)Nc1cccc(N)c1,CC(C)=O,35095.697581883884,0.9991106247662084
CC(=O)Nc1cccc(N)c1,CC(C)O,45129.77391604386,0.9971419480502544
CC(=O)Nc1cccc(N)c1,CCOC(C)=O,20848.839471311785,0.9918473650742288
CC(=O)Nc1cccc(N)c1,CN(C)C=O,53367.86098391348,0.9998068057522406
CC(=O)Nc1ccccc1[N+](=O)[O-],C1CCCCC1,38549.39844784298,0.9929987628133288
CC(=O)Nc1ccccc1[N+](=O)[O-],CC(C)CO,28191.20590126468,0.9795470487768776
CC(=O)Nc1ccccc1[N+](=O)[O-],CC(C)O,30413.785181089184,0.9843578572690554
CC(=O)Nc1ccccc1[N+](=O)[O-],CCCCCCCO,32360.336314229226,0.9858509506596956
CC(=O)Nc1ccccc1[N+](=O)[O-],CCCCO,28430.208851871783,0.989851415113138
CC(=O)Nc1ccccc1[N+](=O)[O-],CCCO,24981.935243064425,0.9926173882522772
CC(=O)Nc1ccccc1[N+](=O)[O-],CCO,24694.93037746711,0.9964897950028708
CC(=O)Nc1ccccc1[N+](=O)[O-],CCOC(C)=O,30901.458234175043,0.9800555236559648
CC(=O)Nc1ccccc1[N+](=O)[O-],CN(C)C=O,20777.158095786923,0.9710687719072436
CC(=O)Nc1ccccc1[N+](=O)[O-],CO,26277.58427527856,0.9771954307848894
CC(=O)Nc1ccccc1[N+](=O)[O-],O,35024.06281869419,0.9976876046935812
CC(=O)Nc1ccccc1[N+](=O)[O-],OCCO,26747.69289007928,0.9887341891216306
CC(=O)OC(OC(C)=O)c1ccc([N+](=O)[O-])o1,C1CCOC1,30975.85851906035,0.9996115818328528
CC(=O)OC(OC(C)=O)c1ccc([N+](=O)[O-])o1,C1COCCO1,22410.14286546144,0.9989889454336964
CC(=O)OC(OC(C)=O)c1ccc([N+](=O)[O-])o1,CC#N,43410.94105900008,0.9981853831862032
CC(=O)OC(OC(C)=O)c1ccc([N+](=O)[O-])o1,CC(C)=O,29487.32641965555,0.9991003093983264
CC(=O)OC(OC(C)=O)c1ccc([N+](=O)[O-])o1,CCCCCC,34143.49265098938,0.998906692378838
CC(=O)OC(OC(C)=O)c1ccc([N+](=O)[O-])o1,CCCO,14751.007680915907,0.992371563396097
CC(=O)OC(OC(C)=O)c1ccc([N+](=O)[O-])o1,CCOC(C)=O,54460.4836064538,0.9997258386574842
CC(=O)OC(OC(C)=O)c1ccc([N+](=O)[O-])o1,CN(C)C=O,16370.32941383426,0.993981040340733
CC(=O)OC(OC(C)=O)c1ccc([N+](=O)[O-])o1,Cc1ccccc1,20396.0652209777,0.9878821052936833
CC(=O)OC(OC(C)=O)c1ccc([N+](=O)[O-])o1,O,29769.34905386558,0.9977507660346028
CC(=O)OC(c1ccccc1)C(Cl)(Cl)Cl,CC#N,46405.70679882269,0.9898599988179408
CC(=O)OC(c1ccccc1)C(Cl)(Cl)Cl,CC(C)=O,33760.85283527396,0.9951842748670432
CC(=O)OC(c1ccccc1)C(Cl)(Cl)Cl,CC(C)O,45664.75855415932,0.9924127522001108
CC(=O)OC(c1ccccc1)C(Cl)(Cl)Cl,CCCO,43212.55928462637,0.9914692423436368
CC(=O)OC(c1ccccc1)C(Cl)(Cl)Cl,CCOC(C)=O,28855.284142682027,0.9964510208938512
CC(=O)OC(c1ccccc1)C(Cl)(Cl)Cl,CCOC=O,34280.61444316934,0.999481563192138
CC(=O)OC(c1ccccc1)C(Cl)(Cl)Cl,CO,38390.52959493409,0.9881013391512454
CC(=O)OCC(=O)[C@@]1(O)CC[C@H]2[C@@H]3CCC4=CC(=O)C=C[C@]4(C)[C@H]3C(=O)C[C@@]21C,CCO,27619.8753262982,0.9978759712065474
CC(=O)OCC(=O)[C@@]1(O)CC[C@H]2[C@@H]3CCC4=CC(=O)C=C[C@]4(C)[C@H]3C(=O)C[C@@]21C,CCOC(C)=O,21251.728640041187,0.9990590065961747
CC(=O)OCC(=O)[C@@]1(O)CC[C@H]2[C@@H]3CCC4=CC(=O)C=C[C@]4(C)[C@H]3C(=O)C[C@@]21C,CN(C)C=O,31713.12129213371,0.9862065729118128
CC(=O)OCC(=O)[C@@]1(O)CC[C@H]2[C@@H]3CCC4=CC(=O)C=C[C@]4(C)[C@H]3C(=O)C[C@@]21C,CO,31060.51590340624,0.998127735839334
CC(=O)OCC(=O)[C@@]1(O)CC[C@H]2[C@@H]3CCC4=CC(=O)C=C[C@]4(C)[C@H]3C(=O)C[C@@]21C,ClC(Cl)Cl,17601.856165812304,0.9151288393624764
CC(=O)OCC(=O)[C@@]1(O)CC[C@H]2[C@@H]3CCC4=CC(=O)C=C[C@]4(C)[C@H]3C(=O)C[C@@]21C,ClCCCl,27325.00477684749,0.995719641014535
CC(=O)OCC(=O)[C@@]12N=C(C)O[C@@H]1C[C@H]1[C@@H]3CCC4=CC(=O)C=C[C@]4(C)[C@H]3[C@@H](O)C[C@@]12C,CC(C)=O,12510.714007494702,0.9954655281285484
CC(=O)OCC(=O)[C@@]12N=C(C)O[C@@H]1C[C@H]1[C@@H]3CCC4=CC(=O)C=C[C@]4(C)[C@H]3[C@@H](O)C[C@@]12C,CC(C)O,33497.00044837674,0.9995518196295378
CC(=O)OCC(=O)[C@@]12N=C(C)O[C@@H]1C[C@H]1[C@@H]3CCC4=CC(=O)C=C[C@]4(C)[C@H]3[C@@H](O)C[C@@]12C,CCOC(C)=O,13710.799525992068,0.9958256396208792
CC(=O)O[C@H]1CC[C@@]2(C)C(=CC[C@@H]3[C@@H]2CC[C@]2(C)C(=O)CC[C@@H]32)C1,C1CCCCC1,35451.4164057102,0.9995822840642864
CC(=O)O[C@H]1CC[C@@]2(C)C(=CC[C@@H]3[C@@H]2CC[C@]2(C)C(=O)CC[C@@H]32)C1,CC#N,26578.82017918404,0.9999811629272476
CC(=O)O[C@H]1CC[C@@]2(C)C(=CC[C@@H]3[C@@H]2CC[C@]2(C)C(=O)CC[C@@H]32)C1,CC(C)=O,16481.55621834412,0.9993541295753402
CC(=O)O[C@H]1CC[C@@]2(C)C(=CC[C@@H]3[C@@H]2CC[C@]2(C)C(=O)CC[C@@H]32)C1,CCCCO,23302.091248611287,0.9998281420350112
CC(=O)O[C@H]1CC[C@@]2(C)C(=CC[C@@H]3[C@@H]2CC[C@]2(C)C(=O)CC[C@@H]32)C1,CCO,30053.034995521328,0.9997808183988548
CC(=O)O[C@H]1CC[C@@]2(C)C(=CC[C@@H]3[C@@H]2CC[C@]2(C)C(=O)CC[C@@H]32)C1,CO,28770.05931342133,0.9993075845077364
CC(=O)O[C@H]1CC[C@@]2(C)C(=CC[C@@H]3[C@@H]2CC[C@]2(C)C(C(C)=O)=CC[C@@H]32)C1,C1CCCCC1,36549.90366813561,0.9987322353584238
CC(=O)O[C@H]1CC[C@@]2(C)C(=CC[C@@H]3[C@@H]2CC[C@]2(C)C(C(C)=O)=CC[C@@H]32)C1,CC(C)=O,23349.05801952995,0.998738125086676
CC(=O)O[C@H]1CC[C@@]2(C)C(=CC[C@@H]3[C@@H]2CC[C@]2(C)C(C(C)=O)=CC[C@@H]32)C1,CCO,33182.35552852781,0.9987052663375404
CC(=O)O[C@H]1CC[C@@]2(C)C(=CC[C@@H]3[C@@H]2CC[C@]2(C)C(C(C)=O)=CC[C@@H]32)C1,CO,34041.67063308352,0.9988673905700476
CC(=O)O[C@H]1NC(=O)[C@@H]1[C@@H](C)O[Si](C)(C)C(C)(C)C,C1CCCCC1,54372.40184126586,0.9999354037145556
CC(=O)O[C@H]1NC(=O)[C@@H]1[C@@H](C)O[Si](C)(C)C(C)(C)C,C1CCOC1,11990.87306906154,0.9540247880567246
CC(=O)O[C@H]1NC(=O)[C@@H]1[C@@H](C)O[Si](C)(C)C(C)(C)C,CC#N,28575.87688662611,0.9889435132776048
CC(=O)O[C@H]1NC(=O)[C@@H]1[C@@H](C)O[Si](C)(C)C(C)(C)C,CC(C)=O,13217.6002449875,0.9630952934058068
CC(=O)O[C@H]1NC(=O)[C@@H]1[C@@H](C)O[Si](C)(C)C(C)(C)C,CCCCCC,54103.96421993658,0.9994297811172864
CC(=O)O[C@H]1NC(=O)[C@@H]1[C@@H](C)O[Si](C)(C)C(C)(C)C,CCCCOC(C)=O,22455.71449751725,0.9850398818740296
CC(=O)O[C@H]1NC(=O)[C@@H]1[C@@H](C)O[Si](C)(C)C(C)(C)C,CCOC(C)=O,20444.190155830136,0.9953855338255396
CC(=O)O[C@H]1NC(=O)[C@@H]1[C@@H](C)O[Si](C)(C)C(C)(C)C,CO,30644.92099319508,0.9905600517460478
CC(=O)O[C@H]1NC(=O)[C@@H]1[C@@H](C)O[Si](C)(C)C(C)(C)C,Cc1ccccc1,28109.20110000137,0.9977855879830534
CC(=O)O[C@H]1NC(=O)[C@@H]1[C@@H](C)O[Si](C)(C)C(C)(C)C,ClC(Cl)Cl,12199.455622290305,0.959593956191972
CC(=O)O[C@]1(C(C)=O)CC[C@H]2[C@@H]3C=C(Cl)C4=CC(=O)[C@@H]5C[C@@H]5[C@]4(C)[C@H]3CC[C@@]21C,C1CCOC1,-903.6694069141184,0.99738910297709
CC(=O)O[C@]1(C(C)=O)CC[C@H]2[C@@H]3C=C(Cl)C4=CC(=O)[C@@H]5C[C@@H]5[C@]4(C)[C@H]3CC[C@@]21C,CC(C)=O,-990.2389526276638,0.9940027141478132
CC(=O)O[C@]1(C(C)=O)CC[C@H]2[C@@H]3C=C(Cl)C4=CC(=O)[C@@H]5C[C@@H]5[C@]4(C)[C@H]3CC[C@@]21C,CC(C)O,-548.9032025746928,0.9992912068025456
CC(=O)O[C@]1(C(C)=O)CC[C@H]2[C@@H]3C=C(Cl)C4=CC(=O)[C@@H]5C[C@@H]5[C@]4(C)[C@H]3CC[C@@]21C,CCCCO,-435.27315697142416,0.9766002763353706
CC(=O)O[C@]1(C(C)=O)CC[C@H]2[C@@H]3C=C(Cl)C4=CC(=O)[C@@H]5C[C@@H]5[C@]4(C)[C@H]3CC[C@@]21C,CN(C)C=O,-594.0867481649559,0.9815726567703864
CC(=O)O[C@]1(C(C)=O)CC[C@H]2[C@@H]3C=C(Cl)C4=CC(=O)[C@@H]5C[C@@H]5[C@]4(C)[C@H]3CC[C@@]21C,CO,-726.1694073716471,0.9910883995916414
CC(=O)O[C@]1(C(C)=O)CC[C@H]2[C@@H]3C=C(Cl)C4=CC(=O)[C@@H]5C[C@@H]5[C@]4(C)[C@H]3CC[C@@]21C,ClC(Cl)Cl,-925.9425399475324,0.9964807468402987
CC(=O)Oc1cc(C)c(OC(C)=O)c2ccccc12,CC(C)CCO,43914.89850200252,0.9969723013770933
CC(=O)Oc1cc(C)c(OC(C)=O)c2ccccc12,CC(C)CO,46278.38682078608,0.9971831299874198
CC(=O)Oc1cc(C)c(OC(C)=O)c2ccccc12,CCCCO,42551.79818669054,0.9969620960179832
CC(=O)Oc1cc(C)c(OC(C)=O)c2ccccc12,CCCCOC(C)=O,24435.816932340764,0.9957965102405616
CC(=O)Oc1cc(C)c(OC(C)=O)c2ccccc12,CCCOC(C)=O,23348.420976685004,0.995932388539431
CC(=O)Oc1cc(C)c(OC(C)=O)c2ccccc12,CCO,37326.34986540702,0.9947620084380028
CC(=O)Oc1cc(C)c(OC(C)=O)c2ccccc12,CCOC(C)=O,22460.17781041966,0.9956227048716908
CC(=O)Oc1cc(C)c(OC(C)=O)c2ccccc12,CO,35120.14253439464,0.9883818808694343
CC(=O)Oc1cc(C)c(OC(C)=O)c2ccccc12,COC(C)=O,20440.83434287241,0.9994149948012532
CC(=O)Oc1ccc(C(=O)O)cc1,CCO,29187.77927350204,0.9989712212120224
CC(=O)Oc1ccc(C(c2ccc(OC(C)=O)cc2)c2ccccn2)cc1,C1CCOC1,29829.340210678987,0.99995551540062
CC(=O)Oc1ccc(C(c2ccc(OC(C)=O)cc2)c2ccccn2)cc1,C1COCCO1,15937.202508224109,0.999483295352304
CC(=O)Oc1ccc(C(c2ccc(OC(C)=O)cc2)c2ccccn2)cc1,CC(=O)N(C)C,19622.95517001021,0.9999714838847122
CC(=O)Oc1ccc(C(c2ccc(OC(C)=O)cc2)c2ccccn2)cc1,CCOC(C)=O,21702.91492780133,0.998905211572558
CC(=O)Oc1ccc(C(c2ccc(OC(C)=O)cc2)c2ccccn2)cc1,Cc1ccccc1,22346.75098804928,0.9995279101761498
CC(=O)Oc1ccc(C2CC(=O)c3c(OC(C)=O)cc(OC(C)=O)cc3O2)cc1,C1CCOC1,14546.733054515007,0.9852228288067522
CC(=O)Oc1ccc(C2CC(=O)c3c(OC(C)=O)cc(OC(C)=O)cc3O2)cc1,CC(C)O,30081.877007226685,0.9978628767208452
CC(=O)Oc1ccc(C2CC(=O)c3c(OC(C)=O)cc(OC(C)=O)cc3O2)cc1,CCC(C)O,30613.87556848433,0.9949080456951608
CC(=O)Oc1ccc(C2CC(=O)c3c(OC(C)=O)cc(OC(C)=O)cc3O2)cc1,CCCCCCO,22722.93070110064,0.9812126026332192
CC(=O)Oc1ccc(C2CC(=O)c3c(OC(C)=O)cc(OC(C)=O)cc3O2)cc1,CCCCCO,31616.5594455932,0.99080689511162
CC(=O)Oc1ccc(C2CC(=O)c3c(OC(C)=O)cc(OC(C)=O)cc3O2)cc1,CCCCOCCO,24193.735265190004,0.991079712784508
CC(=O)Oc1ccc(C2CC(=O)c3c(OC(C)=O)cc(OC(C)=O)cc3O2)cc1,CCCO,23490.004034236084,0.9934161449556168
CC(=O)Oc1ccc(C2CC(=O)c3c(OC(C)=O)cc(OC(C)=O)cc3O2)cc1,CCO,21501.56978700086,0.9955795485587434
CC(=O)Oc1ccc(C2CC(=O)c3c(OC(C)=O)cc(OC(C)=O)cc3O2)cc1,CCOC(C)=O,28685.34768095472,0.9920346389610089
CC(=O)Oc1ccc(C2CC(=O)c3c(OC(C)=O)cc(OC(C)=O)cc3O2)cc1,CO,21441.21560996805,0.9915442782112854
CC(=O)Oc1ccc(C2CC(=O)c3c(OC(C)=O)cc(OC(C)=O)cc3O2)cc1,COCCO,26773.44475467873,0.9880742095716308
CC(=O)Oc1ccccc1C(=O)Nc1ncc([N+](=O)[O-])s1,C1COCCO1,33108.239630000586,0.9996408177099164
CC(=O)Oc1ccccc1C(=O)Nc1ncc([N+](=O)[O-])s1,CC(C)O,19913.261427067133,0.9944817605282468
CC(=O)Oc1ccccc1C(=O)Nc1ncc([N+](=O)[O-])s1,CCCCO,21459.71746406168,0.9990695515730956
CC(=O)Oc1ccccc1C(=O)Nc1ncc([N+](=O)[O-])s1,CCCO,22474.69680138457,0.9979045269124086
CC(=O)Oc1ccccc1C(=O)Nc1ncc([N+](=O)[O-])s1,CCOC(C)=O,12504.535240646092,0.9992437816464113
CC(=O)Oc1ccccc1C(=O)Nc1ncc([N+](=O)[O-])s1,CN(C)C=O,9395.901404647791,0.9902230094504336
CC(=O)Oc1ccccc1C(=O)Nc1ncc([N+](=O)[O-])s1,Cc1ccccc1,22460.353806239,0.9912049219593676
CC(=O)Oc1ccccc1C(=O)Nc1ncc([N+](=O)[O-])s1,O,38026.81345296718,0.9997760306092944
CC(=O)Oc1ccccc1C(=O)O,C1COCCO1,19154.795838778657,0.9945116046242528
CC(=O)Oc1ccccc1C(=O)O,CC(=O)CC(C)C,22922.60347414862,0.9998846557843416
CC(=O)Oc1ccccc1C(=O)O,CC(=O)OCC(C)C,24912.377233812986,0.999915158244446
CC(=O)Oc1ccccc1C(=O)O,CC(C)=O,17320.957517849492,0.9938663409410176
CC(=O)Oc1ccccc1C(=O)O,CC(C)CO,35363.07883886934,0.9992276052903898
CC(=O)Oc1ccccc1C(=O)O,CC(C)O,35643.816444659264,0.9764924193878796
CC(=O)Oc1ccccc1C(=O)O,CC(O)CO,47909.52216513318,0.997894255283363
CC(=O)Oc1ccccc1C(=O)O,CCCCCCCCO,30479.011679694104,0.9881106700230992
CC(=O)Oc1ccccc1C(=O)O,CCCCO,32884.447530996535,0.9914614300062904
CC(=O)Oc1ccccc1C(=O)O,CCCO,31132.437778226937,0.9952014326829042
CC(=O)Oc1ccccc1C(=O)O,Cc1ccccc1,51674.34571451807,0.9254943823350352
CC(=O)S[C@@H]1CC2=CC(=O)CC[C@]2(C)[C@H]2CC[C@@]3(C)[C@@H](CC[C@@]34CCC(=O)O4)[C@H]12,CCCO,30869.556598111547,0.99260446441177
CC(=O)S[C@@H]1CC2=CC(=O)CC[C@]2(C)[C@H]2CC[C@@]3(C)[C@@H](CC[C@@]34CCC(=O)O4)[C@H]12,CCO,32820.18762226079,0.994088587639736
CC(=O)S[C@@H]1CC2=CC(=O)CC[C@]2(C)[C@H]2CC[C@@]3(C)[C@@H](CC[C@@]34CCC(=O)O4)[C@H]12,CCOC(C)=O,17408.537859834723,0.9938826867792906
CC(=O)[C@@]1(O)CC[C@H]2[C@@H]3CCC4=CC(=O)CC[C@]4(C)[C@H]3[C@@H](O)C[C@@]21C,CC(C)=O,11317.809089570072,0.991169542728542
CC(=O)[C@@]1(O)CC[C@H]2[C@@H]3CCC4=CC(=O)CC[C@]4(C)[C@H]3[C@@H](O)C[C@@]21C,CN(C)C=O,12975.6465594596,0.9879156199001607
CC(=O)[C@@]1(O)CC[C@H]2[C@@H]3CCC4=CC(=O)CC[C@]4(C)[C@H]3[C@@H](O)C[C@@]21C,CO,11735.837447985296,0.9759915611561456
CC(=O)[C@@]1(O)CC[C@H]2[C@@H]3CCC4=CC(=O)CC[C@]4(C)[C@H]3[C@@H](O)C[C@@]21C,ClC(Cl)Cl,6785.268808400272,0.9679531803747552
CC(=O)[C@@]1(O)CC[C@H]2[C@@H]3CCC4=CC(=O)CC[C@]4(C)[C@H]3[C@@H](O)C[C@@]21C,O,21948.301583832603,0.9856069491737448
CC(=O)[C@@]12O[C@@H]1CC1C3CCC4=CC(=O)CC[C@]4(C)C3CC[C@@]12C,CC(C)O,35477.5453322996,0.99853034217836
CC(=O)[C@@]12O[C@@H]1CC1C3CCC4=CC(=O)CC[C@]4(C)C3CC[C@@]12C,CCCCO,35471.08722291035,0.999579116706262
CC(=O)[C@@]12O[C@@H]1CC1C3CCC4=CC(=O)CC[C@]4(C)C3CC[C@@]12C,CCCO,34690.89060296181,0.9991256002646752
CC(=O)[C@@]12O[C@@H]1CC1C3CCC4=CC(=O)CC[C@]4(C)C3CC[C@@]12C,CS(C)=O,31644.70740762414,0.9976289945098188
CC(=O)[C@@]12O[C@@H]1CC1C3CCC4=CC(=O)CC[C@]4(C)C3[C@H](O)C[C@@]12C,C1COCCO1,24303.778762657246,0.9987514383705808
CC(=O)[C@@]12O[C@@H]1CC1C3CCC4=CC(=O)CC[C@]4(C)C3[C@H](O)C[C@@]12C,CC(C)O,41419.620626871016,0.9988900419413178
CC(=O)[C@@]12O[C@@H]1CC1C3CCC4=CC(=O)CC[C@]4(C)C3[C@H](O)C[C@@]12C,CCCCO,37027.1169080948,0.9983315275765944
CC(=O)[C@@]12O[C@@H]1CC1C3CCC4=CC(=O)CC[C@]4(C)C3[C@H](O)C[C@@]12C,CCCO,35216.24582793516,0.9997757613796
CC(=O)[C@@]12O[C@@H]1CC1C3CCC4=CC(=O)CC[C@]4(C)C3[C@H](O)C[C@@]12C,CS(C)=O,29255.620079336863,0.9973142292273642
CC(=O)[C@H]1CC[C@H]2[C@@H]3CCC4=CC(=O)CC[C@]4(C)[C@H]3CC[C@]12C,C1CCOC1,22641.461617519966,0.9993184437414538
CC(=O)[C@H]1CC[C@H]2[C@@H]3CCC4=CC(=O)CC[C@]4(C)[C@H]3CC[C@]12C,C1COCCO1,25706.21601552467,0.9997263421972252
CC(=O)[C@H]1CC[C@H]2[C@@H]3CCC4=CC(=O)CC[C@]4(C)[C@H]3CC[C@]12C,CC#N,40417.33226471664,0.9998426161748952
CC(=O)[C@H]1CC[C@H]2[C@@H]3CCC4=CC(=O)CC[C@]4(C)[C@H]3CC[C@]12C,CC(C)=O,35184.829586243155,0.999832455726136
CC(=O)[C@H]1CC[C@H]2[C@@H]3CCC4=CC(=O)CC[C@]4(C)[C@H]3CC[C@]12C,CC(C)O,44119.10110074045,0.9999610959038224
CC(=O)[C@H]1CC[C@H]2[C@@H]3CCC4=CC(=O)CC[C@]4(C)[C@H]3CC[C@]12C,CCCCCCC,58236.34192881256,0.9998382496732584
CC(=O)[C@H]1CC[C@H]2[C@@H]3CCC4=CC(=O)CC[C@]4(C)[C@H]3CC[C@]12C,CCCCO,37877.13892207998,0.9998331198081946
CC(=O)[C@H]1CC[C@H]2[C@@H]3CCC4=CC(=O)CC[C@]4(C)[C@H]3CC[C@]12C,CCCO,41038.693133367786,0.999932375707648
CC(=O)[C@H]1CC[C@H]2[C@@H]3CCC4=CC(=O)CC[C@]4(C)[C@H]3CC[C@]12C,CCO,41340.29472703206,0.9998533959435932
CC(=O)[C@H]1CC[C@H]2[C@@H]3CCC4=CC(=O)CC[C@]4(C)[C@H]3CC[C@]12C,CCOC(C)=O,28912.23401155927,0.9996926961042224
CC(=O)[C@H]1CC[C@H]2[C@@H]3CCC4=CC(=O)CC[C@]4(C)[C@H]3CC[C@]12C,CO,47414.99912271575,0.999939667668374
CC(=O)[C@H]1CC[C@H]2[C@@H]3CCC4=CC(=O)CC[C@]4(C)[C@H]3CC[C@]12C,Cc1ccccc1,19225.889167591333,0.9984332422191764
CC(=O)[O-].C[N+](C)(C)CCO,CCCCO,65744.48520722373,0.967722171128336
CC(=O)[O-].C[N+](C)(C)CCO,CCCO,91367.65470460113,0.9891839119180816
CC(=O)[O-].C[N+](C)(C)CCO,CCO,48988.54071566207,0.9495641130532068
CC(=O)c1c(C)c([N+](=O)[O-])c(C(C)(C)C)c([N+](=O)[O-])c1C,C1CCCCC1,31006.152296077813,0.9999055071813928
CC(=O)c1c(C)c([N+](=O)[O-])c(C(C)(C)C)c([N+](=O)[O-])c1C,C1CCOC1,16800.28315371453,0.9994388365196888
CC(=O)c1c(C)c([N+](=O)[O-])c(C(C)(C)C)c([N+](=O)[O-])c1C,CC#N,27865.03772139392,0.9998067125201532
CC(=O)c1c(C)c([N+](=O)[O-])c(C(C)(C)C)c([N+](=O)[O-])c1C,CC(=O)N(C)C,19471.64324706772,0.9998028314480636
CC(=O)c1c(C)c([N+](=O)[O-])c(C(C)(C)C)c([N+](=O)[O-])c1C,CC(C)O,32478.103415972742,0.9992691378076922
CC(=O)c1c(C)c([N+](=O)[O-])c(C(C)(C)C)c([N+](=O)[O-])c1C,CCCCCC,26898.357960391084,0.9999815931013732
CC(=O)c1c(C)c([N+](=O)[O-])c(C(C)(C)C)c([N+](=O)[O-])c1C,CCO,26606.26191002952,0.9991598460169504
CC(=O)c1c(C)c([N+](=O)[O-])c(C(C)(C)C)c([N+](=O)[O-])c1C,CN(C)C=O,21580.092813272528,0.998823370595134
CC(=O)c1c(C)c([N+](=O)[O-])c(C(C)(C)C)c([N+](=O)[O-])c1C,CO,25113.166310974622,0.9991420856178148
CC(=O)c1c(C)c([N+](=O)[O-])c(C(C)(C)C)c([N+](=O)[O-])c1C,O,40954.78371114424,0.9997717922181724
CC(=O)c1c(C)c2cnc(Nc3ccc(N4CCNCC4)cn3)nc2n(C2CCCC2)c1=O,C1CCOC1,44797.46929725395,0.9985779501436914
CC(=O)c1c(C)c2cnc(Nc3ccc(N4CCNCC4)cn3)nc2n(C2CCCC2)c1=O,CC(C)=O,30807.13754720296,0.9993537510960178
CC(=O)c1c(C)c2cnc(Nc3ccc(N4CCNCC4)cn3)nc2n(C2CCCC2)c1=O,CCO,23753.6172506246,0.9981468748636572
CC(=O)c1c(C)c2cnc(Nc3ccc(N4CCNCC4)cn3)nc2n(C2CCCC2)c1=O,CCOC(C)=O,29002.30030209572,0.9958939163981788
CC(=O)c1c(C)c2cnc(Nc3ccc(N4CCNCC4)cn3)nc2n(C2CCCC2)c1=O,CN(C)C=O,34268.55922401386,0.9984119845359536
CC(=O)c1c(C)c2cnc(Nc3ccc(N4CCNCC4)cn3)nc2n(C2CCCC2)c1=O,CO,42231.334588195146,0.9993334987844028
CC(=O)c1c(C)c2cnc(Nc3ccc(N4CCNCC4)cn3)nc2n(C2CCCC2)c1=O,COc1ccccc1,9281.08858904792,0.9841771666841488
CC(=O)c1c(C)c2cnc(Nc3ccc(N4CCNCC4)cn3)nc2n(C2CCCC2)c1=O,Cc1cccc(C)c1,31566.92506278352,0.9953386416835224
CC(=O)c1c(C)c2cnc(Nc3ccc(N4CCNCC4)cn3)nc2n(C2CCCC2)c1=O,Cc1ccccc1C,21262.79865332364,0.9977654147720332
CC(=O)c1c(C)c2cnc(Nc3ccc(N4CCNCC4)cn3)nc2n(C2CCCC2)c1=O,Clc1ccccc1,40265.06856762375,0.9999514490827326
CC(=O)c1c(C)c2cnc(Nc3ccc(N4CCNCC4)cn3)nc2n(C2CCCC2)c1=O,O,30803.23714210317,0.9984632842461998
CC(=O)c1c(C)cc(C(C)(C)C)cc1C,CC#N,47457.87551921236,0.9772081546487084
CC(=O)c1c(C)cc(C(C)(C)C)cc1C,CC(C)=O,33814.6172878442,0.9722334217621944
CC(=O)c1c(C)cc(C(C)(C)C)cc1C,CC(C)O,67127.40872464674,0.9729301249366012
CC(=O)c1c(C)cc(C(C)(C)C)cc1C,CCCCCCCCO,59208.00889144662,0.9618634937920332
CC(=O)c1c(C)cc(C(C)(C)C)cc1C,CCO,65825.91271445637,0.97301709747036
CC(=O)c1c(C)cc(C(C)(C)C)cc1C,CCOC(C)=O,37878.37306200192,0.9738293912989616
CC(=O)c1c(C)cc(C(C)(C)C)cc1C,CO,65740.63553508607,0.9681016560828184
CC(=O)c1c(O)ccc2ccccc12,C1CCCCC1,66748.56326328569,0.9683987582628992
CC(=O)c1c(O)ccc2ccccc12,CCCCCC,41278.14678975482,0.9896573359387294
CC(=O)c1c(O)ccc2ccccc12,CCCCO,51552.06894101774,0.9656087321333864
CC(=O)c1c(O)ccc2ccccc12,CCO,49505.97342260503,0.9798918160788076
CC(=O)c1ccc(N=C2SCC3CCCN2C3)cc1,CCCCCC,29175.86268942896,0.999514990285258
CC(=O)c1ccc(N=C2SCC3CCCN2C3)cc1,CCCCCCCCO,34000.74574874085,0.9976338025969702
CC(=O)c1ccc(NC2=NCCC3(CCCCC3)S2)cc1,CCCCCC,31474.86892993781,0.999867109581984
CC(=O)c1ccc(O)cc1O,CC(C)O,17424.637726483328,0.9996695300818194
CC(=O)c1ccc(O)cc1O,CCCCO,21343.17277773815,0.999028585362562
CC(=O)c1ccc(O)cc1O,CCCO,18123.966918298647,0.998156965310807
CC(=O)c1ccc(O)cc1O,CCCOC(C)=O,16163.340373400615,0.994678462582382
CC(=O)c1ccc(O)cc1O,CCO,18367.71881675528,0.9991320699915046
CC(=O)c1ccc(O)cc1O,CCOC(C)=O,15775.704303615315,0.99438893579598
CC(=O)c1ccc(O)cc1O,CO,20691.23385439896,0.9978237854042372
CC(=O)c1ccc(O)cc1O,COC(C)=O,15944.931668268318,0.9977911057479664
CC(=O)c1ccc(S(C)(=O)=O)cc1,C1CCCCC1,24787.63656877484,0.9951891565683249
CC(=O)c1ccc(S(C)(=O)=O)cc1,CCCCCC,31163.667604950933,0.9987178701013512
CC(=O)c1ccc(S(C)(=O)=O)cc1,CCCCO,18990.51078957797,0.9928847957903648
CC(=O)c1ccc(S(C)(=O)=O)cc1,CCCO,18776.54581175139,0.9900906725163282
CC(=O)c1ccc(S(C)(=O)=O)cc1,CCO,18825.02700375748,0.9893824437507608
CC(=O)c1ccc(S(C)(=O)=O)cc1,CCOC(C)=O,16001.613708979525,0.9810623002762072
CC(=O)c1ccc(S(C)(=O)=O)cc1,CO,19130.42309272817,0.9852926537479604
CC(=O)c1ccc(S(C)(=O)=O)cc1,OCCO,18589.162082103187,0.98745841602419
CC(=O)c1ccc([N+](=O)[O-])cc1,C1CCCCC1,36472.580615622304,0.9992205862798128
CC(=O)c1ccc([N+](=O)[O-])cc1,CC#N,30431.073290504064,0.9959038894925508
CC(=O)c1ccc([N+](=O)[O-])cc1,CC(C)=O,27755.653902484544,0.9970424949670856
CC(=O)c1ccc([N+](=O)[O-])cc1,CC(C)O,38804.22257041951,0.996127879918142
CC(=O)c1ccc([N+](=O)[O-])cc1,CCO,31006.95564653542,0.9969901797207876
CC(=O)c1ccc([N+](=O)[O-])cc1,CCOC(C)=O,27577.278814040787,0.9944279805160364
CC(=O)c1ccc([N+](=O)[O-])cc1,CO,29531.44624452992,0.9982092220224892
CC(=O)c1ccc([N+](=O)[O-])cc1,Cc1ccccc1,29598.66613381974,0.9952343975534234
CC(=O)c1ccc2cc(C)ccc2c1,CCCCCCCC,39842.06545051719,0.9899654214665392
CC(=O)c1ccc2cc(C)ccc2c1,CCCCCCCCCCCC,37693.99701056304,0.9932689952439904
CC(=O)c1ccc2ccc(C)cc2c1,CCCCCCC,35674.551222447175,0.9971685907302872
CC(=O)c1ccc2ccc(C)cc2c1,CCCCCCCC,33507.32607612101,0.9980520879112884
CC(=O)c1ccc2ccc(C)cc2c1,CCCCCCCCCCCC,35778.62385876722,0.9945430521711638
CC(=O)c1ccc2ccccc2c1O,C1CCCCC1,45509.65020234773,0.9885629285531138
CC(=O)c1ccc2ccccc2c1O,CCCCCC,32445.391048423004,0.9980694779528808
CC(=O)c1ccc2ccccc2c1O,CCCCO,39330.588245598025,0.985240347272854
CC(=O)c1ccc2ccccc2c1O,CCO,39378.51388491045,0.9733869163301212
CC(=O)c1cccc(O)c1,CC(C)CO,36515.27865526878,0.9971490485686402
CC(=O)c1cccc(O)c1,CC(C)O,26964.05864437621,0.9942815979037494
CC(=O)c1cccc(O)c1,CCCCO,27661.891568112875,0.985592660717188
CC(=O)c1cccc(O)c1,CCO,27470.15765674854,0.9938818199547184
CC(=O)c1cccc(O)c1,CO,27605.170391780382,0.996257435566546
CC(=O)c1cccc(O)c1,COC(C)=O,26977.248753555752,0.989027158416003
CC(=O)c1cccc(O)c1,O,44170.59055168636,0.9803887814956892
CC(=O)c1cccc(O)c1,c1ccccc1,55110.66844461511,0.9915301960549738
CC(=O)c1cccc([N+](=O)[O-])c1,CC#N,42301.59208622332,0.9914314570069384
CC(=O)c1cccc([N+](=O)[O-])c1,CC(C)=O,35976.971594000934,0.9911696033326978
CC(=O)c1cccc([N+](=O)[O-])c1,CC(C)O,30097.8715917161,0.9943515780303984
CC(=O)c1cccc([N+](=O)[O-])c1,CCCO,34845.47947548206,0.995360380161292
CC(=O)c1cccc([N+](=O)[O-])c1,CCO,35602.225315381824,0.9943857629203228
CC(=O)c1cccc([N+](=O)[O-])c1,CO,32957.50255843793,0.9906967401231672
CC(=O)c1cccc([N+](=O)[O-])c1,Cc1ccccc1,37941.89521544441,0.9877202219768966
CC(=O)c1cnccn1,CC(C)=O,22854.108262355938,0.9976062776216624
CC(=O)c1cnccn1,CC(C)O,45164.59925478107,0.995336536723742
CC(=O)c1cnccn1,CCOC(C)=O,22877.832381480028,0.9964882623855574
CC(=O)c1cnccn1,CN(C)C=O,27394.88963146965,0.997262156030018
CC(=O)c1cnccn1,CN1CCCC1=O,24355.82029004897,0.9924465899671824
CC(=O)c1cnccn1,CO,31705.432673846222,0.98547895836506
CC(C(=O)O)c1ccc(CC2CCCC2=O)cc1,CC#N,49860.99663367272,0.9664240935745136
CC(C(=O)O)c1ccc(CC2CCCC2=O)cc1,CC(=O)OC(C)C,36901.17250396359,0.984750816191183
CC(C(=O)O)c1ccc(CC2CCCC2=O)cc1,CC(=O)OCC(C)C,36271.416328760286,0.9824748305775072
CC(C(=O)O)c1ccc(CC2CCCC2=O)cc1,CC(C)O,34472.408374801154,0.9825509144951698
CC(C(=O)O)c1ccc(CC2CCCC2=O)cc1,CCCCOC(C)=O,35718.60337140603,0.9847720814370592
CC(C(=O)O)c1ccc(CC2CCCC2=O)cc1,CCCO,36948.76742012527,0.9860289290529484
CC(C(=O)O)c1ccc(CC2CCCC2=O)cc1,CCCOC(C)=O,35563.61613056906,0.9748901937590656
CC(C(=O)O)c1ccc(CC2CCCC2=O)cc1,CCO,40605.53005222251,0.9757157640562296
CC(C(=O)O)c1ccc(CC2CCCC2=O)cc1,CCOC(C)=O,33835.67614732707,0.9784483770142168
CC(C(=O)O)c1ccc(CC2CCCC2=O)cc1,CO,52606.35230077625,0.95629287989442
CC(C(=O)O)c1ccc(CC2CCCC2=O)cc1,COC(C)=O,34043.58364813782,0.9760296712241976
CC(C(=O)O)c1ccc2c(c1)CC(=O)c1ccccc1S2,C1COCCO1,17725.99076049793,0.9990791013833548
CC(C(=O)O)c1ccc2c(c1)CC(=O)c1ccccc1S2,CCO,44191.94944774393,0.9971634330630776
CC(C(=O)O)c1ccc2c(c1)CC(=O)c1ccccc1S2,CCOC(C)=O,24196.25802714176,0.9943238095574084
CC(C(=O)O)c1ccc2c(c1)CC(=O)c1ccccc1S2,COCCO,27408.256966714653,0.9992401330283708
CC(C)(C#N)N=NC(C)(C)C#N,CC(C)=O,28398.12669759297,0.9972689385049964
CC(C)(C#N)N=NC(C)(C)C#N,CCO,46557.67668515305,0.9975314384556104
CC(C)(C#N)N=NC(C)(C)C#N,CCOC(C)=O,31900.15714486045,0.9979082712064324
CC(C)(C#N)N=NC(C)(C)C#N,CO,38134.40689476357,0.994422647819772
CC(C)(C)C(=O)C(Oc1ccc(Cl)cc1)n1ccnc1,CC#N,33114.377052531,0.9951918787838342
CC(C)(C)C(=O)C(Oc1ccc(Cl)cc1)n1ccnc1,CC(C)CO,29365.35772271856,0.9969547285980052
CC(C)(C)C(=O)C(Oc1ccc(Cl)cc1)n1ccnc1,CCCCCCCO,26725.50208692768,0.9959451842931124
CC(C)(C)C(=O)C(Oc1ccc(Cl)cc1)n1ccnc1,CCCCCCO,27051.425492695456,0.996199481763792
CC(C)(C)C(=O)C(Oc1ccc(Cl)cc1)n1ccnc1,CCCCCO,26914.322174478417,0.9970931584317402
CC(C)(C)C(=O)C(Oc1ccc(Cl)cc1)n1ccnc1,CCCCOC(C)=O,27863.17289154736,0.9921039565128408
CC(C)(C)C(=O)C(Oc1ccc(Cl)cc1)n1ccnc1,CCO,27711.30424787254,0.9977637831967248
CC(C)(C)C(=O)C(Oc1ccc(Cl)cc1)n1ccnc1,CCOC(C)=O,27987.654700222807,0.9969132050291314
CC(C)(C)C(=O)C(Oc1ccc(Cl)cc1)n1cncn1,C1CCCCC1,96420.06602670829,0.9538191304877478
CC(C)(C)C(=O)C(Oc1ccc(Cl)cc1)n1cncn1,CC#N,28985.99274272381,0.999562339298244
CC(C)(C)C(=O)C(Oc1ccc(Cl)cc1)n1cncn1,CCCCCC,86250.65976961839,0.9972746001849442
CC(C)(C)C(=O)C(Oc1ccc(Cl)cc1)n1cncn1,CCCCCCC,64250.03742929317,0.9999476796350972
CC(C)(C)C(=O)C(Oc1ccc(Cl)cc1)n1cncn1,Cc1ccc(C)cc1,49775.90284888564,0.9949948843267978
CC(C)(C)C(=O)C(Oc1ccc(Cl)cc1)n1cncn1,Cc1ccccc1,38342.87940667033,0.9987312577439394
CC(C)(C)C(O)(CCc1ccc(Cl)cc1)Cn1cncn1,CC#N,32738.13198327492,0.9996504231128974
CC(C)(C)C(O)(CCc1ccc(Cl)cc1)Cn1cncn1,CC(C)=O,27006.4452757502,0.9995858292322664
CC(C)(C)C(O)(CCc1ccc(Cl)cc1)Cn1cncn1,CC(C)O,36300.17098779247,0.9996124922624195
CC(C)(C)C(O)(CCc1ccc(Cl)cc1)Cn1cncn1,CCC(C)=O,21801.470037835046,0.9995398204530812
CC(C)(C)C(O)(CCc1ccc(Cl)cc1)Cn1cncn1,CCCO,40474.87636518168,0.9996906472908456
CC(C)(C)C(O)(CCc1ccc(Cl)cc1)Cn1cncn1,CCO,35639.63283087538,0.9996175358960424
CC(C)(C)C(O)(CCc1ccc(Cl)cc1)Cn1cncn1,CCOC(C)=O,28652.97113570729,0.99957501821612
CC(C)(C)C(O)(CCc1ccc(Cl)cc1)Cn1cncn1,CO,32672.416792898417,0.999699261242412
CC(C)(C)C(O)(CCc1ccc(Cl)cc1)Cn1cncn1,Cc1ccccc1,34256.41276616563,0.9997172490393564
CC(C)(C)CC(C)(C)c1ccc(O)cc1,O,28179.7363714496,0.98999143922263
CC(C)(C)NCC(O)c1ccc(O)c(CO)c1,CC(C)CO,16990.443279695046,0.9976919680142744
CC(C)(C)NCC(O)c1ccc(O)c(CO)c1,CC(C)O,22285.12500278654,0.9963332496491972
CC(C)(C)NCC(O)c1ccc(O)c(CO)c1,CCC(C)O,16645.438658562867,0.998630972068171
CC(C)(C)NCC(O)c1ccc(O)c(CO)c1,CCCCO,16333.102522758014,0.9978667736534508
CC(C)(C)NCC(O)c1ccc(O)c(CO)c1,CCCO,21027.69751598063,0.9952673953731206
CC(C)(C)NCC(O)c1ccc(O)c(CO)c1,CCO,27233.380086553883,0.9877558903083752
CC(C)(C)NCC(O)c1ccc(O)c(CO)c1,CCOC(C)=O,16127.741831894831,0.9986536332709736
CC(C)(C)NCC(O)c1ccc(O)c(CO)c1,CO,15090.582484054028,0.9982787401427156
CC(C)(C)NC[C@H](O)COc1nsnc1N1CCOCC1.O=C(O)/C=C\C(=O)O,CC(C)=O,21613.76102424686,0.9939984191776364
CC(C)(C)NC[C@H](O)COc1nsnc1N1CCOCC1.O=C(O)/C=C\C(=O)O,CC(C)O,36335.08793032138,0.9856595935980396
CC(C)(C)NC[C@H](O)COc1nsnc1N1CCOCC1.O=C(O)/C=C\C(=O)O,CCCCO,31162.90943285567,0.9921570016165352
CC(C)(C)NC[C@H](O)COc1nsnc1N1CCOCC1.O=C(O)/C=C\C(=O)O,CCO,27176.803526205946,0.9907707720178164
CC(C)(C)NC[C@H](O)COc1nsnc1N1CCOCC1.O=C(O)/C=C\C(=O)O,O,20936.311973354423,0.966424104571173
CC(C)(C)NSc1nc2ccccc2s1,CC(C)O,25660.708874521013,0.9967985220379274
CC(C)(C)NSc1nc2ccccc2s1,CCCCO,22291.090858959487,0.9964084084013398
CC(C)(C)NSc1nc2ccccc2s1,CO,26340.8826552917,0.9951925078251584
CC(C)(C)NSc1nc2ccccc2s1,Cc1ccccc1,26639.2575023202,0.996283916628963
CC(C)(C)OC(=O)N1CCC[C@H]1C(=O)O,CC#N,29815.91905763581,0.997853421037008
CC(C)(C)OC(=O)N1CCC[C@H]1C(=O)O,CC(C)=O,19952.644652965588,0.9927325458664836
CC(C)(C)OC(=O)N1CCC[C@H]1C(=O)O,CC(C)CO,17277.430362439307,0.9945485667477452
CC(C)(C)OC(=O)N1CCC[C@H]1C(=O)O,CC(C)O,16081.378342738464,0.9799929434634728
CC(C)(C)OC(=O)N1CCC[C@H]1C(=O)O,CCC(C)=O,23527.31973050656,0.9968818798051128
CC(C)(C)OC(=O)N1CCC[C@H]1C(=O)O,CCC(C)O,18697.49824483329,0.9992526156590708
CC(C)(C)OC(=O)N1CCC[C@H]1C(=O)O,CCCCO,14539.680752400664,0.9943152666144388
CC(C)(C)OC(=O)N1CCC[C@H]1C(=O)O,CCO,17262.339896127378,0.9696757712170376
CC(C)(C)OC(=O)N1CCC[C@H]1C(=O)O,CO,21548.10609985349,0.9993838109715928
CC(C)(C)OC(=O)N1CCC[C@H]1C(=O)O,COC(C)=O,18988.14601886144,0.9996637213537564
CC(C)(C)OC(=O)N1CCC[C@H]1C(=O)O,ClCCl,12492.0661745807,0.9995164265281758
CC(C)(C)OC(=O)N[C@@H](CC(=O)O)Cc1cc(F)c(F)cc1F,C1CCOC1,22231.12926842105,0.981003992264978
CC(C)(C)OC(=O)N[C@@H](CC(=O)O)Cc1cc(F)c(F)cc1F,CCCCO,28203.171704452256,0.989199770273696
CC(C)(C)OC(=O)N[C@@H](CC(=O)O)Cc1cc(F)c(F)cc1F,CCCO,26401.69747952312,0.9962739144231822
CC(C)(C)OC(=O)N[C@@H](CC(=O)O)Cc1cc(F)c(F)cc1F,CCO,25435.315994576653,0.9902321882798776
CC(C)(C)OC(=O)N[C@@H](CC(=O)O)Cc1cc(F)c(F)cc1F,CCOC(C)=O,25000.17802832363,0.9969846078403856
CC(C)(C)OC(=O)N[C@@H](CC(=O)O)Cc1cc(F)c(F)cc1F,CO,22849.66308816121,0.979564551939016
CC(C)(C)OC(=O)N[C@@H](CC(N)=O)C(=O)O,CC#N,33456.24310676307,0.9882906385568592
CC(C)(C)OC(=O)N[C@@H](CC(N)=O)C(=O)O,CC(C)=O,23139.23028305041,0.9898985285697298
CC(C)(C)OC(=O)N[C@@H](CC(N)=O)C(=O)O,CC(C)CO,33700.465854071896,0.9636543293650164
CC(C)(C)OC(=O)N[C@@H](CC(N)=O)C(=O)O,CC(C)O,28784.520044978253,0.9983297935729588
CC(C)(C)OC(=O)N[C@@H](CC(N)=O)C(=O)O,CCC(C)=O,20756.62042301072,0.9410985752984944
CC(C)(C)OC(=O)N[C@@H](CC(N)=O)C(=O)O,CCC(C)O,32198.010441191127,0.9907360313498196
CC(C)(C)OC(=O)N[C@@H](CC(N)=O)C(=O)O,CCCCO,29575.021378371577,0.9879733877780068
CC(C)(C)OC(=O)N[C@@H](CC(N)=O)C(=O)O,CCO,27097.25668622812,0.9990483946865252
CC(C)(C)OC(=O)N[C@@H](CC(N)=O)C(=O)O,CO,22062.26203221915,0.989986059674793
CC(C)(C)OC(=O)N[C@@H](CC(N)=O)C(=O)O,O,27328.29849047202,0.99454467884197
CC(C)(C)OC(=O)N[C@@H](CCC(N)=O)C(=O)O,CC#N,46169.00036190311,0.9788806341654664
CC(C)(C)OC(=O)N[C@@H](CCC(N)=O)C(=O)O,CC(C)=O,24230.81731299608,0.9975469312873592
CC(C)(C)OC(=O)N[C@@H](CCC(N)=O)C(=O)O,CC(C)CO,23575.85426817247,0.9926458153134888
CC(C)(C)OC(=O)N[C@@H](CCC(N)=O)C(=O)O,CC(C)O,27484.400197516294,0.9978950924371304
CC(C)(C)OC(=O)N[C@@H](CCC(N)=O)C(=O)O,CCC(C)=O,29178.594209236304,0.9316737439184954
CC(C)(C)OC(=O)N[C@@H](CCC(N)=O)C(=O)O,CCCCO,27769.9598474169,0.9697460834207828
CC(C)(C)OC(=O)N[C@@H](CCC(N)=O)C(=O)O,CCCO,29345.24922208611,0.9875655901839376
CC(C)(C)OC(=O)N[C@@H](CCC(N)=O)C(=O)O,CCO,10418.47558047596,0.9918406473715824
CC(C)(C)OC(=O)N[C@@H](CCC(N)=O)C(=O)O,CCOC(C)=O,36152.30011682834,0.9865976001183476
CC(C)(C)OC(=O)N[C@@H](CCC(N)=O)C(=O)O,COC(C)=O,47660.17485166025,0.9367582266504164
CC(C)(C)[C@H](O)[C@H](Cc1ccc(Cl)cc1)n1cncn1,C1COCCO1,24930.988853808794,0.9993896308189671
CC(C)(C)[C@H](O)[C@H](Cc1ccc(Cl)cc1)n1cncn1,CC#N,26984.68552578656,0.9998655831433352
CC(C)(C)[C@H](O)[C@H](Cc1ccc(Cl)cc1)n1cncn1,CC(C)=O,18153.78004622447,0.9988048022909016
CC(C)(C)[C@H](O)[C@H](Cc1ccc(Cl)cc1)n1cncn1,CC(C)O,22252.825683674007,0.9996617052243184
CC(C)(C)[C@H](O)[C@H](Cc1ccc(Cl)cc1)n1cncn1,CCCCO,17169.04111893348,0.9991554015365124
CC(C)(C)[C@H](O)[C@H](Cc1ccc(Cl)cc1)n1cncn1,CCCO,15518.621929430155,0.9991106355677932
CC(C)(C)[C@H](O)[C@H](Cc1ccc(Cl)cc1)n1cncn1,CCO,22764.25206540793,0.9994838908326132
CC(C)(C)[C@H](O)[C@H](Cc1ccc(Cl)cc1)n1cncn1,CCOC(C)=O,35885.51835895372,0.9997042393377176
CC(C)(C)[C@H](O)[C@H](Cc1ccc(Cl)cc1)n1cncn1,Cc1ccccc1,6624.728644583712,0.9998417198576928
CC(C)(C)[C@H](O)[C@H](Cc1ccc(Cl)cc1)n1cncn1,O,58121.63882425949,0.9957961596791508
CC(C)(C)[NH3+].[S-]c1nc2ccccc2s1,C1COCCO1,33294.92777168988,0.9940411496648124
CC(C)(C)[NH3+].[S-]c1nc2ccccc2s1,Cc1ccccc1,56120.551742929136,0.98796096873664
CC(C)(C)[NH3+].[S-]c1nc2ccccc2s1,O,5656.949227613527,0.9891001950056278
CC(C)(C)c1cc(CCC(=O)NCCCCCCNC(=O)CCc2cc(C(C)(C)C)c(O)c(C(C)(C)C)c2)cc(C(C)(C)C)c1O,CC(C)O,26745.082748132794,0.9712426274553926
CC(C)(C)c1cc(CCC(=O)NCCCCCCNC(=O)CCc2cc(C(C)(C)C)c(O)c(C(C)(C)C)c2)cc(C(C)(C)C)c1O,CCCO,24099.91744775081,0.9938047181482552
CC(C)(C)c1cc(CCC(=O)NCCCCCCNC(=O)CCc2cc(C(C)(C)C)c(O)c(C(C)(C)C)c2)cc(C(C)(C)C)c1O,CCO,22854.352024753607,0.9761464457997616
CC(C)(C)c1cc(CCC(=O)NCCCCCCNC(=O)CCc2cc(C(C)(C)C)c(O)c(C(C)(C)C)c2)cc(C(C)(C)C)c1O,CCOC(C)=O,37490.824278002365,0.9754195998528
CC(C)(C)c1cc(CCC(=O)NCCCCCCNC(=O)CCc2cc(C(C)(C)C)c(O)c(C(C)(C)C)c2)cc(C(C)(C)C)c1O,CO,33441.80667613111,0.96975492530249
CC(C)(C)c1cc(CCC(=O)OCC(COC(=O)CCc2cc(C(C)(C)C)c(O)c(C(C)(C)C)c2)(COC(=O)CCc2cc(C(C)(C)C)c(O)c(C(C)(C)C)c2)COC(=O)CCc2cc(C(C)(C)C)c(O)c(C(C)(C)C)c2)cc(C(C)(C)C)c1O,CC(C)O,75468.45948757257,0.9991105169996156
CC(C)(C)c1cc(CCC(=O)OCC(COC(=O)CCc2cc(C(C)(C)C)c(O)c(C(C)(C)C)c2)(COC(=O)CCc2cc(C(C)(C)C)c(O)c(C(C)(C)C)c2)COC(=O)CCc2cc(C(C)(C)C)c(O)c(C(C)(C)C)c2)cc(C(C)(C)C)c1O,CCO,64736.64685302293,0.9996221774774652
CC(C)(C)c1cc(CCC(=O)OCC(COC(=O)CCc2cc(C(C)(C)C)c(O)c(C(C)(C)C)c2)(COC(=O)CCc2cc(C(C)(C)C)c(O)c(C(C)(C)C)c2)COC(=O)CCc2cc(C(C)(C)C)c(O)c(C(C)(C)C)c2)cc(C(C)(C)C)c1O,CO,69210.42374097725,0.9980829278717634
CC(C)(C)c1cc(O)c(C(C)(C)C)cc1O,CCOC(C)=O,3326.0432834330504,0.9511990234438272
CC(C)(C)c1ccc(-c2nnc(-c3ccc(-c4ccccc4)cc3)o2)cc1,C1CCOC1,7951.204957750925,0.9958751832435472
CC(C)(C)c1ccc(-c2nnc(-c3ccc(-c4ccccc4)cc3)o2)cc1,CC#N,26474.387090947523,0.99477265650815
CC(C)(C)c1ccc(-c2nnc(-c3ccc(-c4ccccc4)cc3)o2)cc1,CCCCCC,33176.547999407674,0.994718590723
CC(C)(C)c1ccc(-c2nnc(-c3ccc(-c4ccccc4)cc3)o2)cc1,CCO,30324.34048077204,0.999817696478644
CC(C)(C)c1ccc(-c2nnc(-c3ccc(-c4ccccc4)cc3)o2)cc1,CN1CCCC1=O,14793.05385279882,0.9927857221107168
CC(C)(C)c1ccc(-c2nnc(-c3ccc(-c4ccccc4)cc3)o2)cc1,CO,35691.56260244021,0.996831013914824
CC(C)(C)c1ccc(-c2nnc(-c3ccc(-c4ccccc4)cc3)o2)cc1,CS(C)=O,32658.73903062392,0.9986581877898496
CC(C)(C)c1ccc(-c2nnc(-c3ccc(-c4ccccc4)cc3)o2)cc1,Cc1ccccc1,25859.657472890674,0.9949843517444804
CC(C)(C)c1ccc(-c2nnc(-c3ccc(-c4ccccc4)cc3)o2)cc1,ClCCl,7244.918754241602,0.9899691291963294
CC(C)(C)c1ccc(-c2nnc(-c3ccc(-c4ccccc4)cc3)o2)cc1,Clc1ccccc1,12406.597995673574,0.9984253731642816
CC(C)(C)c1ccc(C(=O)O)cc1,CC(=O)O,30041.38036574465,0.9947362936013522
CC(C)(C)c1ccc(C(=O)O)cc1,CC(C)O,19109.41297512735,0.9922789733556324
CC(C)(C)c1ccc(C(=O)O)cc1,CCCCCC,19907.209447803896,0.9898994540145358
CC(C)(C)c1ccc(C(=O)O)cc1,CCCCCCCCO,13774.712475955082,0.9991247486862967
CC(C)(C)c1ccc(C(=O)O)cc1,CCO,24196.25157771365,0.9943175805703024
CC(C)(C)c1ccc(C(=O)O)cc1,CO,13705.388857718455,0.999245778254067
CC(C)(C)c1ccc(C(=O)O)cc1,Cc1ccccc1,23181.58444747041,0.9925765724738996
CC(C)(C)c1ccc(OP2OCC3(CO2)COP(Oc2ccc(C(C)(C)C)cc2C(C)(C)C)OC3)c(C(C)(C)C)c1,CC(C)(C)O,48472.38545989466,0.9962998679717364
CC(C)(C)c1ccc(OP2OCC3(CO2)COP(Oc2ccc(C(C)(C)C)cc2C(C)(C)C)OC3)c(C(C)(C)C)c1,CC(C)O,47047.10786592868,0.9856598491035358
CC(C)(C)c1ccc(OP2OCC3(CO2)COP(Oc2ccc(C(C)(C)C)cc2C(C)(C)C)OC3)c(C(C)(C)C)c1,CCCO,37046.57703517415,0.9982123383041052
CC(C)(C)c1ccc(OP2OCC3(CO2)COP(Oc2ccc(C(C)(C)C)cc2C(C)(C)C)OC3)c(C(C)(C)C)c1,CO,51628.56205336352,0.9895965545144944
CC(C)(N)C(=O)O,CC#N,19505.005543918105,0.9983584317181542
CC(C)(N)C(=O)O,CCCCO,32947.64369513323,0.9985901134659672
CC(C)(N)C(=O)O,CCCO,32980.38281112086,0.9830111104628144
CC(C)(N)C(=O)O,CCO,37833.28666727325,0.943482375445784
CC(C)(N)C(=O)O,CCOC(C)=O,38372.01420741239,0.9794141612527276
CC(C)(N)C(=O)O,CO,13276.47770775579,0.9893003356952452
CC(C)(N)C(=O)O,COC(C)=O,32924.18229259839,0.9903279056608733
CC(C)(O)P1(=O)OCC2(CO1)COP(=O)(C(C)(C)O)OC2,CC(=O)O,21109.795351014945,0.9957701892338428
CC(C)(O)P1(=O)OCC2(CO1)COP(=O)(C(C)(C)O)OC2,CCO,30440.878897552662,0.997294965918676
CC(C)(O)P1(=O)OCC2(CO1)COP(=O)(C(C)(C)O)OC2,CO,21511.55970707761,0.9966670484753728
CC(C)(O)P1(=O)OCC2(CO1)COP(=O)(C(C)(C)O)OC2,O,6966.81900456763,0.9932067259866332
CC(C)(OOC(C)(C)c1ccccc1)c1ccccc1,CC(C)O,59451.36666796015,0.970694380384296
CC(C)(OOC(C)(C)c1ccccc1)c1ccccc1,CCC(C)O,61160.1410674929,0.9677197045143876
CC(C)(OOC(C)(C)c1ccccc1)c1ccccc1,CCCCO,58511.73800854167,0.9677875039519868
CC(C)(OOC(C)(C)c1ccccc1)c1ccccc1,CCCO,58454.55883818774,0.969408230728274
CC(C)(OOC(C)(C)c1ccccc1)c1ccccc1,CCO,55537.79961194484,0.9634994988894718
CC(C)(OOC(C)(C)c1ccccc1)c1ccccc1,CN(C)C=O,52026.11058383604,0.9942213571826178
CC(C)(OOC(C)(C)c1ccccc1)c1ccccc1,CO,52512.22273686197,0.986459962156898
CC(C)(Oc1ccc(C2CC2(Cl)Cl)cc1)C(=O)O,CCCO,14430.82638767862,0.9991087516641244
CC(C)(Oc1ccc(C2CC2(Cl)Cl)cc1)C(=O)O,CCO,14257.92481115013,0.9995676843286688
CC(C)(Oc1ccc(C2CC2(Cl)Cl)cc1)C(=O)O,CN(C)C=O,14334.20348514161,0.9994485030028012
CC(C)(Oc1ccc(C2CC2(Cl)Cl)cc1)C(=O)O,O,24238.76564494142,0.9971524491845836
CC(C)(Oc1ccc(C2CC2(Cl)Cl)cc1)C(=O)O,OCCO,14718.014675374796,0.9991504735497702
CC(C)(Oc1ccc(CCNC(=O)c2ccc(Cl)cc2)cc1)C(=O)O,CC#N,41124.44227645077,0.9996883060989756
CC(C)(Oc1ccc(CCNC(=O)c2ccc(Cl)cc2)cc1)C(=O)O,CC(C)CCO,31710.355231240217,0.9992098525705032
CC(C)(Oc1ccc(CCNC(=O)c2ccc(Cl)cc2)cc1)C(=O)O,CC(C)CO,34228.945188549726,0.9986946923143504
CC(C)(Oc1ccc(CCNC(=O)c2ccc(Cl)cc2)cc1)C(=O)O,CCC(C)=O,23263.54121206946,0.9995262765656138
CC(C)(Oc1ccc(CCNC(=O)c2ccc(Cl)cc2)cc1)C(=O)O,CCC(C)O,28205.40314845185,0.9992668410123928
CC(C)(Oc1ccc(CCNC(=O)c2ccc(Cl)cc2)cc1)C(=O)O,CCCCO,28858.3941742644,0.9988893924060188
CC(C)(Oc1ccc(CCNC(=O)c2ccc(Cl)cc2)cc1)C(=O)O,CCCO,26881.31606765924,0.9986172763008856
CC(C)(Oc1ccc(CCNC(=O)c2ccc(Cl)cc2)cc1)C(=O)O,CCO,26149.92377401527,0.9914984147379144
CC(C)(Oc1ccc(CCNC(=O)c2ccc(Cl)cc2)cc1)C(=O)O,CCOC(C)=O,28921.71874843165,0.9975076036392364
CC(C)(Oc1ccc(CCNC(=O)c2ccc(Cl)cc2)cc1)C(=O)O,CO,28386.421733941886,0.984050516886656
CC(C)(Oc1ccc(CCNC(=O)c2ccc(Cl)cc2)cc1)C(=O)O,O,35051.06547834418,0.999865878783066
CC(C)(Oc1ccc(CCNC(=O)c2ccc(Cl)cc2)cc1)C(=O)O,O=C1CCCCC1,26693.272837062337,0.9997272091496928
CC(C)(c1ccc(O)cc1)c1ccc(O)cc1,CC(C)O,20956.414589329976,0.9962544998123166
CC(C)(c1ccc(O)cc1)c1ccc(O)cc1,CCC(C)O,20754.44095083295,0.9973478060895364
CC(C)(c1ccc(O)cc1)c1ccc(O)cc1,CCCO,4934.329379615119,0.9988966504367712
CC(C)(c1ccc(O)cc1)c1ccc(O)cc1,CCO,4250.899216986464,0.993239144596114
CC(C)(c1ccc(O)cc1)c1ccc(O)cc1,CCOC(C)=O,1970.0224866762128,0.9592353018557964
CC(C)(c1ccc(O)cc1)c1ccc(O)cc1,CN(C)C=O,11425.928920413486,0.9846909775564464
CC(C)(c1ccc(O)cc1)c1ccc(O)cc1,CO,3067.529194927557,0.9780002728486948
CC(C)(c1ccc(O)cc1)c1ccc(O)cc1,COC(C)=O,1493.677677749373,0.94105306683515
CC(C)(c1ccc(O)cc1)c1ccc(O)cc1,NC=O,14549.29506655615,0.9929225317651716
CC(C)(c1ccc(O)cc1)c1ccc(O)cc1,O=C1CCCCC1,18323.607657656987,0.9987806212784988
CC(C)=CCC/C(C)=C/CO,O,85912.40976717856,0.969209098462359
CC(C)=CCC[C@@H](C)[C@H]1CC[C@@]2(C)C3=C(CC[C@]12C)[C@@]1(C)CC[C@H](O)C(C)(C)[C@@H]1CC3,CC#N,44309.84877867253,0.9927120473402522
CC(C)=CCC[C@@H](C)[C@H]1CC[C@@]2(C)C3=C(CC[C@]12C)[C@@]1(C)CC[C@H](O)C(C)(C)[C@@H]1CC3,CC(C)=O,30204.545182353748,0.9991640888189623
CC(C)=CCC[C@@H](C)[C@H]1CC[C@@]2(C)C3=C(CC[C@]12C)[C@@]1(C)CC[C@H](O)C(C)(C)[C@@H]1CC3,CC(C)O,28560.98582038436,0.9571205434517648
CC(C)=CCC[C@@H](C)[C@H]1CC[C@@]2(C)C3=C(CC[C@]12C)[C@@]1(C)CC[C@H](O)C(C)(C)[C@@H]1CC3,CCCO,29038.09443954217,0.9972897568239568
CC(C)=CCC[C@@H](C)[C@H]1CC[C@@]2(C)C3=C(CC[C@]12C)[C@@]1(C)CC[C@H](O)C(C)(C)[C@@H]1CC3,CCOC(C)=O,30473.06734149512,0.9979964755140164
CC(C)=CCC[C@@H](C)[C@H]1CC[C@@]2(C)C3=C(CC[C@]12C)[C@@]1(C)CC[C@H](O)C(C)(C)[C@@H]1CC3,CN(C)C=O,37647.14545145626,0.9800349316583348
CC(C)=CCC[C@@H](C)[C@H]1CC[C@@]2(C)C3=C(CC[C@]12C)[C@@]1(C)CC[C@H](O)C(C)(C)[C@@H]1CC3,CO,37517.78996017902,0.9891258346400778
CC(C)=CCC[C@@H](C)[C@H]1CC[C@@]2(C)C3=C(CC[C@]12C)[C@@]1(C)CC[C@H](O)C(C)(C)[C@@H]1CC3,CS(C)=O,40539.38334429108,0.9997488664180352
CC(C)=CCOc1c2ccoc2cc2oc(=O)ccc12,O,27770.737570565016,0.9705544113437046
CC(C)=CCOc1c2occc2cc2ccc(=O)oc12,CCO,48239.62755620627,0.9998077895937308
CC(C)Br,O,49317.13424592486,0.9998730534267184
CC(C)C(=O)Nc1ccc([N+](=O)[O-])c(C(F)(F)F)c1,C1CCOC1,16834.637043556137,0.9908596384630508
CC(C)C(=O)Nc1ccc([N+](=O)[O-])c(C(F)(F)F)c1,C1COCCO1,25555.47194411565,0.9925389126693964
CC(C)C(=O)Nc1ccc([N+](=O)[O-])c(C(F)(F)F)c1,CC#N,38673.06737617811,0.98993594996813
CC(C)C(=O)Nc1ccc([N+](=O)[O-])c(C(F)(F)F)c1,CC(C)CO,34319.44885907955,0.9994218579354422
CC(C)C(=O)Nc1ccc([N+](=O)[O-])c(C(F)(F)F)c1,CCCCO,20317.814885161977,0.992389404988008
CC(C)C(=O)Nc1ccc([N+](=O)[O-])c(C(F)(F)F)c1,CCCO,19638.360207985726,0.992580913426908
CC(C)C(=O)Nc1ccc([N+](=O)[O-])c(C(F)(F)F)c1,CCO,24027.78979171888,0.9631937094168842
CC(C)C(=O)Nc1ccc([N+](=O)[O-])c(C(F)(F)F)c1,CN(C)C=O,6732.785530345144,0.9770490258012924
CC(C)C(=O)Nc1ccc([N+](=O)[O-])c(C(F)(F)F)c1,CO,26754.170578208068,0.9665992900646077
CC(C)C(=O)Nc1ccc([N+](=O)[O-])c(C(F)(F)F)c1,CS(C)=O,7563.512411464576,0.9893589512632778
CC(C)C(=O)Nc1ccc([N+](=O)[O-])c(C(F)(F)F)c1,O,35336.34674369599,0.9998519054539556
CC(C)C(=O)Nc1ccc([N+](=O)[O-])c(C(F)(F)F)c1,OCCO,35140.96391887758,0.9997201717529306
CC(C)C(=O)OCC(=O)[C@@]12O[C@H](C3CCCCC3)O[C@@H]1C[C@H]1[C@@H]3CCC4=CC(=O)C=C[C@]4(C)[C@H]3[C@@H](O)C[C@@]12C,CC#N,21749.52315296241,0.9998387366175686
CC(C)C(=O)OCC(=O)[C@@]12O[C@H](C3CCCCC3)O[C@@H]1C[C@H]1[C@@H]3CCC4=CC(=O)C=C[C@]4(C)[C@H]3[C@@H](O)C[C@@]12C,CC(C)O,42081.012043586124,0.9998863931718888
CC(C)C(=O)OCC(=O)[C@@]12O[C@H](C3CCCCC3)O[C@@H]1C[C@H]1[C@@H]3CCC4=CC(=O)C=C[C@]4(C)[C@H]3[C@@H](O)C[C@@]12C,CCCO,39894.32972167656,0.9998245709907788
CC(C)C(=O)OCC(=O)[C@@]12O[C@H](C3CCCCC3)O[C@@H]1C[C@H]1[C@@H]3CCC4=CC(=O)C=C[C@]4(C)[C@H]3[C@@H](O)C[C@@]12C,CCOC(C)=O,21942.415379093127,0.9998277931912004
CC(C)C(N)=O,C1CCOC1,17548.008762776535,0.9998347763520876
CC(C)C(N)=O,CC#N,33038.024562129474,0.9998321383131988
CC(C)C(N)=O,CC(C)CO,22284.364423835123,0.9993880235019926
CC(C)C(N)=O,CC(C)O,36781.72588619432,0.9989073122914488
CC(C)C(N)=O,CCC(C)=O,13128.77595419322,0.9999748666052896
CC(C)C(N)=O,CCCO,34155.94100602454,0.998315890600445
CC(C)C(N)=O,CCO,27259.53131321876,0.998819367979956
CC(C)C(N)=O,CCOC=O,25097.06457359038,0.9999632704518132
CC(C)C(N)=O,CO,19368.36785170048,0.9988565637194824
CC(C)C(N)=O,COC(C)=O,13799.999430551425,0.9999761899233294
CC(C)C(N)=O,ClC(Cl)Cl,32196.05159638912,0.9997997949058526
CC(C)C(N)=O,O=C1CCCCC1,24389.44687189216,0.9997839029632234
CC(C)C1=CC2=CC[C@@H]3[C@](C)(CCC[C@@]3(C)C(=O)O)[C@H]2CC1,CCO,23327.231257931075,0.9968729266845808
CC(C)CC(N)C(=O)O,CN(C)C=O,12841.909730798556,0.9924426752360368
CC(C)CC(N)C(=O)O,O,8524.822916371835,0.9868606533761716
CC(C)CCC[C@@H](C)[C@H]1CC[C@H]2[C@@H]3CC=C4C[C@@H](O)CC[C@]4(C)[C@H]3CC[C@]12C,CC(=O)CC(C)C,30891.27146238317,0.9813515880885944
CC(C)CCC[C@@H](C)[C@H]1CC[C@H]2[C@@H]3CC=C4C[C@@H](O)CC[C@]4(C)[C@H]3CC[C@]12C,CC(=O)O,35127.38609445816,0.971655636161717
CC(C)CCC[C@@H](C)[C@H]1CC[C@H]2[C@@H]3CC=C4C[C@@H](O)CC[C@]4(C)[C@H]3CC[C@]12C,CCCCCCC,36744.1719640544,0.99380708091687
CC(C)CCC[C@@H](C)[C@H]1CC[C@H]2[C@@H]3CC=C4C[C@@H](O)CC[C@]4(C)[C@H]3CC[C@]12C,CCOC(C)=O,31570.94973849604,0.9980347111972754
CC(C)CCC[C@@H](C)[C@H]1CC[C@H]2[C@@H]3CC=C4C[C@@H](O)CC[C@]4(C)[C@H]3CC[C@]12C,CO,33741.31080971039,0.9653646973528076
CC(C)CCC[C@@H](C)[C@H]1CC[C@H]2[C@@H]3CC=C4C[C@@H](O)CC[C@]4(C)[C@H]3CC[C@]12C,COc1ccccc1,17126.87575836534,0.9524385427977063
CC(C)COc1ccc(B(O)O)cc1,CC(C)=O,15180.247687922174,0.990449450308554
CC(C)COc1ccc(B(O)O)cc1,ClC(Cl)Cl,48215.5094335743,0.9949903423487794
CC(C)COc1cccc(B(O)O)c1,ClC(Cl)Cl,52289.25142320192,0.9460744960089332
CC(C)COc1ccccc1B(O)O,CC(C)=O,40199.04970245409,0.921082254800034
CC(C)COc1ccccc1B(O)O,ClC(Cl)Cl,40280.61748599777,0.9220006209363972
CC(C)C[C@H](N)C(=O)O,C1COCCO1,39777.92749195474,0.9964566810653512
CC(C)C[C@H](N)C(=O)O,CC#N,20457.59279853778,0.9910755335041842
CC(C)C[C@H](N)C(=O)O,CC(C)=O,39402.62812884945,0.9955696314208684
CC(C)C[C@H](N)C(=O)O,CC(C)CO,15582.35820872938,0.9358561627869608
CC(C)C[C@H](N)C(=O)O,CCCCO,41996.23150699328,0.9923023084717976
CC(C)C[C@H](N)C(=O)O,CCO,14735.905533816069,0.9009241621687673
CC(C)C[C@H](N)C(=O)O,CCOC(C)=O,19764.187689235143,0.9944241661229872
CC(C)C[C@H](N)C(=O)O,COC(C)=O,10295.896367613528,0.9405658585879304
CC(C)C[C@H](N)C(=O)O,O,4064.648893740906,0.9547147569349316
CC(C)Cc1ccc(C(C)C(=O)O)cc1,CC(C)CO,35810.65520434655,0.997935375823379
CC(C)Cc1ccc(C(C)C(=O)O)cc1,CC(C)O,32166.25312970625,0.9989353956229172
CC(C)Cc1ccc(C(C)C(=O)O)cc1,CCCCCO,32515.24480494352,0.995576203392245
CC(C)Cc1ccc(C(C)C(=O)O)cc1,CCCCO,31960.14493372472,0.9950591267831842
CC(C)Cc1ccc(C(C)C(=O)O)cc1,CCCO,32065.34590233772,0.996647383481896
CC(C)Cc1ccc(C(C)C(=O)O)cc1,CCO,30997.118168863974,0.9972524285013926
CC(C)Cc1ccc(C(C)C(=O)[O-])cc1.O.O.[Na+],CC(C)=O,18061.11443804644,0.987652187506998
CC(C)Cc1ccc(C(C)C(=O)[O-])cc1.O.O.[Na+],O,55589.19242353174,0.9937769044409038
CC(C)Cc1ccc([C@H](C)C(=O)O)cc1,CC(C)O,12116.17147364443,0.9878004995993004
CC(C)Cc1ccc([C@H](C)C(=O)O)cc1,CCCCCC,45758.00447124524,0.9952501499606689
CC(C)Cc1ccc([C@H](C)C(=O)O)cc1,CCCO,9055.142161060525,0.9882329054410788
CC(C)Cc1ccc([C@H](C)C(=O)O)cc1,CCO,7275.391268098927,0.9756918181453732
CC(C)Cc1ccc([C@H](C)C(=O)O)cc1,CCOC(C)=O,12441.14859747603,0.986596766769129
CC(C)N1C(=O)N(c2ccccc2)CSC1=NC(C)(C)C,CC#N,36892.53614399617,0.9993072670848896
CC(C)N1C(=O)N(c2ccccc2)CSC1=NC(C)(C)C,CC(C)=O,24471.120690833548,0.9975345651706076
CC(C)N1C(=O)N(c2ccccc2)CSC1=NC(C)(C)C,CC(C)O,32426.38165261211,0.9993614195990548
CC(C)N1C(=O)N(c2ccccc2)CSC1=NC(C)(C)C,CCCCCCCCO,36219.163306434726,0.9996682418474068
CC(C)N1C(=O)N(c2ccccc2)CSC1=NC(C)(C)C,CCCCO,38782.94757604925,0.9987387190403588
CC(C)N1C(=O)N(c2ccccc2)CSC1=NC(C)(C)C,CCCO,39494.6199683832,0.9996415742649656
CC(C)N1C(=O)N(c2ccccc2)CSC1=NC(C)(C)C,CCO,32643.333325857213,0.9997689652796412
CC(C)N1C(=O)N(c2ccccc2)CSC1=NC(C)(C)C,CCOC(C)=O,27386.694348700225,0.999505024636681
CC(C)N1C(=O)N(c2ccccc2)CSC1=NC(C)(C)C,CO,30938.999342532028,0.9996849245923284
CC(C)N1C(=O)N(c2ccccc2)CSC1=NC(C)(C)C,Cc1ccccc1,25615.84397098928,0.9998402862029838
CC(C)N1C(=O)N(c2ccccc2)CSC1=NC(C)(C)C,O,25589.41023401372,0.9995004121580436
CC(C)OC(=O)C(C)(C)Oc1ccc(C(=O)c2ccc(Cl)cc2)cc1,CCO,45490.774110966144,0.9916316668661822
CC(C)OC(=O)[C@H](C)N[P@](=O)(OC[C@H]1O[C@@H](n2ccc(=O)[nH]c2=O)[C@](C)(F)[C@@H]1O)Oc1ccccc1,C1CCCCC1,55537.7299694323,0.9997468793613966
CC(C)OC(=O)[C@H](C)N[P@](=O)(OC[C@H]1O[C@@H](n2ccc(=O)[nH]c2=O)[C@](C)(F)[C@@H]1O)Oc1ccccc1,CC#N,31777.25590364894,0.9997681065741226
CC(C)OC(=O)[C@H](C)N[P@](=O)(OC[C@H]1O[C@@H](n2ccc(=O)[nH]c2=O)[C@](C)(F)[C@@H]1O)Oc1ccccc1,CC(C)=O,30181.105522081267,0.9998663621490932
CC(C)OC(=O)[C@H](C)N[P@](=O)(OC[C@H]1O[C@@H](n2ccc(=O)[nH]c2=O)[C@](C)(F)[C@@H]1O)Oc1ccccc1,CCCCO,31097.787132060246,0.9996271212783135
CC(C)OC(=O)[C@H](C)N[P@](=O)(OC[C@H]1O[C@@H](n2ccc(=O)[nH]c2=O)[C@](C)(F)[C@@H]1O)Oc1ccccc1,CCO,28306.05774401176,0.999810942386542
CC(C)OC(=O)[C@H](C)N[P@](=O)(OC[C@H]1O[C@@H](n2ccc(=O)[nH]c2=O)[C@](C)(F)[C@@H]1O)Oc1ccccc1,CCOC(C)=O,38683.7403519612,0.999858884484401
CC(C)OC(=O)[C@H](C)N[P@](=O)(OC[C@H]1O[C@@H](n2ccc(=O)[nH]c2=O)[C@](C)(F)[C@@H]1O)Oc1ccccc1,Cc1ccccc1,62472.57044109151,0.9992081806175808
CC(C)OC(=O)[C@H](C)N[P@](=O)(OC[C@H]1O[C@@H](n2ccc(=O)[nH]c2=O)[C@](C)(F)[C@@H]1O)Oc1ccccc1,O,48472.03888363001,0.9994290262016976
CC(C)OC(=O)[C@H](C)N[P@](=O)(Oc1ccccc1)Oc1c(F)c(F)c(F)c(F)c1F,CC#N,26979.236929547413,0.999777440388418
CC(C)OC(=O)[C@H](C)N[P@](=O)(Oc1ccccc1)Oc1c(F)c(F)c(F)c(F)c1F,CC(C)=O,25195.674976194023,0.999557798980226
CC(C)OC(=O)[C@H](C)N[P@](=O)(Oc1ccccc1)Oc1c(F)c(F)c(F)c(F)c1F,CC(C)O,36005.22011264073,0.999882573782137
CC(C)OC(=O)[C@H](C)N[P@](=O)(Oc1ccccc1)Oc1c(F)c(F)c(F)c(F)c1F,CCCO,33359.817275833615,0.99981153963199
CC(C)OC(=O)[C@H](C)N[P@](=O)(Oc1ccccc1)Oc1c(F)c(F)c(F)c(F)c1F,CCO,30293.61731555168,0.9996282154396536
CC(C)OC(=O)[C@H](C)N[P@](=O)(Oc1ccccc1)Oc1c(F)c(F)c(F)c(F)c1F,CCOC(C)=O,26654.021213250304,0.9997634153569398
CC(C)OC(=O)[C@H](C)N[P@](=O)(Oc1ccccc1)Oc1c(F)c(F)c(F)c(F)c1F,CO,28372.17136155859,0.9995718022553364
CC(C)OC(=O)[C@H](C)N[P@](=O)(Oc1ccccc1)Oc1c(F)c(F)c(F)c(F)c1F,Cc1ccccc1,28181.129771019445,0.9993572401773472
CC(C)OC(=O)[C@H](C)N[P@](=O)(Oc1ccccc1)Oc1c(F)c(F)c(F)c(F)c1F,O,41881.77921724096,0.9998716086826412
CC(C)Oc1ccc2c(=O)c(-c3ccccc3)coc2c1,CC#N,39080.38190250259,0.9970488687206585
CC(C)Oc1ccc2c(=O)c(-c3ccccc3)coc2c1,CC(=O)N(C)C,23918.81410520117,0.9966767195649988
CC(C)Oc1ccc2c(=O)c(-c3ccccc3)coc2c1,CC(C)=O,30867.26039878013,0.9967286068137704
CC(C)Oc1ccc2c(=O)c(-c3ccccc3)coc2c1,CCCCCO,39999.92896642547,0.9977030583290734
CC(C)Oc1ccc2c(=O)c(-c3ccccc3)coc2c1,CCCCO,40620.98121759881,0.9972220897455366
CC(C)Oc1ccc2c(=O)c(-c3ccccc3)coc2c1,CCCO,39405.82642465825,0.998439576899912
CC(C)Oc1ccc2c(=O)c(-c3ccccc3)coc2c1,CN(C)C=O,27879.58290568949,0.9965880343815416
CC(C)Oc1ccc2c(=O)c(-c3ccccc3)coc2c1,CN1CCCC1=O,20407.170731911367,0.9973758437754638
CC(C)Oc1ccc2c(=O)c(-c3ccccc3)coc2c1,CO,36552.25530553426,0.9990540951830006
CC(C)Oc1ccc2c(=O)c(-c3ccccc3)coc2c1,COC(C)=O,30084.36658175705,0.9977186763617124
CC(C)Oc1ccc2c(=O)c(-c3ccccc3)coc2c1,ClCCl,14134.605402314954,0.9986975291983284
CC(C)[C@@H](C)[C@@H](O)[C@H](O)[C@@H](C)[C@H]1CC[C@H]2[C@@H]3COC(=O)[C@H]4C[C@H](O)[C@H](O)C[C@]4(C)[C@H]3CC[C@]12C,CC#N,31063.360634768964,0.9999977860744
CC(C)[C@@H](C)[C@@H](O)[C@H](O)[C@@H](C)[C@H]1CC[C@H]2[C@@H]3COC(=O)[C@H]4C[C@H](O)[C@H](O)C[C@]4(C)[C@H]3CC[C@]12C,CC(C)O,29741.576877997664,0.9994370752105288
CC(C)[C@@H](C)[C@@H](O)[C@H](O)[C@@H](C)[C@H]1CC[C@H]2[C@@H]3COC(=O)[C@H]4C[C@H](O)[C@H](O)C[C@]4(C)[C@H]3CC[C@]12C,CCO,19349.998707033326,0.9912651152584986
CC(C)[C@H](C)[C@@H](O)[C@H](O)[C@@H](C)[C@H]1CC[C@H]2[C@@H]3COC(=O)[C@H]4C[C@H](O)[C@H](O)C[C@]4(C)[C@H]3CC[C@]12C,C1CCOC1,21759.600993684217,0.9997690458353228
CC(C)[C@H](C)[C@@H](O)[C@H](O)[C@@H](C)[C@H]1CC[C@H]2[C@@H]3COC(=O)[C@H]4C[C@H](O)[C@H](O)C[C@]4(C)[C@H]3CC[C@]12C,CC#N,18563.475388595147,0.9992179880007432
CC(C)[C@H](C)[C@@H](O)[C@H](O)[C@@H](C)[C@H]1CC[C@H]2[C@@H]3COC(=O)[C@H]4C[C@H](O)[C@H](O)C[C@]4(C)[C@H]3CC[C@]12C,CC(C)=O,22871.59915994024,0.9999756934070586
CC(C)[C@H](C)[C@@H](O)[C@H](O)[C@@H](C)[C@H]1CC[C@H]2[C@@H]3COC(=O)[C@H]4C[C@H](O)[C@H](O)C[C@]4(C)[C@H]3CC[C@]12C,CC(C)O,19170.10093727537,0.9991752597220348
CC(C)[C@H](C)[C@@H](O)[C@H](O)[C@@H](C)[C@H]1CC[C@H]2[C@@H]3COC(=O)[C@H]4C[C@H](O)[C@H](O)C[C@]4(C)[C@H]3CC[C@]12C,CCCCCC,30059.282750681126,0.9937871209772158
CC(C)[C@H](C)[C@@H](O)[C@H](O)[C@@H](C)[C@H]1CC[C@H]2[C@@H]3COC(=O)[C@H]4C[C@H](O)[C@H](O)C[C@]4(C)[C@H]3CC[C@]12C,CCCCCCC,31806.9670246395,0.9854017265738796
CC(C)[C@H](C)[C@@H](O)[C@H](O)[C@@H](C)[C@H]1CC[C@H]2[C@@H]3COC(=O)[C@H]4C[C@H](O)[C@H](O)C[C@]4(C)[C@H]3CC[C@]12C,CCCCO,19372.352501986767,0.9997618800637385
CC(C)[C@H](C)[C@@H](O)[C@H](O)[C@@H](C)[C@H]1CC[C@H]2[C@@H]3COC(=O)[C@H]4C[C@H](O)[C@H](O)C[C@]4(C)[C@H]3CC[C@]12C,CCO,24060.497407475137,0.9989496811819324
CC(C)[C@H](C)[C@@H](O)[C@H](O)[C@@H](C)[C@H]1CC[C@H]2[C@@H]3COC(=O)[C@H]4C[C@H](O)[C@H](O)C[C@]4(C)[C@H]3CC[C@]12C,CO,21158.39111437528,0.9999488584567374
CC(C)[C@H](C)[C@@H](O)[C@H](O)[C@@H](C)[C@H]1CC[C@H]2[C@@H]3COC(=O)[C@H]4C[C@H](O)[C@H](O)C[C@]4(C)[C@H]3CC[C@]12C,ClC(Cl)Cl,17800.059049363485,0.999935424475938
CC(C)[C@H](N)C(=O)O,C1COCCO1,39081.06349722188,0.9918234033507652
CC(C)[C@H](N)C(=O)O,CC#N,31416.4363795924,0.9921193137027478
CC(C)[C@H](N)C(=O)O,CC(C)CO,31098.62763315635,0.9988898805378548
CC(C)[C@H](N)C(=O)O,CCCCO,40891.56389893092,0.9864384813477034
CC(C)[C@H](N)C(=O)O,CCCO,30629.087485249696,0.9983062061162954
CC(C)[C@H](N)C(=O)O,CCOC(C)=O,27810.75192794258,0.9984570394068526
CC(C)[C@H](N)C(=O)O,CN(C)C=O,40671.43324782549,0.9909916652599198
CC(C)[C@H](N)C(=O)O,CO,5965.331055174127,0.9858967615562086
CC(C)[C@H](NC(=O)OCC1c2ccccc2-c2ccccc21)C(=O)O,CC#N,28914.33878886007,0.9981359974511508
CC(C)[C@H](NC(=O)OCC1c2ccccc2-c2ccccc21)C(=O)O,CC(C)=O,18964.907210725185,0.9889924930204456
CC(C)[C@H](NC(=O)OCC1c2ccccc2-c2ccccc21)C(=O)O,CC(C)CO,31697.64566425949,0.965891973966918
CC(C)[C@H](NC(=O)OCC1c2ccccc2-c2ccccc21)C(=O)O,CCCCCO,25984.007869402707,0.9849828295235896
CC(C)[C@H](NC(=O)OCC1c2ccccc2-c2ccccc21)C(=O)O,CCCCO,28241.249482122083,0.9710230634713122
CC(C)[C@H](NC(=O)OCC1c2ccccc2-c2ccccc21)C(=O)O,CCCCOC(C)=O,20027.918292120823,0.9941886991147478
CC(C)[C@H](NC(=O)OCC1c2ccccc2-c2ccccc21)C(=O)O,CCO,29848.872761813825,0.9859067419159006
CC(C)[C@H](NC(=O)OCC1c2ccccc2-c2ccccc21)C(=O)O,CO,28838.17244688145,0.993228437607091
CC(C)[C@H](NC(=O)OCC1c2ccccc2-c2ccccc21)C(=O)O,COC(=O)OC,26955.19763074405,0.9807326822138436
CC(C)c1c(C(=O)Nc2ccccc2)c(-c2ccccc2)c(-c2ccc(F)cc2)n1CC[C@@H](O)C[C@@H](O)CC(=O)[O-].CC(C)c1c(C(=O)Nc2ccccc2)c(-c2ccccc2)c(-c2ccc(F)cc2)n1CC[C@@H](O)C[C@@H](O)CC(=O)[O-].O.O.O.[Ca+2],CC(=O)OCC(C)C,61775.25769711913,0.9964172799570352
CC(C)c1c(C(=O)Nc2ccccc2)c(-c2ccccc2)c(-c2ccc(F)cc2)n1CC[C@@H](O)C[C@@H](O)CC(=O)[O-].CC(C)c1c(C(=O)Nc2ccccc2)c(-c2ccccc2)c(-c2ccc(F)cc2)n1CC[C@@H](O)C[C@@H](O)CC(=O)[O-].O.O.O.[Ca+2],CC(C)CO,53629.6354619085,0.9898900416239846
CC(C)c1c(C(=O)Nc2ccccc2)c(-c2ccccc2)c(-c2ccc(F)cc2)n1CC[C@@H](O)C[C@@H](O)CC(=O)[O-].CC(C)c1c(C(=O)Nc2ccccc2)c(-c2ccccc2)c(-c2ccc(F)cc2)n1CC[C@@H](O)C[C@@H](O)CC(=O)[O-].O.O.O.[Ca+2],CCCCCCCCO,56617.26165339043,0.9782902764311052
CC(C)c1c(C(=O)Nc2ccccc2)c(-c2ccccc2)c(-c2ccc(F)cc2)n1CC[C@@H](O)C[C@@H](O)CC(=O)[O-].CC(C)c1c(C(=O)Nc2ccccc2)c(-c2ccccc2)c(-c2ccc(F)cc2)n1CC[C@@H](O)C[C@@H](O)CC(=O)[O-].O.O.O.[Ca+2],CCCCO,58540.26634980154,0.9986471655040304
CC(C)c1c(C(=O)Nc2ccccc2)c(-c2ccccc2)c(-c2ccc(F)cc2)n1CC[C@@H](O)C[C@@H](O)CC(=O)[O-].CC(C)c1c(C(=O)Nc2ccccc2)c(-c2ccccc2)c(-c2ccc(F)cc2)n1CC[C@@H](O)C[C@@H](O)CC(=O)[O-].O.O.O.[Ca+2],CCCCOC(C)=O,41114.12548040391,0.9882982505070584
CC(C)c1c(C(=O)Nc2ccccc2)c(-c2ccccc2)c(-c2ccc(F)cc2)n1CC[C@@H](O)C[C@@H](O)CC(=O)[O-].CC(C)c1c(C(=O)Nc2ccccc2)c(-c2ccccc2)c(-c2ccc(F)cc2)n1CC[C@@H](O)C[C@@H](O)CC(=O)[O-].O.O.O.[Ca+2],CCCO,50243.65609107269,0.9983243141079716
CC(C)c1c(C(=O)Nc2ccccc2)c(-c2ccccc2)c(-c2ccc(F)cc2)n1CC[C@@H](O)C[C@@H](O)CC(=O)[O-].CC(C)c1c(C(=O)Nc2ccccc2)c(-c2ccccc2)c(-c2ccc(F)cc2)n1CC[C@@H](O)C[C@@H](O)CC(=O)[O-].O.O.O.[Ca+2],CCOC(C)=O,26584.52304304581,0.9604073653954702
CC(C)c1c(C(=O)Nc2ccccc2)c(-c2ccccc2)c(-c2ccc(F)cc2)n1CC[C@@H](O)C[C@@H](O)CC(=O)[O-].CC(C)c1c(C(=O)Nc2ccccc2)c(-c2ccccc2)c(-c2ccc(F)cc2)n1CC[C@@H](O)C[C@@H](O)CC(=O)[O-].O.O.O.[Ca+2],O,14940.390594365264,0.912288090201078
CC(C)c1ccc(N=C2[Se]CC3CCCN2C3)cc1,CCCCCC,19146.185755827075,0.9986484125885364
CC(C)c1ccc(NC2=NCCC3(CCCCC3)S2)cc1,CCCCCC,25401.342433456102,0.998931078399552
CC(C)c1ccc2sc3ccccc3c(=O)c2c1,C1COCCO1,43515.62981899557,0.9982915141871304
CC(C)c1ccc2sc3ccccc3c(=O)c2c1,CCO,106049.74777643906,0.956548917115762
CC(C)c1ccc2sc3ccccc3c(=O)c2c1,CCOC(C)=O,53849.31537845353,0.996603332293674
CC(C)c1ccc2sc3ccccc3c(=O)c2c1,CO,58536.56255251153,0.975895716903896
CC(C)c1ccc2sc3ccccc3c(=O)c2c1,Cc1ccccc1,38534.67371715682,0.9995392087922416
CC(C)c1ccc2sc3ccccc3c(=O)c2c1,ClCCCl,33375.265265936534,0.9914148765236042
CC(C)c1nc(N(C)S(C)(=O)=O)nc(-c2ccc(F)cc2)c1/C=C/[C@@H](O)C[C@@H](O)CC(=O)[O-].CC(C)c1nc(N(C)S(C)(=O)=O)nc(-c2ccc(F)cc2)c1/C=C/[C@@H](O)C[C@@H](O)CC(=O)[O-].[Ca+2],CC(C)O,23657.22044530807,0.9962894433688492
CC(C)c1nc(N(C)S(C)(=O)=O)nc(-c2ccc(F)cc2)c1/C=C/[C@@H](O)C[C@@H](O)CC(=O)[O-].CC(C)c1nc(N(C)S(C)(=O)=O)nc(-c2ccc(F)cc2)c1/C=C/[C@@H](O)C[C@@H](O)CC(=O)[O-].[Ca+2],CC(O)CO,7181.229696977024,0.9990208502580938
CC(C)c1nc(N(C)S(C)(=O)=O)nc(-c2ccc(F)cc2)c1/C=C/[C@@H](O)C[C@@H](O)CC(=O)[O-].CC(C)c1nc(N(C)S(C)(=O)=O)nc(-c2ccc(F)cc2)c1/C=C/[C@@H](O)C[C@@H](O)CC(=O)[O-].[Ca+2],CCC(C)O,15474.318691059354,0.9983665896425512
CC(C)c1nc(N(C)S(C)(=O)=O)nc(-c2ccc(F)cc2)c1/C=C/[C@@H](O)C[C@@H](O)CC(=O)[O-].CC(C)c1nc(N(C)S(C)(=O)=O)nc(-c2ccc(F)cc2)c1/C=C/[C@@H](O)C[C@@H](O)CC(=O)[O-].[Ca+2],CCCCO,24913.14441387228,0.9983655649712284
CC(C)c1nc(N(C)S(C)(=O)=O)nc(-c2ccc(F)cc2)c1/C=C/[C@@H](O)C[C@@H](O)CC(=O)[O-].CC(C)c1nc(N(C)S(C)(=O)=O)nc(-c2ccc(F)cc2)c1/C=C/[C@@H](O)C[C@@H](O)CC(=O)[O-].[Ca+2],O,37320.51464724434,0.9994588190901508
CC(C)c1nc(N(C)S(C)(=O)=O)nc(-c2ccc(F)cc2)c1/C=C/[C@@H](O)C[C@@H](O)CC(=O)[O-].CC(C)c1nc(N(C)S(C)(=O)=O)nc(-c2ccc(F)cc2)c1/C=C/[C@@H](O)C[C@@H](O)CC(=O)[O-].[Ca+2],OCCO,26444.68013747747,0.9966568792025402
CC(C)c1ncc[nH]1,CC#N,15811.29884227124,0.9973303238495936
CC(C)c1ncc[nH]1,CC(C)=O,13273.759492445304,0.9944278933376236
CC(C)c1ncc[nH]1,CC(C)O,12515.670858062618,0.9910685820837026
CC(C)c1ncc[nH]1,CCC(C)=O,15243.993034108456,0.9960331663156462
CC(C)c1ncc[nH]1,CCCO,13560.276764517752,0.9943681061639984
CC(C)c1ncc[nH]1,CCO,13375.22029229896,0.996085783318834
CC(C)c1ncc[nH]1,CCOC(C)=O,17365.99447738665,0.9974978859919852
CC(C)c1ncc[nH]1,Cc1ccccc1,14487.296105187856,0.9962184655322788
CC(CCc1ccccc1)NCC(O)c1ccc(O)c(C(N)=O)c1.Cl,CC(C)CO,42641.97640338074,0.9991048445346418
CC(CCc1ccccc1)NCC(O)c1ccc(O)c(C(N)=O)c1.Cl,CC(C)O,54949.91960132705,0.9991549002040626
CC(CCc1ccccc1)NCC(O)c1ccc(O)c(C(N)=O)c1.Cl,CCC(C)O,33789.23028009812,0.998947341106546
CC(CCc1ccccc1)NCC(O)c1ccc(O)c(C(N)=O)c1.Cl,CCCCO,27533.75412390884,0.9995969011809676
CC(CCc1ccccc1)NCC(O)c1ccc(O)c(C(N)=O)c1.Cl,CCCO,27191.732155222304,0.9992053877774156
CC(CCc1ccccc1)NCC(O)c1ccc(O)c(C(N)=O)c1.Cl,CCO,21647.95539988621,0.996613015735323
CC(CCc1ccccc1)NCC(O)c1ccc(O)c(C(N)=O)c1.Cl,CCOC(C)=O,42315.23628071835,0.9973223336988408
CC(CCc1ccccc1)NCC(O)c1ccc(O)c(C(N)=O)c1.Cl,O,33810.70391937713,0.998150503806534
CC(CN1c2ccccc2S(=O)(=O)c2ccccc21)N(C)C.Cl,CC(=O)O,34939.02819393161,0.9995310470099522
CC(CN1c2ccccc2S(=O)(=O)c2ccccc21)N(C)C.Cl,CC(C)=O,16191.063531554566,0.9714924209303564
CC(CN1c2ccccc2S(=O)(=O)c2ccccc21)N(C)C.Cl,CN(C)C=O,11026.394845523164,0.991528876073376
CC(CN1c2ccccc2S(=O)(=O)c2ccccc21)N(C)C.Cl,CO,26262.72110960248,0.9950003066069764
CC(CN1c2ccccc2S(=O)(=O)c2ccccc21)N(C)C.Cl,O,31276.77855167669,0.9925547489661328
CC(CO)(CO)C(=O)O,C1COCCO1,30812.547849782764,0.9958307662889048
CC(CO)(CO)C(=O)O,CC(=O)CC(C)C,10439.961413309584,0.9899898361532616
CC(CO)(CO)C(=O)O,CC(C)O,26405.959563812925,0.9962316413323048
CC(CO)(CO)C(=O)O,CCC(C)O,27435.17082385474,0.9971433045525924
CC(CO)(CO)C(=O)O,CCCCO,26494.47858278196,0.9972875097124068
CC(CO)(CO)C(=O)O,CCO,23588.27801535369,0.9985218842116548
CC(CO)(CO)C(=O)O,CN(C)C=O,7175.856446794396,0.9951514868727844
CC(CO)(CO)C(=O)O,CO,20701.78282796019,0.9988146125508294
CC(CO)(CO)C(=O)O,COC(C)=O,37755.38831877709,0.99663024614928
CC(CO)(CO)C(=O)O,O,22530.034144857545,0.995449770127766
CC(CO)(CO)C(=O)O,O=C1CCCO1,33473.57238517603,0.9988317735690216
CC(CO)(CO)CO,CCCCO,27088.28081781,0.9876744182495052
CC(CO)(CO)CO,COC(C)=O,32644.03587240496,0.9894317194624952
CC(N)=O,O,23765.47370624589,0.9881423696444196
CC(N)=S,CC#N,25976.30949075273,0.9990574018233734
CC(N)=S,CC(C)=O,16178.73408447848,0.9984552954794974
CC(N)=S,CCC(C)=O,16091.85554119462,0.9986335488229032
CC(N)=S,CCCCCO,23818.92132073664,0.9993026487176982
CC(N)=S,CCCO,27730.589018860468,0.9987434585330096
CC(N)=S,CCO,24186.34250593776,0.9988866512343544
CC(N)=S,CCOC(C)=O,19112.08201999828,0.9994692507878502
CC(N)=S,CO,23795.09497692358,0.9979337874300422
CC(N)=S,COC(C)=O,21964.620823132227,0.9992092803860811
CC(O)(CS(=O)(=O)c1ccc(F)cc1)C(=O)Nc1ccc(C#N)c(C(F)(F)F)c1,C1CCCCC1,49752.01205518727,0.9982168370038847
CC(O)(CS(=O)(=O)c1ccc(F)cc1)C(=O)Nc1ccc(C#N)c(C(F)(F)F)c1,CC#N,19256.560137851822,0.9996794638291736
CC(O)(CS(=O)(=O)c1ccc(F)cc1)C(=O)Nc1ccc(C#N)c(C(F)(F)F)c1,CC(C)O,23865.79949113039,0.997402479395926
CC(O)(CS(=O)(=O)c1ccc(F)cc1)C(=O)Nc1ccc(C#N)c(C(F)(F)F)c1,CCCCCC,49611.15137328171,0.9994607657051332
CC(O)(CS(=O)(=O)c1ccc(F)cc1)C(=O)Nc1ccc(C#N)c(C(F)(F)F)c1,CCCCO,24897.40805500016,0.9990298318954712
CC(O)(CS(=O)(=O)c1ccc(F)cc1)C(=O)Nc1ccc(C#N)c(C(F)(F)F)c1,CCCO,22626.13349958953,0.9996702364689422
CC(O)(CS(=O)(=O)c1ccc(F)cc1)C(=O)Nc1ccc(C#N)c(C(F)(F)F)c1,CCCOC(C)=O,19636.620146088928,0.9982298977871544
CC(O)(CS(=O)(=O)c1ccc(F)cc1)C(=O)Nc1ccc(C#N)c(C(F)(F)F)c1,CCO,19815.691584806424,0.9997745394647616
CC(O)(CS(=O)(=O)c1ccc(F)cc1)C(=O)Nc1ccc(C#N)c(C(F)(F)F)c1,Cc1ccccc1,25137.267491682,0.998088944340416
CC(O)(P(=O)(O)O)P(=O)(O)O.O,CC(=O)O,4095.047849355293,0.9308635552924612
CC(O)(P(=O)(O)O)P(=O)(O)O.O,O,8250.553345118007,0.9984163060993116
CC(O)C(N)C(=O)O,CN(C)C=O,15653.861703675426,0.9755667083920828
CC(O)C(N)C(=O)O,O,8048.010399232001,0.988775129638736
CC(O)Cc1nsc(Nc2ccc(Cl)cc2)n1,CCCCCC,53403.500745761856,0.9951025581517828
CC(O)Cc1nsc(Nc2ccc(Cl)cc2)n1,CCCCCCCCO,20953.92005741448,0.990776019247303
CC(O)Cc1nsc(Nc2cccc(Cl)c2)n1,CCCCCC,64104.62363779726,0.9992841979261526
CC(O)Cc1nsc(Nc2cccc(Cl)c2)n1,CCCCCCCCO,22415.752112250608,0.9999635688934808
CC(S)C(=O)NCC(=O)O,CC#N,12116.687806040743,0.9998086139058008
CC(S)C(=O)NCC(=O)O,CC(C)CO,19432.66281664268,0.9995023392012988
CC(S)C(=O)NCC(=O)O,CCCCO,23141.976937824253,0.998066661481834
CC(S)C(=O)NCC(=O)O,Cc1ccccc1,14570.741968972408,0.9961244816798728
CC1(C)C2CCC1(CS(=O)(=O)O)C(=O)C2,COC(C)=O,34332.26524692463,0.9788982109686484
CC1(C)CC(NCCCCCCNC2CC(C)(C)NC(C)(C)C2)CC(C)(C)N1,CC(=O)OC(C)C,41243.5344804043,0.9995543332823312
CC1(C)CC(NCCCCCCNC2CC(C)(C)NC(C)(C)C2)CC(C)(C)N1,CC(C)=O,61460.094890143366,0.9935250391065684
CC1(C)CC(NCCCCCCNC2CC(C)(C)NC(C)(C)C2)CC(C)(C)N1,CCCOC(C)=O,44049.35630834284,0.9982825410741918
CC1(C)CC(NCCCCCCNC2CC(C)(C)NC(C)(C)C2)CC(C)(C)N1,CCOC(C)=O,47207.48554085587,0.9991050910342576
CC1(C)CC(NCCCCCCNC2CC(C)(C)NC(C)(C)C2)CC(C)(C)N1,COC(C)=O,53075.74270969269,0.9968455898107276
CC1(C)CCC2=C(O1)c1ccccc1C(=O)C2=O,CC#N,22009.762953146004,0.9773017143220264
CC1(C)CCC2=C(O1)c1ccccc1C(=O)C2=O,CC(C)=O,20431.220696730947,0.9576322037103816
CC1(C)CCC2=C(O1)c1ccccc1C(=O)C2=O,CCC(C)O,39508.97628550003,0.9394995354322272
CC1(C)CCC2=C(O1)c1ccccc1C(=O)C2=O,CCCCO,38618.37388467469,0.97038633715363
CC1(C)CCC2=C(O1)c1ccccc1C(=O)C2=O,CCCO,44233.668728317774,0.9626373648606428
CC1(C)CCC2=C(O1)c1ccccc1C(=O)C2=O,CCO,37101.875241094254,0.935052766705362
CC1(C)CCC2=C(O1)c1ccccc1C(=O)C2=O,CCOC(C)=O,23925.176867184524,0.9135598690730278
CC1(C)CCC2=C(O1)c1ccccc1C(=O)C2=O,O,29365.259657407463,0.9897659571293372
CC1(C)CC[C@]2(C(=O)O)CC[C@]3(C)C(=CC[C@@H]4[C@@]5(C)CC[C@H](O)C(C)(C)[C@@H]5CC[C@]43C)[C@@H]2C1,CC(C)=O,23664.56752626105,0.9999287929117696
CC1(C)CC[C@]2(C(=O)O)CC[C@]3(C)C(=CC[C@@H]4[C@@]5(C)CC[C@H](O)C(C)(C)[C@@H]5CC[C@]43C)[C@@H]2C1,CCCCO,19908.19426535527,0.9424607452481149
CC1(C)CC[C@]2(C(=O)O)CC[C@]3(C)C(=CC[C@@H]4[C@@]5(C)CC[C@H](O)C(C)(C)[C@@H]5CC[C@]43C)[C@@H]2C1,CCO,10911.297520091764,0.9239159507247412
CC1(C)CC[C@]2(C(=O)O)CC[C@]3(C)C(=CC[C@@H]4[C@@]5(C)CC[C@H](O)C(C)(C)[C@@H]5CC[C@]43C)[C@@H]2C1,CCOC(C)=O,16001.290694179908,0.9875919195720266
CC1(C)COC(=O)[C@@H]1O,CCO,30393.073035945305,0.9955227723340592
CC1(C)COC(=O)[C@@H]1O,CO,30374.48472629585,0.9899591600155344
CC1(C)COC(=O)[C@@H]1O,O,62638.09938672841,0.9882876243322076
CC1(C)COP(=O)(C(C)(C)O)OC1,CC(C)=O,26167.4867521262,0.9971575896963816
CC1(C)COP(=O)(C(C)(C)O)OC1,CCO,20304.317951937297,0.9991422985549824
CC1(C)COP(=O)(C(C)(C)O)OC1,CCOC(C)=O,35432.7377409803,0.9964611540590276
CC1(C)COP(=O)(C(C)(C)O)OC1,CO,16333.56418439738,0.9986414488108212
CC1(C)COP(=O)(C(C)(C)O)OC1,ClC(Cl)Cl,24017.60554632269,0.9695902947416092
CC1(C)COP(=O)(C(C)(C)O)OC1,ClCCCl,35231.83404198646,0.9942382014764258
CC1(C)COP(=O)(C(C)(O)c2ccccc2)OC1,CC(C)=O,30322.90335147243,0.97796818046489
CC1(C)COP(=O)(C(C)(O)c2ccccc2)OC1,CO,19836.500169412506,0.9977565434633716
CC1(C)COP(=O)(C(C)(O)c2ccccc2)OC1,ClC(Cl)Cl,21143.035372086262,0.9886820142431944
CC1(C)COP(=O)(C(C)(O)c2ccccc2)OC1,ClCCCl,28199.368953479345,0.9928622707401288
CC1(C)COP(=O)(C(Nc2ccccc2)c2ccccc2)OC1,C1COCCO1,23550.768822237893,0.9949382239317788
CC1(C)COP(=O)(C(Nc2ccccc2)c2ccccc2)OC1,CC#N,23595.112157065243,0.9953649283415384
CC1(C)COP(=O)(C(Nc2ccccc2)c2ccccc2)OC1,CC(C)=O,35447.15573742896,0.9968947760482884
CC1(C)COP(=O)(C(Nc2ccccc2)c2ccccc2)OC1,CC(C)O,36179.52305119544,0.998115366851891
CC1(C)COP(=O)(C(Nc2ccccc2)c2ccccc2)OC1,CCOC(C)=O,28561.147220284955,0.983778209128778
CC1(C)COP(=O)(C(Nc2ccccc2)c2ccccc2)OC1,CO,29903.62307221,0.9993136584743988
CC1(C)COP(=O)(C(Nc2ccccc2)c2ccccc2)OC1,ClC(Cl)Cl,8296.440300906965,0.9874013941609844
CC1(C)COP(=O)(C(Nc2ccccc2)c2ccccc2)OC1,ClCCCl,22663.22915460757,0.9987322898066134
CC1(C)COP(=O)(C(Nc2ccccc2)c2ccccc2)OC1,ClCCl,30415.650040634384,0.9980304002190208
CC1(C)COP(=O)(C(Nc2ccccc2)c2ccccc2)OC1,c1ccccc1,29756.06258295325,0.9986996861069808
CC1(C)COP(=O)(O)OC1c1ccccc1Cl,CC(=O)O,24134.457456286724,0.9975061871297028
CC1(C)COP(=O)(O)OC1c1ccccc1Cl,CC(C)(C)O,20826.162587799023,0.995858865604682
CC1(C)COP(=O)(O)OC1c1ccccc1Cl,CCO,18557.600380264143,0.9916064575173598
CC1(C)COP(=O)(O)OC1c1ccccc1Cl,CO,18153.06074090196,0.9846598871974316
CC1(C)COP(=O)(Oc2cc(OP3(=O)OCC(C)(C)CO3)cc(OP3(=O)OCC(C)(C)CO3)c2)OC1,C1CCOC1,4188.412101546676,0.9891402981825552
CC1(C)COP(=O)(Oc2cc(OP3(=O)OCC(C)(C)CO3)cc(OP3(=O)OCC(C)(C)CO3)c2)OC1,C1COCCO1,16480.188416975292,0.9957568133954404
CC1(C)COP(=O)(Oc2cc(OP3(=O)OCC(C)(C)CO3)cc(OP3(=O)OCC(C)(C)CO3)c2)OC1,CC(C)=O,16936.711947668242,0.9969297724877036
CC1(C)COP(=O)(Oc2cc(OP3(=O)OCC(C)(C)CO3)cc(OP3(=O)OCC(C)(C)CO3)c2)OC1,CCO,25999.52872725568,0.9970329912948008
CC1(C)COP(=O)(Oc2cc(OP3(=O)OCC(C)(C)CO3)cc(OP3(=O)OCC(C)(C)CO3)c2)OC1,CO,20405.38415976461,0.9989208589639788
CC1(C)COP(=O)(Oc2cc(OP3(=O)OCC(C)(C)CO3)cc(OP3(=O)OCC(C)(C)CO3)c2)OC1,ClC(Cl)Cl,18935.090516092983,0.9970333256402462
CC1(C)COP(=O)(Oc2cc(OP3(=O)OCC(C)(C)CO3)cc(OP3(=O)OCC(C)(C)CO3)c2)OC1,ClCCl,19569.40556242338,0.9994249146097928
CC1(C)COP(=O)(Oc2cccc(OP3(=O)OCC(C)(C)CO3)c2)OC1,CC#N,31442.222724853804,0.9995466043380764
CC1(C)COP(=O)(Oc2cccc(OP3(=O)OCC(C)(C)CO3)c2)OC1,CCCCCC,62640.43027602082,0.9774671144138188
CC1(C)COP(=O)(Oc2cccc(OP3(=O)OCC(C)(C)CO3)c2)OC1,CCCO,50531.3480648006,0.9998199912848474
CC1(C)COP(=O)(Oc2cccc(OP3(=O)OCC(C)(C)CO3)c2)OC1,CCO,42514.47064249291,0.9996225810856524
CC1(C)COP(=O)(Oc2cccc(OP3(=O)OCC(C)(C)CO3)c2)OC1,CCOC(C)=O,32752.145756433954,0.9997553607292398
CC1(C)COP(=O)(Oc2cccc(OP3(=O)OCC(C)(C)CO3)c2)OC1,CCOC=O,25492.509911998022,0.9998555389642596
CC1(C)COP(=O)(Oc2cccc(OP3(=O)OCC(C)(C)CO3)c2)OC1,CO,66406.72647235885,0.9997886712912304
CC1(C)COP(=O)(Oc2cccc(OP3(=O)OCC(C)(C)CO3)c2)OC1,COC(C)=O,30003.77150797324,0.9999276863489082
CC1(C)COP(=O)(Oc2cccc(OP3(=O)OCC(C)(C)CO3)c2)OC1,Cc1ccccc1,34466.51385201646,0.9996286902068672
CC1(C)COP(=O)(Oc2cccc(OP3(=O)OCC(C)(C)CO3)c2)OC1,ClC(Cl)Cl,10901.480904360396,0.9997510978086276
CC1(C)COP(=O)(Oc2cccc(OP3(=O)OCC(C)(C)CO3)c2)OC1,ClCCCl,24176.34558940856,0.9995458506331591
CC1(C)CO[P+]([O-])(Oc2c(Br)cc(Br)cc2Br)OC1,C1CCOC1,16496.380094756867,0.9945462207501105
CC1(C)CO[P+]([O-])(Oc2c(Br)cc(Br)cc2Br)OC1,CC#N,30300.2822037004,0.9990686921084768
CC1(C)CO[P+]([O-])(Oc2c(Br)cc(Br)cc2Br)OC1,CC(C)=O,20302.25773466889,0.9969164330034914
CC1(C)CO[P+]([O-])(Oc2c(Br)cc(Br)cc2Br)OC1,CCO,22880.58109698421,0.9969259466841148
CC1(C)CO[P+]([O-])(Oc2c(Br)cc(Br)cc2Br)OC1,CO,28280.76402821881,0.9989416445554944
CC1(C)CO[P+]([O-])(Oc2c(Br)cc(Br)cc2Br)OC1,COC(C)=O,23470.793924577218,0.9970461067246792
CC1(C)CO[P+]([O-])(Oc2c(Br)cc(Br)cc2Br)OC1,Cc1ccccc1,24919.89690408644,0.9980606123113944
CC1(C)CO[P+]([O-])(Oc2c(Br)cc(Br)cc2Br)OC1,ClCCl,13346.689653820318,0.9991572623189188
CC1(C)C[C@@H]1C(N)=O,CCO,18085.151832458265,0.9944936438175944
CC1(C)C[C@@H]1C(N)=O,CCOC(C)=O,31393.58206950861,0.9826592582888516
CC1(C)C[C@@H]1C(N)=O,ClC(Cl)Cl,21137.98450619918,0.9789509047260336
CC1(C)C[C@@H]1C(N)=O,ClCCl,31696.96150859819,0.9973993513496144
CC1(C)C[C@@H]1C(N)=O,O,27765.66244460365,0.9278672248604918
CC1(C)NC(=O)NC1=O,CC#N,21273.65686158016,0.9994285877563324
CC1(C)NC(=O)NC1=O,CC(C)CO,22003.92331436627,0.999382063109442
CC1(C)NC(=O)NC1=O,CC(C)O,20098.486456632792,0.9996359059110644
CC1(C)NC(=O)NC1=O,CCC(C)O,19415.731032548112,0.9995920131447112
CC1(C)NC(=O)NC1=O,CCCCCO,19505.28836288049,0.999022321006916
CC1(C)NC(=O)NC1=O,CCCCO,20297.31108092283,0.9990743839747214
CC1(C)NC(=O)NC1=O,CCCOC(C)=O,17295.892021217558,0.998534968763016
CC1(C)NC(=O)NC1=O,CO,16878.905289328173,0.9988429131165928
CC1(C)NC(=O)NC1=O,O,23018.068891467414,0.9912288678246246
CC1(C)O[C@@H]2[C@@H](CO[C@@]3(COS(N)(=O)=O)OC(C)(C)O[C@@H]23)O1,CC(C)CCO,39896.37502667164,0.9963760276591808
CC1(C)O[C@@H]2[C@@H](CO[C@@]3(COS(N)(=O)=O)OC(C)(C)O[C@@H]23)O1,CC(C)CO,42128.23378557772,0.980449590456535
CC1(C)O[C@@H]2[C@@H](CO[C@@]3(COS(N)(=O)=O)OC(C)(C)O[C@@H]23)O1,CCCCCCCO,37792.387747631656,0.9960372246130292
CC1(C)O[C@@H]2[C@@H](CO[C@@]3(COS(N)(=O)=O)OC(C)(C)O[C@@H]23)O1,CCCCCCO,39189.80717354512,0.9962275464468616
CC1(C)O[C@@H]2[C@@H](CO[C@@]3(COS(N)(=O)=O)OC(C)(C)O[C@@H]23)O1,CCCCCO,37351.24863162991,0.9931956759652972
CC1(C)O[C@@H]2[C@@H](CO[C@@]3(COS(N)(=O)=O)OC(C)(C)O[C@@H]23)O1,CCCCO,39509.89901830268,0.9927228681148204
CC1(C)O[C@@H]2[C@@H](CO[C@@]3(COS(N)(=O)=O)OC(C)(C)O[C@@H]23)O1,CCCCOCCO,19167.910355988137,0.9948138040439544
CC1(C)O[C@@H]2[C@@H](CO[C@@]3(COS(N)(=O)=O)OC(C)(C)O[C@@H]23)O1,CCCO,40187.39452977875,0.9909309414736562
CC1(C)O[C@@H]2[C@@H](CO[C@@]3(COS(N)(=O)=O)OC(C)(C)O[C@@H]23)O1,CCCOCCO,17019.471527747715,0.9939332269347356
CC1(C)O[C@@H]2[C@@H](CO[C@@]3(COS(N)(=O)=O)OC(C)(C)O[C@@H]23)O1,CCO,35017.89205337871,0.990408378563136
CC1(C)O[C@H]2CC(=O)OC[C@]23[C@H]2CC[C@@]4(C)[C@H](c5ccoc5)OC(=O)[C@H]5O[C@]54[C@]2(C)C(=O)C[C@@H]13,C1CCOC1,12739.82998127931,0.9791100007925172
CC1(C)O[C@H]2CC(=O)OC[C@]23[C@H]2CC[C@@]4(C)[C@H](c5ccoc5)OC(=O)[C@H]5O[C@]54[C@]2(C)C(=O)C[C@@H]13,CC(C)O,25330.471982731506,0.9726790048425438
CC1(C)O[C@H]2CC(=O)OC[C@]23[C@H]2CC[C@@]4(C)[C@H](c5ccoc5)OC(=O)[C@H]5O[C@]54[C@]2(C)C(=O)C[C@@H]13,CCCCO,27577.286856970542,0.973328178710725
CC1(C)O[C@H]2CC(=O)OC[C@]23[C@H]2CC[C@@]4(C)[C@H](c5ccoc5)OC(=O)[C@H]5O[C@]54[C@]2(C)C(=O)C[C@@H]13,CCCCOC(C)=O,14589.744203364451,0.9837229855204772
CC1(C)O[C@H]2CC(=O)OC[C@]23[C@H]2CC[C@@]4(C)[C@H](c5ccoc5)OC(=O)[C@H]5O[C@]54[C@]2(C)C(=O)C[C@@H]13,CCO,25782.159596090427,0.9557808303862972
CC1(C)O[C@H]2CC(=O)OC[C@]23[C@H]2CC[C@@]4(C)[C@H](c5ccoc5)OC(=O)[C@H]5O[C@]54[C@]2(C)C(=O)C[C@@H]13,CCOC(C)=O,9264.825094296251,0.9458493115885922
CC1(C)O[C@H]2CC(=O)OC[C@]23[C@H]2CC[C@@]4(C)[C@H](c5ccoc5)OC(=O)[C@H]5O[C@]54[C@]2(C)C(=O)C[C@@H]13,CO,20463.413447593422,0.9892091513545253
CC1(C)O[C@H]2CC(=O)OC[C@]23[C@H]2CC[C@@]4(C)[C@H](c5ccoc5)OC(=O)[C@H]5O[C@]54[C@]2(C)C(=O)C[C@@H]13,ClC(Cl)Cl,5736.072661305717,0.9494811290482096
CC1(C)S[C@@H]2[C@H](N)C(=O)N2[C@H]1C(=O)O,O,12134.670121101384,0.9934134653882688
CC1(C)S[C@@H]2[C@H](NC(=O)[C@H](N)c3ccc(O)cc3)C(=O)N2[C@H]1C(=O)O,CC(C)O,28691.835490813944,0.999805791848952
CC1(C)S[C@@H]2[C@H](NC(=O)[C@H](N)c3ccc(O)cc3)C(=O)N2[C@H]1C(=O)O,CN(C)C=O,20805.897908636693,0.9987258454946392
CC1(C)S[C@@H]2[C@H](NC(=O)[C@H](N)c3ccc(O)cc3)C(=O)N2[C@H]1C(=O)O,CN1CCCC1=O,23172.17903949118,0.9909229170575068
CC1(C)S[C@@H]2[C@H](NC(=O)[C@H](N)c3ccc(O)cc3)C(=O)N2[C@H]1C(=O)O,O,26797.87756615589,0.9979155539978284
CC1(C)S[C@@H]2[C@H](NC(=O)[C@H](N)c3ccc(O)cc3)C(=O)N2[C@H]1C(=O)O,OCCO,30519.60745943424,0.9990615322449968
CC1(C)S[C@@H]2[C@H](NC(=O)[C@H](NC(=O)N3CCNC3=O)c3ccccc3)C(=O)N2[C@H]1C(=O)O,C1CCOC1,14801.10817960968,0.996713213653716
CC1(C)S[C@@H]2[C@H](NC(=O)[C@H](NC(=O)N3CCNC3=O)c3ccccc3)C(=O)N2[C@H]1C(=O)O,CC#N,18142.999178153783,0.9983790851516362
CC1(C)S[C@@H]2[C@H](NC(=O)[C@H](NC(=O)N3CCNC3=O)c3ccccc3)C(=O)N2[C@H]1C(=O)O,CC(C)O,29438.83272014089,0.9950276378333672
CC1(C)S[C@@H]2[C@H](NC(=O)[C@H](NC(=O)N3CCNC3=O)c3ccccc3)C(=O)N2[C@H]1C(=O)O,CCO,27092.278076236715,0.9908294111605466
CC1(C)S[C@@H]2[C@H](NC(=O)[C@H](NC(=O)N3CCNC3=O)c3ccccc3)C(=O)N2[C@H]1C(=O)O,CCOC(C)=O,18135.42018361917,0.9946494048991866
CC1(C)S[C@@H]2[C@H](NC(=O)[C@H](NC(=O)N3CCNC3=O)c3ccccc3)C(=O)N2[C@H]1C(=O)O,CO,30160.87151934549,0.9929888415144924
CC1(C)S[C@@H]2[C@H](NC(=O)[C@H](NC(=O)N3CCNC3=O)c3ccccc3)C(=O)N2[C@H]1C(=O)O,COC(C)=O,25154.95111488964,0.997757020212011
CC1(C)[C@@H](O)CC[C@]2(C)[C@H]3C(=O)C=C4[C@@H]5C[C@@](C)(C(=O)O)CC[C@]5(C)CC[C@@]4(C)[C@]3(C)CC[C@@H]12,C1COCCO1,5668.645182413955,0.9874036809785984
CC1(C)[C@@H](O)CC[C@]2(C)[C@H]3C(=O)C=C4[C@@H]5C[C@@](C)(C(=O)O)CC[C@]5(C)CC[C@@]4(C)[C@]3(C)CC[C@@H]12,CC(=O)OCC(C)C,4015.878804361053,0.9061493481698104
CC1(C)[C@@H](O)CC[C@]2(C)[C@H]3C(=O)C=C4[C@@H]5C[C@@](C)(C(=O)O)CC[C@]5(C)CC[C@@]4(C)[C@]3(C)CC[C@@H]12,CC(C)O,10176.870677229866,0.979147718794254
CC1(C)[C@@H](O)CC[C@]2(C)[C@H]3C(=O)C=C4[C@@H]5C[C@@](C)(C(=O)O)CC[C@]5(C)CC[C@@]4(C)[C@]3(C)CC[C@@H]12,CCCCOC(C)=O,3174.2032874595207,0.9216737418289755
CC1(C)[C@@H](O)CC[C@]2(C)[C@H]3C(=O)C=C4[C@@H]5C[C@@](C)(C(=O)O)CC[C@]5(C)CC[C@@]4(C)[C@]3(C)CC[C@@H]12,CCCO,8656.799051616568,0.9718747965169412
CC1(C)[C@@H](O)CC[C@]2(C)[C@H]3C(=O)C=C4[C@@H]5C[C@@](C)(C(=O)O)CC[C@]5(C)CC[C@@]4(C)[C@]3(C)CC[C@@H]12,CCCOC(C)=O,9524.570551201636,0.973507211856012
CC1(C)[C@@H](O)CC[C@]2(C)[C@H]3C(=O)C=C4[C@@H]5C[C@@](C)(C(=O)O)CC[C@]5(C)CC[C@@]4(C)[C@]3(C)CC[C@@H]12,CCO,6644.536034755074,0.9844106794787516
CC1(C)[C@@H](O)CC[C@]2(C)[C@H]3C(=O)C=C4[C@@H]5C[C@@](C)(C(=O)O)CC[C@]5(C)CC[C@@]4(C)[C@]3(C)CC[C@@H]12,CN(C)C=O,8498.155586843237,0.992217470068656
CC1(C)[C@@H](O)CC[C@]2(C)[C@H]3C(=O)C=C4[C@@H]5C[C@@](C)(C(=O)O)CC[C@]5(C)CC[C@@]4(C)[C@]3(C)CC[C@@H]12,CO,19170.430254770232,0.9912398814270322
CC1(C)[C@@H](O)CC[C@]2(C)[C@H]3C(=O)C=C4[C@@H]5C[C@@](C)(C(=O)O)CC[C@]5(C)CC[C@@]4(C)[C@]3(C)CC[C@@H]12,O,28358.24687118589,0.9998980018891348
CC1(C)[C@@H]2CC[C@@]1(C)[C@@H](O)C2,CC(C)=O,53250.97192710578,0.9795209949225469
CC1(C)[C@@H]2CC[C@@]1(C)[C@@H](O)C2,CCO,8774.599444538766,0.9184432476672304
CC1(C)[C@@H]2CC[C@@]1(C)[C@@H](O)C2,Cc1ccc(C)cc1,25675.975972352266,0.9615029135164372
CC1(C)[C@@H]2CC[C@@]1(C)[C@H](O)C2,CC(C)=O,18382.88926948428,0.996737635141075
CC1(C)[C@@H]2CC[C@@]1(C)[C@H](O)C2,CCO,10273.477785717056,0.9677358134381526
CC1(C)[C@@H]2CC[C@@]1(C)[C@H](O)C2,Cc1ccc(C)cc1,15325.391270460734,0.9820879429128117
CC1(C)[C@H](C(=O)O)N2C(=O)[C@@H](NC(=O)Cc3ccccc3)[C@H]2S1=O,CC(=O)CC(C)C,9070.199795123906,0.95635639044363
CC1(C)[C@H](C(=O)O)N2C(=O)[C@@H](NC(=O)Cc3ccccc3)[C@H]2S1=O,CCCCOC(C)=O,18435.61948804077,0.9929376186736236
CC1(C)[C@H](C(=O)O)N2C(=O)[C@@H](NC(=O)Cc3ccccc3)[C@H]2S1=O,CCOC(C)=O,11734.873662774393,0.9288900858187228
CC1(C)[C@H](C(=O)O)N2C(=O)[C@@H](NC(=O)Cc3ccccc3)[C@H]2S1=O,Cc1ccccc1,25526.620662184207,0.9639671889354358
CC1(C)[C@H](C(=O)O)[C@@H]1/C=C(\Cl)C(F)(F)F,C1CCCCC1,51783.23127380131,0.985533833602848
CC1(C)[C@H](C(=O)O)[C@@H]1/C=C(\Cl)C(F)(F)F,CC(C)(C)O,22036.78645897808,0.9973454526482028
CC1(C)[C@H](C(=O)O)[C@@H]1/C=C(\Cl)C(F)(F)F,CC(C)CO,24720.7558045748,0.9941424058647876
CC1(C)[C@H](C(=O)O)[C@@H]1/C=C(\Cl)C(F)(F)F,CCC(C)O,24315.605562783247,0.9966393275965728
CC1(C)[C@H](C(=O)O)[C@@H]1/C=C(\Cl)C(F)(F)F,CCCCOC(C)=O,22241.15785036292,0.9989267724668414
CC1(C)[C@H](C(=O)O)[C@@H]1/C=C(\Cl)C(F)(F)F,CCCO,26128.94623331012,0.9741782629541376
CC1(C)[C@H](C(=O)O)[C@@H]1/C=C(\Cl)C(F)(F)F,CCO,23719.012395115544,0.979263114173224
CC1(C)[C@H](C(=O)O)[C@@H]1/C=C(\Cl)C(F)(F)F,CCOC(C)=O,23450.621361240403,0.9958146323225862
CC1(C)[C@H](C(=O)O)[C@@H]1/C=C(\Cl)C(F)(F)F,COC(C)=O,23912.82618116213,0.9969967703636154
CC1(N=C(O)c2ccccc2)CCC2CC1C(c1ccccc1)=[NH+]C2(C)C.[O-][Cl+3]([O-])([O-])[O-],CC#N,23838.0624741754,0.9970465706836108
CC1(N=C(O)c2ccccc2)CCC2CC1C(c1ccccc1)=[NH+]C2(C)C.[O-][Cl+3]([O-])([O-])[O-],CC(C)=O,22487.31595314604,0.9945939667420538
CC1(N=C(O)c2ccccc2)CCC2CC1C(c1ccccc1)=[NH+]C2(C)C.[O-][Cl+3]([O-])([O-])[O-],CC(C)O,33384.44956618315,0.998745055746183
CC1(N=C(O)c2ccccc2)CCC2CC1C(c1ccccc1)=[NH+]C2(C)C.[O-][Cl+3]([O-])([O-])[O-],CCCCO,33939.51611368704,0.9979684001199548
CC1(N=C(O)c2ccccc2)CCC2CC1C(c1ccccc1)=[NH+]C2(C)C.[O-][Cl+3]([O-])([O-])[O-],CCO,28675.22508182097,0.9996423801381734
CC1(N=C(O)c2ccccc2)CCC2CC1C(c1ccccc1)=[NH+]C2(C)C.[O-][Cl+3]([O-])([O-])[O-],CCOCCO,24227.09053863374,0.9988539928850791
CC1(N=C(O)c2ccccc2)CCC2CC1C(c1ccccc1)=[NH+]C2(C)C.[O-][Cl+3]([O-])([O-])[O-],CO,23403.44214270394,0.992125701486282
CC1(N=C(O)c2ccccc2)CCC2CC1C(c1ccccc1)=[NH+]C2(C)C.[O-][Cl+3]([O-])([O-])[O-],O,43515.88638380818,0.9768954182163364
CC12CC3CC(C)(C1)CC(NS(=O)(=O)c1ccc(Br)cc1)(C3)C2,CCCCCC,34794.39425187285,0.9948713544924002
CC12CC3CC(C)(C1)CC(NS(=O)(=O)c1ccc(Br)cc1)(C3)C2,CCCCCCCCO,24742.35021090741,0.998627449416509
CC12CC3CC(C)(C1)CC(NS(=O)(=O)c1ccccc1)(C3)C2,CCCCCCCCO,32169.98069492172,0.9994793519960204
CC12CCC(CC1=O)C2(C)C,CC(C)=O,11377.38803130847,0.9986043988340044
CC12CCC(CC1=O)C2(C)C,CCO,28315.432768167368,0.9677707744102942
CC12CCC(CC1=O)C2(C)C,Cc1ccc(C)cc1,22694.64191971528,0.9838007045551298
CC1=C(/C=C/C(C)=C/C=C/C(C)=C/C=C/C=C(C)/C=C/C=C(C)/C=C/C2=C(C)C(=O)CCC2(C)C)C(C)(C)CCC1=O,CC(C)=O,27561.3728761676,0.9899322844113156
CC1=C(/C=C/C(C)=C/C=C/C(C)=C/C=C/C=C(C)/C=C/C=C(C)/C=C/C2=C(C)C(=O)CCC2(C)C)C(C)(C)CCC1=O,CCO,12057.929253379618,0.9966297606092884
CC1=C(/C=C/C(C)=C/C=C/C(C)=C/C=C/C=C(C)/C=C/C=C(C)/C=C/C2=C(C)C(=O)CCC2(C)C)C(C)(C)CCC1=O,CCOC(C)=O,36318.5236539859,0.9756400171159592
CC1=C(/C=C/C(C)=C/C=C/C(C)=C/C=C/C=C(C)/C=C/C=C(C)/C=C/C2=C(C)C(=O)CCC2(C)C)C(C)(C)CCC1=O,CO,9955.745997883272,0.9756535034418752
CC1=C(/C=C/C(C)=C/C=C/C(C)=C/C=C/C=C(C)/C=C/C=C(C)/C=C/C2=C(C)C(=O)CCC2(C)C)C(C)(C)CCC1=O,Cc1ccccc1,8539.049558011839,0.9193314486820584
CC1=C(C(=O)O)N2C(=O)[C@@H](NC(=O)[C@H](N)C3=CCC=CC3)[C@H]2SC1,CCCCO,25670.018032564483,0.9969819422789216
CC1=C(C(=O)O)N2C(=O)[C@@H](NC(=O)[C@H](N)C3=CCC=CC3)[C@H]2SC1,CO,17436.455922684934,0.9988709575673904
CC1=C(C(=O)O)N2C(=O)[C@@H](NC(=O)[C@H](N)C3=CCC=CC3)[C@H]2SC1,O,1251.8555315648807,0.9756854346040332
CC1=C(C(=O)O)N2C(=O)[C@@H](NC(=O)[C@H](N)c3ccccc3)[C@H]2SC1.O,CC#N,117144.98587656376,0.9838587642387516
CC1=C(C(=O)O)N2C(=O)[C@@H](NC(=O)[C@H](N)c3ccccc3)[C@H]2SC1.O,CO,37668.70219841097,0.9930149738343248
CC1=C(C(=O)O)N2C(=O)[C@@H](NC(=O)[C@H](N)c3ccccc3)[C@H]2SC1.O,O,14873.157191548917,0.9795669942184972
CC1=C(O)C(=O)C(C)O1,CCCCCC,38979.54211114255,0.9998991066009438
CC1=C(O)C(=O)C(C)O1,CCCCO,42270.58284585108,0.9964423249898512
CC1=C(O)C(=O)C(C)O1,CCCO,41127.767115595525,0.9950536587294392
CC1=C(O)C(=O)C(C)O1,CCO,40627.03577256554,0.9961710806542414
CC1=C(O)C(=O)C(C)O1,CO,37864.47427066323,0.9933846278983132
CC1=CC(=O)C(C(C)C)=CC1=O,CC(C)O,20782.558260414105,0.9981746298489684
CC1=CC(=O)C(C(C)C)=CC1=O,CC(O)CO,38623.27407436355,0.9983331729149963
CC1=CC(=O)C(C(C)C)=CC1=O,CCC(C)O,18515.62108088672,0.998441136826619
CC1=CC(=O)C(C(C)C)=CC1=O,CCCCO,18392.73507656773,0.996391754250516
CC1=CC(=O)C(C(C)C)=CC1=O,CCO,23338.57467685955,0.997512764868486
CC1=CC(=O)C(C(C)C)=CC1=O,CCOC(C)=O,16937.456949200467,0.9983290950863226
CC1=CC(=O)C(C(C)C)=CC1=O,CO,23047.32453230121,0.9994202714000928
CC1=CC(=O)C(C(C)C)=CC1=O,CS(C)=O,19340.3447542305,0.997449543004718
CC1=CC(=O)[N-]S(=O)(=O)O1.[K+],CCO,24220.19759358721,0.9673695443731486
CC1=CC(=O)[N-]S(=O)(=O)O1.[K+],CO,14395.527154924332,0.9957982688155692
CC1=CC(=O)[N-]S(=O)(=O)O1.[K+],O,18797.948074558804,0.9991338101778184
CC1=CC(=O)c2ccccc2C1=O,C1CCCCC1,33393.71802270691,0.9986754127230068
CC1=CC(=O)c2ccccc2C1=O,CC(C)=O,28909.80363443336,0.995906072229485
CC1=CC(=O)c2ccccc2C1=O,CC(C)O,33737.54167004215,0.9988427440204336
CC1=CC(=O)c2ccccc2C1=O,CCCCO,40071.45306208079,0.9992208736287622
CC1=CC(=O)c2ccccc2C1=O,CCc1ccccc1,36855.95535772799,0.9905412551277402
CC1=CC(=O)c2ccccc2C1=O,CO,25343.837328797006,0.9975270925763172
CC1=CC(=O)c2ccccc2C1=O,COC(C)=O,27435.739469775897,0.9946741644281694
CC1=CC(=O)c2ccccc2C1=O,Cc1ccc(C)cc1,33495.435292050504,0.9892737211376578
CC1=CC(=O)c2ccccc2C1=O,Cc1cccc(C)c1,32405.627545159048,0.9912266977802772
CC1=CC(=O)c2ccccc2C1=O,Cc1ccccc1,34265.272894878224,0.9947442105464236
CC1=CC(=O)c2ccccc2C1=O,Cc1ccccc1C,32294.06741278648,0.9900759247406268
CC1=C[C@H](O)CC(C)(C)[C@H]1/C=C/C(C)=C/C=C/C(C)=C/C=C/C=C(C)/C=C/C=C(C)/C=C/C1=C(C)C[C@@H](O)CC1(C)C,CC(C)O,11853.277581367292,0.9719410220637372
CC1=C[C@H](O)CC(C)(C)[C@H]1/C=C/C(C)=C/C=C/C(C)=C/C=C/C=C(C)/C=C/C=C(C)/C=C/C1=C(C)C[C@@H](O)CC1(C)C,CCO,24169.4453112025,0.9903030400255683
CC1=C[C@H](O)CC(C)(C)[C@H]1/C=C/C(C)=C/C=C/C(C)=C/C=C/C=C(C)/C=C/C=C(C)/C=C/C1=C(C)C[C@@H](O)CC1(C)C,CO,36314.05438654847,0.998883636995873
CC1=C[C@H](O)CC(C)(C)[C@H]1/C=C/C(C)=C/C=C/C(C)=C/C=C/C=C(C)/C=C/C=C(C)/C=C/C1=C(C)C[C@@H](O)CC1(C)C,OCCO,21023.785441086824,0.9907681546430042
CC1=NN(c2ccc(C)cc2)C(=O)C1,C1CCCCC1,33667.1707809861,0.9999119451312372
CC1=NN(c2ccc(C)cc2)C(=O)C1,C1COCCO1,23141.980254987026,0.999940713836148
CC1=NN(c2ccc(C)cc2)C(=O)C1,CC#N,30033.624332081738,0.999775266628528
CC1=NN(c2ccc(C)cc2)C(=O)C1,CC(C)O,24739.40107738511,0.999924062383189
CC1=NN(c2ccc(C)cc2)C(=O)C1,CCCCO,24307.29037808928,0.9999451539050416
CC1=NN(c2ccc(C)cc2)C(=O)C1,CCCO,23917.55525553049,0.99995363500442
CC1=NN(c2ccc(C)cc2)C(=O)C1,CCOC(C)=O,24381.66590445385,0.9999361222786256
CC1=NN(c2ccc(C)cc2)C(=O)C1,Cc1ccccc1,26000.056472761804,0.9999410309897778
CC1=NN(c2ccccc2)C(=O)C1,C1COCCO1,29018.16066358146,0.9961398274948976
CC1=NN(c2ccccc2)C(=O)C1,CC#N,29920.28304914045,0.989498914800758
CC1=NN(c2ccccc2)C(=O)C1,CC(=O)CC(C)C,32324.585409754007,0.9885725222942774
CC1=NN(c2ccccc2)C(=O)C1,CC(=O)OC(C)C,24359.291016100367,0.9974112952433396
CC1=NN(c2ccccc2)C(=O)C1,CC(=O)OCC(C)C,23722.618979080875,0.993244163773134
CC1=NN(c2ccccc2)C(=O)C1,CC(C)=O,34810.651599233606,0.9734612381169664
CC1=NN(c2ccccc2)C(=O)C1,CC(C)CCO,16381.244150304674,0.9858260887077804
CC1=NN(c2ccccc2)C(=O)C1,CC(C)CO,24711.458497193627,0.9948119442475002
CC1=NN(c2ccccc2)C(=O)C1,CC(C)O,25146.231895445904,0.996373224067004
CC1=NN(c2ccccc2)C(=O)C1,CCC(C)O,24608.044428954017,0.9958572888422792
CC1=NN(c2ccccc2)C(=O)C1,CCCCCC,47812.95037658776,0.9937926891213752
CC1=NN(c2ccccc2)C(=O)C1,CCCCCO,20105.640723816592,0.9749978025770584
CC1=NN(c2ccccc2)C(=O)C1,CCCCO,24526.11800642253,0.9980077434431878
CC1=NN(c2ccccc2)C(=O)C1,CCCCOC(C)=O,23388.965707898657,0.9960667982625682
CC1=NN(c2ccccc2)C(=O)C1,CCCOC(C)=O,25228.38798215748,0.9946965923274118
CC1=NN(c2ccccc2)C(=O)C1,COC(=O)OC,30370.50962980812,0.994770918402984
CC1=NN(c2ccccc2)C(=O)C1,COC(C)=O,20333.52200051041,0.989163306415083
CC1=NN(c2ccccc2)C(=O)C1,ClCCCl,23839.826273678817,0.9990253053423568
CC1=NN(c2ccccc2)C(=O)C1,ClCCl,21131.57331753032,0.9929908142767307
CC1=NN(c2ccccc2)C(=O)C1,O,5693.310022498936,0.9782403303158528
CC1=NNC(=O)N(/N=C/c2cccnc2)C1,C1COCCO1,21269.04480694324,0.9999890219188958
CC1=NNC(=O)N(/N=C/c2cccnc2)C1,CCCCO,24798.22365957153,0.9998289912923476
CC1=NNC(=O)N(/N=C/c2cccnc2)C1,CN(C)C=O,17647.986417006287,0.9991288487708994
CC1=NNC(=O)N(/N=C/c2cccnc2)C1,CN1CCCC1=O,20288.34552635893,0.9997618834819414
CC1=NNC(=O)N(/N=C/c2cccnc2)C1,CS(C)=O,19258.08070040082,0.9993023142297128
CC1CCC(=O)C1=O,CC(C)=O,28765.071636366123,0.9935899139563472
CC1CCC(=O)C1=O,CC(C)CO,37599.94227725147,0.963791806573034
CC1CCC(=O)C1=O,CCCCO,35172.03756450197,0.9908405231375548
CC1CCC(=O)C1=O,CCOC(C)=O,39398.80156255535,0.9898354366367624
CC1CCC(=O)C1=O,CCOC=O,35422.55185111302,0.9864423881672566
CC1CCC(=O)C1=O,CO,32919.82022494032,0.9997404675474504
CC1CCC(=O)C1=O,ClCCCl,34830.5388281725,0.996738936537002
CC1COC(Cn2cncn2)(c2ccc(Oc3ccc(Cl)cc3)cc2Cl)O1,CC#N,16032.53518522002,0.9989432014706466
CC1COC(Cn2cncn2)(c2ccc(Oc3ccc(Cl)cc3)cc2Cl)O1,CC(C)O,13549.924594120168,0.9964061091869608
CC1COC(Cn2cncn2)(c2ccc(Oc3ccc(Cl)cc3)cc2Cl)O1,CCCO,14374.774352351293,0.9970735235243684
CC1COC(Cn2cncn2)(c2ccc(Oc3ccc(Cl)cc3)cc2Cl)O1,CCO,13700.177693765168,0.9986753022147608
CC1COC(Cn2cncn2)(c2ccc(Oc3ccc(Cl)cc3)cc2Cl)O1,CN(C)C=O,15464.71033739716,0.9984427483258612
CC1COC(Cn2cncn2)(c2ccc(Oc3ccc(Cl)cc3)cc2Cl)O1,CO,13569.635066143925,0.9974855963871508
CC1COC(Cn2cncn2)(c2ccc(Oc3ccc(Cl)cc3)cc2Cl)O1,O,13461.987562120645,0.996199118972422
CC1COC(Cn2cncn2)(c2ccc(Oc3ccc(Cl)cc3)cc2Cl)O1,OCCO,16007.101478041355,0.9996714823144104
CC1COc2c(N3CCN(C)CC3)c(F)cc3c(=O)c(C(=O)O)cn1c23,CCCCCCCCO,32145.236248194924,0.999697304159784
CC1COc2c(N3CCN(C)CC3)c(F)cc3c(=O)c(C(=O)O)cn1c23,ClC(Cl)Cl,27075.536703727776,0.9993112585160302
CC1Cc2ccccc2N1NC(=O)c1ccc(Cl)c(S(N)(=O)=O)c1,CC#N,42647.93627668687,0.9977829319312538
CC1Cc2ccccc2N1NC(=O)c1ccc(Cl)c(S(N)(=O)=O)c1,CC(C)=O,15829.711248951333,0.9994549419964318
CC1Cc2ccccc2N1NC(=O)c1ccc(Cl)c(S(N)(=O)=O)c1,CC(C)O,47485.16410914544,0.9981914213727604
CC1Cc2ccccc2N1NC(=O)c1ccc(Cl)c(S(N)(=O)=O)c1,CCC(C)=O,17853.231116034385,0.998593072743846
CC1Cc2ccccc2N1NC(=O)c1ccc(Cl)c(S(N)(=O)=O)c1,CCCO,36784.48740804676,0.9991230558409214
CC1Cc2ccccc2N1NC(=O)c1ccc(Cl)c(S(N)(=O)=O)c1,CCO,35914.31795860814,0.9983796353893148
CC1Cc2ccccc2N1NC(=O)c1ccc(Cl)c(S(N)(=O)=O)c1,CCOC(C)=O,52215.13390161102,0.9982094414268784
CC1Cc2ccccc2N1NC(=O)c1ccc(Cl)c(S(N)(=O)=O)c1,CO,34051.26563911973,0.9986863065197272
CC1Cc2ccccc2N1NC(=O)c1ccc(Cl)c(S(N)(=O)=O)c1,Cc1ccccc1,58338.37849292866,0.9989558710447272
CCC(C)(C)C(=O)O[C@H]1C[C@@H](C)C=C2C=C[C@H](C)[C@H](CC[C@@H]3C[C@@H](O)CC(=O)O3)[C@H]21,CC(=O)OC(C)C,14989.12820648956,0.9966349593289392
CCC(C)(C)C(=O)O[C@H]1C[C@@H](C)C=C2C=C[C@H](C)[C@H](CC[C@@H]3C[C@@H](O)CC(=O)O3)[C@H]21,CC(=O)OCC(C)C,12653.15833811474,0.9909659701831344
CCC(C)(C)C(=O)O[C@H]1C[C@@H](C)C=C2C=C[C@H](C)[C@H](CC[C@@H]3C[C@@H](O)CC(=O)O3)[C@H]21,CCC(C)O,11569.754460598651,0.9832461573916362
CCC(C)(C)C(=O)O[C@H]1C[C@@H](C)C=C2C=C[C@H](C)[C@H](CC[C@@H]3C[C@@H](O)CC(=O)O3)[C@H]21,CCCCCCCCO,12637.79460950342,0.9910601503591157
CCC(C)(C)C(=O)O[C@H]1C[C@@H](C)C=C2C=C[C@H](C)[C@H](CC[C@@H]3C[C@@H](O)CC(=O)O3)[C@H]21,CCCCCCO,17000.75620516812,0.9971809536996022
CCC(C)(C)C(=O)O[C@H]1C[C@@H](C)C=C2C=C[C@H](C)[C@H](CC[C@@H]3C[C@@H](O)CC(=O)O3)[C@H]21,CCCCCO,16847.236740810742,0.9986740797150124
CCC(C)(C)C(=O)O[C@H]1C[C@@H](C)C=C2C=C[C@H](C)[C@H](CC[C@@H]3C[C@@H](O)CC(=O)O3)[C@H]21,CCCCO,14374.25520479139,0.9851482553180616
CCC(C)(C)C(=O)O[C@H]1C[C@@H](C)C=C2C=C[C@H](C)[C@H](CC[C@@H]3C[C@@H](O)CC(=O)O3)[C@H]21,CCCCOC(C)=O,13166.428598458602,0.998307815168466
CCC(C)(C)C(=O)O[C@H]1C[C@@H](C)C=C2C=C[C@H](C)[C@H](CC[C@@H]3C[C@@H](O)CC(=O)O3)[C@H]21,CCCOC(C)=O,11076.872152527276,0.987471346056944
CCC(C)(C)C(=O)O[C@H]1C[C@@H](C)C=C2C=C[C@H](C)[C@H](CC[C@@H]3C[C@@H](O)CC(=O)O3)[C@H]21,CCO,17349.262497105825,0.997841435941418
CCC(C)(C)C(=O)O[C@H]1C[C@@H](C)C=C2C=C[C@H](C)[C@H](CC[C@@H]3C[C@@H](O)CC(=O)O3)[C@H]21,CCOC(C)=O,12709.589478579745,0.9965005485761604
CCC(C)(C)C(=O)O[C@H]1C[C@@H](C)C=C2C=C[C@H](C)[C@H](CC[C@@H]3C[C@@H](O)CC(=O)O3)[C@H]21,COC(C)=O,11454.98609559455,0.9795676080842896
CCC(C)C(N)C(=O)O,CN(C)C=O,4735.238370472895,0.9998372399624436
CCC(C)C(N)C(=O)O,O,7447.137017711456,0.983237475211508
CCC(C)n1ncn(-c2ccc(N3CCN(c4ccc(OCC5COC(Cn6cncn6)(c6ccc(Cl)cc6Cl)O5)cc4)CC3)cc2)c1=O,CC(C)O,30438.70214742708,0.972122333041127
CCC(C)n1ncn(-c2ccc(N3CCN(c4ccc(OCC5COC(Cn6cncn6)(c6ccc(Cl)cc6Cl)O5)cc4)CC3)cc2)c1=O,CCCCO,32647.991124152963,0.9997741688100518
CCC(C)n1ncn(-c2ccc(N3CCN(c4ccc(OCC5COC(Cn6cncn6)(c6ccc(Cl)cc6Cl)O5)cc4)CC3)cc2)c1=O,CCO,40280.92600959068,0.9897658677901404
CCC(C)n1ncn(-c2ccc(N3CCN(c4ccc(OCC5COC(Cn6cncn6)(c6ccc(Cl)cc6Cl)O5)cc4)CC3)cc2)c1=O,ClC(Cl)Cl,5949.684211358469,0.999468641398992
CCC(C)n1ncn(-c2ccc(N3CCN(c4ccc(OCC5COC(Cn6cncn6)(c6ccc(Cl)cc6Cl)O5)cc4)CC3)cc2)c1=O,ClCCl,8528.411279304451,0.999799849043129
CCC(CO)(CO)C(=O)O,C1COCCO1,29711.003254758674,0.9749971812523
CCC(CO)(CO)C(=O)O,CC(=O)CC(C)C,32105.42057505233,0.9825914477379804
CCC(CO)(CO)C(=O)O,CCOC(C)=O,36859.59326579481,0.9795070727599732
CCC(CO)(CO)C(=O)O,O=C1CCCO1,32185.24617321976,0.994566212179002
CCC(N)=O,O,29909.720167972275,0.9987969763330236
CCC1=C(C)CN(C(=O)NCCc2ccc(S(=O)(=O)NC(=O)NC3CCC(C)CC3)cc2)C1=O,CC(=O)N(C)C,21201.77866165155,0.9997067506232968
CCCC(N)=O,O,36575.93362875492,0.9984152086017882
CCCCC(=O)N(Cc1ccc(-c2ccccc2-c2nn[nH]n2)cc1)[C@H](C(=O)O)C(C)C,CC(C)=O,34382.91354642498,0.9953438747538128
CCCCC(=O)N(Cc1ccc(-c2ccccc2-c2nn[nH]n2)cc1)[C@H](C(=O)O)C(C)C,CC(C)CO,42013.97209571055,0.99617220538911
CCCCC(=O)N(Cc1ccc(-c2ccccc2-c2nn[nH]n2)cc1)[C@H](C(=O)O)C(C)C,CC(C)O,36861.0094326589,0.9913543045343872
CCCCC(=O)N(Cc1ccc(-c2ccccc2-c2nn[nH]n2)cc1)[C@H](C(=O)O)C(C)C,CCCCCO,37900.07991424887,0.9974662867516544
CCCCC(=O)N(Cc1ccc(-c2ccccc2-c2nn[nH]n2)cc1)[C@H](C(=O)O)C(C)C,CCCCOC(C)=O,40965.16617141513,0.9988167523115165
CCCCC(=O)N(Cc1ccc(-c2ccccc2-c2nn[nH]n2)cc1)[C@H](C(=O)O)C(C)C,CCCO,31184.14325973568,0.995487534040606
CCCCC(=O)N(Cc1ccc(-c2ccccc2-c2nn[nH]n2)cc1)[C@H](C(=O)O)C(C)C,CCO,24116.751806447188,0.986951881525417
CCCCC(=O)N(Cc1ccc(-c2ccccc2-c2nn[nH]n2)cc1)[C@H](C(=O)O)C(C)C,CN(C)C=O,37648.05333575453,0.9989390168851608
CCCCC(=O)N(Cc1ccc(-c2ccccc2-c2nn[nH]n2)cc1)[C@H](C(=O)O)C(C)C,ClC(Cl)Cl,65237.02299019194,0.998690803205246
CCCCC(=O)N(Cc1ccc(-c2ccccc2-c2nn[nH]n2)cc1)[C@H](C(=O)O)C(C)C,ClCCl,50054.59377950099,0.9996400028184634
CCCCC1=NC2(CCCC2)C(=O)N1Cc1ccc(-c2ccccc2-c2nn[nH]n2)cc1,C1CCOC1,27476.922159500555,0.9991164001332292
CCCCC1=NC2(CCCC2)C(=O)N1Cc1ccc(-c2ccccc2-c2nn[nH]n2)cc1,C1COCCO1,39085.46818828303,0.9992354479976536
CCCCC1=NC2(CCCC2)C(=O)N1Cc1ccc(-c2ccccc2-c2nn[nH]n2)cc1,CC(C)=O,30874.977854517696,0.9975395279977224
CCCCC1=NC2(CCCC2)C(=O)N1Cc1ccc(-c2ccccc2-c2nn[nH]n2)cc1,ClC(Cl)Cl,16082.860841077978,0.9897572212017116
CCCCC1C(=O)N(c2ccccc2)N(c2ccccc2)C1=O,CC#N,39526.36164182943,0.9916401372289622
CCCCC1C(=O)N(c2ccccc2)N(c2ccccc2)C1=O,CC(C)=O,24773.762303009844,0.999497222659696
CCCCC1C(=O)N(c2ccccc2)N(c2ccccc2)C1=O,CC(C)O,52403.33507059751,0.9795572876515756
CCCCC1C(=O)N(c2ccccc2)N(c2ccccc2)C1=O,CCCCCCO,48912.882475097154,0.9899605067430672
CCCCC1C(=O)N(c2ccccc2)N(c2ccccc2)C1=O,CCCCO,46488.808751234166,0.988319688155286
CCCCC1C(=O)N(c2ccccc2)N(c2ccccc2)C1=O,CN(C)C=O,20671.85312011685,0.9991147019663345
CCCCC1C(=O)N(c2ccccc2)N(c2ccccc2)C1=O,CO,40755.71976083336,0.983837647947892
CCCCCC1CCC(=O)O1,O,10686.32167005349,0.977898315385968
CCCCCCC1(CCCCCC)c2cc(Br)ccc2-c2ccc(Br)cc21,C1COCCO1,36019.7607486655,0.9954529805886776
CCCCCCC1(CCCCCC)c2cc(Br)ccc2-c2ccc(Br)cc21,CC#N,25199.01528028628,0.9937170282426048
CCCCCCC1(CCCCCC)c2cc(Br)ccc2-c2ccc(Br)cc21,CC(C)O,30981.071573615875,0.9962376710723424
CCCCCCC1(CCCCCC)c2cc(Br)ccc2-c2ccc(Br)cc21,CCCCCC,29476.58605594745,0.9970503641248758
CCCCCCC1(CCCCCC)c2cc(Br)ccc2-c2ccc(Br)cc21,CCO,8915.517915016095,0.9991138346375578
CCCCCCC1(CCCCCC)c2cc(Br)ccc2-c2ccc(Br)cc21,CCOC(C)=O,24113.789268334,0.9982020752260784
CCCCCCC1(CCCCCC)c2cc(Br)ccc2-c2ccc(Br)cc21,CO,26736.56130937389,0.994209758346939
CCCCCCC1(CCCCCC)c2cc(Br)ccc2-c2ccc(Br)cc21,Cc1ccccc1,20558.059742221016,0.9964231684455336
CCCCCCC1(CCCCCC)c2cc(Br)ccc2-c2ccc(Br)cc21,ClC(Cl)Cl,9581.736527056028,0.996665337785046
CCCCCCC1(CCCCCC)c2cc(Br)ccc2-c2ccc(Br)cc21,ClCCl,17814.41508519485,0.995673817371819
CCCCCCCCC(=O)NCc1ccc(O)c(OC)c1,CC#N,138976.64322231425,0.9933817436291916
CCCCCCCCC(=O)NCc1ccc(O)c(OC)c1,CCOC(C)=O,91801.25037287649,0.998721254474224
CCCCCCCCC(=O)NCc1ccc(O)c(OC)c1,CO,55354.77802591732,0.9692925463329436
CCCCCCCCC(=O)NCc1ccc(O)c(OC)c1,COC(C)(C)C,129332.90606780158,0.9938340799721296
CCCCCCCCC(=O)NCc1ccc(O)c(OC)c1,CS(C)=O,58040.81777202628,0.9950401769522782
CCCCCCCCC(=O)NCc1ccc(O)c(OC)c1,O,25102.729911071,0.9992704196036044
CCCCCCCCCCCC(=O)O,CC(C)=O,114606.88340727052,0.959188486428632
CCCCCCCCCCCC(=O)O,CC(C)CCO,58136.94213203892,0.990934312384061
CCCCCCCCCCCC(=O)O,CC(C)CO,61524.070547974334,0.9931279918032332
CCCCCCCCCCCC(=O)O,CC(C)O,83813.04190856723,0.9317144549582812
CCCCCCCCCCCC(=O)O,CCCCCCO,59636.28799425112,0.9904272841334396
CCCCCCCCCCCC(=O)O,CCCCCO,59987.42235886303,0.9901321362001726
CCCCCCCCCCCC(=O)O,CCCCO,61462.49563777521,0.9907179681325858
CCCCCCCCCCCC(=O)O,CCCO,80921.43508220269,0.9394662661278792
CCCCCCCCCCCC(=O)O,CCO,69005.5358305539,0.9934499022089088
CCCCCCCCCCCCCCCC(=O)O,CC(C)=O,101030.42746690629,0.992691223150747
CCCCCCCCCCCCCCCC(=O)O,CCCCCC,105697.79106410814,0.9996400598651944
CCCCCCCCCCCCCCCC(=O)O,CCCCCCC,109985.00533440898,0.999642221997408
CCCCCCCCCCCCCCCC(=O)O,CCO,97625.94800791352,0.9928155823062716
CCCCCCCCCCCCCCCCCC,CCO,92093.53660750772,0.9935122639363012
CCCCCCCCCCCCCCCCCC(=O)O,C1CCOC1,48358.61850130687,0.9984501119914386
CCCCCCCCCCCCCCCCCC(=O)O,C1COCCO1,98505.37483234431,0.9595262713497726
CCCCCCCCCCCCCCCCCC(=O)O,CC(C)=O,93717.48550659925,0.9882323059373492
CCCCCCCCCCCCCCCCCC(=O)O,CCCCCC,118005.12115230772,0.9995693398448684
CCCCCCCCCCCCCCCCCC(=O)O,CCCCCCC,120502.8038995655,0.9987792367696964
CCCCCCCCCCCCCCCCCC(=O)O,CCO,105096.98729646868,0.9885644849492664
CCCCCCCCCCCCCCCCCC(=O)O,CCOC(C)=O,82416.59177456761,0.9997044948867736
CCCCCCCCCCCCCCCCCC(=O)O,ClC(Cl)Cl,67205.67370380244,0.9974824394110192
CCCCCCCCCCCCCCCCCC(=O)OCCO,CCCCCOC(C)=O,105886.62710057916,0.9193600618782172
CCCCCCCCCCCCCCCCCC(=O)OCCO,CCCCOC(C)=O,136461.29954073578,0.9438537826796594
CCCCCCCCCCCCCCCCCC(=O)OCCO,CCCOC(C)=O,113730.18210156744,0.9972695092739084
CCCCCCCCCCCCCCCCCC(=O)OCCO,CCOC(C)=O,156908.7378637207,0.989147934550416
CCCCCCCCCCCCCCCCCCC,C1CCCCC1,87803.68442549219,0.992803676747673
CCCCCCCCCCCCCCCCCCC,CCCCCCC,90035.15878758761,0.9847255731989072
CCCCCCCCCCCCCCCCCCCC,CCc1ccccc1,79206.99807832198,0.9973803432473224
CCCCCCCCCCCCCCCCCCCC(=O)OCCO,CC(=O)CC(C)C,192596.5975132224,0.9912676469181206
CCCCCCCCCCCCCCCCCCCC(=O)OCCO,CCCCO,275465.9083256485,0.9433062474696216
CCCCCCCCCCCCCCCCCCCC(=O)OCCO,CCCCOC(C)=O,163324.7371604009,0.9967942544092574
CCCCCCCCCCCCCCCCCCCC(=O)OCCO,CCO,187173.9115391848,0.9291950709700856
CCCCCCCCCCCCCCCCCCCCC,CCc1ccccc1,82879.99813826797,0.9976496364784286
CCCCCCCCCCCCCCCCCCCCCC,CCc1ccccc1,86183.10145246336,0.9855982213610184
CCCCCCCCCCCCCCCCCCCCCC(=O)OCCO,C1CCCCC1,187901.2644522525,0.9635343865774338
CCCCCCCCCCCCCCCCCCCCCC(=O)OCCO,CC(C)CO,209899.59224312435,0.982269106996492
CCCCCCCCCCCCCCCCCCCCCC(=O)OCCO,CC(C)O,143367.0749648089,0.9237615531143354
CCCCCCCCCCCCCCCCCCCCCC(=O)OCCO,CCCO,175291.41787233637,0.9916422265431448
CCCCCCCCCCCCCCCCCCCCCCCC,CCc1ccccc1,87143.89427356789,0.9983834293785676
CCCCCCCCCCCCCCCCCCCCCCCCCCCCO,Cc1ccccc1,101333.46956960027,0.9893401215625336
CCCCCCCCCCCCCCCCOc1nc2ccc(C)cc2c(=O)o1,CC#N,26007.19392847384,0.9982507945396604
CCCCCCCCCCCCCCCCOc1nc2ccc(C)cc2c(=O)o1,CC(C)=O,26900.71606304606,0.9957720981510636
CCCCCCCCCCCCCCCCOc1nc2ccc(C)cc2c(=O)o1,CC(C)O,26045.758915520884,0.9978189963752326
CCCCCCCCCCCCCCCCOc1nc2ccc(C)cc2c(=O)o1,O,31870.006006975043,0.9910527673543772
CCCCCCCCCCCCCCCc1cccc(O)c1,CCCCO,40246.17514144792,0.9975877651309448
CCCCCCCCCCCCCCCc1cccc(O)c1,CCO,53947.87533833665,0.9974119100694346
CCCCCCCCCCCCCCCc1cccc(O)c1,CCOC(C)=O,43091.93121609641,0.996031262280008
CCCCCCCCCCCCCCCc1cccc(O)c1,Cc1ccccc1,68821.76480891067,0.9942568318688226
CCCCCCCCCCCCCCCc1cccc(O)c1,ClC(Cl)(Cl)Cl,72583.99983525083,0.9949097491258636
CCCCCCCCCCCC[N+](C)(C)CCOc1ccccc1.[Br-],CC#N,50036.075943391945,0.9813578181348588
CCCCCCCCCCCC[N+](C)(C)CCOc1ccccc1.[Br-],CC(=O)N(C)C,39478.87862731,0.996954608354391
CCCCCCCCCCCC[N+](C)(C)CCOc1ccccc1.[Br-],CC(C)(C)O,42419.9357550482,0.9822702884298488
CCCCCCCCCCCC[N+](C)(C)CCOc1ccccc1.[Br-],CC(C)CO,28657.73863251912,0.9908647895527016
CCCCCCCCCCCC[N+](C)(C)CCOc1ccccc1.[Br-],CCCCCO,35231.22949434064,0.9983719003287198
CCCCCCCCCCCC[N+](C)(C)CCOc1ccccc1.[Br-],CCO,25881.81112510628,0.9885800538027538
CCCCCCCCCCCC[N+](C)(C)CCOc1ccccc1.[Br-],CN(C)C=O,34328.55239686311,0.9967934670039994
CCCCCCCCCCCC[N+](C)(C)CCOc1ccccc1.[Br-],CN1CCCC1=O,41350.25029348983,0.9979945738896804
CCCCCCCCCCCC[N+](C)(C)CCOc1ccccc1.[Br-],CS(C)=O,33670.46428384052,0.9971759787980604
CCCCCCCCCc1ccc(O)cc1,O,45690.624786403365,0.9808226167085152
CCCCCCCCN1C=CN(C)C1.O=[N+]([O-])O,C1CCCCC1,22327.76781960338,0.9988125356375273
CCCCCCCCN1C=CN(C)C1.O=[N+]([O-])O,CCCCC,20326.09693205531,0.9991191869091838
CCCCCCCCN1C=CN(C)C1.O=[N+]([O-])O,CCCCCC,23848.14577535121,0.995739632637556
CCCCCCCCN1C=CN(C)C1.O=[N+]([O-])O,CCCCCCC,28254.373602860363,0.9994327705357668
CCCCCCCCN1C=CN(C)C1.O=[N+]([O-])O,CCCCCCCC,28176.615195438502,0.9990633780627604
CCCCCCCCN1C=CN(C)C1.O=[N+]([O-])O,Cc1ccc(C)cc1,9519.35489477264,0.9979722245922018
CCCCCCCCN1C=CN(C)C1.O=[N+]([O-])O,Cc1cccc(C)c1,8994.435739286411,0.9983152329717172
CCCCCCCCN1C=CN(C)C1.O=[N+]([O-])O,Cc1ccccc1,23286.73601207158,0.9988119057242134
CCCCCCCCN1C=CN(C)C1.O=[N+]([O-])O,Cc1ccccc1C,7169.500258532612,0.9992544323078006
CCCCCCCCN1C=CN(C)C1.O=[N+]([O-])O,c1ccccc1,23661.27304208787,0.9995655144084936
CCCCCCCC[n+]1csc2ccccc21.F[P-](F)(F)(F)(F)F,O,27291.09792704492,0.9886749131176688
CCCCCCCCc1ccc(O)cc1,O,29409.548425054312,0.9942292418316436
CCCCCCCCn1cc[n+](C)c1.F[P-](F)(F)(F)(F)F,O,19305.256798348004,0.9904741831330826
CCCCCCC[n+]1csc2ccccc21.F[P-](F)(F)(F)(F)F,O,29839.38601602273,0.99720869326712
CCCCCCN1C=CN(C)C1.O=[N+]([O-])O,C1CCCCC1,20058.299022104053,0.9983325235949638
CCCCCCN1C=CN(C)C1.O=[N+]([O-])O,CCCCC,12375.716836250662,0.9992395139761366
CCCCCCN1C=CN(C)C1.O=[N+]([O-])O,CCCCCC,22368.31434690931,0.9979980963368148
CCCCCCN1C=CN(C)C1.O=[N+]([O-])O,CCCCCCC,48490.9046745504,0.9997194956745148
CCCCCCN1C=CN(C)C1.O=[N+]([O-])O,CCCCCCCC,17682.072298808922,0.9987971211283366
CCCCCCN1C=CN(C)C1.O=[N+]([O-])O,Cc1cccc(C)c1,16669.725973386798,0.9998414999913192
CCCCCCN1C=CN(C)C1.O=[N+]([O-])O,Cc1ccccc1,27217.01749761811,0.9986200844822394
CCCCCCN1C=CN(C)C1.O=[N+]([O-])O,c1ccccc1,27003.135947767616,0.999103823614066
CCCCCCOC(=O)NC(=N)c1ccc(NCc2nc3cc(C(=O)N(CCC(=O)OCC)c4ccccn4)ccc3n2C)cc1.CS(=O)(=O)O,CC(=O)N(C)C,11959.438859549353,0.9880569384632584
CCCCCCOC(=O)NC(=N)c1ccc(NCc2nc3cc(C(=O)N(CCC(=O)OCC)c4ccccn4)ccc3n2C)cc1.CS(=O)(=O)O,CCO,39871.82962936431,0.9932951816173248
CCCCCCOC(=O)NC(=N)c1ccc(NCc2nc3cc(C(=O)N(CCC(=O)OCC)c4ccccn4)ccc3n2C)cc1.CS(=O)(=O)O,CN(C)C=O,11908.57320037,0.9820203804279748
CCCCCCOC(=O)NC(=N)c1ccc(NCc2nc3cc(C(=O)N(CCC(=O)OCC)c4ccccn4)ccc3n2C)cc1.CS(=O)(=O)O,CO,27227.607179845672,0.9964628948782868
CCCCCC[n+]1csc2ccccc21.F[P-](F)(F)(F)(F)F,O,32017.29493352452,0.9927509099411768
CCCCCCn1cc[n+](C)c1.F[P-](F)(F)(F)(F)F,O,18705.398778195977,0.9892196810283098
CCCCCOC(=O)Nc1nc(=O)n([C@@H]2O[C@H](C)[C@@H](O)[C@H]2O)cc1F,CC(C)(C)O,61968.56596974054,0.9981967005006968
CCCCCOC(=O)Nc1nc(=O)n([C@@H]2O[C@H](C)[C@@H](O)[C@H]2O)cc1F,CC(C)CCO,49676.359569822365,0.9992910890093644
CCCCCOC(=O)Nc1nc(=O)n([C@@H]2O[C@H](C)[C@@H](O)[C@H]2O)cc1F,CC(C)CO,63953.74270334554,0.99952910571777
CCCCCOC(=O)Nc1nc(=O)n([C@@H]2O[C@H](C)[C@@H](O)[C@H]2O)cc1F,CCC(C)O,63750.38009294206,0.999827583526365
CCCCCOC(=O)Nc1nc(=O)n([C@@H]2O[C@H](C)[C@@H](O)[C@H]2O)cc1F,CCCCCCCCO,44652.98097431557,0.999161665897649
CCCCCOC(=O)Nc1nc(=O)n([C@@H]2O[C@H](C)[C@@H](O)[C@H]2O)cc1F,CCCCCCCO,46634.26740329872,0.9994320365694292
CCCCCOC(=O)Nc1nc(=O)n([C@@H]2O[C@H](C)[C@@H](O)[C@H]2O)cc1F,CCCCCCO,54774.68384571085,0.9991872242671254
CCCCCOC(=O)Nc1nc(=O)n([C@@H]2O[C@H](C)[C@@H](O)[C@H]2O)cc1F,CCCCO,61617.09315626375,0.9968963227475528
CCCCCOC(=O)Nc1nc(=O)n([C@@H]2O[C@H](C)[C@@H](O)[C@H]2O)cc1F,CCCO,65185.4450545588,0.998433784960182
CCCCCOC(=O)Nc1nc(=O)n([C@@H]2O[C@H](C)[C@@H](O)[C@H]2O)cc1F,CCO,51402.33216079888,0.9961760709916858
CCCCCOC(=O)Nc1nc(=O)n([C@@H]2O[C@H](C)[C@@H](O)[C@H]2O)cc1F,CCOC(C)=O,37879.78231429799,0.9994396079220064
CCCCCOC(=O)Nc1nc(=O)n([C@@H]2O[C@H](C)[C@@H](O)[C@H]2O)cc1F,O,10642.606159002644,0.9894479527142888
CCCCC[n+]1csc2ccccc21.F[P-](F)(F)(F)(F)F,O,34288.6488375314,0.986103241499888
CCCCCc1ccc2c(c1)C(=O)c1ccccc1C2=O,CC(=O)CC(C)C,22661.58870955624,0.9737488834638874
CCCCCc1ccc2c(c1)C(=O)c1ccccc1C2=O,CC(=O)OC(C)C,26715.623391171808,0.9942582628088298
CCCCCc1ccc2c(c1)C(=O)c1ccccc1C2=O,CC(C)=O,33474.292622371264,0.9922815870222644
CCCCCc1ccc2c(c1)C(=O)c1ccccc1C2=O,CCC(C)=O,29296.351443877964,0.9874352952606494
CCCCCc1ccc2c(c1)C(=O)c1ccccc1C2=O,CCC(C)O,59699.549658440425,0.9986480360163812
CCCCCc1ccc2c(c1)C(=O)c1ccccc1C2=O,CCCCO,44378.25430805285,0.9980614911161892
CCCCCc1ccc2c(c1)C(=O)c1ccccc1C2=O,CCCO,48683.88350546173,0.9989450950787692
CCCCCc1ccc2c(c1)C(=O)c1ccccc1C2=O,CCO,49089.01105827438,0.9970291136135638
CCCCCc1ccc2c(c1)C(=O)c1ccccc1C2=O,CCOC(C)=O,24610.493083918383,0.982232015901568
CCCCCc1ccc2c(c1)C(=O)c1ccccc1C2=O,CO,48967.1340612539,0.9984945459085888
CCCCN(CCCC)CC(O)c1cc(Cl)cc2c1-c1ccc(Cl)cc1/C2=C/c1ccc(Cl)cc1,CCCCCCCCO,43637.761625011735,0.9989337025053908
CCCCN(CCCC)CC(O)c1cc(Cl)cc2c1-c1ccc(Cl)cc1/C2=C/c1ccc(Cl)cc1,CCCCCCCO,42732.48301319929,0.998057248631289
CCCCN(CCCC)CC(O)c1cc(Cl)cc2c1-c1ccc(Cl)cc1/C2=C/c1ccc(Cl)cc1,CCCCCCO,47189.92429392954,0.9986924609926292
CCCCN(CCCC)CC(O)c1cc(Cl)cc2c1-c1ccc(Cl)cc1/C2=C/c1ccc(Cl)cc1,CCCCCO,42519.19346050654,0.9991900964009012
CCCCN(CCCC)CC(O)c1cc(Cl)cc2c1-c1ccc(Cl)cc1/C2=C/c1ccc(Cl)cc1,CCCCCOC(C)=O,34306.54443584703,0.9985522447517275
CCCCN(CCCC)CC(O)c1cc(Cl)cc2c1-c1ccc(Cl)cc1/C2=C/c1ccc(Cl)cc1,CCCCOC(C)=O,35350.752621053565,0.9972545525710655
CCCCN(CCCC)CC(O)c1cc(Cl)cc2c1-c1ccc(Cl)cc1/C2=C/c1ccc(Cl)cc1,CCCO,45155.26657533226,0.9962714421968156
CCCCN(CCCC)CC(O)c1cc(Cl)cc2c1-c1ccc(Cl)cc1/C2=C/c1ccc(Cl)cc1,CCCOC(C)=O,38849.52795089062,0.9990301684605872
CCCCN(CCCC)CC(O)c1cc(Cl)cc2c1-c1ccc(Cl)cc1/C2=C/c1ccc(Cl)cc1,CCO,36205.67331708316,0.9989107079837912
CCCCN(CCCC)CC(O)c1cc(Cl)cc2c1-c1ccc(Cl)cc1/C2=C/c1ccc(Cl)cc1,CCOC(C)=O,39142.22748702768,0.9986851818650162
CCCCN(CCCC)CC(O)c1cc(Cl)cc2c1-c1ccc(Cl)cc1/C2=C/c1ccc(Cl)cc1,CO,37569.480744239685,0.9988629316391758
CCCCN(CCCC)CC(O)c1cc(Cl)cc2c1-c1ccc(Cl)cc1/C2=C/c1ccc(Cl)cc1,COC(C)=O,48088.44790223968,0.9995694493505828
CCCCN(CCCC)c1ccc(C(=O)c2ccccc2C(=O)O)c(O)c1,CC#N,34688.098427107536,0.9982148205971624
CCCCN(CCCC)c1ccc(C(=O)c2ccccc2C(=O)O)c(O)c1,CC(=O)OC(C)C,17570.4851982076,0.9981442250861748
CCCCN(CCCC)c1ccc(C(=O)c2ccccc2C(=O)O)c(O)c1,CC(C)=O,19819.39286550432,0.9950361195355006
CCCCN(CCCC)c1ccc(C(=O)c2ccccc2C(=O)O)c(O)c1,CC(C)O,39984.08978648482,0.9979272208480774
CCCCN(CCCC)c1ccc(C(=O)c2ccccc2C(=O)O)c(O)c1,CCCCCCC,23275.217564492345,0.9866351044646752
CCCCN(CCCC)c1ccc(C(=O)c2ccccc2C(=O)O)c(O)c1,CCCCOC(C)=O,19636.83427786721,0.9987732659017808
CCCCN(CCCC)c1ccc(C(=O)c2ccccc2C(=O)O)c(O)c1,CCCOC(C)=O,22701.6812553748,0.9988531601229774
CCCCN(CCCC)c1ccc(C(=O)c2ccccc2C(=O)O)c(O)c1,CCO,35024.43504384808,0.999024122257986
CCCCN(CCCC)c1ccc(C(=O)c2ccccc2C(=O)O)c(O)c1,CCOC(C)=O,19144.50972454153,0.9971774499435564
CCCCN(CCCC)c1ccc(C(=O)c2ccccc2C(=O)O)c(O)c1,CO,35433.210409644824,0.98462231028545
CCCCN(CCCC)c1ccc(C(=O)c2ccccc2C(=O)O)c(O)c1,ClCCl,19175.57105749549,0.984163317670642
CCCCN(CCCC)c1ccc2c(c1)Oc1cc(C)c(Nc3ccccc3)cc1C21OC(=O)c2ccccc21,CCCCOC(C)=O,23836.68091681298,0.9898516792991484
CCCCN(CCCC)c1ccc2c(c1)Oc1cc(C)c(Nc3ccccc3)cc1C21OC(=O)c2ccccc21,CCCOC(C)=O,22523.92064096171,0.986518112527166
CCCCN(CCCC)c1ccc2c(c1)Oc1cc(C)c(Nc3ccccc3)cc1C21OC(=O)c2ccccc21,CCOC(C)=O,23370.174003977027,0.9992620844575272
CCCCN(CCCC)c1ccc2c(c1)Oc1cc(C)c(Nc3ccccc3)cc1C21OC(=O)c2ccccc21,COC(C)=O,25860.41860470208,0.9968501945466562
CCCCN1CCCCC1C(=O)Nc1c(C)cccc1C.Cl,CC(=O)O,30397.968137869728,0.977650124609862
CCCCN1CCCCC1C(=O)Nc1c(C)cccc1C.Cl,CC(C)O,24549.74039959352,0.9983111631329896
CCCCN1CCCCC1C(=O)Nc1c(C)cccc1C.Cl,CCCCO,27836.868079589985,0.98870036494733
CCCCN1CCCCC1C(=O)Nc1c(C)cccc1C.Cl,CCCO,39727.81346285254,0.9958026178031688
CCCCN1CCCCC1C(=O)Nc1c(C)cccc1C.Cl,CCO,30015.56140131379,0.990568723966462
CCCCN1CCCCC1C(=O)Nc1c(C)cccc1C.Cl,CO,28686.56005329547,0.9994564013572558
CCCCN1CCCCC1C(=O)Nc1c(C)cccc1C.Cl,O,17344.164730851502,0.9850264881392
CCCCOC(=O)c1ccc(O)cc1,CC(C)=O,24937.216980866,0.9781729775369798
CCCCOC(=O)c1ccc(O)cc1,CC(C)O,22762.237896837887,0.9742202665425734
CCCCOC(=O)c1ccc(O)cc1,CCOC(C)=O,28419.675232305923,0.9838244971068544
CCCCOC(=O)c1ccc(O)cc1,CO,31544.89378632241,0.9842341197224188
CCCCOc1ccc(C(=O)CCN2CCCCC2)cc1.Cl,C1CCOC1,14347.982644057452,0.9979648168054384
CCCCOc1ccc(C(=O)CCN2CCCCC2)cc1.Cl,CC(C)=O,28858.674771199523,0.9977757500775896
CCCCOc1ccc(C(=O)CCN2CCCCC2)cc1.Cl,CCCCCC,17240.758533567485,0.9983395074152714
CCCCOc1ccc(C(=O)CCN2CCCCC2)cc1.Cl,CCOC(C)=O,30567.927573832065,0.9979092477806274
CCCCOc1ccc(C(=O)CCN2CCCCC2)cc1.Cl,CN(C)C=O,18318.837534065915,0.9976649475185274
CCCCOc1ccc(C(=O)CCN2CCCCC2)cc1.Cl,CO,20186.862716842534,0.9959984559059794
CCCCOc1ccc(C(=O)CCN2CCCCC2)cc1.Cl,O,21593.22970482048,0.9975925882428612
CCCCS(=O)(=O)N[C@@H](Cc1ccc(OCCCCC2CCNCC2)cc1)C(=O)O,CC(C)O,21912.89331386461,0.9983813006828018
CCCCS(=O)(=O)N[C@@H](Cc1ccc(OCCCCC2CCNCC2)cc1)C(=O)O,CCO,20962.81894341266,0.999442251507456
CCCCS(=O)(=O)N[C@@H](Cc1ccc(OCCCCC2CCNCC2)cc1)C(=O)O,CO,22384.40880250429,0.9996309965527204
CCCCS(=O)(=O)N[C@@H](Cc1ccc(OCCCCC2CCNCC2)cc1)C(=O)O,O,22176.968085027,0.9995425499252326
CCCCc1nc(Cl)c(C(=O)OCOC(=O)OC(C)C)n1Cc1ccc(-c2ccccc2-c2nn[nH]n2)cc1,CC(C)=O,26948.525564245945,0.9837497717252426
CCCCc1nc(Cl)c(C(=O)OCOC(=O)OC(C)C)n1Cc1ccc(-c2ccccc2-c2nn[nH]n2)cc1,CO,39202.378784022425,0.9724836459027424
CCCCc1nc(Cl)c(CO)n1Cc1ccc(-c2ccccc2-c2nnn[n-]2)cc1.[K+],CC(C)O,23698.44028637336,0.9405055546568722
CCCCc1nc(Cl)c(CO)n1Cc1ccc(-c2ccccc2-c2nnn[n-]2)cc1.[K+],CCCCCO,-13339.276437799675,0.9039341957064646
CCCCc1nc(Cl)c(CO)n1Cc1ccc(-c2ccccc2-c2nnn[n-]2)cc1.[K+],CCCO,11457.100600044472,0.9422702154149364
CCCCc1nc(Cl)c(CO)n1Cc1ccc(-c2ccccc2-c2nnn[n-]2)cc1.[K+],CCO,12350.987534236883,0.9574975037792992
CCCCc1oc2ccc(NS(C)(=O)=O)cc2c1C(=O)c1ccc(OCCCN(CCCC)CCCC)cc1.Cl,CC(C)O,43752.86806637157,0.94066410465819
CCCCc1oc2ccc(NS(C)(=O)=O)cc2c1C(=O)c1ccc(OCCCN(CCCC)CCCC)cc1.Cl,CCCCO,47478.669473933325,0.9594811496418196
CCCCc1oc2ccccc2c1C(=O)c1cc(I)c(OCCN(CC)CC)c(I)c1.Cl,O,37623.714330447205,0.976273705841923
CCCCn1cc[n+](C)c1.F[P-](F)(F)(F)(F)F,O,18802.675764249667,0.9844379656935176
CCCN(CCC)S(=O)(=O)c1ccc(C(=O)O)cc1,CC(C)=O,21223.47458743784,0.9986882406708228
CCCN(CCC)S(=O)(=O)c1ccc(C(=O)O)cc1,CC(C)CO,31573.17349578733,0.9992472017372962
CCCN(CCC)S(=O)(=O)c1ccc(C(=O)O)cc1,CC(C)O,26023.367649298223,0.9961487216027236
CCCN(CCC)S(=O)(=O)c1ccc(C(=O)O)cc1,CCCCCO,23504.288241062903,0.9991028769606556
CCCN(CCC)S(=O)(=O)c1ccc(C(=O)O)cc1,CCCCO,26598.95276519071,0.9998012070818296
CCCN(CCC)S(=O)(=O)c1ccc(C(=O)O)cc1,CCCCOC(C)=O,27849.23415135213,0.9967275041418288
CCCN(CCC)S(=O)(=O)c1ccc(C(=O)O)cc1,CCCO,32351.715290570777,0.9987144586649632
CCCN(CCC)S(=O)(=O)c1ccc(C(=O)O)cc1,CCOC(C)=O,27308.19634452944,0.9987822047872054
CCCN(CCC)S(=O)(=O)c1ccc(C(=O)O)cc1,COC(C)(C)C,25627.5651463665,0.9982544048673828
CCCN(CCC)S(=O)(=O)c1ccc(C(=O)O)cc1,COC(C)=O,25363.515892206244,0.9997101060205016
CCCN(CCc1cccs1)[C@H]1CCc2c(O)cccc2C1,CC(=O)OC(C)C,28009.0979748184,0.9996410311856746
CCCN(CCc1cccs1)[C@H]1CCc2c(O)cccc2C1,CC(C)O,48966.79360269679,0.9970395505942724
CCCN(CCc1cccs1)[C@H]1CCc2c(O)cccc2C1,CCCCOC(C)=O,22929.318384722275,0.9998733414978987
CCCN(CCc1cccs1)[C@H]1CCc2c(O)cccc2C1,CCCO,40325.00698164156,0.9993475753486016
CCCN(CCc1cccs1)[C@H]1CCc2c(O)cccc2C1,CCCOC(C)=O,25325.01559711784,0.999679729679463
CCCN(CCc1cccs1)[C@H]1CCc2c(O)cccc2C1,CCO,53421.99576061107,0.993226700392624
CCCN(CCc1cccs1)[C@H]1CCc2c(O)cccc2C1,CO,57050.82651923577,0.9927196877216952
CCCN1CCCC[C@H]1C(=O)Nc1c(C)cccc1C,CC(C)=O,29838.46300307832,0.9972629708438038
CCCNS(=O)(=O)Nc1ncnc(OCCOc2ncc(Br)cn2)c1-c1ccc(Br)cc1,CCO,33472.301549035095,0.998754363902128
CCCNS(=O)(=O)Nc1ncnc(OCCOc2ncc(Br)cn2)c1-c1ccc(Br)cc1,CCOC(C)=O,22120.9882569764,0.9998601174743634
CCCOC(=O)c1cc(O)c(O)c(O)c1,CC(C)=O,10660.110400616,0.982038908675081
CCCOC(=O)c1cc(O)c(O)c(O)c1,CC(C)CO,16193.812291555982,0.9934681927722492
CCCOC(=O)c1cc(O)c(O)c(O)c1,CC(C)O,14070.964903836377,0.9955437070078316
CCCOC(=O)c1cc(O)c(O)c(O)c1,CCCCO,12964.357599362713,0.9959870927047864
CCCOC(=O)c1cc(O)c(O)c(O)c1,CCCO,12628.963200174449,0.9955471185847052
CCCOC(=O)c1cc(O)c(O)c(O)c1,CCO,16209.372926790553,0.989760594497114
CCCOC(=O)c1cc(O)c(O)c(O)c1,CCOC(C)=O,12385.588290279127,0.9919695597224224
CCCOC(=O)c1cc(O)c(O)c(O)c1,CO,13166.188360921222,0.995794001480845
CCCOC(=O)c1cc(O)c(O)c(O)c1,COC(C)=O,14252.123774896325,0.994697173003568
CCCOC(=O)c1ccc(O)cc1,CC(C)CO,29245.34399084333,0.994593276287646
CCCOC(=O)c1ccc(O)cc1,CC(C)O,27256.72134897212,0.9122023991586298
CCCOC(=O)c1ccc(O)cc1,CCCCO,24115.524093595264,0.99902723248459
CCCOC(=O)c1ccc(O)cc1,CCCCOC(C)=O,22095.97102643114,0.995097554195017
CCCOC(=O)c1ccc(O)cc1,CCCO,30680.427532947728,0.956042743005068
CCCOC(=O)c1ccc(O)cc1,CCOC(C)=O,19535.52372745292,0.9892385857109368
CCCOC(=O)c1ccc(O)cc1,CO,30401.03642821353,0.9909511623537692
CCCOC(=O)c1ccc(O)cc1,COC(C)=O,24557.566911115187,0.9957453999511984
CCCOC(=O)c1ccc(O)cc1,O,36590.467750643926,0.9721306299836228
CCCSc1ccc2nc(NC(=O)OC)[nH]c2c1,CC(C)=O,22217.39259793093,0.9999461358960972
CCCSc1ccc2nc(NC(=O)OC)[nH]c2c1,CC(C)O,25984.772822837225,0.9999160433598204
CCCSc1ccc2nc(NC(=O)OC)[nH]c2c1,CO,26025.57079221701,0.999906985802166
CCCSc1ccc2nc(NC(=O)OC)[nH]c2c1,O,41836.52081738848,0.9998897261836776
CCCSc1nc(N[C@@H]2C[C@H]2c2ccc(F)c(F)c2)c2nnn([C@@H]3C[C@H](OCCO)[C@@H](O)[C@H]3O)c2n1,CC(C)CO,20290.51497778952,0.9996923970481868
CCCSc1nc(N[C@@H]2C[C@H]2c2ccc(F)c(F)c2)c2nnn([C@@H]3C[C@H](OCCO)[C@@H](O)[C@H]3O)c2n1,CCC(C)=O,22236.17261275531,0.9990833008290112
CCCSc1nc(N[C@@H]2C[C@H]2c2ccc(F)c(F)c2)c2nnn([C@@H]3C[C@H](OCCO)[C@@H](O)[C@H]3O)c2n1,CCC(C)O,49045.066445911296,0.9988647421288448
CCCSc1nc(N[C@@H]2C[C@H]2c2ccc(F)c(F)c2)c2nnn([C@@H]3C[C@H](OCCO)[C@@H](O)[C@H]3O)c2n1,CCO,26437.554043537977,0.9986250431461338
CCCSc1nc(N[C@@H]2C[C@H]2c2ccc(F)c(F)c2)c2nnn([C@@H]3C[C@H](OCCO)[C@@H](O)[C@H]3O)c2n1,CO,27882.093272441416,0.9994657563403772
CCCSc1nc(N[C@@H]2C[C@H]2c2ccc(F)c(F)c2)c2nnn([C@@H]3C[C@H](OCCO)[C@@H](O)[C@H]3O)c2n1,Cc1ccccc1,33060.393706441864,0.99962252223531
CCCSc1nc(N[C@@H]2C[C@H]2c2ccc(F)c(F)c2)c2nnn([C@@H]3C[C@H](OCCO)[C@@H](O)[C@H]3O)c2n1,O=C1CCCCC1,20691.43690931611,0.9989365616489
CCC[C@@H]1CC(=O)N([C@@H](CC)C(N)=O)C1,CC(=O)OC(C)C,52824.15205785294,0.9920315796941588
CCC[C@@H]1CC(=O)N([C@@H](CC)C(N)=O)C1,CC(C)O,30671.80693804432,0.9923845265514976
CCC[C@@H]1CC(=O)N([C@@H](CC)C(N)=O)C1,CCCCCCC,62035.18519029087,0.9961900426121812
CCC[C@@H]1CC(=O)N([C@@H](CC)C(N)=O)C1,CCCCOC(C)=O,52122.57869518485,0.9775080099558066
CCC[C@@H]1CC(=O)N([C@@H](CC)C(N)=O)C1,CCCO,30608.36773824547,0.9980626056464598
CCC[C@@H]1CC(=O)N([C@@H](CC)C(N)=O)C1,CCO,27647.58870832131,0.993363897655246
CCC[C@@H]1CC(=O)N([C@@H](CC)C(N)=O)C1,CCOC(C)=O,53015.15631699512,0.9995648653431284
CCC[C@@H]1CC(=O)N([C@@H](CC)C(N)=O)C1,CCOC=O,39403.493158433404,0.9985546284364276
CCC[C@@H]1CC(=O)N([C@@H](CC)C(N)=O)C1,CO,24962.58673926469,0.9846879154425032
CCC[C@@H]1CC(=O)N([C@@H](CC)C(N)=O)C1,COC(C)(C)C,72973.69845452544,0.9914398551112364
CCC[C@@H]1C[C@@H](C(=O)N[C@@H]([C@H]2O[C@H](SC)[C@H](O)[C@H]3OC(C)(C)O[C@H]32)[C@H](C)Cl)N(C)C1,CC#N,30974.75142721099,0.9986883175988468
CCC[C@@H]1C[C@@H](C(=O)N[C@@H]([C@H]2O[C@H](SC)[C@H](O)[C@H]3OC(C)(C)O[C@H]32)[C@H](C)Cl)N(C)C1,CC(C)=O,26659.536926611345,0.997565615422186
CCC[C@@H]1C[C@@H](C(=O)N[C@@H]([C@H]2O[C@H](SC)[C@H](O)[C@H]3OC(C)(C)O[C@H]32)[C@H](C)Cl)N(C)C1,CC(C)O,27125.278844672062,0.998098222007514
CCC[C@@H]1C[C@@H](C(=O)N[C@@H]([C@H]2O[C@H](SC)[C@H](O)[C@H]3OC(C)(C)O[C@H]32)[C@H](C)Cl)N(C)C1,CCC(C)O,25934.867495033886,0.9995671808590172
CCC[C@@H]1C[C@@H](C(=O)N[C@@H]([C@H]2O[C@H](SC)[C@H](O)[C@H]3OC(C)(C)O[C@H]32)[C@H](C)Cl)N(C)C1,CCCCO,27985.31455843776,0.9991028715493404
CCC[C@@H]1C[C@@H](C(=O)N[C@@H]([C@H]2O[C@H](SC)[C@H](O)[C@H]3OC(C)(C)O[C@H]32)[C@H](C)Cl)N(C)C1,CCCO,29019.575282087342,0.999699237760394
CCC[C@@H]1C[C@@H](C(=O)N[C@@H]([C@H]2O[C@H](SC)[C@H](O)[C@H]3OC(C)(C)O[C@H]32)[C@H](C)Cl)N(C)C1,CCOC(C)=O,28828.60686587181,0.9992920401956236
CCC[C@@H]1C[C@@H](C(=O)N[C@@H]([C@H]2O[C@H](SC)[C@H](O)[C@H]3OC(C)(C)O[C@H]32)[C@H](C)Cl)N(C)C1,CO,22309.071645860888,0.9991526066754396
CCC[C@@H]1C[C@@H](C(=O)N[C@@H]([C@H]2O[C@H](SC)[C@H](O)[C@H]3OC(C)(C)O[C@H]32)[C@H](C)Cl)N(C)C1,COC(C)=O,28150.63223180782,0.9988510034657352
CCC[C@@H]1C[C@@H](C(=O)N[C@@H]([C@H]2O[C@H](SC)[C@H](OP(=O)(O)O)[C@@H](O)[C@H]2O)[C@H](C)Cl)N(C)C1,CS(C)=O,44699.28137695515,0.9934225333925616
CCC[C@@H]1C[C@@H](C(=O)N[C@@H]([C@H]2O[C@H](SC)[C@H](OP(=O)(O)O)[C@@H](O)[C@H]2O)[C@H](C)Cl)N(C)C1,O,6301.232279989935,0.9272894490155914
CCC[C@H](N[C@@H](C)C(=O)N1[C@H](C(=O)O)C[C@@H]2CCCC[C@@H]21)C(=O)OCC.NC(N)=NCCC[C@H](N)C(=O)O,CC(=O)OC(C)C,15719.96439834645,0.9953574888533944
CCC[C@H](N[C@@H](C)C(=O)N1[C@H](C(=O)O)C[C@@H]2CCCC[C@@H]21)C(=O)OCC.NC(N)=NCCC[C@H](N)C(=O)O,CC(=O)OCC(C)C,17823.862290519817,0.9849362309723172
CCC[C@H](N[C@@H](C)C(=O)N1[C@H](C(=O)O)C[C@@H]2CCCC[C@@H]21)C(=O)OCC.NC(N)=NCCC[C@H](N)C(=O)O,CCC(C)=O,12048.07113416534,0.9847672302771596
CCC[C@H](N[C@@H](C)C(=O)N1[C@H](C(=O)O)C[C@@H]2CCCC[C@@H]21)C(=O)OCC.NC(N)=NCCC[C@H](N)C(=O)O,CCO,30051.013212484373,0.9992366448174752
CCC[C@H](N[C@@H](C)C(=O)N1[C@H](C(=O)O)C[C@@H]2CCCC[C@@H]21)C(=O)OCC.NC(N)=NCCC[C@H](N)C(=O)O,CCOC(C)=O,16840.575851546535,0.9950899798701244
CCC[C@H](N[C@@H](C)C(=O)N1[C@H](C(=O)O)C[C@@H]2CCCC[C@@H]21)C(=O)OCC.NC(N)=NCCC[C@H](N)C(=O)O,CO,10431.665551216054,0.9906836583772864
CCC[C@H](N[C@@H](C)C(=O)N1[C@H](C(=O)O)C[C@@H]2CCCC[C@@H]21)C(=O)OCC.NC(N)=NCCC[C@H](N)C(=O)O,COC(C)(C)C,5364.900677557461,0.9497157421738496
CCCc1cc(=O)[nH]c(=S)[nH]1,CC(C)O,24609.995630278656,0.9999920563082544
CCCc1cc(=O)[nH]c(=S)[nH]1,CCCO,23011.27122981693,0.9947705881423256
CCCc1cc(=O)[nH]c(=S)[nH]1,CCO,21678.620843636905,0.9827371682627608
CCCc1cc(=O)[nH]c(=S)[nH]1,CN1CCCC1=O,27323.55709859072,0.9978726711065978
CCCc1cc(=O)[nH]c(=S)[nH]1,O,27859.89995467049,0.9554976751142364
CCCc1cc(=O)[nH]c(=S)[nH]1,OCCO,25412.664114171344,0.9991262811545742
CCCc1nc(C(C)(C)O)c(C(=O)OCC)n1Cc1ccc(-c2ccccc2-c2nnnn2C(c2ccccc2)(c2ccccc2)c2ccccc2)cc1,CC#N,21356.92817021153,0.99986069196621
CCCc1nc(C(C)(C)O)c(C(=O)OCC)n1Cc1ccc(-c2ccccc2-c2nnnn2C(c2ccccc2)(c2ccccc2)c2ccccc2)cc1,CC(=O)N(C)C,19438.73708858725,0.9991387805987784
CCCc1nc(C(C)(C)O)c(C(=O)OCC)n1Cc1ccc(-c2ccccc2-c2nnnn2C(c2ccccc2)(c2ccccc2)c2ccccc2)cc1,CC(C)=O,33954.94127012832,0.9927829716125444
CCCc1nc(C(C)(C)O)c(C(=O)OCC)n1Cc1ccc(-c2ccccc2-c2nnnn2C(c2ccccc2)(c2ccccc2)c2ccccc2)cc1,CC(C)O,25340.87766920688,0.9981829329065492
CCCc1nc(C(C)(C)O)c(C(=O)OCC)n1Cc1ccc(-c2ccccc2-c2nnnn2C(c2ccccc2)(c2ccccc2)c2ccccc2)cc1,CCCCO,21433.051775557586,0.9986585584530296
CCCc1nc(C(C)(C)O)c(C(=O)OCC)n1Cc1ccc(-c2ccccc2-c2nnnn2C(c2ccccc2)(c2ccccc2)c2ccccc2)cc1,CCCO,22702.19251040396,0.9982688449109408
CCCc1nc(C(C)(C)O)c(C(=O)OCC)n1Cc1ccc(-c2ccccc2-c2nnnn2C(c2ccccc2)(c2ccccc2)c2ccccc2)cc1,CCOC(C)=O,24864.27636208965,0.9993766591488388
CCCc1nc(C(C)(C)O)c(C(=O)OCC)n1Cc1ccc(-c2ccccc2-c2nnnn2C(c2ccccc2)(c2ccccc2)c2ccccc2)cc1,CN(C)C=O,27840.22561913292,0.9988952723668852
CCCc1nc(C(C)(C)O)c(C(=O)OCC)n1Cc1ccc(-c2ccccc2-c2nnnn2C(c2ccccc2)(c2ccccc2)c2ccccc2)cc1,Cc1ccccc1,28335.64688353085,0.9994382257328468
CCCc1nc2c(C)cc(-c3nc4ccccc4n3C)cc2n1Cc1ccc(-c2ccccc2C(=O)O)cc1,CC(C)=O,22161.98102737692,0.9940931381571968
CCCc1nc2c(C)cc(-c3nc4ccccc4n3C)cc2n1Cc1ccc(-c2ccccc2C(=O)O)cc1,CC(C)O,35843.621893657,0.9941871882341832
CCCc1nc2c(C)cc(-c3nc4ccccc4n3C)cc2n1Cc1ccc(-c2ccccc2C(=O)O)cc1,CCO,28608.20086060916,0.9918636533814752
CCCc1nc2c(C)cc(-c3nc4ccccc4n3C)cc2n1Cc1ccc(-c2ccccc2C(=O)O)cc1,CCOC(C)=O,25522.085956789502,0.9910072699852216
CCCc1nc2c(C)cc(-c3nc4ccccc4n3C)cc2n1Cc1ccc(-c2ccccc2C(=O)O)cc1,CO,23141.261865397275,0.9968180207909046
CCCc1nc2c(C)cc(-c3nc4ccccc4n3C)cc2n1Cc1ccc(-c2ccccc2C(=O)O)cc1,ClC(Cl)Cl,7764.986557445956,0.9591880506478347
CCCc1nc2c(C)cc(-c3nc4ccccc4n3C)cc2n1Cc1ccc(-c2ccccc2C(=O)O)cc1,ClCCl,11912.583707803447,0.9985147614897169
CCCc1nc2c(C)cc(-c3nc4ccccc4n3C)cc2n1Cc1ccc(-c2ccccc2C(=O)O)cc1,c1ccccc1,26076.45901208436,0.9949031358743116
CCCc1ncc(C[n+]2ccccc2C)c(N)n1.Cl.[Cl-],C1COCCO1,24028.88887930148,0.9972728654074638
CCCc1ncc(C[n+]2ccccc2C)c(N)n1.Cl.[Cl-],CC#N,25411.20765209014,0.998025941210846
CCCc1ncc(C[n+]2ccccc2C)c(N)n1.Cl.[Cl-],CC(C)=O,14121.76236904272,0.999597480420614
CCCc1ncc(C[n+]2ccccc2C)c(N)n1.Cl.[Cl-],CC(C)CO,31591.65825132625,0.9960863442000136
CCCc1ncc(C[n+]2ccccc2C)c(N)n1.Cl.[Cl-],CC(C)O,36681.535133311336,0.9972897288496172
CCCc1ncc(C[n+]2ccccc2C)c(N)n1.Cl.[Cl-],CCCCCCCCO,47440.426058778685,0.996046752904421
CCCc1ncc(C[n+]2ccccc2C)c(N)n1.Cl.[Cl-],CCO,31691.122491492693,0.9914095398360232
CCCc1ncc(C[n+]2ccccc2C)c(N)n1.Cl.[Cl-],CCOC(C)=O,26520.879888114145,0.9921272302873496
CCCc1ncc(C[n+]2ccccc2C)c(N)n1.Cl.[Cl-],CO,26475.82030115298,0.98812196644867
CCCc1ncc(C[n+]2ccccc2C)c(N)n1.Cl.[Cl-],O=C1CCCCC1,22822.88239801415,0.991946312239212
CCCc1nn(C)c2c(=O)[nH]c(-c3cc(S(=O)(=O)N4CCN(C)CC4)ccc3OCC)nc12.O=C(O)CC(O)(CC(=O)O)C(=O)O,CC(C)O,44375.79341655885,0.9158276070373969
CCCc1nn(C)c2c(=O)[nH]c(-c3cc(S(=O)(=O)N4CCN(C)CC4)ccc3OCC)nc12.O=C(O)CC(O)(CC(=O)O)C(=O)O,CCCO,56044.19242565486,0.9496996339265676
CCCc1nn(C)c2c(=O)[nH]c(-c3cc(S(=O)(=O)N4CCN(C)CC4)ccc3OCC)nc12.O=C(O)CC(O)(CC(=O)O)C(=O)O,CN1CCCC1=O,21138.13231773225,0.979074789862056
CCCc1nn(C)c2c(=O)[nH]c(-c3cc(S(=O)(=O)N4CCN(C)CC4)ccc3OCC)nc12.O=C(O)CC(O)(CC(=O)O)C(=O)O,OCCO,27520.53216712405,0.9898872717415436
CCN(CC)C(=S)SSC(=S)N(CC)CC,C1CCOC1,23294.292886468087,0.9961798424027686
CCN(CC)C(=S)SSC(=S)N(CC)CC,CC#N,44553.09056155119,0.9939842093884588
CCN(CC)C(=S)SSC(=S)N(CC)CC,CC(C)CO,44428.93762740619,0.9773822250952322
CCN(CC)C(=S)SSC(=S)N(CC)CC,CC(C)O,44722.13009257257,0.993905152823514
CCN(CC)C(=S)SSC(=S)N(CC)CC,CCO,42263.56954779199,0.9883757007818558
CCN(CC)C(=S)SSC(=S)N(CC)CC,CCOC(C)=O,50014.642058036894,0.9980533215194246
CCN(CC)C(=S)SSC(=S)N(CC)CC,CO,39297.2597733516,0.988708795223464
CCN(CC)C(=S)SSC(=S)N(CC)CC,ClCCl,17674.78212750172,0.9736551186277368
CCN(CC)CC(=O)Nc1c(C)cccc1C,CC(C)=O,5201.78770082452,0.9885774812531472
CCN(CC)CC(=O)Nc1c(C)cccc1C,CC(C)CO,5586.900965395431,0.9941469319073124
CCN(CC)CC(=O)Nc1c(C)cccc1C,CC(C)O,6928.442758222332,0.9902144401153704
CCN(CC)CC(=O)Nc1c(C)cccc1C,CCCCO,5472.49915292423,0.979783749961432
CCN(CC)CC(=O)Nc1c(C)cccc1C,CCCO,5831.5459519464985,0.9946203997819056
CCN(CC)CC(=O)Nc1c(C)cccc1C,CCO,13239.72238318178,0.9992211140895804
CCN(CC)CC(=O)Nc1c(C)cccc1C,CCOC(C)=O,6614.557275867277,0.9829777957687372
CCN(CC)CC(=O)Nc1c(C)cccc1C,COC(C)=O,9870.29293385079,0.9896359812611368
CCN(CC)CC.Cl,CC(C)O,32727.464256985324,0.9991912640011282
CCN(CC)CC.Cl,CCCCCCCCO,30162.14416495822,0.9991834968382391
CCN(CC)CC.Cl,CCCCO,31462.93934692845,0.9953163640786006
CCN(CC)CC.Cl,CN(C)C=O,23503.48532301788,0.9999770095566584
CCN(CC)CC.Cl,CO,12341.629166360364,0.9988832485195028
CCN(CC)CC.Cl,COC(=O)OC,31220.78110071336,0.9995756390095316
CCN(CC)CC.Cl,CS(C)=O,19884.962616540583,0.999093150390376
CCN(CC)CCCC(C)Nc1ccnc2cc(Cl)ccc12.O=P(O)(O)O.O=P(O)(O)O,C1CCOC1,21885.153316110747,0.9543854005624344
CCN(CC)CCCC(C)Nc1ccnc2cc(Cl)ccc12.O=P(O)(O)O.O=P(O)(O)O,CC(C)=O,24141.07761402361,0.9445258778386512
CCN(CC)CCCC(C)Nc1ccnc2cc(Cl)ccc12.O=P(O)(O)O.O=P(O)(O)O,CCCO,30536.282676776947,0.9984651930390472
CCN(CC)CCCC(C)Nc1ccnc2cc(Cl)ccc12.O=P(O)(O)O.O=P(O)(O)O,CCO,28301.59755444124,0.9459784340169156
CCN(CC)CCCC(C)Nc1ccnc2cc(Cl)ccc12.O=P(O)(O)O.O=P(O)(O)O,O,29256.0084273557,0.9798398623340776
CCN(CC)CCNC(=O)c1c(C)[nH]c(/C=C2\C(=O)Nc3ccc(F)cc32)c1C.O=C(O)C[C@H](O)C(=O)O,CC(O)CO,39164.50656884774,0.9991208852682508
CCN(CC)CCNC(=O)c1c(C)[nH]c(/C=C2\C(=O)Nc3ccc(F)cc32)c1C.O=C(O)C[C@H](O)C(=O)O,CCOCCOCCO,24704.757145187366,0.9985562969693002
CCN(CC)CCNC(=O)c1c(C)[nH]c(/C=C2\C(=O)Nc3ccc(F)cc32)c1C.O=C(O)C[C@H](O)C(=O)O,O,41533.84863391184,0.9957265061288224
CCN(CC)CCNC(=O)c1c(C)[nH]c(/C=C2\C(=O)Nc3ccc(F)cc32)c1C.O=C(O)C[C@H](O)C(=O)O,OCCO,43249.96869113192,0.9997694017054596
CCN(CC)CCNC(=O)c1cc(Cl)c(N)cc1OC.Cl,CC(O)CO,4734.495859196252,0.9979308469716156
CCN(CC)CCNC(=O)c1cc(Cl)c(N)cc1OC.Cl,CCO,4625.531107651386,0.9886780780737732
CCN(CC)CCNC(=O)c1cc(Cl)c(N)cc1OC.Cl,O,7998.034284548869,0.995214168747552
CCN(CC)CCNC(=O)c1cc(Cl)c(N)cc1OC.Cl,OCCO,7798.344086235385,0.9896854986167688
CCN1CCCC1CNC(=O)c1cc(S(N)(=O)=O)ccc1OC,C1CCOC1,30697.44163042047,0.9993194853611856
CCN1CCCC1CNC(=O)c1cc(S(N)(=O)=O)ccc1OC,CC(C)=O,26355.439337048465,0.9986720453926928
CCN1CCCC1CNC(=O)c1cc(S(N)(=O)=O)ccc1OC,CCO,40194.29745749005,0.9978555812132992
CCN1CCCC1CNC(=O)c1cc(S(N)(=O)=O)ccc1OC,CN(C)C=O,14999.942069950725,0.9994318476884938
CCN1CCCC1CNC(=O)c1cc(S(N)(=O)=O)ccc1OC,CN1CCCC1=O,12946.042036682207,0.9840538935737888
CCN1CCCC1CNC(=O)c1cc(S(N)(=O)=O)ccc1OC,CO,34740.88178220718,0.9980697767591796
CCN1CCN(C(=O)N[C@@H](C(=O)N[C@@H]2C(=O)N3C(C(=O)O)=C(CSc4nnnn4C)CS[C@H]23)c2ccc(O)cc2)C(=O)C1=O,CC(C)O,35980.24858317084,0.99367962231622
CCN1CCN(C(=O)N[C@@H](C(=O)N[C@@H]2C(=O)N3C(C(=O)O)=C(CSc4nnnn4C)CS[C@H]23)c2ccc(O)cc2)C(=O)C1=O,CCO,29624.48308887523,0.9946484231297252
CCN1CCN(c2cc3c(cc2F)c(=O)c(C(=O)O)cn3C2CC2)CC1,CC#N,43183.78460411846,0.982744205465594
CCN1CCN(c2cc3c(cc2F)c(=O)c(C(=O)O)cn3C2CC2)CC1,CC(C)O,44855.04292619793,0.958068819743637
CCN1CCN(c2cc3c(cc2F)c(=O)c(C(=O)O)cn3C2CC2)CC1,CCO,42892.3214608526,0.9753607674313994
CCN1CCN(c2cc3c(cc2F)c(=O)c(C(=O)O)cn3C2CC2)CC1,O,56209.947335508834,0.9968406988899782
CCN1CCN(c2cc3c(cc2F)c(=O)cc(C(=O)[O-])n3C2CC2)CC1.[Na+],CC(C)=O,43164.49058447154,0.9930089298808804
CCN1CCN(c2cc3c(cc2F)c(=O)cc(C(=O)[O-])n3C2CC2)CC1.[Na+],CO,18668.46690072718,0.9852070917468896
CCN1CCN(c2cc3c(cc2F)c(=O)cc(C(=O)[O-])n3C2CC2)CC1.[Na+],ClCCl,2235.7515337130226,0.96389158343529
CCNC1=NCCC2(CCCCC2)S1,CCCCCC,17690.513439133283,0.9918453112454404
CCNc1nc(Cl)nc(NC(C)C)n1,CC#N,27326.347527436355,0.9895943752452772
CCNc1nc(Cl)nc(NC(C)C)n1,CC(=O)OC(C)C,21072.041039134896,0.9822307744360272
CCNc1nc(Cl)nc(NC(C)C)n1,CC(=O)OCC(C)C,22118.115750222827,0.9854624641403084
CCNc1nc(Cl)nc(NC(C)C)n1,CC(C)=O,22302.87575756236,0.986192005340061
CCNc1nc(Cl)nc(NC(C)C)n1,CC(C)O,34343.476309464415,0.9847812649575256
CCNc1nc(Cl)nc(NC(C)C)n1,CCCCO,37377.07895659552,0.9910843006211734
CCNc1nc(Cl)nc(NC(C)C)n1,CCCCOC(C)=O,16026.73395760355,0.9955090491004092
CCNc1nc(Cl)nc(NC(C)C)n1,CCCOC(C)=O,22970.591569365894,0.979963118136584
CCNc1nc(Cl)nc(NC(C)C)n1,CCO,29619.73762349024,0.9896253431979932
CCNc1nc(Cl)nc(NC(C)C)n1,CCOC(C)=O,20019.92562805764,0.984894766399698
CCNc1nc(Cl)nc(NC(C)C)n1,CCOC=O,24547.22283324836,0.986601861691465
CCNc1nc(Cl)nc(NC(C)C)n1,CO,29036.76397876063,0.9798790946892892
CCNc1nc(Cl)nc(NC(C)C)n1,COC(C)=O,23948.16684722919,0.9875460398655074
CCNc1nc(Cl)nc(NC(C)C)n1,Cc1cccc(C)c1,27680.92992091304,0.9943806695133388
CCNc1nc(Cl)nc(NC(C)C)n1,Cc1ccccc1C,28326.08433904131,0.9944148092305712
CCO.C[C@H]1c2cccc(O)c2C(O)=C2C(=O)[C@]3(O)C(O)=C(C(N)=O)C(=O)[C@@H](N(C)C)[C@@H]3[C@@H](O)[C@@H]21.C[C@H]1c2cccc(O)c2C(O)=C2C(=O)[C@]3(O)C(O)=C(C(N)=O)C(=O)[C@@H](N(C)C)[C@@H]3[C@@H](O)[C@@H]21.Cl.Cl.O,C1CCOC1,35786.48845306626,0.9950825748555466
CCO.C[C@H]1c2cccc(O)c2C(O)=C2C(=O)[C@]3(O)C(O)=C(C(N)=O)C(=O)[C@@H](N(C)C)[C@@H]3[C@@H](O)[C@@H]21.C[C@H]1c2cccc(O)c2C(O)=C2C(=O)[C@]3(O)C(O)=C(C(N)=O)C(=O)[C@@H](N(C)C)[C@@H]3[C@@H](O)[C@@H]21.Cl.Cl.O,CC#N,25956.24261717263,0.9848873824551468
CCO.C[C@H]1c2cccc(O)c2C(O)=C2C(=O)[C@]3(O)C(O)=C(C(N)=O)C(=O)[C@@H](N(C)C)[C@@H]3[C@@H](O)[C@@H]21.C[C@H]1c2cccc(O)c2C(O)=C2C(=O)[C@]3(O)C(O)=C(C(N)=O)C(=O)[C@@H](N(C)C)[C@@H]3[C@@H](O)[C@@H]21.Cl.Cl.O,CC(=O)O,85156.27210531422,0.9976930725133568
CCO.C[C@H]1c2cccc(O)c2C(O)=C2C(=O)[C@]3(O)C(O)=C(C(N)=O)C(=O)[C@@H](N(C)C)[C@@H]3[C@@H](O)[C@@H]21.C[C@H]1c2cccc(O)c2C(O)=C2C(=O)[C@]3(O)C(O)=C(C(N)=O)C(=O)[C@@H](N(C)C)[C@@H]3[C@@H](O)[C@@H]21.Cl.Cl.O,CC(C)=O,20160.27580741586,0.9954829849736008
CCO.C[C@H]1c2cccc(O)c2C(O)=C2C(=O)[C@]3(O)C(O)=C(C(N)=O)C(=O)[C@@H](N(C)C)[C@@H]3[C@@H](O)[C@@H]21.C[C@H]1c2cccc(O)c2C(O)=C2C(=O)[C@]3(O)C(O)=C(C(N)=O)C(=O)[C@@H](N(C)C)[C@@H]3[C@@H](O)[C@@H]21.Cl.Cl.O,CC(C)CO,27549.848956362224,0.9945112578083204
CCO.C[C@H]1c2cccc(O)c2C(O)=C2C(=O)[C@]3(O)C(O)=C(C(N)=O)C(=O)[C@@H](N(C)C)[C@@H]3[C@@H](O)[C@@H]21.C[C@H]1c2cccc(O)c2C(O)=C2C(=O)[C@]3(O)C(O)=C(C(N)=O)C(=O)[C@@H](N(C)C)[C@@H]3[C@@H](O)[C@@H]21.Cl.Cl.O,CC(C)O,25997.30642165696,0.99267791157397
CCO.C[C@H]1c2cccc(O)c2C(O)=C2C(=O)[C@]3(O)C(O)=C(C(N)=O)C(=O)[C@@H](N(C)C)[C@@H]3[C@@H](O)[C@@H]21.C[C@H]1c2cccc(O)c2C(O)=C2C(=O)[C@]3(O)C(O)=C(C(N)=O)C(=O)[C@@H](N(C)C)[C@@H]3[C@@H](O)[C@@H]21.Cl.Cl.O,CCC(=O)O,30779.691939254823,0.9903306611703444
CCO.C[C@H]1c2cccc(O)c2C(O)=C2C(=O)[C@]3(O)C(O)=C(C(N)=O)C(=O)[C@@H](N(C)C)[C@@H]3[C@@H](O)[C@@H]21.C[C@H]1c2cccc(O)c2C(O)=C2C(=O)[C@]3(O)C(O)=C(C(N)=O)C(=O)[C@@H](N(C)C)[C@@H]3[C@@H](O)[C@@H]21.Cl.Cl.O,CCCCCO,23045.67923751816,0.992907425493691
CCO.C[C@H]1c2cccc(O)c2C(O)=C2C(=O)[C@]3(O)C(O)=C(C(N)=O)C(=O)[C@@H](N(C)C)[C@@H]3[C@@H](O)[C@@H]21.C[C@H]1c2cccc(O)c2C(O)=C2C(=O)[C@]3(O)C(O)=C(C(N)=O)C(=O)[C@@H](N(C)C)[C@@H]3[C@@H](O)[C@@H]21.Cl.Cl.O,CCCO,22427.72689318027,0.988109634019246
CCO.C[C@H]1c2cccc(O)c2C(O)=C2C(=O)[C@]3(O)C(O)=C(C(N)=O)C(=O)[C@@H](N(C)C)[C@@H]3[C@@H](O)[C@@H]21.C[C@H]1c2cccc(O)c2C(O)=C2C(=O)[C@]3(O)C(O)=C(C(N)=O)C(=O)[C@@H](N(C)C)[C@@H]3[C@@H](O)[C@@H]21.Cl.Cl.O,CCO,14981.132122406354,0.9944093966337526
CCO.C[C@H]1c2cccc(O)c2C(O)=C2C(=O)[C@]3(O)C(O)=C(C(N)=O)C(=O)[C@@H](N(C)C)[C@@H]3[C@@H](O)[C@@H]21.C[C@H]1c2cccc(O)c2C(O)=C2C(=O)[C@]3(O)C(O)=C(C(N)=O)C(=O)[C@@H](N(C)C)[C@@H]3[C@@H](O)[C@@H]21.Cl.Cl.O,CO,20275.31079705461,0.9670587773607502
CCO.C[C@H]1c2cccc(O)c2C(O)=C2C(=O)[C@]3(O)C(O)=C(C(N)=O)C(=O)[C@@H](N(C)C)[C@@H]3[C@@H](O)[C@@H]21.C[C@H]1c2cccc(O)c2C(O)=C2C(=O)[C@]3(O)C(O)=C(C(N)=O)C(=O)[C@@H](N(C)C)[C@@H]3[C@@H](O)[C@@H]21.Cl.Cl.O,O,28230.601169548496,0.9503970696380274
CCOC(=O)C1(c2ccccc2)CCN(CCC(C#N)(c2ccccc2)c2ccccc2)CC1,CC#N,31386.21209981057,0.9907911075295264
CCOC(=O)C1(c2ccccc2)CCN(CCC(C#N)(c2ccccc2)c2ccccc2)CC1,CC(C)=O,16971.0714528815,0.9904681950840166
CCOC(=O)C1(c2ccccc2)CCN(CCC(C#N)(c2ccccc2)c2ccccc2)CC1,CC(C)O,49602.635461870814,0.994803155495049
CCOC(=O)C1(c2ccccc2)CCN(CCC(C#N)(c2ccccc2)c2ccccc2)CC1,CCO,27831.66983744797,0.9920195360876604
CCOC(=O)C1(c2ccccc2)CCN(CCC(C#N)(c2ccccc2)c2ccccc2)CC1,CO,30992.933500603616,0.9936417119165226
CCOC(=O)C1(c2ccccc2)CCN(CCC(C#N)(c2ccccc2)c2ccccc2)CC1,O,38701.51793462253,0.9963345548119974
CCOC(=O)C1=C(COCCN)NC(C)=C(C(=O)OC)C1c1ccccc1Cl.O=S(=O)(O)c1ccccc1,O,37511.22318763893,0.9529984025119907
CCOC(=O)C1=C[C@]2(CC)CCCN3CCc4c(n1c1ccccc41)[C@@H]32,CCC(C)=O,28222.34654572395,0.999922696199126
CCOC(=O)C1=C[C@]2(CC)CCCN3CCc4c(n1c1ccccc41)[C@@H]32,CCCCO,40118.70746894338,0.9995747285588232
CCOC(=O)C1=C[C@]2(CC)CCCN3CCc4c(n1c1ccccc41)[C@@H]32,CCCO,37121.55865719025,0.9997716976335812
CCOC(=O)C1=C[C@]2(CC)CCCN3CCc4c(n1c1ccccc41)[C@@H]32,CCO,33422.89350543614,0.9996260771700842
CCOC(=O)C1=C[C@]2(CC)CCCN3CCc4c(n1c1ccccc41)[C@@H]32,CCOC(C)=O,28825.205677561346,0.9996858936777216
CCOC(=O)C1=C[C@]2(CC)CCCN3CCc4c(n1c1ccccc41)[C@@H]32,CO,30817.70773109334,0.99916628526163
CCOC(=O)C1=C[C@]2(CC)CCCN3CCc4c(n1c1ccccc41)[C@@H]32,COC(C)=O,32022.14811825398,0.9996415803701448
CCOC(=O)CCC(=O)O[C@H]1[C@H](O[C@@H]2[C@@H](C)[C@H](O[C@H]3C[C@@](C)(OC)[C@@H](O)[C@H](C)O3)[C@@H](C)C(=O)O[C@H](CC)[C@@](C)(O)[C@H](O)[C@@H](C)C(=O)[C@H](C)C[C@@]2(C)O)O[C@H](C)C[C@@H]1N(C)C,C1CCOC1,26592.03240440677,0.9957751402345352
CCOC(=O)CCC(=O)O[C@H]1[C@H](O[C@@H]2[C@@H](C)[C@H](O[C@H]3C[C@@](C)(OC)[C@@H](O)[C@H](C)O3)[C@@H](C)C(=O)O[C@H](CC)[C@@](C)(O)[C@H](O)[C@@H](C)C(=O)[C@H](C)C[C@@]2(C)O)O[C@H](C)C[C@@H]1N(C)C,CC#N,38578.49746798217,0.9952322820820214
CCOC(=O)CCC(=O)O[C@H]1[C@H](O[C@@H]2[C@@H](C)[C@H](O[C@H]3C[C@@](C)(OC)[C@@H](O)[C@H](C)O3)[C@@H](C)C(=O)O[C@H](CC)[C@@](C)(O)[C@H](O)[C@@H](C)C(=O)[C@H](C)C[C@@]2(C)O)O[C@H](C)C[C@@H]1N(C)C,CC(C)=O,33477.26570766497,0.9989489436674484
CCOC(=O)CCC(=O)O[C@H]1[C@H](O[C@@H]2[C@@H](C)[C@H](O[C@H]3C[C@@](C)(OC)[C@@H](O)[C@H](C)O3)[C@@H](C)C(=O)O[C@H](CC)[C@@](C)(O)[C@H](O)[C@@H](C)C(=O)[C@H](C)C[C@@]2(C)O)O[C@H](C)C[C@@H]1N(C)C,CC(C)O,43969.44923938256,0.9976053415851196
CCOC(=O)CCC(=O)O[C@H]1[C@H](O[C@@H]2[C@@H](C)[C@H](O[C@H]3C[C@@](C)(OC)[C@@H](O)[C@H](C)O3)[C@@H](C)C(=O)O[C@H](CC)[C@@](C)(O)[C@H](O)[C@@H](C)C(=O)[C@H](C)C[C@@]2(C)O)O[C@H](C)C[C@@H]1N(C)C,CCCCCC,43763.53221465081,0.9931649229696268
CCOC(=O)Cc1c(C(=O)OCC)sc(N(CC(=O)OCC)CC(=O)OCC)c1C#N,CC(C)=O,24149.625864927333,0.9975159390403722
CCOC(=O)Cc1c(C(=O)OCC)sc(N(CC(=O)OCC)CC(=O)OCC)c1C#N,CC(C)O,59565.85663803376,0.9999358569147172
CCOC(=O)Cc1c(C(=O)OCC)sc(N(CC(=O)OCC)CC(=O)OCC)c1C#N,CCCCO,61323.58232163003,0.9997321716949268
CCOC(=O)Cc1c(C(=O)OCC)sc(N(CC(=O)OCC)CC(=O)OCC)c1C#N,CCCO,60372.59026813524,0.999860883332937
CCOC(=O)Cc1c(C(=O)OCC)sc(N(CC(=O)OCC)CC(=O)OCC)c1C#N,CCO,57135.41251741913,0.999930485074268
CCOC(=O)Cc1c(C(=O)OCC)sc(N(CC(=O)OCC)CC(=O)OCC)c1C#N,CCOC(C)=O,39555.890898346646,0.9998254018414529
CCOC(=O)Cc1c(C(=O)OCC)sc(N(CC(=O)OCC)CC(=O)OCC)c1C#N,CO,52992.04345827869,0.999824474762573
CCOC(=O)Cc1c(C(=O)OCC)sc(N(CC(=O)OCC)CC(=O)OCC)c1C#N,Cc1ccccc1,42579.965966489886,0.9993744273016236
CCOC(=O)Cc1c(C(=O)OCC)sc(N)c1C#N,CC#N,27096.76810152417,0.9998042550650248
CCOC(=O)Cc1c(C(=O)OCC)sc(N)c1C#N,CC(C)O,34897.752576063736,0.9997344566594256
CCOC(=O)Cc1c(C(=O)OCC)sc(N)c1C#N,CCCCO,34396.15057101388,0.999572589467025
CCOC(=O)Cc1c(C(=O)OCC)sc(N)c1C#N,CCCO,34132.13100921082,0.9996254074943004
CCOC(=O)Cc1c(C(=O)OCC)sc(N)c1C#N,CCO,31378.35273169228,0.9998745500281622
CCOC(=O)Cc1c(C(=O)OCC)sc(N)c1C#N,CCOC(C)=O,13847.433450155238,0.9980138690791822
CCOC(=O)Cc1c(C(=O)OCC)sc(N)c1C#N,CO,29597.814076950817,0.9998676885458396
CCOC(=O)Cc1c(C(=O)OCC)sc(N)c1C#N,Cc1ccccc1,32895.90917270896,0.9999143015756744
CCOC(=O)N1CCC(=C2c3ccc(Cl)cc3CCc3cccnc32)CC1,CC(C)=O,32117.883952973192,0.9936208634907224
CCOC(=O)N1CCC(=C2c3ccc(Cl)cc3CCc3cccnc32)CC1,CC(C)O,43586.53482966892,0.9946160434901372
CCOC(=O)N1CCC(=C2c3ccc(Cl)cc3CCc3cccnc32)CC1,CCCCCO,33539.80507271139,0.9997323808941307
CCOC(=O)N1CCC(=C2c3ccc(Cl)cc3CCc3cccnc32)CC1,CCCCO,33627.510425215616,0.9994930949458348
CCOC(=O)N1CCC(=C2c3ccc(Cl)cc3CCc3cccnc32)CC1,CCCO,35077.23821664783,0.9986092188353204
CCOC(=O)N1CCC(=C2c3ccc(Cl)cc3CCc3cccnc32)CC1,CCO,37126.47586366203,0.992614711279168
CCOC(=O)N1CCC(=C2c3ccc(Cl)cc3CCc3cccnc32)CC1,CCOC(C)=O,28315.063980728315,0.9946971529030184
CCOC(=O)N1CCC(=C2c3ccc(Cl)cc3CCc3cccnc32)CC1,CN(C)C=O,30331.527951913977,0.9989181281127832
CCOC(=O)N1CCC(=C2c3ccc(Cl)cc3CCc3cccnc32)CC1,CO,40967.66811791724,0.9985525151068958
CCOC(=O)OC1=C(c2cc(C)ccc2C)C(=O)NC12CCC(OC)CC2,CC(C)=O,28115.160628920687,0.9989537212191796
CCOC(=O)OC1=C(c2cc(C)ccc2C)C(=O)NC12CCC(OC)CC2,CC(C)O,40500.845060942906,0.9985949185721062
CCOC(=O)OC1=C(c2cc(C)ccc2C)C(=O)NC12CCC(OC)CC2,CCO,35201.6134366422,0.9958144411938225
CCOC(=O)OC1=C(c2cc(C)ccc2C)C(=O)NC12CCC(OC)CC2,CO,32706.89886854547,0.9950923834876594
CCOC(=O)[C@@H](C)Oc1ccc(Oc2cnc3cc(Cl)ccc3n2)cc1,C1COCCO1,31319.39189386173,0.9977668314295108
CCOC(=O)[C@@H](C)Oc1ccc(Oc2cnc3cc(Cl)ccc3n2)cc1,CC#N,35230.98984757411,0.998769646542382
CCOC(=O)[C@@H](C)Oc1ccc(Oc2cnc3cc(Cl)ccc3n2)cc1,CC(C)(C)O,31016.586586681777,0.9847834489420602
CCOC(=O)[C@@H](C)Oc1ccc(Oc2cnc3cc(Cl)ccc3n2)cc1,CC(C)CO,33987.3375061101,0.9808928281327272
CCOC(=O)[C@@H](C)Oc1ccc(Oc2cnc3cc(Cl)ccc3n2)cc1,CC(C)O,33119.09426111753,0.994245120887094
CCOC(=O)[C@@H](C)Oc1ccc(Oc2cnc3cc(Cl)ccc3n2)cc1,CCCCCCC,43748.47339279333,0.9905053963562352
CCOC(=O)[C@@H](C)Oc1ccc(Oc2cnc3cc(Cl)ccc3n2)cc1,CCCO,34654.25024954037,0.9979186182675648
CCOC(=O)[C@@H](C)Oc1ccc(Oc2cnc3cc(Cl)ccc3n2)cc1,CCO,45225.07866558443,0.9899590161881944
CCOC(=O)[C@@H](C)Oc1ccc(Oc2cnc3cc(Cl)ccc3n2)cc1,CN(C)C=O,26028.09695851708,0.9962959398021444
CCOC(=O)[C@@H](C)Oc1ccc(Oc2cnc3cc(Cl)ccc3n2)cc1,CO,56454.72537546951,0.9996450531766672
CCOC(=O)[C@@H](C)Oc1ccc(Oc2nc3ccc(Cl)cc3o2)cc1,CCO,27199.288575027625,0.9995777894758028
CCOC(=O)[C@@H](N)CCc1ccccc1.Cl,C1COCCO1,41569.215607732265,0.9726713623191864
CCOC(=O)[C@@H](N)CCc1ccccc1.Cl,CC(C)CO,29479.25689145635,0.9902331961275976
CCOC(=O)[C@@H](N)CCc1ccccc1.Cl,CC(C)O,25589.962299876777,0.9889530181313966
CCOC(=O)[C@@H](N)CCc1ccccc1.Cl,CCC(C)=O,32332.829994476742,0.9561820465689316
CCOC(=O)[C@@H](N)CCc1ccccc1.Cl,CCC(C)O,32753.08124207219,0.9638352290498078
CCOC(=O)[C@@H](N)CCc1ccccc1.Cl,CCCCCO,25222.28814660247,0.9923999608042734
CCOC(=O)[C@@H](N)CCc1ccccc1.Cl,CCCCO,14789.490401493462,0.9673354392425956
CCOC(=O)[C@@H](N)CCc1ccccc1.Cl,COC(C)=O,43366.07511058426,0.9657111181174144
CCOC(=O)[C@@H](N)CCc1ccccc1.Cl,ClCCl,37160.69402100697,0.999249727850913
CCOC(=O)[C@@H]1CSCN1.Cl,C1COCCO1,37116.18769043047,0.9884399016836548
CCOC(=O)[C@@H]1CSCN1.Cl,CC#N,51618.92274649852,0.9744499343150826
CCOC(=O)[C@@H]1CSCN1.Cl,CC(C)=O,72778.96431267782,0.9986983474262968
CCOC(=O)[C@@H]1CSCN1.Cl,CC(C)CO,39221.86771828796,0.9954930919621072
CCOC(=O)[C@@H]1CSCN1.Cl,CC(C)O,30068.90609512577,0.9609825788285372
CCOC(=O)[C@@H]1CSCN1.Cl,CCCCO,46030.366722324536,0.951311915917538
CCOC(=O)[C@@H]1CSCN1.Cl,CCCO,33807.5065161626,0.9975824606984692
CCOC(=O)[C@@H]1CSCN1.Cl,CCO,31209.668884647628,0.9858909400548702
CCOC(=O)[C@@H]1CSCN1.Cl,CO,22565.58150840955,0.9988421798754118
CCOC(=O)[C@@H]1CSCN1.Cl,COC(C)=O,36912.22659233089,0.993679419655042
CCOC(=O)[C@@H]1CSCN1.Cl,ClCCl,36695.38665935409,0.9644526610423102
CCOC(=O)[C@@H]1CSCN1.Cl,O,17261.487978804384,0.9927903499749252
CCOC(=O)[C@H](CCc1ccccc1)N[C@@H](C)C(=O)N1CCC[C@H]1C(=O)O.O=C(O)/C=C\C(=O)O,CCCCCCCCO,33319.25621636862,0.9993369559131128
CCOC(=O)[C@H](CCc1ccccc1)N[C@@H](C)C(=O)N1CCC[C@H]1C(=O)O.O=C(O)/C=C\C(=O)O,CCOC(C)=O,30936.12874594533,0.9942807753222416
CCOC(=O)[C@H](CCc1ccccc1)N[C@@H](C)C(=O)O,CC#N,52712.02839220962,0.9996362953127288
CCOC(=O)[C@H](CCc1ccccc1)N[C@@H](C)C(=O)O,CC(C)=O,13738.558750535163,0.9940589275889524
CCOC(=O)[C@H](CCc1ccccc1)N[C@@H](C)C(=O)O,CC(C)O,20730.875184490807,0.9970817063936352
CCOC(=O)[C@H](CCc1ccccc1)N[C@@H](C)C(=O)O,CCO,10417.649524725612,0.9502148013157072
CCOC(=O)[C@H](CCc1ccccc1)N[C@@H](C)C(=O)O,CCOC(C)=O,6259.270139661384,0.9649367977540394
CCOC(=O)c1c(CSc2ccccc2)n(C)c2cc(Br)c(O)c(CN(C)C)c12.Cl.O,CC(C)=O,49290.5877167911,0.9984137464969488
CCOC(=O)c1c(CSc2ccccc2)n(C)c2cc(Br)c(O)c(CN(C)C)c12.Cl.O,CC(C)O,41802.55822077475,0.9988434075886912
CCOC(=O)c1c(CSc2ccccc2)n(C)c2cc(Br)c(O)c(CN(C)C)c12.Cl.O,CCCO,33161.99767665755,0.9912988261031468
CCOC(=O)c1c(CSc2ccccc2)n(C)c2cc(Br)c(O)c(CN(C)C)c12.Cl.O,CCO,30676.60911860793,0.9820428380817366
CCOC(=O)c1c(CSc2ccccc2)n(C)c2cc(Br)c(O)c(CN(C)C)c12.Cl.O,CCOC(C)=O,33249.83231968369,0.9993874398855042
CCOC(=O)c1c(CSc2ccccc2)n(C)c2cc(Br)c(O)c(CN(C)C)c12.Cl.O,CN(C)C=O,19680.37776197806,0.9903440086285298
CCOC(=O)c1c(CSc2ccccc2)n(C)c2cc(Br)c(O)c(CN(C)C)c12.Cl.O,CN1CCCC1=O,16139.748501315064,0.9815833208422352
CCOC(=O)c1c(CSc2ccccc2)n(C)c2cc(Br)c(O)c(CN(C)C)c12.Cl.O,CO,18744.737984458003,0.9900318624587244
CCOC(=O)c1c(CSc2ccccc2)n(C)c2cc(Br)c(O)c(CN(C)C)c12.Cl.O,O,33333.507894366056,0.994100799013638
CCOC(=O)c1ccc(N)cc1,C1CCCCC1,38740.42160960225,0.991797070920885
CCOC(=O)c1ccc(N)cc1,CC(C)CO,46181.038845216775,0.978477812892802
CCOC(=O)c1ccc(N)cc1,CCCCCCCCO,32593.51384514544,0.9966936885628116
CCOC(=O)c1ccc(N)cc1,CCCCO,42631.83625479545,0.9910998971535137
CCOC(=O)c1ccc(N)cc1,CCCO,40273.57703897743,0.9842508625261256
CCOC(=O)c1ccc(N)cc1,CCO,36999.78560764832,0.9872943350519496
CCOC(=O)c1ccc(N)cc1,CO,37056.86130471216,0.9905980205720109
CCOC(=O)c1ccc(O)cc1,CC(C)O,18843.93831837277,0.9820566900898288
CCOC(=O)c1ccc(O)cc1,CCCO,20406.38843999105,0.9871592725518876
CCOC(=O)c1ccc(O)cc1,CCO,21789.01653866129,0.9970201936461636
CCOC(=O)c1ccc(O)cc1,O,37053.69923721023,0.980180003585836
CCOc1cc(C=O)ccc1O,CCO,37598.87107961744,0.9937181934594768
CCOc1cc(C=O)ccc1O,CO,34352.59858863284,0.9989609098177046
CCOc1ccc(C2NC(=O)NC=C2C(=O)c2cc(OC)c(OC)c(OC)c2)cc1,CC(C)O,33828.13850825107,0.9945636348044962
CCOc1ccc(C2NC(=O)NC=C2C(=O)c2cc(OC)c(OC)c(OC)c2)cc1,CC(O)CO,37233.759848130416,0.996149837169586
CCOc1ccc(C2NC(=O)NC=C2C(=O)c2cc(OC)c(OC)c(OC)c2)cc1,CCC(C)O,29441.43721318825,0.9949254890708538
CCOc1ccc(C2NC(=O)NC=C2C(=O)c2cc(OC)c(OC)c(OC)c2)cc1,CCCCO,29726.12138388317,0.9944200452979232
CCOc1ccc(C2NC(=O)NC=C2C(=O)c2cc(OC)c(OC)c(OC)c2)cc1,CCO,38512.99040324493,0.9960910699764316
CCOc1ccc(C2NC(=O)NC=C2C(=O)c2cc(OC)c(OC)c(OC)c2)cc1,CCOCCOCCO,27872.73662886521,0.9994699601343152
CCOc1ccc(C2NC(=O)NC=C2C(=O)c2cc(OC)c(OC)c(OC)c2)cc1,CO,31575.385055261904,0.9937427235454684
CCOc1ccc(C2NC(=O)NC=C2C(=O)c2cc(OC)c(OC)c(OC)c2)cc1,O,46260.03366146581,0.9973989810677112
CCOc1ccc(C2NC(=O)NC=C2C(=O)c2cc(OC)c(OC)c(OC)c2)cc1,OCCO,38219.838857026254,0.9954806649790056
CCOc1ccc(C=O)cc1O,C1CCOC1,21777.66142840827,0.9992531269265136
CCOc1ccc(C=O)cc1O,CC#N,30347.3622201666,0.9913906431351162
CCOc1ccc(C=O)cc1O,CC(=O)OC(C)C,22660.178923663992,0.9875853315817996
CCOc1ccc(C=O)cc1O,CC(C)=O,18287.393861127737,0.9750899966378204
CCOc1ccc(C=O)cc1O,CC(C)O,37846.97430466906,0.9976336105115876
CCOc1ccc(C=O)cc1O,CCCO,34540.14045501253,0.9948567042710378
CCOc1ccc(C=O)cc1O,CCO,31091.38431104665,0.994423473344416
CCOc1ccc(C=O)cc1O,CCOC(C)=O,24487.301330075286,0.9858614628160716
CCOc1ccc(C=O)cc1O,CCOC=O,27687.722561877352,0.9949196454089684
CCOc1ccc(C=O)cc1O,CO,41820.15917924374,0.9956889405199127
CCOc1ccc(C=O)cc1O,COC(C)=O,25607.49564954657,0.9939665301742214
CCOc1ccc(C=O)cc1O,Cc1ccccc1,22641.67226327056,0.9938879004515389
CCOc1ccc(NC(C)=O)cc1,C1CCOC1,29921.61394650783,0.9958269716154636
CCOc1ccc(NC(C)=O)cc1,CC#N,36637.35736005544,0.997071760214954
CCOc1ccc(NC(C)=O)cc1,CC(=O)N(C)C,23609.184867951903,0.9982661808356996
CCOc1ccc(NC(C)=O)cc1,CC(C)O,34919.68863101445,0.9842548421017504
CCOc1ccc(NC(C)=O)cc1,CCC(C)O,31317.558124113468,0.9949731838249584
CCOc1ccc(NC(C)=O)cc1,CCCCCO,31844.703838511505,0.9946063289248044
CCOc1ccc(NC(C)=O)cc1,CCCO,33506.20289118862,0.991707838068799
CCOc1ccc(NC(C)=O)cc1,CCCOC(C)=O,28305.678145023663,0.9902350155205872
CCOc1ccc(NC(C)=O)cc1,CCO,33278.8992996295,0.9924451709357548
CCOc1ccc(NC(C)=O)cc1,CCOC(C)=O,30649.515345322816,0.99238523161057
CCOc1ccc(NC(C)=O)cc1,CCOC=O,29155.399632775625,0.9904594007693326
CCOc1ccc(NC(C)=O)cc1,CN(C)C=O,18496.94919075208,0.9839952448304912
CCOc1ccc(NC(C)=O)cc1,CO,35930.8210006905,0.993300639320138
CCOc1ccc(NC(C)=O)cc1,c1ccccc1,41046.19261960154,0.9918704117341196
CCOc1ccc(OCC)cc1,CC#N,62790.927902785,0.935062659644597
CCOc1ccc(OCC)cc1,CC(=O)OCC(C)C,43464.77351756101,0.9991466472033378
CCOc1ccc(OCC)cc1,CC(C)=O,38645.6831975012,0.9767769997668916
CCOc1ccc(OCC)cc1,CCC(C)=O,36261.82906013981,0.9802853025373404
CCOc1ccc(OCC)cc1,CCCCOC(C)=O,36706.67319560881,0.9960141639574902
CCOc1ccc(OCC)cc1,CCCOC(C)=O,41151.92066922833,0.9979130641566374
CCOc1ccc(OCC)cc1,CCO,43332.45536006641,0.9727632614839457
CCOc1ccc(OCC)cc1,CO,46963.31570341,0.9963096368708988
CCOc1ccc(OCC)cc1,COC(C)=O,40591.64800647658,0.9971377829254096
CCOc1ccc2ccccc2c1C(=O)N[C@@H]1C(=O)N2[C@@H]1SC(C)(C)[C@@H]2C(=O)[O-].[Na+],CC#N,33999.37288801867,0.9763108328135016
CCOc1ccc2ccccc2c1C(=O)N[C@@H]1C(=O)N2[C@@H]1SC(C)(C)[C@@H]2C(=O)[O-].[Na+],CC(C)=O,38116.34414726096,0.9702946893748328
CCOc1ccc2ccccc2c1C(=O)N[C@@H]1C(=O)N2[C@@H]1SC(C)(C)[C@@H]2C(=O)[O-].[Na+],CC(C)O,16990.71333842825,0.9972652884574535
CCOc1ccc2ccccc2c1C(=O)N[C@@H]1C(=O)N2[C@@H]1SC(C)(C)[C@@H]2C(=O)[O-].[Na+],CCCCOC(C)=O,29992.5219572552,0.9550498436737264
CCOc1ccc2ccccc2c1C(=O)N[C@@H]1C(=O)N2[C@@H]1SC(C)(C)[C@@H]2C(=O)[O-].[Na+],CO,25080.2665731484,0.9877239772194888
CCOc1ccc2ccccc2c1C(=O)O,CC#N,29910.26892101937,0.9958931284154996
CCOc1ccc2ccccc2c1C(=O)O,CC(C)CO,32623.30128036786,0.9953692938165544
CCOc1ccc2ccccc2c1C(=O)O,CCCO,29493.025648346866,0.9912853435910908
CCOc1ccc2ccccc2c1C(=O)O,CCCOC(C)=O,22810.68020728919,0.9976596081477028
CCOc1ccc2ccccc2c1C(=O)O,CCOC(C)=O,23074.5928402586,0.9976429547942216
CCOc1ccc2ccccc2c1C(=O)O,CO,28548.803489658363,0.9991437372306736
CCOc1cccc(C=O)c1O,CC#N,40965.41654021043,0.9927566479275344
CCOc1cccc(C=O)c1O,CC(C)=O,40854.52565994873,0.9959473093711816
CCOc1cccc(C=O)c1O,CC(C)O,58250.53956906982,0.991959812213983
CCOc1cccc(C=O)c1O,CCCCO,51025.517320932304,0.9899835679194892
CCOc1cccc(C=O)c1O,CCCCOC(C)=O,36601.003269495326,0.9965411212847232
CCOc1cccc(C=O)c1O,CCCO,55212.93173863237,0.9910606539681598
CCOc1cccc(C=O)c1O,CCO,59919.21725803561,0.9908080110126146
CCOc1cccc(C=O)c1O,CCOC(C)=O,35324.12820987807,0.9906356161143048
CCOc1cccc(C=O)c1O,CO,73130.92703753829,0.9954957292560924
CCOc1cccc(C=O)c1O,COC(C)=O,40498.45291769072,0.993774865377454
CCOc1cccc(C=O)c1O,O,25950.877969181227,0.991535026256527
CCOc1ccccc1C(N)=O,C1COCCO1,34281.83414527826,0.9974379198440148
CCOc1ccccc1C(N)=O,CC(C)=O,31458.91955595036,0.9984690290048748
CCOc1ccccc1C(N)=O,CC(C)O,37918.66180902557,0.9670966692696874
CCOc1ccccc1C(N)=O,CCCCO,36830.09122599048,0.998216656422812
CCOc1ccccc1C(N)=O,CCCCOC(C)=O,31075.63031992433,0.9961673929703256
CCOc1ccccc1C(N)=O,CCCO,39290.06013138828,0.9972065618919264
CCOc1ccccc1C(N)=O,CCOC(C)=O,43946.1597964343,0.9998018113815452
CCOc1ccccc1C(N)=O,CCOC=O,32116.22488133469,0.9968605176641924
CCOc1ccccc1C(N)=O,CN(C)C=O,23798.95049453581,0.9989479798452232
CCOc1ccccc1C(N)=O,CO,31755.7183979509,0.9864465006797112
CCOc1nc2cccc(C(=O)OC(C)OC(=O)OC3CCCCC3)c2n1Cc1ccc(-c2ccccc2-c2nn[nH]n2)cc1,CC#N,38922.82986754955,0.9964782980581924
CCOc1nc2cccc(C(=O)OC(C)OC(=O)OC3CCCCC3)c2n1Cc1ccc(-c2ccccc2-c2nn[nH]n2)cc1,CCCO,38144.91489432466,0.9969256113950998
CCOc1ncc(C)c2c1[C@H](c1ccc(C#N)cc1OC)C(C(N)=O)=C(C)N2,CC#N,18506.74506033424,0.998820454924306
CCOc1ncc(C)c2c1[C@H](c1ccc(C#N)cc1OC)C(C(N)=O)=C(C)N2,CC(=O)OC(C)C,17522.918735517866,0.9863468927931284
CCOc1ncc(C)c2c1[C@H](c1ccc(C#N)cc1OC)C(C(N)=O)=C(C)N2,CC(C)=O,10567.635404247178,0.9928485640835998
CCOc1ncc(C)c2c1[C@H](c1ccc(C#N)cc1OC)C(C(N)=O)=C(C)N2,CC(C)O,31264.54559804912,0.9931090165348112
CCOc1ncc(C)c2c1[C@H](c1ccc(C#N)cc1OC)C(C(N)=O)=C(C)N2,CCC(C)=O,10121.458120233054,0.99742277355759
CCOc1ncc(C)c2c1[C@H](c1ccc(C#N)cc1OC)C(C(N)=O)=C(C)N2,CCO,19252.430057433136,0.9980218779308514
CCOc1ncc(C)c2c1[C@H](c1ccc(C#N)cc1OC)C(C(N)=O)=C(C)N2,CO,8914.030838003038,0.9949934097703248
CCOc1ncc(C)c2c1[C@H](c1ccc(C#N)cc1OC)C(C(N)=O)=C(C)N2,COC(C)=O,11083.385162903052,0.998513554757692
CCOc1ncc(C)c2c1[C@H](c1ccc(C#N)cc1OC)C(C(N)=O)=C(C)N2,ClCCl,10322.602354799674,0.9935003657276144
CCS(=O)(=O)CCn1c([N+](=O)[O-])cnc1C,CC(=O)N(C)C,19545.882022390542,0.9971326606577214
CCS(=O)(=O)CCn1c([N+](=O)[O-])cnc1C,CC(C)=O,28767.63606433733,0.9972176980394092
CCS(=O)(=O)CCn1c([N+](=O)[O-])cnc1C,CCCCOC(C)=O,27473.8099483563,0.9984327828819904
CCS(=O)(=O)CCn1c([N+](=O)[O-])cnc1C,CCCCOCCO,32286.41512518107,0.995027501202176
CCS(=O)(=O)CCn1c([N+](=O)[O-])cnc1C,CCCOC(C)=O,26860.90911677734,0.998923543344219
CCS(=O)(=O)CCn1c([N+](=O)[O-])cnc1C,CCCOCCO,31778.86413339456,0.9961890035745284
CCS(=O)(=O)CCn1c([N+](=O)[O-])cnc1C,CCOC(C)=O,25807.345603412563,0.997970725873616
CCS(=O)(=O)CCn1c([N+](=O)[O-])cnc1C,CCOCCO,29957.18119072552,0.9966346203642896
CCS(=O)(=O)CCn1c([N+](=O)[O-])cnc1C,CN(C)C=O,21352.754236157325,0.9982492129748152
CCS(=O)(=O)CCn1c([N+](=O)[O-])cnc1C,CN1CCCC1=O,17231.82512173351,0.998046412847428
CCS(=O)(=O)CCn1c([N+](=O)[O-])cnc1C,CO,39442.66676422228,0.9961721421698562
CCS(=O)(=O)CCn1c([N+](=O)[O-])cnc1C,COC(C)=O,24838.514946084488,0.9992882854568204
CCS(=O)(=O)CCn1c([N+](=O)[O-])cnc1C,COCCO,28248.79869410209,0.9953492056786972
CCS(=O)(=O)O.COC(=O)c1ccc2c(C(=Nc3ccc(N(C)C(=O)CN4CCN(C)CC4)cc3)c3ccccc3)c(O)[nH]c2c1,CC#N,31432.245518624004,0.9874454669930895
CCS(=O)(=O)O.COC(=O)c1ccc2c(C(=Nc3ccc(N(C)C(=O)CN4CCN(C)CC4)cc3)c3ccccc3)c(O)[nH]c2c1,CC(=O)N(C)C,24029.813905670308,0.9969848539087268
CCS(=O)(=O)O.COC(=O)c1ccc2c(C(=Nc3ccc(N(C)C(=O)CN4CCN(C)CC4)cc3)c3ccccc3)c(O)[nH]c2c1,CC(C)=O,24436.97231636802,0.9964378975549096
CCS(=O)(=O)O.COC(=O)c1ccc2c(C(=Nc3ccc(N(C)C(=O)CN4CCN(C)CC4)cc3)c3ccccc3)c(O)[nH]c2c1,CC(C)O,38439.11765944611,0.9993670257906055
CCS(=O)(=O)O.COC(=O)c1ccc2c(C(=Nc3ccc(N(C)C(=O)CN4CCN(C)CC4)cc3)c3ccccc3)c(O)[nH]c2c1,CCCCO,32528.007227029066,0.9925082270150352
CCS(=O)(=O)O.COC(=O)c1ccc2c(C(=Nc3ccc(N(C)C(=O)CN4CCN(C)CC4)cc3)c3ccccc3)c(O)[nH]c2c1,CCCO,33819.53486252502,0.993291329632782
CCS(=O)(=O)O.COC(=O)c1ccc2c(C(=Nc3ccc(N(C)C(=O)CN4CCN(C)CC4)cc3)c3ccccc3)c(O)[nH]c2c1,CCO,22925.53751529973,0.9998424312053784
CCS(=O)(=O)O.COC(=O)c1ccc2c(C(=Nc3ccc(N(C)C(=O)CN4CCN(C)CC4)cc3)c3ccccc3)c(O)[nH]c2c1,CN(C)C=O,18591.87123285248,0.9929851989767454
CCS(=O)(=O)O.COC(=O)c1ccc2c(C(=Nc3ccc(N(C)C(=O)CN4CCN(C)CC4)cc3)c3ccccc3)c(O)[nH]c2c1,ClCCl,14703.986411711803,0.9915693537506252
CCS(=O)(=O)c1cccnc1S(=O)(=O)NC(=O)Nc1nc(OC)cc(OC)n1,CCO,23867.236542678205,0.9992180403497628
CCS(=O)(=O)c1cccnc1S(=O)(=O)NC(=O)Nc1nc(OC)cc(OC)n1,CN(C)C=O,24469.64537445781,0.9977394714626368
CCS(=O)(=O)c1cccnc1S(=O)(=O)NC(=O)Nc1nc(OC)cc(OC)n1,CO,24080.08349659192,0.9987811489838502
CCS(=O)(=O)c1cccnc1S(=O)(=O)NC(=O)Nc1nc(OC)cc(OC)n1,O,24593.85784898805,0.9988619749882937
CCS(=O)(=O)c1cccnc1S(=O)(=O)NC(=O)Nc1nc(OC)cc(OC)n1,OCCO,24278.26657185661,0.9986562527406748
CC[C@@H](C(=O)[C@@H](C)[C@@H](O)[C@H](C)CCc1ccc(C)c(O)c1C(=O)[O-])[C@H]1O[C@](CC)([C@H]2CC[C@](O)(CC)[C@H](C)O2)C[C@@H]1C.[Na+],CC(C)=O,1592.9113684477425,0.9822275054198734
CC[C@@H](C(=O)[C@@H](C)[C@@H](O)[C@H](C)CCc1ccc(C)c(O)c1C(=O)[O-])[C@H]1O[C@](CC)([C@H]2CC[C@](O)(CC)[C@H](C)O2)C[C@@H]1C.[Na+],CC(C)O,19247.1330848481,0.9891411809278788
CC[C@@H](C(=O)[C@@H](C)[C@@H](O)[C@H](C)CCc1ccc(C)c(O)c1C(=O)[O-])[C@H]1O[C@](CC)([C@H]2CC[C@](O)(CC)[C@H](C)O2)C[C@@H]1C.[Na+],CCO,17679.662868684052,0.989081856188697
CC[C@@H](C(=O)[C@@H](C)[C@@H](O)[C@H](C)CCc1ccc(C)c(O)c1C(=O)[O-])[C@H]1O[C@](CC)([C@H]2CC[C@](O)(CC)[C@H](C)O2)C[C@@H]1C.[Na+],CCOC(C)=O,1443.302902709329,0.9917089486748965
CC[C@@H](C(=O)[C@@H](C)[C@@H](O)[C@H](C)CCc1ccc(C)c(O)c1C(=O)[O-])[C@H]1O[C@](CC)([C@H]2CC[C@](O)(CC)[C@H](C)O2)C[C@@H]1C.[Na+],CO,13803.863362486609,0.9917310944184172
CC[C@@H](C(N)=O)N1CCCC1=O,C1COCCO1,32891.5792873464,0.9996064943599584
CC[C@@H](C(N)=O)N1CCCC1=O,CC(C)=O,32909.52549746724,0.9997484489740944
CC[C@@H](C(N)=O)N1CCCC1=O,CCCO,28153.886107061884,0.9997383133270568
CC[C@@H](C(N)=O)N1CCCC1=O,CCO,25566.320316396097,0.9996964043839832
CC[C@@H](C(N)=O)N1CCCC1=O,CCOC(C)=O,31868.60946051963,0.999878274718081
CC[C@@]1(O)C(=O)OCc2c1cc1n(c2=O)Cc2cc3ccccc3nc2-1,CCO,25059.45853200566,0.9990946514381178
CC[C@@]1(O)C(=O)OCc2c1cc1n(c2=O)Cc2cc3ccccc3nc2-1,CO,24193.65497205384,0.9993267014742396
CC[C@@]1(O)C(=O)OCc2c1cc1n(c2=O)Cc2cc3ccccc3nc2-1,ClC(Cl)Cl,13757.680200430988,0.9948806155196476
CC[C@H](/C=C/[C@@H](C)[C@H]1CC[C@H]2[C@@H]3CC=C4C[C@@H](OC(=O)/C=C\C(=O)O)CC[C@]4(C)[C@H]3CC[C@]12C)C(C)C,CC(C)=O,22526.828792917848,0.9993436532177596
CC[C@H](/C=C/[C@@H](C)[C@H]1CC[C@H]2[C@@H]3CC=C4C[C@@H](OC(=O)/C=C\C(=O)O)CC[C@]4(C)[C@H]3CC[C@]12C)C(C)C,CCOC(C)=O,34260.88110094,0.9848781784192988
CC[C@H](C)C(=O)O[C@H]1C[C@@H](C)C=C2C=C[C@H](C)[C@H](CC[C@@H]3C[C@@H](O)CC(=O)O3)[C@H]21,CC(=O)OC(C)C,23773.59380132903,0.9983791494355856
CC[C@H](C)C(=O)O[C@H]1C[C@@H](C)C=C2C=C[C@H](C)[C@H](CC[C@@H]3C[C@@H](O)CC(=O)O3)[C@H]21,CC(=O)OCC(C)C,24244.8998417748,0.9972200279089056
CC[C@H](C)C(=O)O[C@H]1C[C@@H](C)C=C2C=C[C@H](C)[C@H](CC[C@@H]3C[C@@H](O)CC(=O)O3)[C@H]21,CC(C)=O,26918.03873193884,0.9917451823866696
CC[C@H](C)C(=O)O[C@H]1C[C@@H](C)C=C2C=C[C@H](C)[C@H](CC[C@@H]3C[C@@H](O)CC(=O)O3)[C@H]21,CCC(C)=O,28522.26031460392,0.9906369995235756
CC[C@H](C)C(=O)O[C@H]1C[C@@H](C)C=C2C=C[C@H](C)[C@H](CC[C@@H]3C[C@@H](O)CC(=O)O3)[C@H]21,CCCCOC(C)=O,24828.085933222203,0.9983059649522826
CC[C@H](C)C(=O)O[C@H]1C[C@@H](C)C=C2C=C[C@H](C)[C@H](CC[C@@H]3C[C@@H](O)CC(=O)O3)[C@H]21,CCCOC(C)=O,24477.17693469407,0.9981842463052818
CC[C@H](C)C(=O)O[C@H]1C[C@@H](C)C=C2C=C[C@H](C)[C@H](CC[C@@H]3C[C@@H](O)CC(=O)O3)[C@H]21,CCOC(C)=O,24740.641193951764,0.9985714822745986
CC[C@H](C)C(=O)O[C@H]1C[C@@H](C)C=C2C=C[C@H](C)[C@H](CC[C@@H]3C[C@@H](O)CC(=O)O3)[C@H]21,COC(C)=O,23191.8855676067,0.997027099188376
CC[C@H](C)C(=O)O[C@H]1C[C@H](O)C=C2C=C[C@H](C)[C@H](CC[C@@H](O)C[C@@H](O)CC(=O)[O-])[C@H]21.[Na+],CC(C)O,16010.226869101123,0.9843418027483084
CC[C@H](C)C(=O)O[C@H]1C[C@H](O)C=C2C=C[C@H](C)[C@H](CC[C@@H](O)C[C@@H](O)CC(=O)[O-])[C@H]21.[Na+],CCCCO,23012.07814952571,0.954947322498878
CC[C@H](C)C(=O)O[C@H]1C[C@H](O)C=C2C=C[C@H](C)[C@H](CC[C@@H](O)C[C@@H](O)CC(=O)[O-])[C@H]21.[Na+],CCO,14495.821249313343,0.9499909185699268
CC[C@H](C)C(=O)O[C@H]1C[C@H](O)C=C2C=C[C@H](C)[C@H](CC[C@@H](O)C[C@@H](O)CC(=O)[O-])[C@H]21.[Na+],CO,17942.944575786045,0.971548957279222
CC[C@H](C)C(=O)O[C@H]1C[C@H](O)C=C2C=C[C@H](C)[C@H](CC[C@@H](O)C[C@@H](O)CC(=O)[O-])[C@H]21.[Na+],O,31563.892498959984,0.9883882238538813
CC[C@H](C)[C@H](N)C(=O)O,C1COCCO1,20379.27136923512,0.9941457008014004
CC[C@H](C)[C@H](N)C(=O)O,CC#N,27425.59146789052,0.9839298925062664
CC[C@H](C)[C@H](N)C(=O)O,CC(C)=O,44139.25551679009,0.968579072327038
CC[C@H](C)[C@H](N)C(=O)O,CC(C)CO,24572.66234241348,0.99857890199598
CC[C@H](C)[C@H](N)C(=O)O,CC(C)O,23037.77297076557,0.9979514514227612
CC[C@H](C)[C@H](N)C(=O)O,CCC(C)=O,33391.0936831195,0.9942964212987784
CC[C@H](C)[C@H](N)C(=O)O,CCCCO,40155.47381807761,0.981252727666511
CC[C@H](C)[C@H](N)C(=O)O,CCCO,34373.68619890211,0.978360687761196
CC[C@H](C)[C@H](N)C(=O)O,CCO,36086.63541373102,0.9853499284770302
CC[C@H](C)[C@H](N)C(=O)O,CCOC(C)=O,14220.982594163352,0.9978966434115958
CC[C@H](C)[C@H](N)C(=O)O,CO,7614.704403062484,0.9521889563494764
CC[C@H](C)[C@H](N)C(=O)O,COC(C)=O,20657.74422710843,0.98958417826229
CC[C@H](C)[C@H]1O[C@]2(C=C[C@@H]1C)C[C@@H]1C[C@@H](C/C=C(\C)[C@@H](O[C@H]3C[C@H](OC)[C@@H](O[C@H]4C[C@H](OC)[C@@H](O)[C@H](C)O4)[C@H](C)O3)[C@@H](C)/C=C/C=C3\CO[C@@H]4[C@H](O)C(C)=C[C@@H](C(=O)O1)[C@]34O)O2,CC(C)=O,17850.767761306986,0.9988382940546648
CC[C@H](C)[C@H]1O[C@]2(C=C[C@@H]1C)C[C@@H]1C[C@@H](C/C=C(\C)[C@@H](O[C@H]3C[C@H](OC)[C@@H](O[C@H]4C[C@H](OC)[C@@H](O)[C@H](C)O4)[C@H](C)O3)[C@@H](C)/C=C/C=C3\CO[C@@H]4[C@H](O)C(C)=C[C@@H](C(=O)O1)[C@]34O)O2,CC(C)O,24389.36650160698,0.9967068095746466
CC[C@H](C)[C@H]1O[C@]2(CC[C@@H]1C)C[C@@H]1C[C@@H](C/C=C(\C)[C@@H](O[C@H]3C[C@H](OC)[C@@H](O[C@H]4C[C@H](OC)[C@@H](O)[C@H](C)O4)[C@H](C)O3)[C@@H](C)/C=C/C=C3\CO[C@@H]4[C@H](O)C(C)=C[C@@H](C(=O)O1)[C@]34O)O2,CC(C)O,16987.42328889149,0.9495615106915156
CC[C@H](C)[C@H]1O[C@]2(CC[C@@H]1C)C[C@@H]1C[C@@H](C/C=C(\C)[C@@H](O[C@H]3C[C@H](OC)[C@@H](O[C@H]4C[C@H](OC)[C@@H](O)[C@H](C)O4)[C@H](C)O3)[C@@H](C)/C=C/C=C3\CO[C@@H]4[C@H](O)C(C)=C[C@@H](C(=O)O1)[C@]34O)O2,CCCO,16404.299208678076,0.973853006334228
CC[C@H](C)[C@H]1O[C@]2(CC[C@@H]1C)C[C@@H]1C[C@@H](C/C=C(\C)[C@@H](O[C@H]3C[C@H](OC)[C@@H](O[C@H]4C[C@H](OC)[C@@H](O)[C@H](C)O4)[C@H](C)O3)[C@@H](C)/C=C/C=C3\CO[C@@H]4[C@H](O)C(C)=C[C@@H](C(=O)O1)[C@]34O)O2,O,11197.311044981643,0.9927166143796888
CC[C@H](CC[C@@H](C)[C@H]1CC[C@H]2[C@@H]3CC=C4C[C@@H](O)CC[C@]4(C)[C@H]3CC[C@]12C)C(C)C,CC(C)=O,23651.33272833618,0.9979003802817492
CC[C@H](CC[C@@H](C)[C@H]1CC[C@H]2[C@@H]3CC=C4C[C@@H](O)CC[C@]4(C)[C@H]3CC[C@]12C)C(C)C,CCCCCC,23657.386003714983,0.9999479612918432
CC[C@H](CC[C@@H](C)[C@H]1CC[C@H]2[C@@H]3CC=C4C[C@@H](O)CC[C@]4(C)[C@H]3CC[C@]12C)C(C)C,CCOC(C)=O,23259.943328575137,0.9994393456492868
CC[C@H](CC[C@@H](C)[C@H]1CC[C@H]2[C@@H]3CC=C4C[C@@H](O)CC[C@]4(C)[C@H]3CC[C@]12C)C(C)C,CO,26840.82909058036,0.9997226824814776
CC[C@H](CC[C@@H](C)[C@H]1CC[C@H]2[C@@H]3CC=C4C[C@@H](OC(=O)/C=C/c5ccc(O)c(OC)c5)CC[C@]4(C)[C@H]3CC[C@]12C)C(C)C,CC(C)=O,39898.70353583001,0.9834016628822376
CC[C@H](CC[C@@H](C)[C@H]1CC[C@H]2[C@@H]3CC=C4C[C@@H](OC(=O)/C=C/c5ccc(O)c(OC)c5)CC[C@]4(C)[C@H]3CC[C@]12C)C(C)C,CCOC(C)=O,41591.54285456499,0.9795020903480796
CC[C@H]1OC(=O)C[C@@H](O)[C@H](C)[C@@H](O[C@@H]2O[C@H](C)[C@@H](O[C@H]3C[C@@](C)(O)[C@@H](O)[C@H](C)O3)[C@H](N(C)C)[C@H]2O)[C@@H](CC=O)C[C@@H](C)C(=O)/C=C/C(C)=C/[C@@H]1CO[C@@H]1O[C@H](C)[C@@H](O)[C@@H](OC)[C@H]1OC.O=C(O)[C@H](O)[C@@H](O)C(=O)O,C1CCOC1,18264.990881125963,0.9961494466570168
CC[C@H]1OC(=O)C[C@@H](O)[C@H](C)[C@@H](O[C@@H]2O[C@H](C)[C@@H](O[C@H]3C[C@@](C)(O)[C@@H](O)[C@H](C)O3)[C@H](N(C)C)[C@H]2O)[C@@H](CC=O)C[C@@H](C)C(=O)/C=C/C(C)=C/[C@@H]1CO[C@@H]1O[C@H](C)[C@@H](O)[C@@H](OC)[C@H]1OC.O=C(O)[C@H](O)[C@@H](O)C(=O)O,CC(C)O,34294.163695244024,0.99719190087529
CC[C@H]1OC(=O)C[C@@H](O)[C@H](C)[C@@H](O[C@@H]2O[C@H](C)[C@@H](O[C@H]3C[C@@](C)(O)[C@@H](O)[C@H](C)O3)[C@H](N(C)C)[C@H]2O)[C@@H](CC=O)C[C@@H](C)C(=O)/C=C/C(C)=C/[C@@H]1CO[C@@H]1O[C@H](C)[C@@H](O)[C@@H](OC)[C@H]1OC.O=C(O)[C@H](O)[C@@H](O)C(=O)O,CCCO,27402.12720980785,0.9924288814359856
CC[C@H]1OC(=O)C[C@@H](O)[C@H](C)[C@@H](O[C@@H]2O[C@H](C)[C@@H](O[C@H]3C[C@@](C)(O)[C@@H](O)[C@H](C)O3)[C@H](N(C)C)[C@H]2O)[C@@H](CC=O)C[C@@H](C)C(=O)/C=C/C(C)=C/[C@@H]1CO[C@@H]1O[C@H](C)[C@@H](O)[C@@H](OC)[C@H]1OC.O=C(O)[C@H](O)[C@@H](O)C(=O)O,CO,19777.044114639943,0.909277166335004
CC[C@H]1OC(=O)[C@H](C)[C@@H](O[C@H]2C[C@@](C)(OC)[C@@H](O)[C@H](C)O2)[C@H](C)[C@@H](O[C@@H]2O[C@H](C)C[C@H](N(C)C)[C@H]2O)[C@](C)(O)C[C@@H](C)CN(C)[C@H](C)[C@@H](O)[C@]1(C)O.O,CC(C)=O,13697.173697701042,0.983337495962951
CC[C@H]1OC(=O)[C@H](C)[C@@H](O[C@H]2C[C@@](C)(OC)[C@@H](O)[C@H](C)O2)[C@H](C)[C@@H](O[C@@H]2O[C@H](C)C[C@H](N(C)C)[C@H]2O)[C@](C)(O)C[C@@H](C)CN(C)[C@H](C)[C@@H](O)[C@]1(C)O.O,CC(C)O,12051.809035777724,0.994777321137846
CC[C@H]1OC(=O)[C@H](C)[C@@H](O[C@H]2C[C@@](C)(OC)[C@@H](O)[C@H](C)O2)[C@H](C)[C@@H](O[C@@H]2O[C@H](C)C[C@H](N(C)C)[C@H]2O)[C@](C)(O)C[C@@H](C)CN(C)[C@H](C)[C@@H](O)[C@]1(C)O.O,CCCCO,10173.131738444878,0.9594261569332622
CC[C@H]1OC(=O)[C@H](C)[C@@H](O[C@H]2C[C@@](C)(OC)[C@@H](O)[C@H](C)O2)[C@H](C)[C@@H](O[C@@H]2O[C@H](C)C[C@H](N(C)C)[C@H]2O)[C@](C)(O)C[C@@H](C)CN(C)[C@H](C)[C@@H](O)[C@]1(C)O.O,CCOC(C)=O,16217.233174241996,0.9720292250430328
CC[n+]1ccccc1.F[P-](F)(F)(F)(F)F,CCO,46092.78761488094,0.9955758875845604
CC[n+]1ccccc1.F[P-](F)(F)(F)(F)F,O,29454.74804244244,0.9987162255113552
CCc1cc(C(N)=S)ccn1,CCCCCC,27292.321268512987,0.9989463722409896
CCc1cc(C(N)=S)ccn1,CCCCCCCCO,32651.072288194464,0.9986436012960652
CCc1ccc(C(=O)c2ccccc2C(=O)O)cc1,C1CCOC1,29917.50878006239,0.999062140458042
CCc1ccc(C(=O)c2ccccc2C(=O)O)cc1,C1COCCO1,37615.19686042792,0.969132098537522
CCc1ccc(C(=O)c2ccccc2C(=O)O)cc1,CC(C)=O,38765.27244037592,0.996050758783142
CCc1ccc(C(=O)c2ccccc2C(=O)O)cc1,CC(C)O,48470.41126222678,0.9822599410972108
CCc1ccc(C(=O)c2ccccc2C(=O)O)cc1,CCCO,29706.64933786379,0.9981227224270396
CCc1ccc(C(=O)c2ccccc2C(=O)O)cc1,CCOC=O,35565.49653181864,0.979559685402298
CCc1ccc(C(=O)c2ccccc2C(=O)O)cc1,CN(C)C=O,10337.258813306573,0.9852046280281536
CCc1ccc(C(=O)c2ccccc2C(=O)O)cc1,CO,25348.586131953096,0.9961325990391562
CCc1ccc(CCOc2ccc(CC3SC(=O)NC3=O)cc2)nc1.Cl,CC(=O)O,51796.01884266959,0.9931225376632236
CCc1ccc(CCOc2ccc(CC3SC(=O)NC3=O)cc2)nc1.Cl,CCCO,24366.861010206387,0.995281487952989
CCc1ccc(CCOc2ccc(CC3SC(=O)NC3=O)cc2)nc1.Cl,CCO,26147.360578628424,0.9916715427331044
CCc1ccc(CCOc2ccc(CC3SC(=O)NC3=O)cc2)nc1.Cl,CN(C)C=O,11018.475022571896,0.9855825048499144
CCc1ccc(CCOc2ccc(CC3SC(=O)NC3=O)cc2)nc1.Cl,CO,26480.55789499571,0.9954145582126744
CCc1ccc(N=C2SCC3CCCN2C3)cc1,CCCCCCCCO,20466.54341680288,0.9973588374044224
CCc1ccc(NC2=NCCC3(CCCCC3)S2)cc1,CCCCCC,28018.525649033632,0.9577803384096214
CCc1ccc2c(c1)C(=O)c1ccccc1C2=O,CC(=O)N(C)C,33084.66457021876,0.9968817424623444
CCc1ccc2c(c1)C(=O)c1ccccc1C2=O,CN(C)C=O,35006.0737898529,0.9951715482341924
CCc1cccc(CC)c1/N=C(C)/C=C(/C)Nc1c(CC)cccc1CC,C1CCOC1,20933.966276873627,0.984282336290018
CCc1cccc(CC)c1/N=C(C)/C=C(/C)Nc1c(CC)cccc1CC,CCCCCC,33875.6972161884,0.9983903668474972
CCc1cccc(CC)c1/N=C(C)/C=C(/C)Nc1c(CC)cccc1CC,CCO,27088.02556210906,0.9834160696635476
CCc1cccc(CC)c1/N=C(C)/C=C(/C)Nc1c(CC)cccc1CC,CCOCC,29839.914977250064,0.9959015805645596
CCc1cccc(CC)c1/N=C(C)/C=C(/C)Nc1c(CC)cccc1CC,Cc1ccccc1,16276.43824179206,0.9948773750646324
CCc1cccc2c3c([nH]c12)C(CC)(CC(=O)O)OCC3,CC(=O)OCC(C)C,15207.91318533729,0.99504334652708
CCc1cccc2c3c([nH]c12)C(CC)(CC(=O)O)OCC3,CC(C)=O,11360.688105260571,0.999360737071404
CCc1cccc2c3c([nH]c12)C(CC)(CC(=O)O)OCC3,CC(C)CO,29934.03325763831,0.9959744310369952
CCc1cccc2c3c([nH]c12)C(CC)(CC(=O)O)OCC3,CC(C)O,27568.3832881321,0.9968007334254888
CCc1cccc2c3c([nH]c12)C(CC)(CC(=O)O)OCC3,CCCCCOC(C)=O,14420.845374767336,0.9968390699617572
CCc1cccc2c3c([nH]c12)C(CC)(CC(=O)O)OCC3,CCCCO,22507.868341607507,0.9968772910329882
CCc1cccc2c3c([nH]c12)C(CC)(CC(=O)O)OCC3,CCCCOC(C)=O,14966.327948057067,0.997956346955856
CCc1cccc2c3c([nH]c12)C(CC)(CC(=O)O)OCC3,CCCO,23509.699485572743,0.9977339046755684
CCc1cccc2c3c([nH]c12)C(CC)(CC(=O)O)OCC3,COC(C)=O,14384.271862580516,0.9982201910306202
CCc1cccc2c3c([nH]c12)C(CC)(CC(=O)O)OCC3,Cc1ccccc1,36248.46109605609,0.9972360192896088
CCc1cccc2c3c([nH]c12)C(CC)(CC(=O)O)OCC3,ClCCl,28036.45748474684,0.9984693000775494
CCc1nc(N)nc(N)c1-c1ccc(Cl)cc1,CC#N,39678.88891018899,0.9958257229392468
CCc1nc(N)nc(N)c1-c1ccc(Cl)cc1,CC(=O)OC(C)C,26715.552114804912,0.9994600577474956
CCc1nc(N)nc(N)c1-c1ccc(Cl)cc1,CC(C)=O,18406.966690011945,0.995264026467461
CCc1nc(N)nc(N)c1-c1ccc(Cl)cc1,CC(C)CO,23775.24626990352,0.9921290604779
CCc1nc(N)nc(N)c1-c1ccc(Cl)cc1,CC(C)O,32718.61616285652,0.9922651868973636
CCc1nc(N)nc(N)c1-c1ccc(Cl)cc1,CCC(C)O,31340.8682349668,0.997182116284569
CCc1nc(N)nc(N)c1-c1ccc(Cl)cc1,CCCCO,23749.547429498296,0.9973556692720602
CCc1nc(N)nc(N)c1-c1ccc(Cl)cc1,CCCOC(C)=O,22107.01854137624,0.9979838792387752
CCc1nc(N)nc(N)c1-c1ccc(Cl)cc1,CCO,24481.141494366817,0.9900070864848398
CCc1nc(N)nc(N)c1-c1ccc(Cl)cc1,CCOC(C)=O,17921.747344852378,0.9845670659921896
CCc1nc(N)nc(N)c1-c1ccc(Cl)cc1,CO,22957.638164638945,0.9962200988470294
CCc1nc(N)nc(N)c1-c1ccc(Cl)cc1,COC(C)=O,32626.610210597784,0.998251523165196
CCc1nnc(NC(=O)CCCCCNC(C)=O)s1,CCCCCC,24274.827240072816,0.9976487863687244
CCc1nnc(NC(=O)CCCCCNC(C)=O)s1,CCCCCCCCO,26313.81259062534,0.9969504063758852
CCc1nnc(NC(=O)CCCCCNC(C)=O)s1,CCO,38044.65063191537,0.9971000594344882
CCc1nnc(NC(=O)c2ccc([N+](=O)[O-])cc2)s1,CCCCCC,30834.41062357985,0.9983480535962622
CCc1nnc(NC(=O)c2ccc([N+](=O)[O-])cc2)s1,CCCCCCCCO,29424.41349293641,0.9993633782431026
CCc1occc(=O)c1O,CCO,51436.34273804452,0.99245477866343
CCc1occc(=O)c1O,O,36165.987325331895,0.9643916595061626
CCn1c2ccccc2c2cc(-n3nncc3-c3ccccc3)ccc21,CC#N,30164.86821176744,0.993155382519236
CCn1c2ccccc2c2cc(-n3nncc3-c3ccccc3)ccc21,CC(C)O,39102.83990796005,0.9927019117001034
CCn1c2ccccc2c2cc(-n3nncc3-c3ccccc3)ccc21,CCCCO,36268.26167981194,0.9975287567910218
CCn1c2ccccc2c2cc(-n3nncc3-c3ccccc3)ccc21,CCCO,33409.476075223545,0.9921794383213826
CCn1c2ccccc2c2cc(-n3nncc3-c3ccccc3)ccc21,CCO,31191.555046695245,0.9886299193599538
CCn1c2ccccc2c2cc(-n3nncc3-c3ccccc3)ccc21,CCOC(C)=O,22668.22360778552,0.993142060381852
CCn1c2ccccc2c2cc(-n3nncc3-c3ccccc3)ccc21,CO,29692.42302795231,0.992140256376764
CCn1c2ccccc2c2ccccc21,CC(C)O,34708.78709348819,0.9893266077408148
CCn1c2ccccc2c2ccccc21,CCCO,30656.807922594737,0.9941468420104942
CCn1c2ccccc2c2ccccc21,CO,33658.78063290588,0.99578178546739
CCn1cc(C(=O)O)c(=O)c2cc(F)c(N3CCN(C)CC3)cc21,O,36882.08357240724,0.992328699571486
CCn1cc(C(=O)O)c(=O)c2cc(F)c(N3CCNC(C)C3)c(F)c21,CCCCCCCCO,40928.47742994334,0.9975464253962038
CCn1cc(C(=O)O)c(=O)c2cc(F)c(N3CCNC(C)C3)c(F)c21,O,20477.2602639219,0.9902184271364416
CCn1cc(C(=O)O)c(=O)c2cc(F)c(N3CCNCC3)cc21,CCCCCCCCO,38453.5489013652,0.9996353568856424
CCn1cc(C(=O)O)c(=O)c2cc(F)c(N3CCNCC3)cc21,O,21653.064067923835,0.989006595020533
CCn1cc(C(=O)O)c(=O)c2cnc(N3CCNCC3)nc21,CCCCCCCCO,37674.63190440199,0.9993887620085068
CCn1cc(C(=O)O)c(=O)c2cnc(N3CCNCC3)nc21,O,19310.68449515171,0.99672440964562
CN(C)/C=C/C(=O)c1cccnc1,C1CCCCC1,30892.05276945351,0.998613504533364
CN(C)/C=C/C(=O)c1cccnc1,C1CCOC1,10561.227953987807,0.9699233388385092
CN(C)/C=C/C(=O)c1cccnc1,C1COCCO1,17141.62871597582,0.9840625319024948
CN(C)/C=C/C(=O)c1cccnc1,CC(C)=O,11535.40415559031,0.9911254133506828
CN(C)/C=C/C(=O)c1cccnc1,CCCO,17588.066203817183,0.9953086876405488
CN(C)/C=C/C(=O)c1cccnc1,CCOC(C)=O,15833.54672679027,0.9722737272334936
CN(C)/C=C/C(=O)c1cccnc1,CN(C)C=O,37687.14222543893,0.9874526656774852
CN(C)/C=C/C(=O)c1cccnc1,CO,15888.399963638069,0.9959416414293276
CN(C)C(=N)N=C(N)N.Cl,CO,17727.333031380145,0.9778143487078794
CN(C)C(=N)N=C(N)N.Cl,O,16554.254586988187,0.998739506130263
CN(C)CCC(c1ccc(Cl)cc1)c1ccccn1.O=C(O)/C=C\C(=O)O,CCCCO,55428.190488805136,0.993912819368164
CN(C)CCC(c1ccc(Cl)cc1)c1ccccn1.O=C(O)/C=C\C(=O)O,CCCO,56709.60003470415,0.9914335998738448
CN(C)CCC(c1ccc(Cl)cc1)c1ccccn1.O=C(O)/C=C\C(=O)O,CCO,52985.67493139709,0.990336781139482
CN(C)CCC(c1ccc(Cl)cc1)c1ccccn1.O=C(O)/C=C\C(=O)O,CCOC(C)=O,33290.336272395194,0.9950959055983812
CN(C)CCC(c1ccc(Cl)cc1)c1ccccn1.O=C(O)/C=C\C(=O)O,CCOC=O,44551.65401898476,0.9990452701956524
CN(C)CCC(c1ccc(Cl)cc1)c1ccccn1.O=C(O)/C=C\C(=O)O,c1ccccc1,35581.5775307812,0.969906545118648
CN(C)CCC=C1c2ccccc2CCc2ccccc21.Cl,CC(C)=O,16425.45246568122,0.9974940235675742
CN(C)CCC=C1c2ccccc2CCc2ccccc21.Cl,CC(C)CCO,37131.67829871796,0.9988180167375772
CN(C)CCC=C1c2ccccc2CCc2ccccc21.Cl,CC(C)O,44480.154267761,0.9954688875655257
CN(C)CCC=C1c2ccccc2CCc2ccccc21.Cl,CCC(C)=O,14851.919364342224,0.9939147517627756
CN(C)CCC=C1c2ccccc2CCc2ccccc21.Cl,CCC(C)O,41843.31656501372,0.9961053886618768
CN(C)CCC=C1c2ccccc2CCc2ccccc21.Cl,CCCCCCCCO,27833.57282668292,0.9989194384015552
CN(C)CCC=C1c2ccccc2CCc2ccccc21.Cl,CCCCCCO,30653.18294675786,0.999054573866468
CN(C)CCC=C1c2ccccc2CCc2ccccc21.Cl,CCCCO,34310.99032067972,0.996736894761786
CN(C)CCC=C1c2ccccc2CCc2ccccc21.Cl,CCCCOCCO,14145.504756856097,0.99799075249988
CN(C)CCC=C1c2ccccc2CCc2ccccc21.Cl,CCCO,31799.23871225457,0.9959755406640504
CN(C)CCC=C1c2ccccc2CCc2ccccc21.Cl,CCO,26284.336145216905,0.9907599200714348
CN(C)CCC=C1c2ccccc2CCc2ccccc21.Cl,CCOCCO,10214.473004105035,0.9948468682251588
CN(C)CCC=C1c2ccccc2CCc2ccccc21.Cl,CN(C)C=O,13666.329333765492,0.9645193617264514
CN(C)CCC=C1c2ccccc2CCc2ccccc21.Cl,CO,6415.448285843734,0.9934944458469418
CN(C)CCC=C1c2ccccc2CCc2ccccc21.Cl,COCCO,6649.027800746966,0.992223262012469
CN(C)CCC=C1c2ccccc2CCc2ccccc21.Cl,O=C1CCCCC1,18656.562587360488,0.9942053796176415
CN(C)CCOC(c1ccccc1)c1ccccc1.Cl,CC(C)=O,22617.15007707749,0.9974024668586788
CN(C)CCOC(c1ccccc1)c1ccccc1.Cl,CCO,31832.730599297804,0.98969801289142
CN(C)CCOC(c1ccccc1)c1ccccc1.Cl,CCOC(C)=O,52272.54830996316,0.987767609053232
CN(C)CCOC(c1ccccc1)c1ccccc1.Cl,CO,7613.186432395938,0.9662837234189386
CN(C)CCn1[nH]nnc1=S,CC(C)O,21970.91884612038,0.995681171552699
CN(C)CCn1[nH]nnc1=S,CCCCO,16663.781055651805,0.994793575901876
CN(C)CCn1[nH]nnc1=S,CCCO,22206.764482369555,0.9845274624589352
CN(C)CCn1[nH]nnc1=S,CCO,24202.74634019393,0.9992931722665812
CN(C)CCn1[nH]nnc1=S,CN(C)C=O,26722.168372655044,0.99511239092729
CN(C)CCn1[nH]nnc1=S,CO,25048.678437639865,0.9972878986511547
CN(C)CCn1[nH]nnc1=S,O,37030.76458900335,0.9979922851332992
CN(C)Cc1c[nH]c2ccccc12,C1COCCO1,14382.606670183826,0.9992579444581264
CN(C)Cc1c[nH]c2ccccc12,CC#N,21172.60515466647,0.9995539659798056
CN(C)Cc1c[nH]c2ccccc12,CC(C)=O,16080.25553262441,0.9955944599774368
CN(C)Cc1c[nH]c2ccccc12,CC(C)O,18621.74291382703,0.9991435192405502
CN(C)Cc1c[nH]c2ccccc12,CCCCCCCCO,20797.25871151621,0.9980207840187812
CN(C)Cc1c[nH]c2ccccc12,CCCCO,14339.11285875856,0.9987778329778556
CN(C)Cc1c[nH]c2ccccc12,CCCO,14104.52089031474,0.994215380168479
CN(C)Cc1c[nH]c2ccccc12,CCO,15724.41831287776,0.994639829005052
CN(C)Cc1c[nH]c2ccccc12,CCOC(C)=O,18558.49330355444,0.999234518624591
CN(C)Cc1c[nH]c2ccccc12,CO,14090.647013698146,0.9670868568680951
CN(C)Cc1c[nH]c2ccccc12,Cc1ccccc1,22590.407397146377,0.9944400648696472
CN(C)NC(=O)CCC(=O)O,CC#N,38909.39347597438,0.9993754710081126
CN(C)NC(=O)CCC(=O)O,CC(C)O,54080.384671836975,0.999364481353591
CN(C)NC(=O)CCC(=O)O,CCCCOCCO,45751.82533230069,0.9992247642039662
CN(C)NC(=O)CCC(=O)O,CCCO,39741.02167270291,0.999536615768794
CN(C)NC(=O)CCC(=O)O,CCCOCCO,41410.3970979375,0.9981661788191308
CN(C)NC(=O)CCC(=O)O,CCO,32675.154908025488,0.9984819056133428
CN(C)NC(=O)CCC(=O)O,CN(C)C=O,21539.28106098594,0.9990232211084666
CN(C)NC(=O)CCC(=O)O,CN1CCCC1=O,19887.945833846923,0.9995635363904756
CN(C)NC(=O)CCC(=O)O,CO,24447.547175859945,0.999328502083341
CN(C)NC(=O)CCC(=O)O,COCCO,30152.550387111307,0.9996095668117826
CN(C)[C@@H]1C(=O)C(C(N)=O)=C(O)[C@@]2(O)C(=O)C3=C(O)c4c(O)cccc4C[C@H]3C[C@@H]12,C1CCCCC1,36014.0148958097,0.99652040844501
CN(C)[C@@H]1C(=O)C(C(N)=O)=C(O)[C@@]2(O)C(=O)C3=C(O)c4c(O)cccc4C[C@H]3C[C@@H]12,CC(C)CO,17866.029907104552,0.9993089741790242
CN(C)[C@@H]1C(=O)C(C(N)=O)=C(O)[C@@]2(O)C(=O)C3=C(O)c4c(O)cccc4C[C@H]3C[C@@H]12,CC(C)O,19037.57644256053,0.999848465757169
CN(C)[C@@H]1C(=O)C(C(N)=O)=C(O)[C@@]2(O)C(=O)C3=C(O)c4c(O)cccc4C[C@H]3C[C@@H]12,CCCCCC,15695.881633666771,0.996965581049454
CN(C)[C@@H]1C(=O)C(C(N)=O)=C(O)[C@@]2(O)C(=O)C3=C(O)c4c(O)cccc4C[C@H]3C[C@@H]12,CCCCO,18415.022421802925,0.9997272167773654
CN(C)[C@@H]1C(=O)C(C(N)=O)=C(O)[C@@]2(O)C(=O)C3=C(O)c4c(O)cccc4C[C@H]3C[C@@H]12,CCCO,8452.395141929914,0.9934840851996732
CN(C)[C@@H]1C(=O)C(C(N)=O)=C(O)[C@@]2(O)C(=O)C3=C(O)c4c(O)cccc4C[C@H]3C[C@@H]12,CCO,12139.622575836716,0.9994610828461452
CN(C)[C@@H]1C(=O)C(C(N)=O)=C(O)[C@@]2(O)C(=O)C3=C(O)c4c(O)cccc4C[C@H]3C[C@@H]12,CCOC(C)=O,23044.51168057225,0.9998102589753808
CN(C)[C@@H]1C(=O)C(C(N)=O)=C(O)[C@@]2(O)C(=O)C3=C(O)c4c(O)cccc4C[C@H]3C[C@@H]12,CO,11803.76602208868,0.9995604164584996
CN(C)[C@@H]1C(O)=C(C(N)=O)C(=O)[C@@]2(O)C(O)=C3C(=O)c4c(O)cccc4[C@@](C)(O)[C@H]3C[C@@H]12.Cl,CC(C)=O,1167.371097139921,0.9038566105141862
CN(C)[C@@H]1C(O)=C(C(N)=O)C(=O)[C@@]2(O)C(O)=C3C(=O)c4c(O)cccc4[C@@](C)(O)[C@H]3C[C@@H]12.Cl,CCO,14453.329334944636,0.9314176582028232
CN(C)[C@@H]1C(O)=C(C(N)=O)C(=O)[C@@]2(O)C(O)=C3C(=O)c4c(O)cccc4[C@@](C)(O)[C@H]3C[C@@H]12.Cl,CO,-10368.51562513082,0.9668810795097756
CN(C)c1ccc(O)c2c1C[C@H]1C[C@H]3[C@H](N(C)C)C(O)=C(C(N)=O)C(=O)[C@@]3(O)C(O)=C1C2=O.Cl,CC#N,24648.029862316493,0.9938158761870576
CN(C)c1ccc(O)c2c1C[C@H]1C[C@H]3[C@H](N(C)C)C(O)=C(C(N)=O)C(=O)[C@@]3(O)C(O)=C1C2=O.Cl,CCO,16855.885862002382,0.999913177899314
CN(C)c1ccc2nc3ccc(=[N+](C)C)cc-3sc2c1.[Cl-],CC(C)=O,24303.42841202345,0.9945322763086188
CN(C)c1ccc2nc3ccc(=[N+](C)C)cc-3sc2c1.[Cl-],O,28088.92741068712,0.999040657886293
CN(C/C=C/C#CC(C)(C)C)Cc1cccc2ccccc12.Cl,CC#N,26225.80472267606,0.994686881781551
CN(C/C=C/C#CC(C)(C)C)Cc1cccc2ccccc12.Cl,CC(C)CCO,36161.875205814,0.997535775004944
CN(C/C=C/C#CC(C)(C)C)Cc1cccc2ccccc12.Cl,CC(C)CO,37767.12451406173,0.9986151306844518
CN(C/C=C/C#CC(C)(C)C)Cc1cccc2ccccc12.Cl,CC(C)O,39024.56475271395,0.9942975693303472
CN(C/C=C/C#CC(C)(C)C)Cc1cccc2ccccc12.Cl,CCC(C)O,39188.494717843474,0.9966404871261676
CN(C/C=C/C#CC(C)(C)C)Cc1cccc2ccccc12.Cl,CCCCCCO,36116.43714256692,0.9986567207012486
CN(C/C=C/C#CC(C)(C)C)Cc1cccc2ccccc12.Cl,CCCCCO,27920.150740412395,0.9981157328932664
CN(C/C=C/C#CC(C)(C)C)Cc1cccc2ccccc12.Cl,CCCCO,31996.62722391281,0.9973629662783602
CN(C/C=C/C#CC(C)(C)C)Cc1cccc2ccccc12.Cl,CCOC(C)=O,38779.19683835372,0.9991341863198776
CN(C/C=C/C#CC(C)(C)C)Cc1cccc2ccccc12.Cl,CO,9164.149875311068,0.999052041301208
CN(C/C=C/C#CC(C)(C)C)Cc1cccc2ccccc12.Cl,CS(C)=O,17991.466047380214,0.9990190829666576
CN(CCOc1ccc(CC2SC(=O)NC2=O)cc1)c1ccccn1,CC(C)O,43506.63906154383,0.9633973760289662
CN(CCOc1ccc(CC2SC(=O)NC2=O)cc1)c1ccccn1,CCCCOC(C)=O,35682.18434486743,0.9824126232143916
CN(CCOc1ccc(CC2SC(=O)NC2=O)cc1)c1ccccn1,CCO,34126.38058572947,0.9481363598081816
CN(CCOc1ccc(CC2SC(=O)NC2=O)cc1)c1ccccn1,CO,45194.82721793423,0.9861332926204672
CN(CCOc1ccc(NS(C)(=O)=O)cc1)CCc1ccc(NS(C)(=O)=O)cc1,CCCCCC,30764.39920511178,0.998283931629152
CN(CCOc1ccc(NS(C)(=O)=O)cc1)CCc1ccc(NS(C)(=O)=O)cc1,CCCCCCCCO,52022.52222279153,0.9993068865297629
CN(Cc1ccccc1)CN1C(=O)C(=NNC(=O)c2ccccc2OCc2ccccc2)c2ccccc21,CC(C)O,31619.321991162986,0.9960385313776102
CN(Cc1ccccc1)CN1C(=O)C(=NNC(=O)c2ccccc2OCc2ccccc2)c2ccccc21,CCC(C)O,22181.994984960176,0.9948327580391804
CN(Cc1ccccc1)CN1C(=O)C(=NNC(=O)c2ccccc2OCc2ccccc2)c2ccccc21,CCCCO,22788.25625317218,0.9967735466249166
CN(Cc1ccccc1)CN1C(=O)C(=NNC(=O)c2ccccc2OCc2ccccc2)c2ccccc21,CCOCCOCCO,23052.224769208096,0.9992138029823996
CN(Cc1ccccc1)CN1C(=O)C(=NNC(=O)c2ccccc2OCc2ccccc2)c2ccccc21,O,39251.570542729365,0.9954259136101552
CN(Cc1ccccc1)CN1C(=O)C(=NNC(=O)c2ccccc2OCc2ccccc2)c2ccccc21,OCCO,38002.65477887615,0.9935497004846764
CN/C(=C\[N+](=O)[O-])NCCSCc1csc(CN(C)C)n1,CC(C)=O,35017.69293587263,0.9689973806564112
CN/C(=C\[N+](=O)[O-])NCCSCc1csc(CN(C)C)n1,CCOC(C)=O,34355.19280358463,0.9900227975786492
CN/C(=C\[N+](=O)[O-])NCCSCc1csc(CN(C)C)n1,CO,41730.73583770095,0.9826196999559867
CN1C(=O)CN=C(c2ccccc2)c2cc(Cl)ccc21,CC(C)(C)O,33983.67964887532,0.9963272566714704
CN1C(=O)CN=C(c2ccccc2)c2cc(Cl)ccc21,CC(O)CO,48684.280574540935,0.9665092555708026
CN1C(C(=O)Nc2ccccn2)=C(O)c2ccccc2S1(=O)=O,CCO,76623.78602788248,0.9857499362754684
CN1C(C(=O)Nc2ccccn2)=C(O)c2ccccc2S1(=O)=O,CCOC(C)=O,20305.580947615537,0.9988618547259096
CN1C(C(=O)Nc2ccccn2)=C(O)c2sc(Cl)cc2S1(=O)=O,CC(C)O,33721.44491834532,0.9992085087834188
CN1C(C(=O)Nc2ccccn2)=C(O)c2sc(Cl)cc2S1(=O)=O,CC(O)CO,16478.23131774619,0.9969705720994456
CN1C(C(=O)Nc2ccccn2)=C(O)c2sc(Cl)cc2S1(=O)=O,CCCCO,17429.131700255224,0.9960018335266568
CN1C(C(=O)Nc2ccccn2)=C(O)c2sc(Cl)cc2S1(=O)=O,CCOC(C)=O,10724.129204421875,0.9966666075583412
CN1C(C(=O)Nc2ccccn2)=C(O)c2sc(Cl)cc2S1(=O)=O,CCOCCOCCO,26721.896196387403,0.9984969906422776
CN1C(C(=O)Nc2ccccn2)=C(O)c2sc(Cl)cc2S1(=O)=O,O,44830.56092435464,0.9973564031152266
CN1C(C(=O)Nc2ccccn2)=C(O)c2sc(Cl)cc2S1(=O)=O,OCCO,49558.56585815947,0.9951854536124646
CN1C(C(=O)Nc2ccccn2)=C(O)c2sccc2S1(=O)=O,CC(C)O,45436.71574620919,0.99521944865069
CN1C(C(=O)Nc2ccccn2)=C(O)c2sccc2S1(=O)=O,CC(O)CO,25387.080610882487,0.9989953392982868
CN1C(C(=O)Nc2ccccn2)=C(O)c2sccc2S1(=O)=O,CCO,13646.543005365296,0.9977659361579782
CN1C(C(=O)Nc2ccccn2)=C(O)c2sccc2S1(=O)=O,CCOC(C)=O,13283.063837761449,0.9980375417082225
CN1C(C(=O)Nc2ccccn2)=C(O)c2sccc2S1(=O)=O,O,39027.99079405145,0.9969326322226036
CN1C(C(=O)Nc2ccccn2)=C(O)c2sccc2S1(=O)=O,OCCO,22707.422401831223,0.9976038911438782
CN1CC(=O)N2[C@H](c3ccc4c(c3)OCO4)c3[nH]c4ccccc4c3C[C@@H]2C1=O,O,42376.503403378,0.9990218164999058
CN1CC(O)c2cc(N=NC(N)=O)c(O)cc21,CCO,27662.741936318995,0.985656216180702
CN1CC(O)c2cc(N=NC(N)=O)c(O)cc21,CS(C)=O,18666.79100458638,0.9952171697041584
CN1CC(O)c2cc(N=NC(N)=O)c(O)cc21,O,22239.42983613919,0.9969687767174036
CN1CCC(N(Cc2cccs2)c2ccccc2)CC1,O,14571.485368168533,0.992138269308068
CN1CCN(C(=O)O[C@H]2c3nccnc3C(=O)N2c2ccc(Cl)cn2)CC1,CC(=O)OC(C)C,22981.87230451429,0.9910298815046348
CN1CCN(C(=O)O[C@H]2c3nccnc3C(=O)N2c2ccc(Cl)cn2)CC1,CC(C)=O,26088.884960487583,0.9978485057489974
CN1CCN(C(=O)O[C@H]2c3nccnc3C(=O)N2c2ccc(Cl)cn2)CC1,CCCO,39406.79126444151,0.9985155293557262
CN1CCN(C(=O)O[C@H]2c3nccnc3C(=O)N2c2ccc(Cl)cn2)CC1,COC(C)=O,23397.52491690232,0.997745803190646
CN1CCN(C2=Nc3cc(Cl)ccc3Nc3ccccc32)CC1,C1CCOC1,9206.71089961924,0.9999231927130556
CN1CCN(C2=Nc3cc(Cl)ccc3Nc3ccccc32)CC1,CC#N,12934.795525590856,0.9996757696796224
CN1CCN(C2=Nc3cc(Cl)ccc3Nc3ccccc32)CC1,CC(C)CO,13566.82062525229,0.9993492774598745
CN1CCN(C2=Nc3cc(Cl)ccc3Nc3ccccc32)CC1,CCC(C)=O,15294.41580819446,0.9996973509225626
CN1CCN(C2=Nc3cc(Cl)ccc3Nc3ccccc32)CC1,CCC(C)O,13181.21727230208,0.999441449117684
CN1CCN(C2=Nc3cc(Cl)ccc3Nc3ccccc32)CC1,CCCOCCO,7676.887093723276,0.99724673250162
CN1CCN(C2=Nc3cc(Cl)ccc3Nc3ccccc32)CC1,CCO,14678.92701055899,0.9469791094108796
CN1CCN(C2=Nc3cc(Cl)ccc3Nc3ccccc32)CC1,CCOC(C)=O,16176.505891849369,0.9402712032902704
CN1CCN(C2=Nc3cc(Cl)ccc3Nc3ccccc32)CC1,CCOCCO,9584.148178576554,0.993212209913937
CN1CCN(C2=Nc3cc(Cl)ccc3Nc3ccccc32)CC1,CO,11906.518214561253,0.9039285722597724
CN1CCN(C2=Nc3cc(Cl)ccc3Nc3ccccc32)CC1,COCCO,9570.45660714754,0.9932632525977294
CN1CCN(C2=Nc3cc(Cl)ccc3Nc3ccccc32)CC1,Cc1ccccc1,25219.80512307156,0.9956469642727392
CN1CCN(C2=Nc3cc(Cl)ccc3Nc3ccccc32)CC1,ClC(Cl)Cl,5675.652424631139,0.9992542709591888
CN1CCN(C2=Nc3cc(Cl)ccc3Nc3ccccc32)CC1,ClCCCl,25508.70922576914,0.9901870238052156
CN1CCN(C2=Nc3cc(Cl)ccc3Nc3ccccc32)CC1,c1ccccc1,27112.092372397143,0.9765274032687116
CN1CCN(c2c(F)cc3c(=O)c(C(=O)O)cn4c3c2OCN4C)CC1,C1COCCO1,29436.72086403617,0.992535144795184
CN1CCN(c2c(F)cc3c(=O)c(C(=O)O)cn4c3c2OCN4C)CC1,CC#N,25766.95492565893,0.9976973423003462
CN1CCN(c2c(F)cc3c(=O)c(C(=O)O)cn4c3c2OCN4C)CC1,CC(C)=O,22828.495838168103,0.9980809476581964
CN1CCN(c2c(F)cc3c(=O)c(C(=O)O)cn4c3c2OCN4C)CC1,CCCO,28979.54619696342,0.9892036849554012
CN1CCN(c2c(F)cc3c(=O)c(C(=O)O)cn4c3c2OCN4C)CC1,CCO,29739.930535175,0.9963474390919796
CN1CCN(c2c(F)cc3c(=O)c(C(=O)O)cn4c3c2OCN4C)CC1,CCOC(C)=O,18623.814723078285,0.9970171244220508
CN1CCN(c2c(F)cc3c(=O)c(C(=O)O)cn4c3c2OCN4C)CC1,CO,26212.92221636929,0.9941438632604436
CN1CCN(c2cc3c(cc2F)c(=O)c(C(=O)O)cn3-c2ccc(F)cc2)CC1,CC(C)=O,27816.191162350067,0.9902730536310338
CN1CCN(c2cc3c(cc2F)c(=O)c(C(=O)O)cn3-c2ccc(F)cc2)CC1,CCO,31520.110511843868,0.986454699219948
CN1CCN(c2cc3c(cc2F)c(=O)c(C(=O)O)cn3-c2ccc(F)cc2)CC1,CO,18206.43508670662,0.9970054977007532
CN1CCOC(c2ccccc2)c2ccccc2C1.Cl,CC(C)=O,25563.48291862629,0.9984768207000918
CN1CCOC(c2ccccc2)c2ccccc2C1.Cl,CC(C)CO,29036.331052855054,0.9982981212767212
CN1CCOC(c2ccccc2)c2ccccc2C1.Cl,CC(C)O,30705.771212375137,0.9979143087312584
CN1CCOC(c2ccccc2)c2ccccc2C1.Cl,CCO,24835.15190162835,0.9988840165097248
CN1CCOC(c2ccccc2)c2ccccc2C1.Cl,O,22388.678663784627,0.995780468866028
CN1COCN(Cc2cnc(Cl)s2)C1=N[N+](=O)[O-],CC#N,29477.379524615008,0.9970150064437592
CN1COCN(Cc2cnc(Cl)s2)C1=N[N+](=O)[O-],CC(=O)N(C)C,15027.406102601091,0.99642096041218
CN1COCN(Cc2cnc(Cl)s2)C1=N[N+](=O)[O-],CC(=O)O,45044.21139023812,0.9959475031937072
CN1COCN(Cc2cnc(Cl)s2)C1=N[N+](=O)[O-],CCC(=O)O,40104.62011232349,0.9978432613560638
CN1COCN(Cc2cnc(Cl)s2)C1=N[N+](=O)[O-],CCOCCO,25978.8837499887,0.9965589007569592
CN1COCN(Cc2cnc(Cl)s2)C1=N[N+](=O)[O-],CN(C)C=O,16488.803363344392,0.995451836391938
CN1COCN(Cc2cnc(Cl)s2)C1=N[N+](=O)[O-],CN1CCCC1=O,12019.328713266585,0.99678155520638
CN1COCN(Cc2cnc(Cl)s2)C1=N[N+](=O)[O-],CO,37556.83939907182,0.9963887244551496
CN1COCN(Cc2cnc(Cl)s2)C1=N[N+](=O)[O-],COC(C)=O,22050.330640838944,0.996156693887182
CN1COCN(Cc2cnc(Cl)s2)C1=N[N+](=O)[O-],CS(C)=O,21805.86460244614,0.9970443457857032
CN1c2ccccc2C(=O)N2CCc3c([nH]c4ccccc34)[C@H]21,C1CCCCC1,31625.29456787254,0.9979621780448432
CN1c2ccccc2C(=O)N2CCc3c([nH]c4ccccc34)[C@H]21,CC(C)O,25978.45877559917,0.9806358888572656
CN1c2ccccc2C(=O)N2CCc3c([nH]c4ccccc34)[C@H]21,CCCCC,37635.87567547123,0.9966770730073224
CN1c2ccccc2C(=O)N2CCc3c([nH]c4ccccc34)[C@H]21,CCCCCC,32448.24202710729,0.995982361938279
CN1c2ccccc2C(=O)N2CCc3c([nH]c4ccccc34)[C@H]21,CCCCO,26910.534804816376,0.9846280262229716
CN1c2ccccc2C(=O)N2CCc3c([nH]c4ccccc34)[C@H]21,CCO,27108.479813175043,0.9908363946448914
CN1c2ccccc2C(=O)N2CCc3c([nH]c4ccccc34)[C@H]21,CCOCC,27345.585799303248,0.9723033458240316
CN1c2ccccc2C(=O)N2CCc3c([nH]c4ccccc34)[C@H]21,ClC(Cl)Cl,17289.52611077042,0.9862413241927448
CN1c2ccccc2C(=O)N2CCc3c([nH]c4ccccc34)[C@H]21,ClCCl,17993.039994255185,0.9832844498018454
CN=C(NC#N)NCCSCc1nc[nH]c1C,CCO,37918.46949001789,0.9999786052974304
CNC(=O)NC,CC#N,30214.190028373057,0.9988879144573146
CNC(=O)NC,CC(C)=O,26281.12824342347,0.9978528695325948
CNC(=O)NC,CC(C)O,15282.783183252228,0.9840862280330922
CNC(=O)NC,CCC(C)O,17759.17418364361,0.9957368763844914
CNC(=O)NC,CCCCOC(C)=O,55194.47948861714,0.9997213629094251
CNC(=O)NC,CCOC(C)=O,47421.74731005205,0.9987980224659256
CNC(=O)NC,O,19269.369957773088,0.9865592883443212
CNC(=O)c1cc(Oc2ccc(N)cc2)ccn1,C1CCOC1,15600.304641845734,0.9904291791115998
CNC(=O)c1cc(Oc2ccc(N)cc2)ccn1,CC#N,30650.09789334114,0.994569718838935
CNC(=O)c1cc(Oc2ccc(N)cc2)ccn1,CCCCO,37579.64923337068,0.9934713945952648
CNC(=O)c1cc(Oc2ccc(N)cc2)ccn1,CCOC(C)=O,26799.33475388697,0.9978684509823188
CNC(=O)c1cc(Oc2ccc(N)cc2)ccn1,CO,40750.253283055805,0.99718151928696
CNC(=O)c1cc(Oc2ccc(N)cc2)ccn1,ClCCl,53002.01265925124,0.9941021350390176
CNC(=O)c1cc(Oc2ccc(NC(=O)Nc3ccc(Cl)c(C(F)(F)F)c3)c(F)c2)ccn1,CC#N,24714.64194505809,0.957782581722554
CNC(=O)c1cc(Oc2ccc(NC(=O)Nc3ccc(Cl)c(C(F)(F)F)c3)c(F)c2)ccn1,CC(C)=O,26869.359462568507,0.9959423160425388
CNC(=O)c1cc(Oc2ccc(NC(=O)Nc3ccc(Cl)c(C(F)(F)F)c3)c(F)c2)ccn1,CC(C)O,18472.23206596944,0.9102904647196396
CNC(=O)c1cc(Oc2ccc(NC(=O)Nc3ccc(Cl)c(C(F)(F)F)c3)c(F)c2)ccn1,CCCO,17746.149852400667,0.9444314406936684
CNC(=O)c1cc(Oc2ccc(NC(=O)Nc3ccc(Cl)c(C(F)(F)F)c3)c(F)c2)ccn1,CCO,16547.275312952414,0.9705499626116796
CNC(=O)c1cc(Oc2ccc(NC(=O)Nc3ccc(Cl)c(C(F)(F)F)c3)c(F)c2)ccn1,CO,18097.62128840333,0.9670900206822656
CNC(=O)c1cc(Oc2ccc(NC(=O)Nc3ccc(Cl)c(C(F)(F)F)c3)cc2)ccn1,CC(C)=O,14574.845990762664,0.9984411682393172
CNC(=O)c1cc(Oc2ccc(NC(=O)Nc3ccc(Cl)c(C(F)(F)F)c3)cc2)ccn1,CCC(C)=O,11450.708698245671,0.9956296887586265
CNC(=O)c1cc(Oc2ccc(NC(=O)Nc3ccc(Cl)c(C(F)(F)F)c3)cc2)ccn1,CCCCCO,28333.715798035417,0.994244897297067
CNC(=O)c1cc(Oc2ccc(NC(=O)Nc3ccc(Cl)c(C(F)(F)F)c3)cc2)ccn1,CO,13410.980702341114,0.9960167433239756
CNC(=O)c1cc(Oc2ccc(NC(=O)Nc3ccc(Cl)c(C(F)(F)F)c3)cc2)ccn1,Cc1ccccc1,13041.567454224143,0.9922599763997864
CNC(=O)c1cc(Oc2ccc(NC(=O)Nc3ccc(Cl)c(C(F)(F)F)c3)cc2)ccn1,O=C1CCCCC1,13839.437002018723,0.9985513297792604
CNC(=O)c1cc(Oc2ccc(NC(=O)Nc3ccc(Cl)c(C(F)(F)F)c3)cc2)ccn1.Cc1ccc(S(=O)(=O)O)cc1,CC(C)O,26389.8272281942,0.9984047107249856
CNC(=O)c1cc(Oc2ccc(NC(=O)Nc3ccc(Cl)c(C(F)(F)F)c3)cc2)ccn1.Cc1ccc(S(=O)(=O)O)cc1,CCCCCO,29278.76490940536,0.9945845446724196
CNC(=O)c1cc(Oc2ccc(NC(=O)Nc3ccc(Cl)c(C(F)(F)F)c3)cc2)ccn1.Cc1ccc(S(=O)(=O)O)cc1,CCCCO,22089.368956364768,0.9947208263373298
CNC(=O)c1cc(Oc2ccc(NC(=O)Nc3ccc(Cl)c(C(F)(F)F)c3)cc2)ccn1.Cc1ccc(S(=O)(=O)O)cc1,CCCO,23013.74751781332,0.9949232708435468
CNC1=NCCC2(CCCCC2)S1,CCCCCC,15373.730038226362,0.9915776155414008
CNCCC(Oc1ccc(C(F)(F)F)cc1)c1ccccc1.Cl,CC(C)=O,40288.86880658246,0.9994512601765748
CNCCC(Oc1ccc(C(F)(F)F)cc1)c1ccccc1.Cl,CC(C)CCO,27641.522833731626,0.9990273480675048
CNCCC(Oc1ccc(C(F)(F)F)cc1)c1ccccc1.Cl,CC(C)O,31008.50687079864,0.9990354727165216
CNCCC(Oc1ccc(C(F)(F)F)cc1)c1ccccc1.Cl,CCC(C)=O,30127.08038992692,0.9990646031627086
CNCCC(Oc1ccc(C(F)(F)F)cc1)c1ccccc1.Cl,CCC(C)O,35970.65430242278,0.999612630070392
CNCCC(Oc1ccc(C(F)(F)F)cc1)c1ccccc1.Cl,CCCCO,29679.21823977285,0.9992139516780092
CNCCC(Oc1ccc(C(F)(F)F)cc1)c1ccccc1.Cl,CCO,33591.098225432506,0.9992428604911412
CNCCC(Oc1ccc(C(F)(F)F)cc1)c1ccccc1.Cl,CO,20912.081923449856,0.998645623991221
CNC[C@H](O)[C@@H](O)[C@H](O)[C@H](O)CO.Cc1c(Nc2ncccc2C(=O)O)cccc1C(F)(F)F,CC#N,55851.36703797026,0.9855589718597187
CNC[C@H](O)[C@@H](O)[C@H](O)[C@H](O)CO.Cc1c(Nc2ncccc2C(=O)O)cccc1C(F)(F)F,CC(C)=O,42998.313864952135,0.984591504959728
CNC[C@H](O)[C@@H](O)[C@H](O)[C@H](O)CO.Cc1c(Nc2ncccc2C(=O)O)cccc1C(F)(F)F,CC(C)O,45820.74547063008,0.9711233980834224
CNC[C@H](O)[C@@H](O)[C@H](O)[C@H](O)CO.Cc1c(Nc2ncccc2C(=O)O)cccc1C(F)(F)F,CCO,49644.44865141468,0.9787111381863036
CNC[C@H](O)[C@@H](O)[C@H](O)[C@H](O)CO.Cc1c(Nc2ncccc2C(=O)O)cccc1C(F)(F)F,CO,30674.175265743364,0.9977241169012868
CNC[C@H](O)c1cccc(O)c1.Cl,CC(C)O,31239.084814213093,0.9992500682831418
CNC[C@H](O)c1cccc(O)c1.Cl,CCCCOCCO,33526.364582060174,0.9992308267052894
CNC[C@H](O)c1cccc(O)c1.Cl,CCCO,29401.64401490704,0.99959091835244
CNC[C@H](O)c1cccc(O)c1.Cl,CCCOCCO,32604.567418271683,0.9989644899810411
CNC[C@H](O)c1cccc(O)c1.Cl,CCO,25930.48828218848,0.998632833120534
CNC[C@H](O)c1cccc(O)c1.Cl,CCOCCO,27085.03986055284,0.999439694822572
CNC[C@H](O)c1cccc(O)c1.Cl,CN(C)C=O,10963.578335863398,0.9964201766544216
CNC[C@H](O)c1cccc(O)c1.Cl,CN1CCCC1=O,9041.312390119714,0.991314088724734
CNC[C@H](O)c1cccc(O)c1.Cl,CO,16538.65629949445,0.9991598300019942
CNC[C@H](O)c1cccc(O)c1.Cl,COCCO,11209.131377306518,0.9948598401366304
CN[C@@H]1[C@H](O)[C@H](NC)[C@H]2O[C@@]3(O)C(=O)C[C@@H](C)O[C@H]3O[C@@H]2[C@H]1O.Cl.Cl.O.O.O.O.O,CC(C)O,25177.366724138086,0.9866609265753896
CN[C@@H]1[C@H](O)[C@H](NC)[C@H]2O[C@@]3(O)C(=O)C[C@@H](C)O[C@H]3O[C@@H]2[C@H]1O.Cl.Cl.O.O.O.O.O,CCCO,30709.083005060817,0.9908172182307824
CN[C@@H]1[C@H](O)[C@H](NC)[C@H]2O[C@@]3(O)C(=O)C[C@@H](C)O[C@H]3O[C@@H]2[C@H]1O.Cl.Cl.O.O.O.O.O,CO,33921.50094064221,0.99042947999945
CNc1nc(C)nc(OC)n1,CCO,17204.07518370091,0.9992903136209104
CNc1nc(C)nc(OC)n1,CN(C)C=O,19155.477783951595,0.9971140484435098
CNc1nc(C)nc(OC)n1,CO,18201.48777170877,0.9998052101816376
CNc1nc(C)nc(OC)n1,O,19355.40652118136,0.9989732654446934
CNc1nc(C)nc(OC)n1,OCCO,17634.232645606735,0.9997408919754736
CO/C=C(/C(=O)OC)c1ccccc1Oc1cc(Oc2ccccc2C#N)ncn1,CC(C)CO,50121.14326233775,0.9990315382303424
CO/C=C(/C(=O)OC)c1ccccc1Oc1cc(Oc2ccccc2C#N)ncn1,CC(C)O,51090.87069375235,0.9986079430818816
CO/C=C(/C(=O)OC)c1ccccc1Oc1cc(Oc2ccccc2C#N)ncn1,CCCCO,48418.24255015364,0.997493325242408
CO/C=C(/C(=O)OC)c1ccccc1Oc1cc(Oc2ccccc2C#N)ncn1,CCCO,47063.40091635088,0.9954970230620228
CO/C=C(/C(=O)OC)c1ccccc1Oc1cc(Oc2ccccc2C#N)ncn1,CCO,46112.59494181323,0.9927290628618154
CO/C=C(/C(=O)OC)c1ccccc1Oc1cc(Oc2ccccc2C#N)ncn1,CO,45688.46161181512,0.9829849759904788
CO/N=C(/C(=O)N[C@@H]1C(=O)N2C(C(=O)O)=C(COC(N)=O)CS[C@H]12)c1ccco1,CC(C)=O,-3637.789743365296,0.9865596038118954
CO/N=C(/C(=O)N[C@@H]1C(=O)N2C(C(=O)O)=C(COC(N)=O)CS[C@H]12)c1ccco1,CCO,24925.871648440145,0.983624497216558
CO/N=C(/C(=O)N[C@@H]1C(=O)N2C(C(=O)O)=C(COC(N)=O)CS[C@H]12)c1ccco1,O,46316.83638585095,0.939158024872316
CO/N=C(\C(=O)N[C@@H]1C(=O)N2C(C(=O)O)=C(CSc3nnnn3C)CS[C@H]12)c1csc(N)n1.CO/N=C(\C(=O)N[C@@H]1C(=O)N2C(C(=O)O)=C(CSc3nnnn3C)CS[C@H]12)c1csc(N)n1.Cl,CO,11278.190105327983,0.9918415362417904
CO/N=C(\C(=O)N[C@@H]1C(=O)N2C(C(=O)O)=C(CSc3nnnn3C)CS[C@H]12)c1csc(N)n1.CO/N=C(\C(=O)N[C@@H]1C(=O)N2C(C(=O)O)=C(CSc3nnnn3C)CS[C@H]12)c1csc(N)n1.Cl,O,17482.73175855045,0.997359137881174
CO/N=C(\C(=O)N[C@@H]1C(=O)N2C(C(=O)[O-])=C(COC(C)=O)CS[C@H]12)c1csc(N)n1.[Na+],CN(C)C=O,18826.03228777668,0.986245604473454
CO/N=C(\C(=O)N[C@@H]1C(=O)N2C(C(=O)[O-])=C(COC(C)=O)CS[C@H]12)c1csc(N)n1.[Na+],CN1CCCC1=O,137001.48813169077,0.967219914891298
CO/N=C(\C(=O)N[C@@H]1C(=O)N2C(C(=O)[O-])=C(COC(C)=O)CS[C@H]12)c1csc(N)n1.[Na+],CS(C)=O,3125.189106575811,0.9389225879708104
CO/N=C(\C(=O)N[C@@H]1C(=O)N2C(C(=O)[O-])=C(COC(C)=O)CS[C@H]12)c1csc(N)n1.[Na+],NC=O,10046.49258382353,0.9660111472159192
CO/N=C(\C(=O)N[C@@H]1C(=O)N2C(C(=O)[O-])=C(COC(C)=O)CS[C@H]12)c1csc(N)n1.[Na+],O,1561.0284306488606,0.9831143866107808
CO/N=C(\C(=O)O)c1csc(N)n1,CCCO,35263.47628844286,0.9654986296033112
CO/N=C(\C(=O)O)c1csc(N)n1,CCO,27108.92270307457,0.9978164074128132
CO/N=C(\C(=O)O)c1csc(N)n1,CO,17830.59024110963,0.9993525178451238
CO/N=C(\C(=O)O)c1csc(N)n1,O,20995.291440037334,0.9994316179670056
CO/N=C(\C(=O)O)c1csc(N)n1,OCCO,19886.07273013352,0.999849947768974
CO/N=C(\C(=O)Sc1nc2ccccc2s1)c1csc(N)n1,C1CCOC1,13774.060471243856,0.968330093551381
CO/N=C(\C(=O)Sc1nc2ccccc2s1)c1csc(N)n1,CC#N,38052.91059728104,0.9978669752245578
CO/N=C(\C(=O)Sc1nc2ccccc2s1)c1csc(N)n1,CC(C)=O,22562.82587682268,0.9948749084193704
CO/N=C(\C(=O)Sc1nc2ccccc2s1)c1csc(N)n1,CC(C)CCO,34140.45012183792,0.9880343214240536
CO/N=C(\C(=O)Sc1nc2ccccc2s1)c1csc(N)n1,CC(C)CO,33076.839074836345,0.9682239635056976
CO/N=C(\C(=O)Sc1nc2ccccc2s1)c1csc(N)n1,CC(C)O,30994.188559825783,0.9835555114314828
CO/N=C(\C(=O)Sc1nc2ccccc2s1)c1csc(N)n1,CCO,32736.66813825045,0.9921786406105464
CO/N=C(\C(=O)Sc1nc2ccccc2s1)c1csc(N)n1,ClCCl,36398.8592892033,0.9993593700848864
CO/N=C1\C[C@]2(C[C@@H]3C[C@@H](C/C=C(\C)C[C@@H](C)/C=C/C=C4\CO[C@@H]5[C@H](O)C(C)=C[C@@H](C(=O)O3)[C@]45O)O2)O[C@H](/C(C)=C/C(C)C)[C@H]1C,CC(C)O,28198.185422521,0.9914546418416084
CO/N=C1\C[C@]2(C[C@@H]3C[C@@H](C/C=C(\C)C[C@@H](C)/C=C/C=C4\CO[C@@H]5[C@H](O)C(C)=C[C@@H](C(=O)O3)[C@]45O)O2)O[C@H](/C(C)=C/C(C)C)[C@H]1C,CCO,25735.625286275696,0.998491106157411
CO/N=C1\C[C@]2(C[C@@H]3C[C@@H](C/C=C(\C)C[C@@H](C)/C=C/C=C4\CO[C@@H]5[C@H](O)C(C)=C[C@@H](C(=O)O3)[C@]45O)O2)O[C@H](/C(C)=C/C(C)C)[C@H]1C,CO,24504.943958958,0.99478933424091
CO/N=C1\C[C@]2(C[C@@H]3C[C@@H](C/C=C(\C)C[C@@H](C)/C=C/C=C4\CO[C@@H]5[C@H](O)C(C)=C[C@@H](C(=O)O3)[C@]45O)O2)O[C@H](/C(C)=C/C(C)C)[C@H]1C,O,30909.964539709774,0.9916677301301876
CO/N=C1\C[C@]2(C[C@@H]3C[C@@H](C/C=C(\C)C[C@@H](C)/C=C/C=C4\CO[C@@H]5[C@H](O)C(C)=C[C@@H](C(=O)O3)[C@]45O)O2)O[C@H](/C(C)=C/C(C)C)[C@H]1C,OCCO,28351.45454557773,0.991115295342582
COC(=O)/C=C(\C)NC(C(=O)[O-])c1ccc(O)cc1.[K+],CCO,12279.901966251577,0.9931071703430808
COC(=O)/C=C(\C)NC(C(=O)[O-])c1ccc(O)cc1.[K+],CO,9022.588749890523,0.999984567436348
COC(=O)/C=C(\C)N[C@@H](C(=O)[O-])c1ccc(O)cc1.[K+],CC(C)O,22488.62781535405,0.9964124913409336
COC(=O)/C=C(\C)N[C@@H](C(=O)[O-])c1ccc(O)cc1.[K+],CCC(C)O,27608.93237695118,0.994656403723156
COC(=O)/C=C(\C)N[C@@H](C(=O)[O-])c1ccc(O)cc1.[K+],CCCCCO,18470.83056637749,0.9952826407317246
COC(=O)/C=C(\C)N[C@@H](C(=O)[O-])c1ccc(O)cc1.[K+],CCCCO,20270.874584813733,0.9956423525946192
COC(=O)/C=C(\C)N[C@@H](C(=O)[O-])c1ccc(O)cc1.[K+],CCCO,15780.712705504324,0.9911863415625384
COC(=O)/C=C(\C)N[C@@H](C(=O)[O-])c1ccc(O)cc1.[K+],CCO,14659.814694605711,0.9911632826174586
COC(=O)/C=C(\C)N[C@@H](C(=O)[O-])c1ccc(O)cc1.[K+],CO,10046.102509466757,0.9977050786379722
COC(=O)/C=C/C(=O)OC,CC(C)O,61862.88005468881,0.9980599494733616
COC(=O)/C=C/C(=O)OC,CC(O)CO,104064.9524510123,0.9877953956853104
COC(=O)/C=C/C(=O)OC,CCCO,62090.05593089841,0.9944347647136472
COC(=O)/C=C/C(=O)OC,CCO,54763.11988888052,0.999704923653268
COC(=O)/C=C/C(=O)OC,CO,49619.35358446313,0.9979139561954646
COC(=O)/C=C/c1cc(OC)c(O)c(OC)c1,CC(C)(C)O,82132.20718983847,0.9751861660642956
COC(=O)/C=C/c1cc(OC)c(O)c(OC)c1,CCOC(C)=O,17944.75624209053,0.986420753261211
COC(=O)/C=C/c1ccc(O)c(OC)c1,CC(C)(C)O,34112.99303697394,0.9986429180908196
COC(=O)/C=C/c1ccc(O)c(OC)c1,CCCCCC,54110.20555725924,0.9332113222386345
COC(=O)/C=C/c1ccc(O)c(OC)c1,CCOC(C)=O,24775.90346646184,0.9944368578496257
COC(=O)/C=C/c1ccc(O)cc1,CC(C)(C)O,26150.82226460344,0.9817768178263784
COC(=O)/C=C/c1ccc(O)cc1,CCCCCC,61683.55248755557,0.9865318776033172
COC(=O)/C=C/c1ccc(O)cc1,CCOC(C)=O,13010.177627721216,0.9964512098389796
COC(=O)C(C)(C)N=NC(C)(C)C(=O)OC,C1CCCCC1,142658.3670260169,0.9963509598086016
COC(=O)C(C)(C)N=NC(C)(C)C(=O)OC,C1CCOC1,45032.67255061632,0.9735235166220064
COC(=O)C(C)(C)N=NC(C)(C)C(=O)OC,CC#N,52813.03432979232,0.9849111120765892
COC(=O)C(C)(C)N=NC(C)(C)C(=O)OC,CC(C)CO,86028.62517347164,0.945495156150882
COC(=O)C(C)(C)N=NC(C)(C)C(=O)OC,CC(C)O,82435.17577448,0.960388099759133
COC(=O)C(C)(C)N=NC(C)(C)C(=O)OC,CCCO,77193.33993124601,0.95503471416009
COC(=O)C(C)(C)N=NC(C)(C)C(=O)OC,CCO,75071.13294586689,0.9542593144897464
COC(=O)C(C)(C)N=NC(C)(C)C(=O)OC,CCOC(C)=O,45920.73492459428,0.974601818491391
COC(=O)C(C)(C)N=NC(C)(C)C(=O)OC,CO,68966.18375688122,0.9219151556385896
COC(=O)C(C)(C)N=NC(C)(C)C(=O)OC,Cc1ccccc1,47106.55149345683,0.972394879105868
COC(=O)C(C)(C)N=NC(C)(C)C(=O)OC,ClC(Cl)(Cl)Cl,46710.11734730194,0.9727872248335244
COC(=O)C(C)(C)N=NC(C)(C)C(=O)OC,ClCCl,29158.12738832784,0.9364461200928076
COC(=O)C1=C(C)NC(C)=C(C(=O)OCC(C)C)C1c1ccccc1[N+](=O)[O-],C1CCCCC1,29343.050328039302,0.999520994480986
COC(=O)C1=C(C)NC(C)=C(C(=O)OCC(C)C)C1c1ccccc1[N+](=O)[O-],CC#N,24195.51047752729,0.9987440601252852
COC(=O)C1=C(C)NC(C)=C(C(=O)OCC(C)C)C1c1ccccc1[N+](=O)[O-],CC(C)O,23327.572059614675,0.999050448740755
COC(=O)C1=C(C)NC(C)=C(C(=O)OCC(C)C)C1c1ccccc1[N+](=O)[O-],CCCCO,22783.99976782769,0.9996204318984606
COC(=O)C1=C(C)NC(C)=C(C(=O)OCC(C)C)C1c1ccccc1[N+](=O)[O-],CCCO,26092.247672755075,0.9986723924077194
COC(=O)C1=C(C)NC(C)=C(C(=O)OCC(C)C)C1c1ccccc1[N+](=O)[O-],CCO,28237.148657207497,0.9998966299869412
COC(=O)C1=C(C)NC(C)=C(C(=O)OCC(C)C)C1c1ccccc1[N+](=O)[O-],CCOC(C)=O,18900.30402693443,0.9974254075968664
COC(=O)C1=C(C)NC(C)=C(C(=O)OCC(C)C)C1c1ccccc1[N+](=O)[O-],Cc1ccccc1,24044.66502964657,0.9997166199605144
COC(=O)C1=C(C)NC(C)=C(C(=O)OCC(C)C)C1c1ccccc1[N+](=O)[O-],O,38026.603444283886,0.9991042043880882
COC(=O)C1CC(=O)C(C(=O)OC)CC1=O,CC#N,34113.00319614701,0.9943562404634604
COC(=O)C1CC(=O)C(C(=O)OC)CC1=O,CC(C)=O,31643.60642287448,0.9956288153573678
COC(=O)C1CC(=O)C(C(=O)OC)CC1=O,CC(C)O,35057.792128074696,0.999747613097594
COC(=O)C1CC(=O)C(C(=O)OC)CC1=O,CCCO,33834.002695981835,0.9934806524213556
COC(=O)C1CC(=O)C(C(=O)OC)CC1=O,CCO,40133.41116304307,0.9993322876075836
COC(=O)C1CC(=O)C(C(=O)OC)CC1=O,CCOC(C)=O,29939.49616751202,0.9990997942023672
COC(=O)C1CC(=O)C(C(=O)OC)CC1=O,CO,38179.59086059746,0.9803066137630188
COC(=O)CC[C@H](N)C(=O)O,CC(C)O,21367.153058882683,0.9942045452675498
COC(=O)CC[C@H](N)C(=O)O,CCCO,54285.56940855372,0.902908072483356
COC(=O)CC[C@H](N)C(=O)O,CCO,21357.52009657004,0.98747317673754
COC(=O)CC[C@H](N)C(=O)O,CO,7415.540173190614,0.9995582480315416
COC(=O)CC[C@H](N)C(=O)O,O,11513.14906487323,0.9988972935956923
COC(=O)N(OC)c1ccccc1COc1ccn(-c2ccc(Cl)cc2)n1,C1CCCCC1,53321.690999203776,0.9988997474620852
COC(=O)N(OC)c1ccccc1COc1ccn(-c2ccc(Cl)cc2)n1,CC(C)O,53859.620009194,0.990512484170647
COC(=O)N(OC)c1ccccc1COc1ccn(-c2ccc(Cl)cc2)n1,CCCCO,54609.85572272864,0.9732864663120656
COC(=O)NCCCCCCNC(=O)OC,CCO,44571.3456973903,0.9991365023757952
COC(=O)NCCCCCCNC(=O)OC,COC(=O)OC,45923.07137871785,0.9976008780462416
COC(=O)NCCCCCCNC(=O)OC,Cc1ccccc1,57729.6570229517,0.9984635987423868
COC(=O)NCCCCCCNC(=O)OC,O,46114.39861106143,0.9981539698751578
COC(=O)Nc1ccc(C)c(NC(=O)OC)c1,COC(=O)OC,29159.44804137112,0.991119728265844
COC(=O)Nc1nc2ccc(C(=O)c3ccc(F)cc3)cc2[nH]1,C1COCCO1,25032.17169710029,0.9997888247278096
COC(=O)Nc1nc2ccc(C(=O)c3ccc(F)cc3)cc2[nH]1,CC(C)CO,37734.01217555123,0.9994705528788616
COC(=O)Nc1nc2ccc(C(=O)c3ccc(F)cc3)cc2[nH]1,CC(C)O,25749.35690583333,0.9996474709801216
COC(=O)Nc1nc2ccc(C(=O)c3ccc(F)cc3)cc2[nH]1,CCCCO,36754.94759925629,0.9996180946452612
COC(=O)Nc1nc2ccc(C(=O)c3ccc(F)cc3)cc2[nH]1,CCCO,36372.00425018625,0.9994651684864388
COC(=O)Nc1nc2ccc(C(=O)c3ccc(F)cc3)cc2[nH]1,CCO,53673.04505277176,0.9978771378718866
COC(=O)Nc1nc2ccc(C(=O)c3ccc(F)cc3)cc2[nH]1,CN(C)C=O,25221.68333463264,0.998860077016009
COC(=O)Nc1nc2ccc(C(=O)c3ccc(F)cc3)cc2[nH]1,CN1CCCC1=O,23211.85266682707,0.9912173299787717
COC(=O)Nc1nc2ccc(C(=O)c3ccc(F)cc3)cc2[nH]1,CO,52318.68251947307,0.9999134808017508
COC(=O)Nc1nc2ccc(C(=O)c3ccc(F)cc3)cc2[nH]1,CS(C)=O,23802.125593809524,0.999549355373788
COC(=O)Nc1nc2ccc(C(=O)c3ccc(F)cc3)cc2[nH]1,O,33446.63831804087,0.9999019791596672
COC(=O)Nc1nc2ccc(Sc3ccccc3)cc2[nH]1,C1COCCO1,20763.832677554044,0.997817971481352
COC(=O)Nc1nc2ccc(Sc3ccccc3)cc2[nH]1,CC(C)=O,10272.110970864282,0.9963473278812608
COC(=O)Nc1nc2ccc(Sc3ccccc3)cc2[nH]1,CC(C)O,17843.693344361654,0.99781916861804
COC(=O)Nc1nc2ccc(Sc3ccccc3)cc2[nH]1,CCCCO,11003.543203397192,0.9966199874891496
COC(=O)Nc1nc2ccc(Sc3ccccc3)cc2[nH]1,CCCO,14066.920697264362,0.9984251181654472
COC(=O)Nc1nc2ccc(Sc3ccccc3)cc2[nH]1,CCOC(C)=O,17814.1733944579,0.9996385272054752
COC(=O)Nc1nc2ccc(Sc3ccccc3)cc2[nH]1,CN(C)C=O,50917.716850574034,0.9954037788814564
COC(=O)Nc1nc2ccc(Sc3ccccc3)cc2[nH]1,CN1CCCC1=O,15428.256700229686,0.9999307348923064
COC(=O)Nc1nc2ccccc2[nH]1,CCCCCO,75630.69619128057,0.9988194984808616
COC(=O)Nc1nc2ccccc2[nH]1,CCCCO,63970.80467416639,0.99938459644043
COC(=O)Nc1nc2ccccc2[nH]1,CCCO,58338.94471104518,0.9993289872354972
COC(=O)Nc1nc2ccccc2[nH]1,CN(C)C=O,10921.408956679235,0.9998138295426074
COC(=O)Nc1nc2ccccc2[nH]1,CO,30046.49573110924,0.9990304184166282
COC(=O)Nc1nc2ccccc2[nH]1,O,26818.55637172841,0.9996642122534
COC(=O)[C@@H](N)CC(C)C.Cl,C1COCCO1,22183.25157724995,0.9575406478982612
COC(=O)[C@@H](N)CC(C)C.Cl,CC(=O)OC(C)C,25297.52814413357,0.9828069001305476
COC(=O)[C@@H](N)CC(C)C.Cl,CC(C)=O,29476.22202726235,0.9774262781574048
COC(=O)[C@@H](N)CC(C)C.Cl,CCC(C)=O,27739.101349152643,0.9460540154122544
COC(=O)[C@@H](N)CC(C)C.Cl,CCCCCO,21079.85398149268,0.989671523004616
COC(=O)[C@@H](N)CC(C)C.Cl,CCCCO,17318.26872440123,0.972971866972128
COC(=O)[C@@H](N)CC(C)C.Cl,CCCOC(C)=O,29303.147792951426,0.9778598992995564
COC(=O)[C@@H](N)CC(C)C.Cl,CCOC(C)=O,32445.022815704728,0.9685142443603676
COC(=O)[C@@H](N)CC(C)C.Cl,COC(=O)OC,39622.50827043056,0.973780105360435
COC(=O)[C@@H](N)CC(C)C.Cl,COC(C)=O,40532.795795497565,0.9929723372672744
COC(=O)[C@@H](N)CS.Cl,C1COCCO1,24280.13500943497,0.9921290235201752
COC(=O)[C@@H](N)CS.Cl,CC#N,26464.45592521693,0.9807202553412716
COC(=O)[C@@H](N)CS.Cl,CC(C)=O,13904.144349621822,0.9664775436591628
COC(=O)[C@@H](N)CS.Cl,CC(C)CO,24391.549622717983,0.9605364975227408
COC(=O)[C@@H](N)CS.Cl,CC(C)O,25778.008810061143,0.9638148144044713
COC(=O)[C@@H](N)CS.Cl,CCC(C)=O,30777.862846549822,0.988221065351932
COC(=O)[C@@H](N)CS.Cl,CCC(C)O,23448.980441447304,0.9694334116436528
COC(=O)[C@@H](N)CS.Cl,CCCCCO,26961.06308822768,0.992444619164546
COC(=O)[C@@H](N)CS.Cl,CCCO,23902.63359958073,0.99017500389002
COC(=O)[C@@H](N)CS.Cl,CCO,23672.991305829102,0.9914728211124102
COC(=O)[C@@H](N)CS.Cl,CCOC(C)=O,28260.102323592888,0.988769877105946
COC(=O)[C@@H](N)CS.Cl,CO,17687.80041104292,0.965558536124516
COC(=O)[C@@H](N)CS.Cl,ClCCl,32823.32275493851,0.9844857912682348
COC(=O)[C@@H](N)Cc1c[nH]c2ccccc12.Cl,CC#N,29617.143556417475,0.9961514236046786
COC(=O)[C@@H](N)Cc1c[nH]c2ccccc12.Cl,CC(C)CO,20020.504003692884,0.9700105176130084
COC(=O)[C@@H](N)Cc1c[nH]c2ccccc12.Cl,CC(C)O,16713.952637942806,0.9985836439057736
COC(=O)[C@@H](N)Cc1c[nH]c2ccccc12.Cl,CCC(C)=O,30470.762007343823,0.9627583044296512
COC(=O)[C@@H](N)Cc1c[nH]c2ccccc12.Cl,CCCCO,9903.040384316284,0.9880456162178844
COC(=O)[C@@H](N)Cc1c[nH]c2ccccc12.Cl,CCCO,11056.431627125165,0.9852338392698462
COC(=O)[C@@H](N)Cc1c[nH]c2ccccc12.Cl,CCO,12374.35611864286,0.9804803492091816
COC(=O)[C@@H](N)Cc1c[nH]c2ccccc12.Cl,CCOC(C)=O,37860.01323581689,0.990275166565076
COC(=O)[C@@H](N)Cc1c[nH]c2ccccc12.Cl,CO,8831.082798080712,0.9726344739264102
COC(=O)[C@@H](N)Cc1c[nH]c2ccccc12.Cl,O,23227.20014464976,0.9936663689129296
COC(=O)[C@H](Cc1ccccc1)NC(=O)[C@@H](N)CC(=O)O,CCO,37573.09215967711,0.9953843088763829
COC(=O)[C@H](Cc1ccccc1)NC(=O)[C@@H](N)CC(=O)O,CO,17656.811262512507,0.9938794989496672
COC(=O)[C@H](Cc1ccccc1)NC(=O)[C@@H](N)CC(=O)O,O,29017.63954030944,0.9949549345513948
COC(=O)[C@H](N)c1ccc(O)cc1,CC(=O)OC(C)C,64582.64352382583,0.9941610601211354
COC(=O)[C@H](N)c1ccc(O)cc1,CC(C)O,70025.61941272892,0.9916176794708128
COC(=O)[C@H](N)c1ccc(O)cc1,CCCCCO,82440.81313342693,0.9886805571978706
COC(=O)[C@H](N)c1ccc(O)cc1,CCCCO,50650.9532415684,0.9980756467191884
COC(=O)[C@H](N)c1ccc(O)cc1,CCCCOC(C)=O,51140.42239619341,0.9996260099622228
COC(=O)[C@H](N)c1ccc(O)cc1,CCCO,39713.076808096994,0.9998785057190354
COC(=O)[C@H](N)c1ccc(O)cc1,CCCOC(C)=O,68895.5266781501,0.9910806928128616
COC(=O)[C@H](N)c1ccc(O)cc1,CCO,37599.99968822969,0.9977338092224456
COC(=O)[C@H](N)c1ccc(O)cc1,CCOC(C)=O,55958.62136112965,0.9774537520074924
COC(=O)[C@H](N)c1ccc(O)cc1,CO,28621.546590086145,0.9999483701933694
COC(=O)[C@H](N)c1ccc(O)cc1,COC(C)=O,45618.85438514417,0.9830186633196129
COC(=O)[C@H](N)c1ccc(O)cc1,O,58207.44590650951,0.9878459067414948
COC(=O)[C@H](N)c1ccccc1.Cl,CC(C)=O,44408.29812114578,0.9614591662918678
COC(=O)[C@H](N)c1ccccc1.Cl,CO,3810.371162656503,0.996017560696393
COC(=O)[C@H](N)c1ccccc1.Cl,Cc1ccccc1,27830.53597619156,0.9913382891031364
COC(=O)[C@H](N)c1ccccc1.Cl,O,11952.926803485045,0.9809852192402106
COC(=O)[C@H](c1ccccc1Cl)N1CCc2sccc2C1.O=S(=O)(O)O,CC(C)=O,27161.554878926145,0.9799620085585884
COC(=O)[C@H](c1ccccc1Cl)N1CCc2sccc2C1.O=S(=O)(O)O,CC(C)O,34979.024349907355,0.9949126582910822
COC(=O)[C@H](c1ccccc1Cl)N1CCc2sccc2C1.O=S(=O)(O)O,CCC(C)O,36763.2235769867,0.9955856874730792
COC(=O)[C@H](c1ccccc1Cl)N1CCc2sccc2C1.O=S(=O)(O)O,CCCCO,12643.903781933925,0.985361854520404
COC(=O)[C@H](c1ccccc1Cl)N1CCc2sccc2C1.O=S(=O)(O)O,CCOC(C)=O,14916.569248638154,0.9919054183598094
COC(=O)[C@H](c1ccccc1Cl)N1CCc2sccc2C1.O=S(=O)(O)O,COC(C)(C)C,14672.633035851535,0.9784605512926812
COC(=O)[C@H](c1ccccc1Cl)N1CCc2sccc2C1.O=S(=O)(O)O,COC(C)=O,14978.956840776716,0.9476432409554708
COC(=O)[C@H]1[C@H]2C[C@@H]3c4[nH]c5cc(OC)ccc5c4CCN3C[C@H]2C[C@@H](OC(=O)c2cc(OC)c(OC)c(OC)c2)[C@@H]1OC,CC(C)O,18182.29945089196,0.999422154754426
COC(=O)[C@H]1[C@H]2C[C@@H]3c4[nH]c5cc(OC)ccc5c4CCN3C[C@H]2C[C@@H](OC(=O)c2cc(OC)c(OC)c(OC)c2)[C@@H]1OC,CC(O)CO,12871.353287721346,0.998062662255908
COC(=O)[C@H]1[C@H]2C[C@@H]3c4[nH]c5cc(OC)ccc5c4CCN3C[C@H]2C[C@@H](OC(=O)c2cc(OC)c(OC)c(OC)c2)[C@@H]1OC,CCO,20337.107990458288,0.9982467038404212
COC(=O)[C@H]1[C@H]2C[C@@H]3c4[nH]c5cc(OC)ccc5c4CCN3C[C@H]2C[C@@H](OC(=O)c2cc(OC)c(OC)c(OC)c2)[C@@H]1OC,CCOC(C)=O,13361.090956827738,0.994945202357234
COC(=O)[C@H]1[C@H]2C[C@@H]3c4[nH]c5cc(OC)ccc5c4CCN3C[C@H]2C[C@@H](OC(=O)c2cc(OC)c(OC)c(OC)c2)[C@@H]1OC,CCOCCOCCO,15073.366854026726,0.9950423384469465
COC(=O)[C@H]1[C@H]2C[C@@H]3c4[nH]c5cc(OC)ccc5c4CCN3C[C@H]2C[C@@H](OC(=O)c2cc(OC)c(OC)c(OC)c2)[C@@H]1OC,O,17292.90996162022,0.9976202276923828
COC(=O)c1c(C)cc(O)c(C)c1O,CC(C)O,15816.196233951723,0.996481749103655
COC(=O)c1c(C)cc(O)c(C)c1O,CCCCCO,14966.951507086693,0.9964648509477704
COC(=O)c1c(C)cc(O)c(C)c1O,CCCCO,14875.09737515547,0.9960582462937786
COC(=O)c1c(C)cc(O)c(C)c1O,CCCO,17616.782114665075,0.9981070750230664
COC(=O)c1c(C)cc(O)c(C)c1O,CCO,15995.287049518352,0.9952050526128522
COC(=O)c1c(C)cc(O)c(C)c1O,CN(C)C=O,3184.253947510389,0.9848338585370872
COC(=O)c1c(Cl)nn(C)c1S(=O)(=O)NC(=O)Nc1nc(OC)cc(OC)n1,CC(C)O,10888.713577892167,0.9987256567912196
COC(=O)c1c(Cl)nn(C)c1S(=O)(=O)NC(=O)Nc1nc(OC)cc(OC)n1,CCO,18618.476139557068,0.9990370209341286
COC(=O)c1c(Cl)nn(C)c1S(=O)(=O)NC(=O)Nc1nc(OC)cc(OC)n1,CN(C)C=O,19083.78983872122,0.9986781469304736
COC(=O)c1c(Cl)nn(C)c1S(=O)(=O)NC(=O)Nc1nc(OC)cc(OC)n1,O,5648.635865346779,0.9992058394354254
COC(=O)c1cc(O)c(O)c(O)c1,CCCCO,18007.03703259401,0.9995845228202592
COC(=O)c1cc(O)c(O)c(O)c1,CCCO,16607.729161536954,0.9991320321032748
COC(=O)c1cc(O)c(O)c(O)c1,CCO,12388.938069101234,0.9983107851451296
COC(=O)c1cc(O)c(O)c(O)c1,CCOC(C)=O,21266.311815628647,0.9990881167458584
COC(=O)c1cc(O)c(O)c(O)c1,COC(C)=O,19992.81410815864,0.9999256145669142
COC(=O)c1cc(OC)c2c(c1-c1c(C(=O)OC)cc(OC)c3c1OCO3)OCO2,CC#N,32048.60419337606,0.9975290291548424
COC(=O)c1cc(OC)c2c(c1-c1c(C(=O)OC)cc(OC)c3c1OCO3)OCO2,CC(C)=O,34040.49857939001,0.9920268238415012
COC(=O)c1cc(OC)c2c(c1-c1c(C(=O)OC)cc(OC)c3c1OCO3)OCO2,CC(C)O,56636.45641853616,0.9876219948354577
COC(=O)c1cc(OC)c2c(c1-c1c(C(=O)OC)cc(OC)c3c1OCO3)OCO2,CCCCCO,55004.96792170322,0.9766208281159858
COC(=O)c1cc(OC)c2c(c1-c1c(C(=O)OC)cc(OC)c3c1OCO3)OCO2,CCCCCOC(C)=O,35315.58102981405,0.9882382339952906
COC(=O)c1cc(OC)c2c(c1-c1c(C(=O)OC)cc(OC)c3c1OCO3)OCO2,CCCCO,58502.84122605884,0.9934838320085804
COC(=O)c1cc(OC)c2c(c1-c1c(C(=O)OC)cc(OC)c3c1OCO3)OCO2,CCCCOC(C)=O,36683.50796775059,0.9920190245409866
COC(=O)c1cc(OC)c2c(c1-c1c(C(=O)OC)cc(OC)c3c1OCO3)OCO2,CCCO,58786.72860134338,0.9894390078812652
COC(=O)c1cc(OC)c2c(c1-c1c(C(=O)OC)cc(OC)c3c1OCO3)OCO2,CCCOC(C)=O,37370.804854893686,0.9922454488548728
COC(=O)c1cc(OC)c2c(c1-c1c(C(=O)OC)cc(OC)c3c1OCO3)OCO2,CCOC(C)=O,31169.204984386684,0.9954638703967538
COC(=O)c1cc(OC)c2c(c1-c1c(C(=O)OC)cc(OC)c3c1OCO3)OCO2,CO,49351.035721841065,0.989769127372476
COC(=O)c1cc(OC)c2c(c1-c1c(C(=O)OC)cc(OC)c3c1OCO3)OCO2,COC(C)=O,32583.285224561216,0.9913600892068906
COC(=O)c1ccc(C(=O)OC)cc1,CC#N,32380.51927712165,0.9997564005676938
COC(=O)c1ccc(C(=O)OC)cc1,CC(C)=O,29060.719782644017,0.99978856786213
COC(=O)c1ccc(C(=O)OC)cc1,CC(C)CO,44836.58281887381,0.9992908284177964
COC(=O)c1ccc(C(=O)OC)cc1,CCC(C)=O,28837.071051050767,0.9997065671663932
COC(=O)c1ccc(C(=O)OC)cc1,CCCCCOC(C)=O,28818.51682190036,0.999454675699074
COC(=O)c1ccc(C(=O)OC)cc1,CCCCO,42102.40739253201,0.9994887506112564
COC(=O)c1ccc(C(=O)OC)cc1,CCCO,41402.67573539626,0.9997439554998214
COC(=O)c1ccc(C(=O)OC)cc1,CCCOC(C)=O,26880.0112588954,0.9989427006158236
COC(=O)c1ccc(C(=O)OC)cc1,CCO,38390.41476367249,0.9992162851890782
COC(=O)c1ccc(C(=O)OC)cc1,CCOC(C)=O,27281.712384514536,0.9997447206782076
COC(=O)c1ccc(C(=O)OC)cc1,CO,37214.17176392323,0.9984518580889788
COC(=O)c1ccc(C(=O)OC)cc1,ClC(Cl)Cl,13736.961223400818,0.9988770560676448
COC(=O)c1ccc(O)cc1,CC(C)O,20596.522112086543,0.9655801437259433
COC(=O)c1ccc(O)cc1,CCCO,17935.339835200444,0.9891966294010018
COC(=O)c1ccc(O)cc1,CCO,20490.287124255243,0.9987610183810512
COC(=O)c1ccc2cc(C(=O)OC)ccc2c1,CC(=O)N(C)C,36887.80049766717,0.9985895361538204
COC(=O)c1ccc2cc(C(=O)OC)ccc2c1,CC(=O)O,42177.62933241332,0.9991527929821556
COC(=O)c1ccc2cc(C(=O)OC)ccc2c1,CN(C)C=O,39789.84286305086,0.9992523348219902
COC(=O)c1ccc2cc(C(=O)OC)ccc2c1,CS(C)=O,42751.88676455791,0.9980500868943762
COC(=O)c1ccnc(N)c1,CCCO,26785.985050358817,0.9987872920587668
COC(=O)c1ccnc(N)c1,CO,27619.25101299597,0.9992876645006162
COC(=O)c1sccc1S(=O)(=O)NC(=O)Nc1nc(C)nc(OC)n1,CCCO,13386.38759891413,0.9992672641968326
COC(=O)c1sccc1S(=O)(=O)NC(=O)Nc1nc(C)nc(OC)n1,CCO,15510.67222696282,0.9976340206991466
COC(=O)c1sccc1S(=O)(=O)NC(=O)Nc1nc(C)nc(OC)n1,O,20210.128721573343,0.9979701987906484
COC1=C(OC)C(=O)C(C/C=C(\C)CC/C=C(\C)CC/C=C(\C)CC/C=C(\C)CC/C=C(\C)CC/C=C(\C)CC/C=C(\C)CC/C=C(\C)CC/C=C(\C)CCC=C(C)C)=C(C)C1=O,CCCCCC,107482.73424970226,0.99275619798334
COC1=C(OC)C(=O)C(C/C=C(\C)CC/C=C(\C)CC/C=C(\C)CC/C=C(\C)CC/C=C(\C)CC/C=C(\C)CC/C=C(\C)CC/C=C(\C)CC/C=C(\C)CCC=C(C)C)=C(C)C1=O,CCCCO,137823.5154940581,0.9568794126524764
COC1=C(OC)C(=O)C(C/C=C(\C)CC/C=C(\C)CC/C=C(\C)CC/C=C(\C)CC/C=C(\C)CC/C=C(\C)CC/C=C(\C)CC/C=C(\C)CC/C=C(\C)CCC=C(C)C)=C(C)C1=O,CCCO,84112.95061614273,0.9835169081643568
COC1=C(OC)C(=O)C(C/C=C(\C)CC/C=C(\C)CC/C=C(\C)CC/C=C(\C)CC/C=C(\C)CC/C=C(\C)CC/C=C(\C)CC/C=C(\C)CC/C=C(\C)CCC=C(C)C)=C(C)C1=O,CCOC(C)=O,118553.77632692608,0.9951266564373316
COC1=CC(=O)C[C@@H](C)[C@]12Oc1c(Cl)c(OC)cc(OC)c1C2=O,CC#N,17947.12781833394,0.9965078945716722
COC1=CC(=O)C[C@@H](C)[C@]12Oc1c(Cl)c(OC)cc(OC)c1C2=O,CC(=O)N(C)C,11783.75871765594,0.99838605486976
COC1=CC(=O)C[C@@H](C)[C@]12Oc1c(Cl)c(OC)cc(OC)c1C2=O,CC(C)=O,15496.264890335273,0.9838991010818556
COC1=CC(=O)C[C@@H](C)[C@]12Oc1c(Cl)c(OC)cc(OC)c1C2=O,CCC(C)=O,12458.703869647205,0.9984119575125096
COC1=CC(=O)C[C@@H](C)[C@]12Oc1c(Cl)c(OC)cc(OC)c1C2=O,CCO,26701.885502758432,0.9974584214302432
COC1=CC(=O)C[C@@H](C)[C@]12Oc1c(Cl)c(OC)cc(OC)c1C2=O,CN(C)C=O,19079.585733563712,0.9975119053344258
COC1=CC(=O)C[C@@H](C)[C@]12Oc1c(Cl)c(OC)cc(OC)c1C2=O,CO,28154.844067124297,0.9956993029375492
COC1=CC(=O)C[C@@H](C)[C@]12Oc1c(Cl)c(OC)cc(OC)c1C2=O,CS(C)=O,12666.282241347297,0.9978009066082344
COC1=CC(=O)C[C@@H](C)[C@]12Oc1c(Cl)c(OC)cc(OC)c1C2=O,ClCCCl,9943.167175657794,0.986450643970588
COC1=CC(=O)C[C@@H](C)[C@]12Oc1c(Cl)c(OC)cc(OC)c1C2=O,O,31792.861482230404,0.9985365876238108
COC1CCC2(CC1)NC(=O)C(c1cc(C)ccc1C)=C2O,CCCO,21476.15960708884,0.998159000296614
COC1CCC2(CC1)NC(=O)C(c1cc(C)ccc1C)=C2O,CCO,18967.929752986136,0.9847787201433084
COC1CCC2(CC1)NC(=O)C(c1cc(C)ccc1C)=C2O,CO,16520.139529591477,0.997650535615983
COC1CCC2(CC1)NC(=O)C(c1cc(C)ccc1C)=C2O,O,30736.7285533575,0.9590695464359102
COCC(=O)Nc1c(I)c(C(=O)NCC(O)CO)c(I)c(C(=O)N(C)CC(O)CO)c1I,CC(C)=O,24440.043216035778,0.9988347398018732
COCC(=O)Nc1c(I)c(C(=O)NCC(O)CO)c(I)c(C(=O)N(C)CC(O)CO)c1I,CC(C)O,23689.890881327294,0.9997195730044588
COCC(=O)Nc1c(I)c(C(=O)NCC(O)CO)c(I)c(C(=O)N(C)CC(O)CO)c1I,CCO,20077.96489645846,0.9985699504807286
COCC(=O)Nc1c(I)c(C(=O)NCC(O)CO)c(I)c(C(=O)N(C)CC(O)CO)c1I,CN(C)C=O,5599.101028628772,0.984045162396401
COCC(=O)Nc1c(I)c(C(=O)NCC(O)CO)c(I)c(C(=O)N(C)CC(O)CO)c1I,CO,22377.072580686952,0.9981780690328658
COCC(=O)Nc1c(I)c(C(=O)NCC(O)CO)c(I)c(C(=O)N(C)CC(O)CO)c1I,Cc1ccccc1,11559.968954654803,0.999768770926902
COCCOC(=O)C1=C(C)NC(C)=C(C(=O)OC(C)C)C1c1cccc([N+](=O)[O-])c1,C1CCOC1,16942.925885161243,0.9989114173170808
COCCOC(=O)C1=C(C)NC(C)=C(C(=O)OC(C)C)C1c1cccc([N+](=O)[O-])c1,CC#N,22904.506306064635,0.9992730366166248
COCCOC(=O)C1=C(C)NC(C)=C(C(=O)OC(C)C)C1c1cccc([N+](=O)[O-])c1,CC(C)=O,15961.32902105848,0.9995433563327858
COCCOC(=O)C1=C(C)NC(C)=C(C(=O)OC(C)C)C1c1cccc([N+](=O)[O-])c1,CC(C)CCO,20285.27353387476,0.9993183856310648
COCCOC(=O)C1=C(C)NC(C)=C(C(=O)OC(C)C)C1c1cccc([N+](=O)[O-])c1,CC(C)CO,18806.19962064549,0.9991763780322552
COCCOC(=O)C1=C(C)NC(C)=C(C(=O)OC(C)C)C1c1cccc([N+](=O)[O-])c1,CC(C)O,15289.816136721818,0.9991422968276442
COCCOC(=O)C1=C(C)NC(C)=C(C(=O)OC(C)C)C1c1cccc([N+](=O)[O-])c1,CCC(C)O,14176.243697172882,0.999117828300545
COCCOC(=O)C1=C(C)NC(C)=C(C(=O)OC(C)C)C1c1cccc([N+](=O)[O-])c1,CCCCCO,16418.876731659515,0.9993131851981464
COCCOC(=O)C1=C(C)NC(C)=C(C(=O)OC(C)C)C1c1cccc([N+](=O)[O-])c1,CCCCO,14448.905291125646,0.9991967325419736
COCCOC(=O)C1=C(C)NC(C)=C(C(=O)OC(C)C)C1c1cccc([N+](=O)[O-])c1,CCO,15722.11172508406,0.999232851251463
COCCOC(=O)C1=C(C)NC(C)=C(C(=O)OC(C)C)C1c1cccc([N+](=O)[O-])c1,CCOC(C)=O,18298.58551807657,0.9993565665594892
COCCOC(=O)C1=C(C)NC(C)=C(C(=O)OC(C)C)C1c1cccc([N+](=O)[O-])c1,CCOC=O,15973.490527878645,0.9993925867584112
COCCOC(=O)C1=C(C)NC(C)=C(C(=O)OC(C)C)C1c1cccc([N+](=O)[O-])c1,CO,17268.240448641685,0.9994345763262688
COCCOC(=O)C1=C(C)NC(C)=C(C(=O)OC(C)C)C1c1cccc([N+](=O)[O-])c1,COC(C)=O,15661.406707738848,0.9992599170093972
COCCOC(=O)C1=C(C)NC(C)=C(C(=O)OC(C)C)C1c1cccc([N+](=O)[O-])c1,O=C1CCCCC1,17122.803812367565,0.9992245962808473
COCCOc1ccccc1S(=O)(=O)NC(=O)Nc1nc(OC)nc(OC)n1,CCCO,10844.93436239163,0.999858350226602
COCCOc1ccccc1S(=O)(=O)NC(=O)Nc1nc(OC)nc(OC)n1,CCO,10906.329693035035,0.9992078818496708
COCCOc1ccccc1S(=O)(=O)NC(=O)Nc1nc(OC)nc(OC)n1,CN(C)C=O,14860.134119254864,0.9981300946311792
COCCOc1ccccc1S(=O)(=O)NC(=O)Nc1nc(OC)nc(OC)n1,CO,14531.143405590014,0.9992284556272348
CONC(=O)Nc1ccc(-c2sc3c(c2CN(C)C)c(=O)n(-c2ccc(OC)nn2)c(=O)n3Cc2c(F)cccc2F)cc1,CC(C)O,32708.075045224567,0.999339262801154
CONC(=O)Nc1ccc(-c2sc3c(c2CN(C)C)c(=O)n(-c2ccc(OC)nn2)c(=O)n3Cc2c(F)cccc2F)cc1,CCOC(C)=O,13775.78740988254,0.9889524514768596
COP(=O)(NC(C)=O)SC,CC(C)=O,47572.27264940675,0.9979506863907416
COP(=O)(NC(C)=O)SC,CC(C)O,52278.680882264685,0.997643373528071
CO[C@@]1(NC(=O)CSCC#N)C(=O)N2C(C(=O)O)=C(CSc3nnnn3C)CS[C@@H]21,CC(C)O,36672.080607096,0.9997347603223432
CO[C@@]1(NC(=O)CSCC#N)C(=O)N2C(C(=O)O)=C(CSc3nnnn3C)CS[C@@H]21,CCO,29824.519423161288,0.9586427074161756
CO[C@@]1(NC(=O)CSCC#N)C(=O)N2C(C(=O)O)=C(CSc3nnnn3C)CS[C@@H]21,CO,31348.656657024825,0.9546604937140925
CO[C@@]1(NC(=O)CSCC#N)C(=O)N2C(C(=O)[O-])=C(CSc3nnnn3C)CS[C@@H]21.[Na+],CC(C)O,28990.57725481962,0.9836985682393028
CO[C@@]1(NC(=O)CSCC#N)C(=O)N2C(C(=O)[O-])=C(CSc3nnnn3C)CS[C@@H]21.[Na+],CCCCCC,24976.9653944696,0.9945128822799026
CO[C@@]1(NC(=O)CSCC#N)C(=O)N2C(C(=O)[O-])=C(CSc3nnnn3C)CS[C@@H]21.[Na+],CCCCCO,25685.124544081944,0.998127423307851
CO[C@@]1(NC(=O)CSCC#N)C(=O)N2C(C(=O)[O-])=C(CSc3nnnn3C)CS[C@@H]21.[Na+],CCCCO,28085.776814864977,0.9851503788924324
CO[C@@]1(NC(=O)CSCC#N)C(=O)N2C(C(=O)[O-])=C(CSc3nnnn3C)CS[C@@H]21.[Na+],CCCO,28103.443014441047,0.9881047672741852
CO[C@@]1(NC(=O)CSCC#N)C(=O)N2C(C(=O)[O-])=C(CSc3nnnn3C)CS[C@@H]21.[Na+],CCO,19752.70137673133,0.929091450370669
CO[C@@]1(NC(=O)CSCC#N)C(=O)N2C(C(=O)[O-])=C(CSc3nnnn3C)CS[C@@H]21.[Na+],CCOC(C)=O,28817.6974833756,0.9792772031539496
CO[C@@]1(NC(=O)Cc2cccs2)C(=O)N2C(C(=O)O)=C(COC(N)=O)CS[C@@H]21,CCO,25060.43703719639,0.9976310501478728
CO[C@@]1(NC(=O)Cc2cccs2)C(=O)N2C(C(=O)O)=C(COC(N)=O)CS[C@@H]21,CCOC(C)=O,6718.722875082702,0.990869650790784
CO[C@@]1(NC(=O)Cc2cccs2)C(=O)N2C(C(=O)O)=C(COC(N)=O)CS[C@@H]21,CO,22888.79398873793,0.9984572019168736
CO[C@H]1/C=C/O[C@@]2(C)Oc3c(C)c(O)c4c(O)c(c(/C=N/N5CCN(C)CC5)c(O)c4c3C2=O)NC(=O)/C(C)=C\C=C\[C@H](C)[C@H](O)[C@@H](C)[C@@H](O)[C@@H](C)[C@H](OC(C)=O)[C@@H]1C,CC(C)O,35136.82265272039,0.972181278257548
CO[C@H]1/C=C/O[C@@]2(C)Oc3c(C)c(O)c4c(O)c(c(/C=N/N5CCN(C)CC5)c(O)c4c3C2=O)NC(=O)/C(C)=C\C=C\[C@H](C)[C@H](O)[C@@H](C)[C@@H](O)[C@@H](C)[C@H](OC(C)=O)[C@@H]1C,CCC(C)O,22738.839662618026,0.9126873376812592
CO[C@H]1/C=C/O[C@@]2(C)Oc3c(C)c(O)c4c(O)c(c(/C=N/N5CCN(C)CC5)c(O)c4c3C2=O)NC(=O)/C(C)=C\C=C\[C@H](C)[C@H](O)[C@@H](C)[C@@H](O)[C@@H](C)[C@H](OC(C)=O)[C@@H]1C,CCOCCOCCO,112449.3398909017,0.9313436041735904
CO[C@H]1/C=C/O[C@@]2(C)Oc3c(C)c(O)c4c(O)c(c(/C=N/N5CCN(C6CCCC6)CC5)c(O)c4c3C2=O)NC(=O)/C(C)=C\C=C\[C@H](C)[C@H](O)[C@@H](C)[C@@H](O)[C@@H](C)[C@H](OC(C)=O)[C@@H]1C,CC(=O)O,9044.89379795477,0.9970033348867824
CO[C@H]1/C=C/O[C@@]2(C)Oc3c(C)c(O)c4c(O)c(c(/C=N/N5CCN(C6CCCC6)CC5)c(O)c4c3C2=O)NC(=O)/C(C)=C\C=C\[C@H](C)[C@H](O)[C@@H](C)[C@@H](O)[C@@H](C)[C@H](OC(C)=O)[C@@H]1C,CC(C)=O,3787.860899040279,0.9031659485323216
CO[C@H]1/C=C/O[C@@]2(C)Oc3c(C)c(O)c4c(O)c(c(/C=N/N5CCN(C6CCCC6)CC5)c(O)c4c3C2=O)NC(=O)/C(C)=C\C=C\[C@H](C)[C@H](O)[C@@H](C)[C@@H](O)[C@@H](C)[C@H](OC(C)=O)[C@@H]1C,CCO,4469.354045999288,0.9886863252746118
CO[C@H]1/C=C/O[C@@]2(C)Oc3c(C)c(O)c4c(O)c(c(/C=N/N5CCN(C6CCCC6)CC5)c(O)c4c3C2=O)NC(=O)/C(C)=C\C=C\[C@H](C)[C@H](O)[C@@H](C)[C@@H](O)[C@@H](C)[C@H](OC(C)=O)[C@@H]1C,CO,3778.4273387793432,0.966752796776202
CO[C@H]1/C=C/O[C@@]2(C)Oc3c(C)c(O)c4c(O)c(c(/C=N/N5CCN(C6CCCC6)CC5)c(O)c4c3C2=O)NC(=O)/C(C)=C\C=C\[C@H](C)[C@H](O)[C@@H](C)[C@@H](O)[C@@H](C)[C@H](OC(C)=O)[C@@H]1C,ClC(Cl)Cl,3456.9635512150467,0.9749128455018098
CO[C@H]1/C=C/O[C@@]2(C)Oc3c(C)c(O)c4c(O)c(c(/C=N/N5CCN(C6CCCC6)CC5)c(O)c4c3C2=O)NC(=O)/C(C)=C\C=C\[C@H](C)[C@H](O)[C@@H](C)[C@@H](O)[C@@H](C)[C@H](OC(C)=O)[C@@H]1C,ClCCl,7407.598093065137,0.9873357633294508
CO[C@H]1C[C@@H]2CC[C@@H](C)[C@@](O)(O2)C(=O)C(=O)N2CCCC[C@H]2C(=O)O[C@H]([C@H](C)C[C@@H]2CC[C@@H](O)[C@H](OC)C2)CC(=O)[C@H](C)/C=C(\C)[C@@H](O)[C@@H](OC)C(=O)[C@H](C)C[C@H](C)/C=C/C=C/C=C/1C,CC(C)=O,12387.748094527848,0.9690367818886648
CO[C@H]1C[C@@H]2CC[C@@H](C)[C@@](O)(O2)C(=O)C(=O)N2CCCC[C@H]2C(=O)O[C@H]([C@H](C)C[C@@H]2CC[C@@H](O)[C@H](OC)C2)CC(=O)[C@H](C)/C=C(\C)[C@@H](O)[C@@H](OC)C(=O)[C@H](C)C[C@H](C)/C=C/C=C/C=C/1C,CCO,13680.354353587934,0.994341444772935
CO[C@H]1C[C@@H]2CC[C@@H](C)[C@@](O)(O2)C(=O)C(=O)N2CCCC[C@H]2C(=O)O[C@H]([C@H](C)C[C@@H]2CC[C@@H](O)[C@H](OC)C2)CC(=O)[C@H](C)/C=C(\C)[C@@H](O)[C@@H](OC)C(=O)[C@H](C)C[C@H](C)/C=C/C=C/C=C/1C,CO,15577.34326234602,0.9404386178688364
CO[C@H]1C[C@@H]2CC[C@@H](C)[C@@](O)(O2)C(=O)C(=O)N2CCCC[C@H]2C(=O)O[C@H]([C@H](C)C[C@@H]2CC[C@@H](O)[C@H](OC)C2)CC(=O)[C@H](C)/C=C(\C)[C@@H](O)[C@@H](OC)C(=O)[C@H](C)C[C@H](C)/C=C/C=C/C=C/1C,ClC(Cl)Cl,8830.71512373473,0.9970673501257494
CO[C@H]1C[C@@H]2CC[C@@H](C)[C@@](O)(O2)C(=O)C(=O)N2CCCC[C@H]2C(=O)O[C@H]([C@H](C)C[C@@H]2CC[C@@H](O)[C@H](OC)C2)CC(=O)[C@H](C)/C=C(\C)[C@@H](O)[C@@H](OC)C(=O)[C@H](C)C[C@H](C)/C=C/C=C/C=C/1C,ClCCl,12602.273968406054,0.9915887195163364
CO[C@H]1O[C@@H]2O[C@@]3(C)CC[C@H]4[C@H](C)CC[C@@H]([C@H]1C)[C@@]24OO3,CCO,58195.23814686781,0.980594637206934
CO[C@H]1O[C@@H]2O[C@@]3(C)CC[C@H]4[C@H](C)CC[C@@H]([C@H]1C)[C@@]24OO3,CO,69822.6882347437,0.9698139353826024
COc1c(C(C)(C)C)cc([N+](=O)[O-])c(C)c1[N+](=O)[O-],C1CCOC1,25817.86730088386,0.9905315204096128
COc1c(C(C)(C)C)cc([N+](=O)[O-])c(C)c1[N+](=O)[O-],CC#N,46510.01186022636,0.9938475553759596
COc1c(C(C)(C)C)cc([N+](=O)[O-])c(C)c1[N+](=O)[O-],CC(=O)N(C)C,28253.522999074445,0.9923431176133845
COc1c(C(C)(C)C)cc([N+](=O)[O-])c(C)c1[N+](=O)[O-],CCCO,39664.925116082624,0.99644059797414
COc1c(C(C)(C)C)cc([N+](=O)[O-])c(C)c1[N+](=O)[O-],CCO,37248.99357685965,0.9984435786524776
COc1c(C(C)(C)C)cc([N+](=O)[O-])c(C)c1[N+](=O)[O-],CN(C)C=O,32355.12802808996,0.9945783745560972
COc1c(C)c2c(c(O)c1C/C=C(\C)CCC(=O)OCCN1CCOCC1)C(=O)OC2,CC(C)O,14464.17429262989,0.9972357079436344
COc1c(C)c2c(c(O)c1C/C=C(\C)CCC(=O)OCCN1CCOCC1)C(=O)OC2,CC(O)CO,30351.97897134256,0.9875511410534826
COc1c(C)c2c(c(O)c1C/C=C(\C)CCC(=O)OCCN1CCOCC1)C(=O)OC2,CCCCO,14666.806143150005,0.9994375253778902
COc1c(C)c2c(c(O)c1C/C=C(\C)CCC(=O)OCCN1CCOCC1)C(=O)OC2,CCO,17508.078057123097,0.9961744649749444
COc1c(C)c2c(c(O)c1C/C=C(\C)CCC(=O)OCCN1CCOCC1)C(=O)OC2,CCOC(C)=O,11518.393767477886,0.998551644664806
COc1c(C)c2c(c(O)c1C/C=C(\C)CCC(=O)OCCN1CCOCC1)C(=O)OC2,CCOCCOCCO,11024.39385729113,0.9990914849839276
COc1c(C)c2c(c(O)c1C/C=C(\C)CCC(=O)OCCN1CCOCC1)C(=O)OC2,CS(C)=O,29904.354276048743,0.9893384288772455
COc1c(C)c2c(c(O)c1C/C=C(\C)CCC(=O)OCCN1CCOCC1)C(=O)OC2,O,51100.27564076148,0.9785483437743696
COc1c(C)c2c(c(O)c1C/C=C(\C)CCC(=O)OCCN1CCOCC1)C(=O)OC2,OCCO,26040.344145310813,0.9991763907548792
COc1c(N2CCNC(C)C2)c(F)cc2c(=O)c(C(=O)O)cn(C3CC3)c12,C1COCCO1,21340.96807292223,0.9997778248029544
COc1c(N2CCNC(C)C2)c(F)cc2c(=O)c(C(=O)O)cn(C3CC3)c12,CC#N,20324.07201168091,0.9996743870842956
COc1c(N2CCNC(C)C2)c(F)cc2c(=O)c(C(=O)O)cn(C3CC3)c12,CC(C)=O,20587.502644042084,0.9998027584594936
COc1c(N2CCNC(C)C2)c(F)cc2c(=O)c(C(=O)O)cn(C3CC3)c12,CC(C)O,31390.08665558679,0.9999554489168692
COc1c(N2CCNC(C)C2)c(F)cc2c(=O)c(C(=O)O)cn(C3CC3)c12,CCC(C)=O,21118.33390675527,0.9998254851693502
COc1c(N2CCNC(C)C2)c(F)cc2c(=O)c(C(=O)O)cn(C3CC3)c12,CCCCO,20661.48953386892,0.9995432021217876
COc1c(N2CCNC(C)C2)c(F)cc2c(=O)c(C(=O)O)cn(C3CC3)c12,CCO,25521.916973932308,0.9997999500001006
COc1c(N2CCNC(C)C2)c(F)cc2c(=O)c(C(=O)O)cn(C3CC3)c12,CN(C)C=O,20903.809736956635,0.9998483413258412
COc1c(N2CCNC(C)C2)c(F)cc2c(=O)c(C(=O)O)cn(C3CC3)c12,CO,26939.43984266651,0.999795736679467
COc1c(N2CCNC(C)C2)c(F)cc2c(=O)c(C(=O)O)cn(C3CC3)c12,Cc1ccccc1,39943.48883561625,0.9999181414034084
COc1c(N2C[C@@H]3CCCN[C@@H]3C2)c(F)cc2c(=O)c(C(=O)O)cn(C3CC3)c12,CCCCCC,32163.0744148924,0.999144898043635
COc1c(N2C[C@@H]3CCCN[C@@H]3C2)c(F)cc2c(=O)c(C(=O)O)cn(C3CC3)c12,CCCCCCCCO,30493.25942487952,0.9994920928629304
COc1c(NS(=O)(=O)c2ccc(C)cc2)cc(-c2ccc3ncnc(N4CCOCC4)c3c2)cc1C(N)=O,CCOC(C)=O,14837.899088050006,0.907880589635732
COc1c(NS(=O)(=O)c2ccc(C)cc2)cc(-c2ccc3ncnc(N4CCOCC4)c3c2)cc1C(N)=O,CO,22841.72362415009,0.9498777487148494
COc1c(NS(=O)(=O)c2ccc(C)cc2)cc(-c2ccc3ncnc(N4CCOCC4)c3c2)cc1C(N)=O,Cc1ccccc1,32269.783158263963,0.9789608082435683
COc1c(NS(=O)(=O)c2ccc(C)cc2)cc(-c2ccc3ncnc(N4CCOCC4)c3c2)cc1C(N)=O,ClC(Cl)Cl,20557.66749677868,0.9939253053749596
COc1c(NS(=O)(=O)c2ccc(C)cc2)cc(-c2ccc3ncnc(N4CCOCC4)c3c2)cc1C(N)=O,O,28701.39073623017,0.9437923374203336
COc1c(NS(=O)(=O)c2ccc(F)cc2)cc(-c2ccc3nccc(N4CCOCC4)c3c2)cc1C(N)=O,CO,25166.720955023764,0.9822553410489676
COc1c(NS(=O)(=O)c2ccc(F)cc2)cc(-c2ccc3nccc(N4CCOCC4)c3c2)cc1C(N)=O,Cc1ccccc1,16763.03253212975,0.9587525011854224
COc1c(NS(=O)(=O)c2ccc(F)cc2)cc(-c2ccc3nccc(N4CCOCC4)c3c2)cc1C(N)=O,ClC(Cl)Cl,24914.324032346456,0.9404801445814036
COc1c(NS(=O)(=O)c2ccc(F)cc2)cc(-c2ccc3nccc(N4CCOCC4)c3c2)cc1C(N)=O,O,27728.39720493252,0.9629037367230318
COc1c(NS(=O)(=O)c2ccc(F)cc2)cc(-c2ccc3ncnc(N4CCOCC4)c3c2)cc1C(N)=O,CCOC(C)=O,18223.284155138303,0.9909307300833212
COc1c(NS(=O)(=O)c2ccc(F)cc2)cc(-c2ccc3ncnc(N4CCOCC4)c3c2)cc1C(N)=O,Cc1ccccc1,14159.130700324657,0.9153029202801736
COc1c(NS(=O)(=O)c2ccc(F)cc2)cc(-c2ccc3ncnc(N4CCOCC4)c3c2)cc1C(N)=O,ClC(Cl)Cl,22767.51308709136,0.9410376016525271
COc1c(NS(=O)(=O)c2ccc(F)cc2)cc(-c2ccc3ncnc(N4CCOCC4)c3c2)cc1C(N)=O,O,26321.85154147137,0.9671575793185286
COc1c(O)cc2c(c1O)[C@@H]1O[C@H](CO)[C@@H](O)[C@H](O)[C@H]1OC2=O,CC(O)CO,16408.447964086976,0.9996277272332028
COc1c(O)cc2c(c1O)[C@@H]1O[C@H](CO)[C@@H](O)[C@H](O)[C@H]1OC2=O,CCC(C)O,10590.376960926273,0.9957968305089034
COc1c(O)cc2c(c1O)[C@@H]1O[C@H](CO)[C@@H](O)[C@H](O)[C@H]1OC2=O,CCCCO,9459.314865008018,0.998342805877716
COc1c(O)cc2c(c1O)[C@@H]1O[C@H](CO)[C@@H](O)[C@H](O)[C@H]1OC2=O,CCO,19043.14433603251,0.999740431822027
COc1c(O)cc2c(c1O)[C@@H]1O[C@H](CO)[C@@H](O)[C@H](O)[C@H]1OC2=O,CCOC(C)=O,41281.12380958678,0.9991804783821636
COc1c(O)cc2c(c1O)[C@@H]1O[C@H](CO)[C@@H](O)[C@H](O)[C@H]1OC2=O,CCOCCOCCO,17383.361925247336,0.9978164376538612
COc1c(O)cc2c(c1O)[C@@H]1O[C@H](CO)[C@@H](O)[C@H](O)[C@H]1OC2=O,CS(C)=O,11473.210998513136,0.996273638912502
COc1c(O)cc2c(c1O)[C@@H]1O[C@H](CO)[C@@H](O)[C@H](O)[C@H]1OC2=O,O,35139.21081846813,0.9970304165324584
COc1c(O)cc2c(c1O)[C@@H]1O[C@H](CO)[C@@H](O)[C@H](O)[C@H]1OC2=O,OCCO,15845.57504065769,0.9983707536259178
COc1c2occc2c(OC)c2c(=O)cc(C)oc12,CC(C)O,7544.816139213969,0.959674355195892
COc1c2occc2c(OC)c2c(=O)cc(C)oc12,CCO,8280.581817690989,0.9499193338910186
COc1c2occc2c(OC)c2c(=O)cc(C)oc12,CO,6053.293205081231,0.9197047238340372
COc1cc(-c2cc(-c3ccc(Br)cc3)[nH]c(=O)c2C#N)ccc1O,C1COCCO1,6453.4092789227725,0.9986274042689252
COc1cc(-c2cc(-c3ccc(Br)cc3)[nH]c(=O)c2C#N)ccc1O,CCCCO,18463.73257180968,0.9986424117195618
COc1cc(-c2cc(-c3ccc(Br)cc3)[nH]c(=O)c2C#N)ccc1O,CCCO,8122.268021607756,0.998804078091988
COc1cc(-c2cc(-c3ccc(Br)cc3)[nH]c(=O)c2C#N)ccc1O,CCO,7529.538341245962,0.9992046688667268
COc1cc(-c2cc(-c3ccc(Br)cc3)[nH]c(=O)c2C#N)ccc1O,CCOC(C)=O,8694.584013785343,0.999962294570668
COc1cc(-c2cc(-c3ccc(Br)cc3)[nH]c(=O)c2C#N)ccc1O,CO,7560.04976898453,0.996582017807494
COc1cc(-c2cc(-c3ccc(Br)cc3)[nH]c(=O)c2C#N)ccc1O,ClC(Cl)Cl,4829.179034101696,0.9997941654678634
COc1cc(-c2cc(-c3ccc(Cl)cc3)[nH]c(=O)c2C#N)ccc1O,C1COCCO1,6717.719977616819,0.9990876239035088
COc1cc(-c2cc(-c3ccc(Cl)cc3)[nH]c(=O)c2C#N)ccc1O,CCCCO,15912.57833503624,0.9993775199714005
COc1cc(-c2cc(-c3ccc(Cl)cc3)[nH]c(=O)c2C#N)ccc1O,CCCO,7339.166648833624,0.9995988392292644
COc1cc(-c2cc(-c3ccc(Cl)cc3)[nH]c(=O)c2C#N)ccc1O,CO,5405.066331340599,0.9993057021282769
COc1cc(-c2cc(-c3ccc(F)cc3)[nH]c(=O)c2C#N)ccc1O,C1COCCO1,7365.353375424383,0.9995121912755208
COc1cc(-c2cc(-c3ccc(F)cc3)[nH]c(=O)c2C#N)ccc1O,CCO,7964.616478777323,0.9974643524357628
COc1cc(-c2cc(-c3ccc(F)cc3)[nH]c(=O)c2C#N)ccc1O,CCOC(C)=O,8109.468586672478,0.9995968549568456
COc1cc(-c2cc(-c3ccc(F)cc3)[nH]c(=O)c2C#N)ccc1O,CO,5721.6992634212575,0.9852430940919512
COc1cc(-c2cc(-c3ccc(F)cc3)[nH]c(=O)c2C#N)ccc1O,ClC(Cl)Cl,6450.975511097658,0.9898310347644932
COc1cc(-c2cc(-c3ccc(O)cc3)[nH]c(=O)c2C#N)ccc1O,C1COCCO1,6777.168827529972,0.999249403757514
COc1cc(-c2cc(-c3ccc(O)cc3)[nH]c(=O)c2C#N)ccc1O,CCCO,7925.393419991983,0.9932386832348364
COc1cc(-c2cc(-c3ccc(O)cc3)[nH]c(=O)c2C#N)ccc1O,CCO,7851.853798094315,0.9988410003062144
COc1cc(-c2cc(-c3ccc(O)cc3)[nH]c(=O)c2C#N)ccc1O,CCOC(C)=O,6371.471759613736,0.9986752442288824
COc1cc(-c2cc(-c3ccc(O)cc3)[nH]c(=O)c2C#N)ccc1O,CO,6366.634319408985,0.9994297145658536
COc1cc(-c2cc(-c3ccc(O)cc3)[nH]c(=O)c2C#N)ccc1O,ClC(Cl)Cl,6742.700101763866,0.9998183613103868
COc1cc(-c2cc(=O)c3c(O)cc(O)cc3o2)cc(OC)c1O,CCO,45992.28499685667,0.9969124295817076
COc1cc(-c2cc(=O)c3c(O)cc(O)cc3o2)cc(OC)c1O,O,69008.63230023177,0.9952870820155764
COc1cc(/C=C/C(=O)CC(=O)/C=C/c2ccc(O)c(OC)c2)ccc1O,C1CCOC1,24364.604536130464,0.9999746002919438
COc1cc(/C=C/C(=O)CC(=O)/C=C/c2ccc(O)c(OC)c2)ccc1O,CC#N,19929.65143478204,0.9997786188464636
COc1cc(/C=C/C(=O)CC(=O)/C=C/c2ccc(O)c(OC)c2)ccc1O,CC(O)CO,18870.057572795213,0.9998258027912028
COc1cc(/C=C/C(=O)CC(=O)/C=C/c2ccc(O)c(OC)c2)ccc1O,CCCCCC,32002.16324725892,0.9815267855848252
COc1cc(/C=C/C(=O)CC(=O)/C=C/c2ccc(O)c(OC)c2)ccc1O,CCCCCCC,35305.71075618683,0.9632209333942658
COc1cc(/C=C/C(=O)CC(=O)/C=C/c2ccc(O)c(OC)c2)ccc1O,CCCO,14527.116215332511,0.9995929671671064
COc1cc(/C=C/C(=O)CC(=O)/C=C/c2ccc(O)c(OC)c2)ccc1O,CCO,19998.49263448098,0.998732667643605
COc1cc(/C=C/C(=O)CC(=O)/C=C/c2ccc(O)c(OC)c2)ccc1O,CCOC(C)=O,16287.777544406415,0.9993310001978952
COc1cc(/C=C/C(=O)CC(=O)/C=C/c2ccc(O)c(OC)c2)ccc1O,CS(C)=O,23913.69399495091,0.9993532216632294
COc1cc(/C=C/C(=O)CC(=O)/C=C/c2ccc(O)c(OC)c2)ccc1O,Cc1cccc(C)c1,23748.21280057573,0.999778210664796
COc1cc(/C=C/C(=O)O)cc(OC)c1O,CC(C)O,6608.186765685454,0.998070726840831
COc1cc(/C=C/C(=O)O)cc(OC)c1O,CC(O)CO,22591.512508848744,0.9995508670451062
COc1cc(/C=C/C(=O)O)cc(OC)c1O,CCC(C)O,23777.55936652833,0.998981282748354
COc1cc(/C=C/C(=O)O)cc(OC)c1O,CCO,11600.08158881454,0.999938243403604
COc1cc(/C=C/C(=O)O)cc(OC)c1O,CCOC(C)=O,28048.82536106192,0.9976771661951832
COc1cc(/C=C/C(=O)O)cc(OC)c1O,OCCO,18211.549520586763,0.9992023012091348
COc1cc(/C=C/C(=O)O)cc(OC)c1OC,CC(C)=O,18689.08161674823,0.9998642573525202
COc1cc(/C=C/C(=O)O)cc(OC)c1OC,CC(C)O,44597.21056062581,0.9993928315201572
COc1cc(/C=C/C(=O)O)cc(OC)c1OC,CCO,40846.34755659504,0.9997067474789324
COc1cc(/C=C/C(=O)O)ccc1O,CC(C)O,9945.629964167025,0.9971514787621354
COc1cc(/C=C/C(=O)O)ccc1O,CC(O)CO,12114.99316537173,0.9962135476384312
COc1cc(/C=C/C(=O)O)ccc1O,CCCCO,14801.697041228424,0.9974289910037368
COc1cc(/C=C/C(=O)O)ccc1O,CCO,9098.855316154206,0.9951112915586088
COc1cc(/C=C/C(=O)O)ccc1O,CCOC(C)=O,15709.50773119351,0.9967719260422456
COc1cc(/C=C/C(=O)O)ccc1O,CCOCCOCCO,12574.654018882402,0.9954638368143284
COc1cc(/C=C/C(=O)O)ccc1O,CS(C)=O,7963.825109280875,0.9966096730533556
COc1cc(/C=C/C(=O)O)ccc1O,O,40713.357371121245,0.9979048026119164
COc1cc(/C=C/c2ccc(O)cc2)cc(OC)c1,CC(O)CO,7536.040644848412,0.9969121299442848
COc1cc(/C=C/c2ccc(O)cc2)cc(OC)c1,CCOCCOCCO,4353.697002955306,0.9953864573559982
COc1cc(C(=O)O)cc(OC)c1O,CC(C)O,22126.23382673755,0.9983761901251568
COc1cc(C(=O)O)cc(OC)c1O,CCC(C)O,29137.56157850128,0.997542766022824
COc1cc(C(=O)O)cc(OC)c1O,CCCCCCO,27095.6178829544,0.9961275479458108
COc1cc(C(=O)O)cc(OC)c1O,CCCCO,23939.680401481804,0.9985931780626486
COc1cc(C(=O)O)cc(OC)c1O,CCO,19289.13715565553,0.9966007409832262
COc1cc(C(=O)O)cc(OC)c1O,CCOC(C)=O,28037.6409668518,0.997865350112244
COc1cc(C(=O)O)cc(OC)c1O,O,31030.40002802437,0.979830944789579
COc1cc(C(=O)O)cc(OC)c1O,OCCO,22667.408106220795,0.9957259040288264
COc1cc(C(=O)O)ccc1O,CC(C)=O,17077.697455556852,0.99973615025325
COc1cc(C(=O)O)ccc1O,CC(C)CO,33689.508287152974,0.999393276944198
COc1cc(C(=O)O)ccc1O,CC(C)O,17762.056349968658,0.9941890019375909
COc1cc(C(=O)O)ccc1O,CCCCO,22495.94872058109,0.9996355368442348
COc1cc(C(=O)O)ccc1O,CCCO,24697.5636984633,0.9942396783108391
COc1cc(C(=O)O)ccc1O,CCO,18734.668173029688,0.998977007156534
COc1cc(C(=O)O)ccc1O,CO,13404.8672430612,0.9791636902019276
COc1cc(C(=O)O)ccc1O,COC(C)=O,30500.80170852921,0.9998194286130256
COc1cc(C2Oc3cc(C4Oc5cc(O)cc(O)c5C(=O)C4O)ccc3OC2CO)ccc1O,CC(C)O,8254.264322889214,0.9960244731852416
COc1cc(C2Oc3cc(C4Oc5cc(O)cc(O)c5C(=O)C4O)ccc3OC2CO)ccc1O,CCO,6454.863189901363,0.9978754683044844
COc1cc(C2Oc3cc(C4Oc5cc(O)cc(O)c5C(=O)C4O)ccc3OC2CO)ccc1O,O,16942.062510882675,0.9984612046756288
COc1cc(C=O)cc(OC)c1OC,C1CCOC1,31610.49914858232,0.9968661209562724
COc1cc(C=O)cc(OC)c1OC,CC#N,35184.89439686977,0.9975351050188496
COc1cc(C=O)cc(OC)c1OC,CC(C)=O,34526.86281615016,0.9976649060417015
COc1cc(C=O)cc(OC)c1OC,CC(C)CO,46251.10263408325,0.9996103665015522
COc1cc(C=O)cc(OC)c1OC,CC(C)O,46320.84906561765,0.9990942145925616
COc1cc(C=O)cc(OC)c1OC,CCC(C)O,51442.37651034404,0.9994233545998832
COc1cc(C=O)cc(OC)c1OC,CCCO,51111.6215250157,0.9985939004722116
COc1cc(C=O)cc(OC)c1OC,CCO,50635.28143764978,0.9986827382838818
COc1cc(C=O)cc(OC)c1OC,CCOC=O,32937.45301326313,0.9954557477637808
COc1cc(C=O)cc(OC)c1OC,CN(C)C=O,27634.42321019445,0.9978505005147812
COc1cc(C=O)cc(OC)c1OC,CO,56667.002070342125,0.9987979639963184
COc1cc(C=O)cc(OC)c1OC,COC(C)=O,33626.84358283277,0.9967073111294422
COc1cc(C=O)cc(OC)c1OC,O=C1CCCCC1,28792.839727624098,0.9987525921097864
COc1cc(C=O)ccc1O,CCOC(C)=O,5512.206653173892,0.990414454160727
COc1cc(C=O)ccc1O,O,26527.02844279957,0.9489193886180908
COc1cc(CNC(=O)CCCCCCC(C)C)ccc1O,CC(C)=O,42575.22205752591,0.9936858079557104
COc1cc(CNC(=O)CCCCCCC(C)C)ccc1O,CCCCC,48189.55558946575,0.9973822872150244
COc1cc(CNC(=O)CCCCCCC(C)C)ccc1O,CCCCCCC,44473.31904403185,0.999683425702815
COc1cc(CNC(=O)CCCCCCC(C)C)ccc1O,CCOC(C)=O,33666.10322680036,0.9965237083561236
COc1cc(CNC(=O)CCCCCCC(C)C)ccc1O,O,216320.9809010632,0.9997441650698125
COc1cc(CO)ccc1O,CC#N,45246.799599321625,0.9824327453262032
COc1cc(CO)ccc1O,CC(C)CCO,31815.525869967103,0.989811682752026
COc1cc(CO)ccc1O,CC(C)O,38366.34130350968,0.9818401764781044
COc1cc(CO)ccc1O,CCCCCO,34069.40624935031,0.9969099171306935
COc1cc(CO)ccc1O,CCCCO,36698.25679017119,0.9959532846971368
COc1cc(CO)ccc1O,CCCCOC(C)=O,39716.62953300933,0.9971643513018362
COc1cc(CO)ccc1O,CCO,37259.85700967118,0.9870787773030064
COc1cc(CO)ccc1O,CCOC(C)=O,37887.56724102264,0.9890753989097782
COc1cc(Cc2cnc(N)nc2N)cc(OC)c1OC,C1CCOC1,23023.730258511,0.9927633001488438
COc1cc(Cc2cnc(N)nc2N)cc(OC)c1OC,CC#N,32850.51506571371,0.9972668231398342
COc1cc(Cc2cnc(N)nc2N)cc(OC)c1OC,CC(C)=O,22477.015679942087,0.9984194376752492
COc1cc(Cc2cnc(N)nc2N)cc(OC)c1OC,CC(C)O,42651.65994462231,0.988475968814928
COc1cc(Cc2cnc(N)nc2N)cc(OC)c1OC,CCC(C)O,44639.510518062445,0.9952792685693812
COc1cc(Cc2cnc(N)nc2N)cc(OC)c1OC,CCCO,36362.35933403552,0.990841940507568
COc1cc(Cc2cnc(N)nc2N)cc(OC)c1OC,CCOC(C)=O,32188.23891069302,0.9899364917055004
COc1cc(Cc2cnc(N)nc2N)cc(OC)c1OC,CO,28547.38343656743,0.9918798451038652
COc1cc(Cl)c(OC)cc1N,CCO,36989.88265426511,0.9930162067255636
COc1cc(Cl)c(OC)cc1N,CCOCCO,25564.774243086365,0.9915385810419144
COc1cc(Cl)c(OC)cc1N,CO,34148.71835135757,0.9940814794002656
COc1cc(Cl)c(OC)cc1N,Cc1ccccc1,37087.85534774704,0.9965863501852636
COc1cc(Cl)nc(N)n1,CC#N,29802.93068932031,0.9999583671336418
COc1cc(Cl)nc(N)n1,CC(C)O,31666.09845598035,0.9998300937698434
COc1cc(Cl)nc(N)n1,CCCO,31853.437406889665,0.9999317724791617
COc1cc(Cl)nc(N)n1,CCOC(C)=O,28285.11641171826,0.9997602351748884
COc1cc(Cl)nc(N)n1,CCc1ccccc1,34412.18113615896,0.999805863062516
COc1cc(Cl)nc(N)n1,CN(C)C=O,13301.618037427366,0.9975748206528744
COc1cc(Cl)nc(N)n1,Cc1ccccc1,33400.80261166134,0.9999087305393264
COc1cc(Cl)nc(N)n1,ClC(Cl)Cl,30381.720422098228,0.9999275202534575
COc1cc(N)nc(OC)n1,CC(C)O,41303.42237913499,0.9999591764821392
COc1cc(N)nc(OC)n1,CN(C)C=O,44833.40869024516,0.996453115846045
COc1cc(N)nc(OC)n1,CO,24259.115349559663,0.9998174148295628
COc1cc(N)nc(OC)n1,O,20686.35054197205,0.9999292192119558
COc1cc(NS(=O)(=O)c2ccc(N)cc2)nc(OC)n1,CCCCCCCCO,15439.440978561466,0.9841511432720164
COc1cc(NS(=O)(=O)c2ccc(N)cc2)nc(OC)n1,O,33279.006642370754,0.9999069659837112
COc1cc(NS(=O)(=O)c2ccc(N)cc2)ncn1,CC(C)=O,14165.207400418423,0.9974510177874182
COc1cc(NS(=O)(=O)c2ccc(N)cc2)ncn1,CCCCCCCCO,11881.207545759074,0.9964139056967438
COc1cc(NS(=O)(=O)c2ccc(N)cc2)ncn1,CCCCO,59479.97996772584,0.9991058682757104
COc1cc(NS(=O)(=O)c2ccc(N)cc2)ncn1,CCCO,45168.05924172771,0.997042194825101
COc1cc(NS(=O)(=O)c2ccc(N)cc2)ncn1,CCO,33205.324286231786,0.9972625902375748
COc1cc(NS(=O)(=O)c2ccc(N)cc2)ncn1,CCOC(C)=O,11513.774797855473,0.9960304796940768
COc1cc(NS(=O)(=O)c2ccc(N)cc2)ncn1,CO,28440.339796759206,0.9914638761263984
COc1cc(NS(=O)(=O)c2ccc(N)cc2)ncn1,O,35470.88773728915,0.9998963149375396
COc1cc(O)c2c(c1)oc(=O)c1c3cc(O)c(O)cc3oc21,O,6908.877496490555,0.983269215109328
COc1cc([N+](=O)[O-])c(OC)cc1Cl,CCO,36996.87398681977,0.9980086037798576
COc1cc([N+](=O)[O-])c(OC)cc1Cl,CCOCCO,38866.77718035648,0.9588587664008984
COc1cc([N+](=O)[O-])c(OC)cc1Cl,CO,35057.55381348389,0.9986635955342996
COc1cc([N+](=O)[O-])c(OC)cc1Cl,Cc1ccc(C)cc1,29807.109011366698,0.9972855362437704
COc1cc([N+](=O)[O-])c(OC)cc1Cl,Cc1cccc(C)c1,29315.82042251452,0.996437941679304
COc1cc([N+](=O)[O-])c(OC)cc1Cl,Cc1ccccc1,28177.83655144051,0.997210305760099
COc1cc([N+](=O)[O-])c(OC)cc1Cl,Cc1ccccc1C,28787.564842105312,0.9969225718915709
COc1cc([N+](=O)[O-])ccc1N,C1COCCO1,27760.34099039033,0.9946293931076392
COc1cc([N+](=O)[O-])ccc1N,CC#N,33737.90125952587,0.992849239520666
COc1cc([N+](=O)[O-])ccc1N,CC(C)O,28062.289221299925,0.9980015966331778
COc1cc([N+](=O)[O-])ccc1N,CCCCO,30604.10534729628,0.9960854203051892
COc1cc([N+](=O)[O-])ccc1N,CCOC(C)=O,29004.70376580911,0.9969189784037528
COc1cc([N+](=O)[O-])ccc1N,CN1CCCC1=O,11983.156670806557,0.9931837016193248
COc1cc([N+](=O)[O-])ccc1N,CO,27191.38885780115,0.9905710087331476
COc1cc([N+](=O)[O-])ccc1N,CS(C)=O,13278.266192811932,0.9929145638376492
COc1cc([N+](=O)[O-])ccc1N,O,43229.53491828287,0.9960530947927342
COc1cc([N+](=O)[O-])ccc1N,OCCO,28822.370429191127,0.9929984079939924
COc1cc2c(cc1OC)-c1cc3ccc(OC)c(OC)c3c[n+]1CC2.[Cl-],CC(O)CO,57477.295242727305,0.9997625731144902
COc1cc2c(cc1OC)-c1cc3ccc(OC)c(OC)c3c[n+]1CC2.[Cl-],CCO,27347.63158118686,0.99955398379954
COc1cc2c(cc1OC)-c1cc3ccc(OC)c(OC)c3c[n+]1CC2.[Cl-],OCCO,28215.89268883555,0.9986346475952812
COc1cc2c(cc1OC)C(=O)C(CC1CCN(Cc3ccccc3)CC1)C2.Cl,CCCO,46265.512471542286,0.99917272145379
COc1cc2c(cc1OC)C(=O)C(CC1CCN(Cc3ccccc3)CC1)C2.Cl,CCO,32198.26837392812,0.999965268569258
COc1cc2c(cc1OC)C(=O)C(CC1CCN(Cc3ccccc3)CC1)C2.Cl,CN(C)C=O,18623.69072425317,0.996611656815953
COc1cc2c(cc1OC)C(=O)C(CC1CCN(Cc3ccccc3)CC1)C2.Cl,CO,38626.730342431525,0.998803285932537
COc1cc2c(cc1OC)C(=O)CC2,CC(=O)OC(C)C,27473.00486373301,0.999568449433164
COc1cc2c(cc1OC)C(=O)CC2,CC(C)CO,41841.38907785548,0.9995327205196816
COc1cc2c(cc1OC)C(=O)CC2,CCC(C)=O,28832.43441259197,0.9978438708263742
COc1cc2c(cc1OC)C(=O)CC2,CCCCCO,43312.512016256296,0.9995165058809774
COc1cc2c(cc1OC)C(=O)CC2,CCCCO,40402.31251430927,0.9995198031386576
COc1cc2c(cc1OC)C(=O)CC2,CCCCOC(C)=O,25246.879994403826,0.9992915815601762
COc1cc2c(cc1OC)C(=O)CC2,CCCO,39730.21693705702,0.999124926072671
COc1cc2c(cc1OC)C(=O)CC2,CCO,39337.70188585917,0.9992645683574212
COc1cc2c(cc1OC)C(=O)CC2,CCOC(C)=O,29612.706088580224,0.9979528782039776
COc1cc2c(cc1OC)C(=O)CC2,CO,43869.218914004654,0.9992155087292026
COc1cc2nc(Cl)nc(N)c2cc1OC,C1COCCO1,24779.26328646058,0.999987368317272
COc1cc2nc(Cl)nc(N)c2cc1OC,CC(C)CO,21940.36554306309,0.9984027613205806
COc1cc2nc(Cl)nc(N)c2cc1OC,CC(C)O,25355.633819958108,0.9995461952918474
COc1cc2nc(Cl)nc(N)c2cc1OC,CCCCO,22206.812536214453,0.9953127838618184
COc1cc2nc(Cl)nc(N)c2cc1OC,CCCO,22468.20183981052,0.9986124241487576
COc1cc2nc(Cl)nc(N)c2cc1OC,CCO,24247.697271337827,0.9998102179443265
COc1cc2nc(Cl)nc(N)c2cc1OC,CCOC(C)=O,22124.26583459969,0.9972639821668228
COc1cc2nc(Cl)nc(N)c2cc1OC,CN(C)C=O,24408.353852597163,0.9989170651131968
COc1cc2nc(Cl)nc(N)c2cc1OC,CN1CCCC1=O,14937.332983204742,0.9984194276102892
COc1cc2nc(Cl)nc(N)c2cc1OC,CO,27566.285571311404,0.9997937295210112
COc1cc2nc(Cl)nc(N)c2cc1OC,Cc1ccccc1,41997.29644414781,0.999558757837395
COc1cc2nc(Cl)nc(N)c2cc1OC,O=C1CCCCC1,21459.808759981606,0.998807132763746
COc1cc2nccc(Oc3ccc(NC(=O)C4(C(=O)Nc5ccc(F)cc5)CC4)cc3)c2cc1OC.O=C(O)C[C@H](O)C(=O)O,CC(C)O,46028.05731591503,0.9972740819565644
COc1cc2nccc(Oc3ccc(NC(=O)C4(C(=O)Nc5ccc(F)cc5)CC4)cc3)c2cc1OC.O=C(O)C[C@H](O)C(=O)O,CC(O)CO,46963.79693688046,0.9997789543134112
COc1cc2nccc(Oc3ccc(NC(=O)C4(C(=O)Nc5ccc(F)cc5)CC4)cc3)c2cc1OC.O=C(O)C[C@H](O)C(=O)O,CCC(C)O,45703.11915731037,0.9955795147025036
COc1cc2nccc(Oc3ccc(NC(=O)C4(C(=O)Nc5ccc(F)cc5)CC4)cc3)c2cc1OC.O=C(O)C[C@H](O)C(=O)O,CCCCO,45018.53527473655,0.9985284346035368
COc1cc2nccc(Oc3ccc(NC(=O)C4(C(=O)Nc5ccc(F)cc5)CC4)cc3)c2cc1OC.O=C(O)C[C@H](O)C(=O)O,CCO,46685.43704994782,0.997422730366362
COc1cc2nccc(Oc3ccc(NC(=O)C4(C(=O)Nc5ccc(F)cc5)CC4)cc3)c2cc1OC.O=C(O)C[C@H](O)C(=O)O,CCOC(C)=O,59187.04393012901,0.998035650088439
COc1cc2nccc(Oc3ccc(NC(=O)C4(C(=O)Nc5ccc(F)cc5)CC4)cc3)c2cc1OC.O=C(O)C[C@H](O)C(=O)O,CCOCCOCCO,43985.44669319875,0.9987488339514862
COc1cc2nccc(Oc3ccc(NC(=O)C4(C(=O)Nc5ccc(F)cc5)CC4)cc3)c2cc1OC.O=C(O)C[C@H](O)C(=O)O,CO,54487.9800776209,0.9969441107773286
COc1cc2nccc(Oc3ccc(NC(=O)C4(C(=O)Nc5ccc(F)cc5)CC4)cc3)c2cc1OC.O=C(O)C[C@H](O)C(=O)O,CS(C)=O,10340.104758945396,0.995576634467002
COc1cc2nccc(Oc3ccc(NC(=O)C4(C(=O)Nc5ccc(F)cc5)CC4)cc3)c2cc1OC.O=C(O)C[C@H](O)C(=O)O,O,51675.541631387554,0.9958199902883282
COc1cc2ncnc(Nc3ccc(F)c(Cl)c3)c2cc1OCCCN1CCOCC1,CC(C)O,42619.47151657655,0.9999295307376752
COc1cc2ncnc(Nc3ccc(F)c(Cl)c3)c2cc1OCCCN1CCOCC1,CC(O)CO,42690.79859255412,0.9989978158270276
COc1cc2ncnc(Nc3ccc(F)c(Cl)c3)c2cc1OCCCN1CCOCC1,CCOCCOCCO,19955.89971380037,0.9999589382578978
COc1cc2ncnc(Nc3ccc(F)c(Cl)c3)c2cc1OCCCN1CCOCC1,CO,41822.69615555392,0.9980401944407502
COc1cc2ncnc(Nc3ccc(F)c(Cl)c3)c2cc1OCCCN1CCOCC1,CS(C)=O,12084.5012141336,0.9981884107753308
COc1cc2oc(=O)cc(-c3ccccc3)c2cc1O,CCOC(C)=O,12967.870468664189,0.9931129303445652
COc1cc2oc(=O)cc(-c3ccccc3)c2cc1O,CO,14316.094891404851,0.922625874263031
COc1cc2oc(=O)cc(-c3ccccc3)c2cc1O,ClC(Cl)Cl,15350.10762477471,0.9060551835988876
COc1ccc(-c2cc(-c3ccc(O)c(OC)c3)c(C#N)c(=O)[nH]2)cc1,C1COCCO1,7590.264233783346,0.9999684085039716
COc1ccc(-c2cc(-c3ccc(O)c(OC)c3)c(C#N)c(=O)[nH]2)cc1,CCCCO,19601.719023428483,0.999737068379544
COc1ccc(-c2cc(-c3ccc(O)c(OC)c3)c(C#N)c(=O)[nH]2)cc1,CCO,7831.3779018153955,0.9941959676487024
COc1ccc(-c2cc(-c3ccc(O)c(OC)c3)c(C#N)c(=O)[nH]2)cc1,CCOC(C)=O,8441.71313319045,0.9991181275939606
COc1ccc(-c2cc(-c3ccc(O)c(OC)c3)c(C#N)c(=O)[nH]2)cc1,CO,7969.962554726991,0.999867061534816
COc1ccc(-c2cc(=O)c3c(O)cc(O[C@@H]4O[C@H](CO[C@@H]5O[C@@H](C)[C@H](O)[C@@H](O)[C@H]5O)[C@@H](O)[C@H](O)[C@H]4O)cc3o2)cc1O,CC(C)O,44033.70658701821,0.9966245576049874
COc1ccc(-c2cc(=O)c3c(O)cc(O[C@@H]4O[C@H](CO[C@@H]5O[C@@H](C)[C@H](O)[C@@H](O)[C@H]5O)[C@@H](O)[C@H](O)[C@H]4O)cc3o2)cc1O,CCO,46738.24955525431,0.9984834238680588
COc1ccc(-c2cc(=O)c3c(O)cc(O[C@@H]4O[C@H](CO[C@@H]5O[C@@H](C)[C@H](O)[C@@H](O)[C@H]5O)[C@@H](O)[C@H](O)[C@H]4O)cc3o2)cc1O,O,49615.39204667926,0.9971381202904056
COc1ccc(-c2coc3cc(O)ccc3c2=O)cc1,CCCCCCCCO,10724.2182091388,0.9972115203525992
COc1ccc(-c2coc3cc(O)ccc3c2=O)cc1,O,111182.7993729184,0.9162956845441876
COc1ccc(-c2nn(-c3ccccc3)cc2/C=C/C(=O)c2nc3ccccc3[nH]2)cc1,CC#N,16970.12416366329,0.979191792420174
COc1ccc(-c2nn(-c3ccccc3)cc2/C=C/C(=O)c2nc3ccccc3[nH]2)cc1,CCCCCO,4692.519611877304,0.998589389712159
COc1ccc(-c2nn(-c3ccccc3)cc2/C=C/C(=O)c2nc3ccccc3[nH]2)cc1,CCCCO,2795.1021934326245,0.9913112002767952
COc1ccc(-c2nn(-c3ccccc3)cc2/C=C/C(=O)c2nc3ccccc3[nH]2)cc1,CCCO,5899.563258106839,0.9918148912710868
COc1ccc(-c2nn(-c3ccccc3)cc2/C=C/C(=O)c2nc3ccccc3[nH]2)cc1,CCOC(C)=O,2744.969439051018,0.9942723271856524
COc1ccc(-c2nn(-c3ccccc3)cc2/C=C/C(=O)c2nc3ccccc3[nH]2)cc1,CO,4369.84236070406,0.992964011516777
COc1ccc(-c2nn(-c3ccccc3)cc2/C=C/C(=O)c2nc3ccccc3[nH]2)cc1OC,CC#N,17677.60812985898,0.993505390114139
COc1ccc(-c2nn(-c3ccccc3)cc2/C=C/C(=O)c2nc3ccccc3[nH]2)cc1OC,CCCO,14363.84628082863,0.9977695928088862
COc1ccc(-c2nn(-c3ccccc3)cc2/C=C/C(=O)c2nc3ccccc3[nH]2)cc1OC,CCO,27503.093069542487,0.9946312983421548
COc1ccc(-c2nn(-c3ccccc3)cc2/C=C/C(=O)c2nc3ccccc3[nH]2)cc1OC,CCOC(C)=O,13632.498595021736,0.9619525003590008
COc1ccc(-c2nn(-c3ccccc3)cc2/C=C/C(=O)c2nc3ccccc3[nH]2)cc1OC,CO,18490.69379612836,0.9914905161310168
COc1ccc(-c2oc3c(CC=C(C)C)c(O[C@@H]4O[C@H](CO)[C@@H](O)[C@H](O)[C@H]4O)cc(O)c3c(=O)c2O[C@@H]2O[C@@H](C)[C@H](O)[C@@H](O)[C@H]2O)cc1,CCO,33973.977408028084,0.9374082057041002
COc1ccc(-n2nc(C(N)=O)c3c2C(=O)N(c2ccc(N4CCCCC4=O)cc2)CC3)cc1,CC(C)=O,21782.045843078376,0.99941254598639
COc1ccc(-n2nc(C(N)=O)c3c2C(=O)N(c2ccc(N4CCCCC4=O)cc2)CC3)cc1,CC(C)O,36933.13026161407,0.9992103126256382
COc1ccc(-n2nc(C(N)=O)c3c2C(=O)N(c2ccc(N4CCCCC4=O)cc2)CC3)cc1,CCO,30896.21635716488,0.9996910227878846
COc1ccc(-n2nc(C(N)=O)c3c2C(=O)N(c2ccc(N4CCCCC4=O)cc2)CC3)cc1,CO,33646.26823348779,0.9998666696474564
COc1ccc(-n2nc(C(N)=O)c3c2C(=O)N(c2ccc(N4CCCCC4=O)cc2)CC3)cc1,O,26430.86974575832,0.999547828769113
COc1ccc(/C=C/C(=O)O)cc1OC,CC#N,24669.218333968794,0.9986457514487644
COc1ccc(/C=C/C(=O)O)cc1OC,CC(C)=O,16516.261664691076,0.9975975798722732
COc1ccc(/C=C/C(=O)O)cc1OC,CC(C)O,23614.198203022454,0.9975100545190476
COc1ccc(/C=C/C(=O)O)cc1OC,CCC(C)=O,17432.348104220506,0.993255382643985
COc1ccc(/C=C/C(=O)O)cc1OC,CCCO,27278.388706355177,0.9948864226757392
COc1ccc(/C=C/C(=O)O)cc1OC,CCO,25428.414132932245,0.992483301882309
COc1ccc(/C=C/C(=O)O)cc1OC,CO,25044.353045868764,0.997843675087142
COc1ccc(/C=C/C(=O)O)cc1OC,COC(C)=O,21042.015886266618,0.997339085189728
COc1ccc(C(=O)N2CCCC2=O)cc1,CC(C)O,38136.18080310743,0.997541890920512
COc1ccc(C(=O)N2CCCC2=O)cc1,CCCO,44701.38445089853,0.9974863919935076
COc1ccc(C(=O)N2CCCC2=O)cc1,CCO,38333.588941517686,0.9970121316596976
COc1ccc(C(=O)N2CCCC2=O)cc1,CO,40751.45664100986,0.9971441672713108
COc1ccc(C(=O)N2CCCC2=O)cc1,Cc1ccccc1,22737.3551956324,0.9983932113622588
COc1ccc(C(=O)O)c(OC)c1,CC(C)O,44602.35709145009,0.999837881046866
COc1ccc(C(=O)O)c(OC)c1,CCCCO,39037.567635872816,0.9996838526903392
COc1ccc(C(=O)O)c(OC)c1,CCO,38231.09634522685,0.9989073813526054
COc1ccc(C(=O)O)c(OC)c1,CCOC(C)=O,31662.94309493464,0.9996454052795628
COc1ccc(C(=O)O)cc1,C1CCOC1,12474.013981951975,0.9980855647357848
COc1ccc(C(=O)O)cc1,CC#N,27466.42593708462,0.9985044058707362
COc1ccc(C(=O)O)cc1,CC(=O)OC(C)C,22533.934834224656,0.9959794616638132
COc1ccc(C(=O)O)cc1,CC(C)=O,17670.961302778007,0.990898018967358
COc1ccc(C(=O)O)cc1,CC(C)CO,32928.16534220529,0.9976510824303862
COc1ccc(C(=O)O)cc1,CC(C)O,26690.94748299101,0.9994631430235864
COc1ccc(C(=O)O)cc1,CCC(C)=O,21595.370868181984,0.9993375302867812
COc1ccc(C(=O)O)cc1,CCC(C)O,30259.47213776656,0.998910439266892
COc1ccc(C(=O)O)cc1,CCCCCO,25534.19120114853,0.9995105732535072
COc1ccc(C(=O)O)cc1,CCCCO,26049.571615819124,0.9994666740063496
COc1ccc(C(=O)O)cc1,CCCCOC(C)=O,22564.14633089819,0.9977712219371118
COc1ccc(C(=O)O)cc1,CCCO,23845.719744005128,0.9987680181360232
COc1ccc(C(=O)O)cc1,CCCOC(C)=O,20023.619735331216,0.9917776335284598
COc1ccc(C(=O)O)cc1,CCO,21536.257283631745,0.9968666755211294
COc1ccc(C(=O)O)cc1,CCOC(C)=O,20380.32496237775,0.9940466197462364
COc1ccc(C(=O)O)cc1,CCOC=O,26237.79684912337,0.9944307835117948
COc1ccc(C(=O)O)cc1,CO,22366.88339390758,0.9976831308823776
COc1ccc(C(=O)O)cc1,COC(C)=O,21225.999581192817,0.996699081542252
COc1ccc(C(=O)O)cc1,Cc1ccccc1,35744.53186834136,0.9952165560727176
COc1ccc(C(=O)O)cc1,ClC(Cl)Cl,26993.953315470208,0.9981840247544204
COc1ccc(C(=O)O)cc1,O=C1CCCCC1,20328.27383193122,0.9864846381607876
COc1ccc(C(=O)O)cc1,OCCO,28446.70953470517,0.9952544925171
COc1ccc(C(=O)O)cc1OC,CC(C)O,33289.07190840645,0.9986672050519976
COc1ccc(C(=O)O)cc1OC,CCC(C)=O,20999.26397359097,0.99922390243163
COc1ccc(C(=O)O)cc1OC,CCCO,30972.017612725103,0.9991170748770408
COc1ccc(C(=O)O)cc1OC,CCO,28586.35330668604,0.9968644469865532
COc1ccc(C(=O)O)cc1OC,CCOC(C)=O,23025.49945259072,0.9992463356462348
COc1ccc(C(=O)O)cc1OC,COC(C)=O,23231.83357871317,0.9990366479054734
COc1ccc(C(=O)c2ccc(OC)cc2)cc1,CC(C)CO,45050.883783369936,0.9969829232891428
COc1ccc(C(=O)c2ccc(OC)cc2)cc1,CC(C)O,45045.54082962656,0.996518337357456
COc1ccc(C(=O)c2ccc(OC)cc2)cc1,CCCCO,42813.37807467635,0.996667189886128
COc1ccc(C(=O)c2ccc(OC)cc2)cc1,CCCO,42652.53644268529,0.993533840142508
COc1ccc(C(=O)c2ccc(OC)cc2)cc1,CCO,40077.80037247076,0.9967000790440872
COc1ccc(C(=O)c2ccc(OC)cc2)cc1,CCOC(C)=O,30222.961657986125,0.9959615792831062
COc1ccc(C(=O)c2ccc(OC)cc2)cc1,CO,39362.8286125776,0.9965969516768172
COc1ccc(C(=O)c2ccc(OC)cc2)cc1,COC(C)=O,30890.09301052302,0.9957276932978568
COc1ccc(C2CC(=O)c3c(O)cc(O)cc3O2)cc1O,O,103433.01979282156,0.9930093677966266
COc1ccc(C=O)cc1O,CC(C)CO,32575.689608135053,0.9867008210076847
COc1ccc(C=O)cc1O,CC(C)O,36790.59955824251,0.9890918457927635
COc1ccc(C=O)cc1O,CCCCO,32085.371866782505,0.9895445671110444
COc1ccc(C=O)cc1O,COC(C)=O,26076.446549773227,0.9948702074743928
COc1ccc(C=O)cc1O,O=CO,26859.162444993675,0.9928105388521647
COc1ccc(CC(=O)O)cc1,CC#N,26795.13429440858,0.9902560041219552
COc1ccc(CC(=O)O)cc1,CC(C)O,26227.647630513395,0.9968838728276778
COc1ccc(CC(=O)O)cc1,COc1ccccc1,28083.372623245217,0.997363353634949
COc1ccc(CC(=O)O)cc1,Cc1ccccc1,34009.686916819875,0.999746208184989
COc1ccc(CC(=O)O)cc1,O,40803.78015483198,0.9454657178131188
COc1ccc(CN2CCNCC2)c(OC)c1OC.Cl,CC#N,10890.094084342583,0.9988985173946598
COc1ccc(CN2CCNCC2)c(OC)c1OC.Cl,CC(C)=O,11019.36917358445,0.9996059588528194
COc1ccc(CN2CCNCC2)c(OC)c1OC.Cl,CC(C)O,23623.265270741133,0.9997547307213992
COc1ccc(CN2CCNCC2)c(OC)c1OC.Cl,CCC(C)=O,11046.132690481663,0.9990494057224
COc1ccc(CN2CCNCC2)c(OC)c1OC.Cl,CCCCO,18967.16349503412,0.9997645100489332
COc1ccc(CN2CCNCC2)c(OC)c1OC.Cl,CCCO,17829.613302012647,0.9992450392362672
COc1ccc(CN2CCNCC2)c(OC)c1OC.Cl,CCO,14319.82669112967,0.9997784975362276
COc1ccc(CN2CCNCC2)c(OC)c1OC.Cl,CCOC(C)=O,4846.7900467417485,0.9975466259146172
COc1ccc(CN2CCNCC2)c(OC)c1OC.Cl,CN(C)C=O,9397.550160141323,0.999638419834163
COc1ccc(Cl)cc1C(=O)NCCc1ccc(S(=O)(=O)NC(=O)NC2CCCCC2)cc1,CC(=O)CC(C)C,29561.42047048857,0.995137405232495
COc1ccc(Cl)cc1C(=O)NCCc1ccc(S(=O)(=O)NC(=O)NC2CCCCC2)cc1,CC(C)=O,32696.618369441047,0.9974850041473852
COc1ccc(Cl)cc1C(=O)NCCc1ccc(S(=O)(=O)NC(=O)NC2CCCCC2)cc1,CC(C)O,45506.72551254564,0.979788851076254
COc1ccc(Cl)cc1C(=O)NCCc1ccc(S(=O)(=O)NC(=O)NC2CCCCC2)cc1,CCC(C)O,48473.18699854247,0.9768958169165312
COc1ccc(Cl)cc1C(=O)NCCc1ccc(S(=O)(=O)NC(=O)NC2CCCCC2)cc1,CO,43639.27637685187,0.9829302008432552
COc1ccc(Cl)cc1C(=O)NCCc1ccc(S(=O)(=O)NC(=O)NC2CCCCC2)cc1,COC(C)=O,32989.05012797832,0.994375606435954
COc1ccc(NC2=NCCC3(CCCCC3)S2)cc1,CCCCCC,29471.168024860224,0.9993529670095784
COc1ccc(Nc2nc(CC(C)O)ns2)cc1,CCCCCCCCO,35118.413890392825,0.986574391865048
COc1ccc(OC)c(N)c1,CCOCCO,53237.7481586089,0.9925220716135504
COc1ccc(OC)c(N)c1,COCCO,43229.32160309931,0.9974607816932264
COc1ccc(P(=O)(c2ccc(OC)cc2)c2ccc(OC)cc2)cc1,C1CCCCC1,56807.926827576994,0.9998145914308446
COc1ccc(P(=O)(c2ccc(OC)cc2)c2ccc(OC)cc2)cc1,CCC(C)=O,16701.51936750144,0.9999208144638652
COc1ccc(P(=O)(c2ccc(OC)cc2)c2ccc(OC)cc2)cc1,CCOCCO,35734.036714513895,0.9996604147520398
COc1ccc(P(=O)(c2ccc(OC)cc2)c2ccc(OC)cc2)cc1,Cc1ccccc1,30672.48026846404,0.9996134252241756
COc1ccc(P(=O)(c2ccc(OC)cc2)c2ccc(OC)cc2)cc1,c1ccccc1,33247.81215435183,0.9993650832834412
COc1ccc(P(c2ccc(OC)cc2)c2ccc(OC)cc2)cc1,C1CCCCC1,58758.73996960634,0.9977796766742246
COc1ccc(P(c2ccc(OC)cc2)c2ccc(OC)cc2)cc1,CCO,26656.053986760413,0.9992025278762282
COc1ccc(P(c2ccc(OC)cc2)c2ccc(OC)cc2)cc1,CCOCCO,35725.59263438952,0.999838905579328
COc1ccc(P(c2ccc(OC)cc2)c2ccc(OC)cc2)cc1,CO,40465.54512549043,0.9991680377679456
COc1ccc(P(c2ccc(OC)cc2)c2ccc(OC)cc2)cc1,Cc1ccccc1,28212.32547891163,0.999675274614798
COc1ccc(P(c2ccc(OC)cc2)c2ccc(OC)cc2)cc1,c1ccccc1,31076.229919304325,0.9991770984635372
COc1ccc(S(=O)(=O)NC23CC4CC(CC(C4)C2)C3)cc1,CCCCCC,34035.19575284335,0.999993546892622
COc1ccc(S(=O)(=O)NC23CC4CC(CC(C4)C2)C3)cc1,CCCCCCCCO,25586.395737498256,0.9937178906879934
COc1ccc([C@@H]2CC(=O)c3c(O)cc(O[C@@H]4O[C@H](CO[C@@H]5O[C@@H](C)[C@H](O)[C@@H](O)[C@H]5O)[C@@H](O)[C@H](O)[C@H]4O)cc3O2)cc1O,CC(C)O,30211.5885117394,0.9946695035015772
COc1ccc([C@@H]2CC(=O)c3c(O)cc(O[C@@H]4O[C@H](CO[C@@H]5O[C@@H](C)[C@H](O)[C@@H](O)[C@H]5O)[C@@H](O)[C@H](O)[C@H]4O)cc3O2)cc1O,CC(O)CO,24379.13295995627,0.9975973509185858
COc1ccc([C@@H]2CC(=O)c3c(O)cc(O[C@@H]4O[C@H](CO[C@@H]5O[C@@H](C)[C@H](O)[C@@H](O)[C@H]5O)[C@@H](O)[C@H](O)[C@H]4O)cc3O2)cc1O,CCCCO,18632.18428786008,0.9997738579536604
COc1ccc([C@@H]2CC(=O)c3c(O)cc(O[C@@H]4O[C@H](CO[C@@H]5O[C@@H](C)[C@H](O)[C@@H](O)[C@H]5O)[C@@H](O)[C@H](O)[C@H]4O)cc3O2)cc1O,CCCO,21397.41583556039,0.9997753566953022
COc1ccc([C@@H]2CC(=O)c3c(O)cc(O[C@@H]4O[C@H](CO[C@@H]5O[C@@H](C)[C@H](O)[C@@H](O)[C@H]5O)[C@@H](O)[C@H](O)[C@H]4O)cc3O2)cc1O,CCO,20084.445876527563,0.9988938949741338
COc1ccc2[nH]cc(CCNC(C)=O)c2c1,CC(C)CO,39741.30964978388,0.999854707903124
COc1ccc2[nH]cc(CCNC(C)=O)c2c1,CCCCCCO,38692.25692210846,0.9995887387399554
COc1ccc2[nH]cc(CCNC(C)=O)c2c1,CCCCCO,35856.62732627658,0.9999229460327812
COc1ccc2[nH]cc(CCNC(C)=O)c2c1,CCCCO,39022.30087837626,0.999305285681579
COc1ccc2[nH]cc(CCNC(C)=O)c2c1,CCCO,41044.71933548924,0.9995852381951852
COc1ccc2[nH]cc(CCNC(C)=O)c2c1,CCO,38185.92285823011,0.9992988018803024
COc1ccc2[nH]cc(CCNC(C)=O)c2c1,CN(C)C=O,12207.881378121563,0.9988621583540646
COc1ccc2[nH]cc(CCNC(C)=O)c2c1,COCCO,17618.00160976959,0.9992751013006224
COc1ccc2c(c1)c(CC(=O)O)c(C)n2C(=O)c1ccc(Cl)cc1,CC(C)=O,19742.012008208767,0.965098435795061
COc1ccc2c3c1O[C@H]1[C@@H](O)C=C[C@H]4[C@@H](C2)N(C)CC[C@@]341.O=P(O)(O)O,CC(C)O,26369.4577425058,0.9843611833097112
COc1ccc2cc(C(C)C(=O)O)ccc2c1,Cc1ccccc1,47212.46035637367,0.9816031716579016
COc1ccc2cc([C@H](C)C(=O)O)ccc2c1,CC(C)O,28621.67726204962,0.99794866818246
COc1ccc2cc([C@H](C)C(=O)O)ccc2c1,CC(O)CO,27183.353738192312,0.997426589993083
COc1ccc2cc([C@H](C)C(=O)O)ccc2c1,CCOC(C)=O,21475.12251120292,0.993784812995542
COc1ccc2cc([C@H](C)C(=O)O)ccc2c1,CO,26073.29586174716,0.9980222736446528
COc1ccc2cc([C@H](C)C(=O)O)ccc2c1,Cc1ccccc1,39349.22904375598,0.9949961848675792
COc1ccc2cc([C@H](C)C(=O)O)ccc2c1,O,20818.58336856584,0.9972498022785026
COc1ccc2cccc(CCNC(C)=O)c2c1,CC(C)O,49172.808624267615,0.9648820631907774
COc1ccc2cccc(CCNC(C)=O)c2c1,CCCCOC(C)=O,51083.72497272257,0.9985359283220536
COc1ccc2cccc(CCNC(C)=O)c2c1,CCCO,46498.65201933915,0.9941291692503222
COc1ccc2cccc(CCNC(C)=O)c2c1,CCCOC(C)=O,50682.73132443879,0.9995492780559532
COc1ccc2cccc(CCNC(C)=O)c2c1,CCO,48168.16956809482,0.9966642238266694
COc1ccc2cccc(CCNC(C)=O)c2c1,CCOC(C)=O,45631.10189072302,0.9990091536555266
COc1ccc2nc(S(=O)Cc3ncc(C)c(OC)c3C)[nH]c2c1,C1CCOC1,40422.20991400654,0.9995511962893684
COc1ccc2nc(S(=O)Cc3ncc(C)c(OC)c3C)[nH]c2c1,CC#N,29253.03321861963,0.998835278186037
COc1ccc2nc(S(=O)Cc3ncc(C)c(OC)c3C)[nH]c2c1,CCCCO,29297.3596748972,0.9991021900076312
COc1ccc2nc(S(=O)Cc3ncc(C)c(OC)c3C)[nH]c2c1,CCO,27641.172625809733,0.9978616881995488
COc1ccc2nc(S(=O)Cc3ncc(C)c(OC)c3C)[nH]c2c1,CCOC(C)=O,22965.30489655108,0.9986943004815554
COc1ccc2nc(S(=O)Cc3ncc(C)c(OC)c3C)[nH]c2c1,CO,32579.43985671914,0.9994039222714488
COc1ccc2nc(S(=O)Cc3ncc(C)c(OC)c3C)[nH]c2c1,O,28271.948470521245,0.99908541948137
COc1ccc2nc(SCc3ncc(C)c(OC)c3C)[nH]c2c1,CC(C)=O,43181.26531362609,0.9999550747782088
COc1ccc2nc(SCc3ncc(C)c(OC)c3C)[nH]c2c1,CCCO,47983.37017808112,0.9999207807213982
COc1ccc2nc(SCc3ncc(C)c(OC)c3C)[nH]c2c1,CO,51761.18497930781,0.9998130841983868
COc1cccc(-c2nn(-c3ccccc3)cc2/C=C/C(=O)c2nc3ccccc3[nH]2)c1,CC#N,38001.4296400982,0.9709095245566453
COc1cccc(-c2nn(-c3ccccc3)cc2/C=C/C(=O)c2nc3ccccc3[nH]2)c1,CCCCCO,20868.13437921867,0.9783889444302886
COc1cccc(-c2nn(-c3ccccc3)cc2/C=C/C(=O)c2nc3ccccc3[nH]2)c1,CCCO,17506.716868135907,0.9926525242176716
COc1cccc(-c2nn(-c3ccccc3)cc2/C=C/C(=O)c2nc3ccccc3[nH]2)c1,CCO,21457.101871422685,0.9815506140103092
COc1cccc(-c2nn(-c3ccccc3)cc2/C=C/C(=O)c2nc3ccccc3[nH]2)c1,CCOC(C)=O,10030.449836653586,0.995321365557748
COc1cccc(-c2nn(-c3ccccc3)cc2/C=C/C(=O)c2nc3ccccc3[nH]2)c1,CO,19434.932741820387,0.9985573569920452
COc1cccc(C(=O)O)c1OC,C1COCCO1,25105.51358606499,0.9989510678676866
COc1cccc(C(=O)O)c1OC,CC#N,31706.98497552325,0.9971471958700154
COc1cccc(C(=O)O)c1OC,CC(=O)OC(C)C,27397.64549139454,0.9964306718086716
COc1cccc(C(=O)O)c1OC,CC(C)O,37990.75777561545,0.9977109792828408
COc1cccc(C(=O)O)c1OC,CCCCO,34216.80450032088,0.996058815319678
COc1cccc(C(=O)O)c1OC,CCCO,35697.83313973699,0.997945275655826
COc1cccc(C(=O)O)c1OC,CCCOC(C)=O,27684.38014836274,0.996931273362328
COc1cccc(C(=O)O)c1OC,CCO,32066.241004215604,0.9973670350821756
COc1cccc(C(=O)O)c1OC,CO,32273.75641457261,0.9966040032209936
COc1cccc(C(=O)O)c1OC,COC(C)=O,27576.98646564277,0.9961456956668844
COc1cccc(C(=O)O)c1OC,OCCO,21422.374274456604,0.9973998741077732
COc1cccc(C=O)c1O,CCCO,80504.60822773278,0.9125523732011466
COc1cccc(C=O)c1O,CCO,82294.21127609616,0.9607505129547552
COc1cccc(CCc2ccccc2OCC(CN(C)C)OC(=O)CCC(=O)O)c1.Cl,C1CCOC1,54322.138059114026,0.9915828425062168
COc1cccc(CCc2ccccc2OCC(CN(C)C)OC(=O)CCC(=O)O)c1.Cl,CC#N,41119.98200407223,0.993526691452666
COc1cccc(CCc2ccccc2OCC(CN(C)C)OC(=O)CCC(=O)O)c1.Cl,CC(C)=O,63465.3096800636,0.9910033646193946
COc1cccc(CCc2ccccc2OCC(CN(C)C)OC(=O)CCC(=O)O)c1.Cl,CC(C)O,49652.010632270045,0.9654032181743883
COc1cccc(CCc2ccccc2OCC(CN(C)C)OC(=O)CCC(=O)O)c1.Cl,CCCCO,48573.31043167663,0.9881644230013844
COc1cccc(CCc2ccccc2OCC(CN(C)C)OC(=O)CCC(=O)O)c1.Cl,CCCO,50516.33529457753,0.9980940477885
COc1cccc(CCc2ccccc2OCC(CN(C)C)OC(=O)CCC(=O)O)c1.Cl,CO,40805.288590997945,0.9984099996982844
COc1cccc(Nc2ccccc2)c1,CC(C)=O,25365.98833870084,0.973443429263021
COc1cccc(Nc2ccccc2)c1,CCOC(C)=O,26932.7860516469,0.9950985279342572
COc1cccc(Nc2ccccc2)c1,CO,39482.12554997643,0.9983889891544356
COc1cccc(Nc2ccccc2)c1,ClC(Cl)Cl,30397.81195052132,0.9996435050626308
COc1cccc(Nc2ccccc2)c1,ClCCCl,31742.86929373728,0.9991575998979926
COc1ccccc1-n1c(=S)sc2c(=O)n(CC(=O)NCC(O)(Cn3cncn3)c3ccc(F)cc3F)cnc21,CCCCCCCCO,24339.56262756167,0.9992621858613088
COc1ccccc1N1CCN(CC(O)COc2cccc3ccccc23)CC1,CC#N,20151.92979044565,0.9997102342815298
COc1ccccc1N1CCN(CC(O)COc2cccc3ccccc23)CC1,CC(C)=O,21955.59931546269,0.9967023655409392
COc1ccccc1N1CCN(CC(O)COc2cccc3ccccc23)CC1,CC(C)O,20540.1762814688,0.9998943122838576
COc1ccccc1N1CCN(CC(O)COc2cccc3ccccc23)CC1,CCO,20643.40764555298,0.9940466215722508
COc1ccccc1N1CCN(CC(O)COc2cccc3ccccc23)CC1,CCOC(C)=O,18091.934941133608,0.9998622620936112
COc1ccccc1N1CCN(CC(O)COc2cccc3ccccc23)CC1,CO,16647.534188960824,0.9990502106970224
COc1ccccc1OCCNCC(O)COc1cccc2[nH]c3ccccc3c12,CC(C)O,39009.05732901672,0.9997599923775016
COc1ccccc1OCCNCC(O)COc1cccc2[nH]c3ccccc3c12,CCCO,30944.296651509656,0.999763827628428
COc1ccccc1OCCNCC(O)COc1cccc2[nH]c3ccccc3c12,ClCCl,37484.633973919015,0.9996505625343248
COc1ccccc1OCCNCC(O)COc1cccc2[nH]c3ccccc3c12,O,25589.294981717,0.999377493117555
COc1cnc(Cl)nc1Cl,CCCCCCC,44097.43289194781,0.9980861166223556
COc1cnc(Cl)nc1Cl,CCO,59418.96935268812,0.988051281409482
COc1cnc(Cl)nc1Cl,CCOC(C)=O,34433.941649360546,0.9946468968655856
COc1cnc(Cl)nc1Cl,CO,74563.00775876218,0.9879497916281036
COc1cnc(Cl)nc1Cl,ClC(Cl)(Cl)Cl,74967.1525583678,0.9981038919453584
CP(=O)(O)CC[C@H](N)C(=O)O,CO,9211.97718583442,0.9937048363676352
CP(=O)(O)CC[C@H](N)C(=O)O,O,19500.67794758052,0.9893969995192836
CP(=O)(O)CC[C@H](N)C(=O)O.Cl,CO,7405.556383151375,0.9915366162854368
CP(=O)(O)CC[C@H](N)C(=O)O.Cl,O,6728.232014728346,0.989418488621586
CP(=O)(O)O,CC(C)O,12687.973136137492,0.986980030041294
CP(=O)(O)O,CCCO,15623.27430697193,0.9964549896979554
CP(=O)(O)O,CCOC(C)=O,16480.944889326023,0.99793514292615
CP(=O)(O)c1ccccc1,CCO,68731.59669704604,0.9413628524039632
CP(=O)(O)c1ccccc1,CCOCCO,32891.349615103194,0.9729975219428452
CP(=O)(O)c1ccccc1,CO,20119.44643395584,0.9987920743124836
CP(=O)(O)c1ccccc1,ClC(Cl)Cl,30900.80678792452,0.9972654261147402
CP(=O)(O)c1ccccc1,ClCCl,68641.36416682917,0.9975033006858616
CP(=O)(O)c1ccccc1,O,36211.44022407704,0.998697408728192
CP(=O)(c1ccccc1)c1ccccc1,CCOC(C)=O,32281.91915088604,0.9972028644872494
CP(=O)(c1ccccc1)c1ccccc1,CCc1ccccc1,39320.10237716615,0.9983159763004312
CP(=O)(c1ccccc1)c1ccccc1,Cc1ccc(C)cc1,40393.61359353101,0.9981433803731584
CP(=O)(c1ccccc1)c1ccccc1,Cc1cccc(C)c1,37231.469219835744,0.9981385441966169
CP(=O)(c1ccccc1)c1ccccc1,Cc1ccccc1,44706.66277690589,0.9982865803020936
CP(=O)(c1ccccc1)c1ccccc1,Cc1ccccc1C,24844.3402749907,0.9962863327798788
CP(=O)(c1ccccc1)c1ccccc1,c1ccccc1,34213.78725673669,0.9985637916566762
CP1(=O)OCC2(CO1)COP(C)(=O)OC2,O,22625.05527573201,0.9971186024087249
CP1(=O)OCC2(CO1)COP(C)(=O)OC2,c1ccccc1,14633.568278850787,0.9968821495026764
CS(=O)(=O)Nc1ccc([N+](=O)[O-])cc1Oc1ccccc1,C1CCOC1,21053.040093353426,0.9989335323429211
CS(=O)(=O)Nc1ccc([N+](=O)[O-])cc1Oc1ccccc1,CC#N,21524.80196208402,0.9984522300006718
CS(=O)(=O)Nc1ccc([N+](=O)[O-])cc1Oc1ccccc1,CC(C)=O,16547.75554402312,0.9993546501744244
CS(=O)(=O)Nc1ccc([N+](=O)[O-])cc1Oc1ccccc1,CC(C)CO,32853.354375489485,0.9981004013009496
CS(=O)(=O)Nc1ccc([N+](=O)[O-])cc1Oc1ccccc1,CC(C)O,40908.34759035752,0.9969227147666264
CS(=O)(=O)Nc1ccc([N+](=O)[O-])cc1Oc1ccccc1,CCC(C)=O,15185.990602007838,0.9968348346567124
CS(=O)(=O)Nc1ccc([N+](=O)[O-])cc1Oc1ccccc1,CCCCOC(C)=O,21528.09631965867,0.9991798426977544
CS(=O)(=O)Nc1ccc([N+](=O)[O-])cc1Oc1ccccc1,CCCCOCCO,21978.70859519845,0.9986566618971624
CS(=O)(=O)Nc1ccc([N+](=O)[O-])cc1Oc1ccccc1,CCCO,41736.51352351612,0.9996097761687632
CS(=O)(=O)Nc1ccc([N+](=O)[O-])cc1Oc1ccccc1,CCCOC(C)=O,21208.23947443576,0.9998044032069212
CS(=O)(=O)Nc1ccc([N+](=O)[O-])cc1Oc1ccccc1,CCCOCCO,21631.893930520884,0.9973180577868596
CS(=O)(=O)Nc1ccc([N+](=O)[O-])cc1Oc1ccccc1,CCO,32059.243432796287,0.9741567227476152
CS(=O)(=O)Nc1ccc([N+](=O)[O-])cc1Oc1ccccc1,CCOC(C)=O,16528.890074481697,0.9908805762164145
CS(=O)(=O)Nc1ccc([N+](=O)[O-])cc1Oc1ccccc1,CCOCCO,21086.56316083725,0.9985248724459004
CS(=O)(=O)Nc1ccc([N+](=O)[O-])cc1Oc1ccccc1,COC(C)=O,14317.408131286402,0.9988312411174036
CS(=O)(=O)Nc1ccc([N+](=O)[O-])cc1Oc1ccccc1,COCCO,19857.0728616389,0.9993188041013468
CS(=O)(=O)Nc1ccc([N+](=O)[O-])cc1Oc1ccccc1,Cc1ccccc1,32080.32123691389,0.9997519768455008
CS(=O)(=O)O.Cc1ccc(NC(=O)c2ccc(CN3CCN(C)CC3)cc2)cc1Nc1nccc(-c2cccnc2)n1,C1CCOC1,37459.87996440971,0.997574600554428
CS(=O)(=O)O.Cc1ccc(NC(=O)c2ccc(CN3CCN(C)CC3)cc2)cc1Nc1nccc(-c2cccnc2)n1,CC(C)CO,39781.87579975682,0.9965788232232076
CS(=O)(=O)O.Cc1ccc(NC(=O)c2ccc(CN3CCN(C)CC3)cc2)cc1Nc1nccc(-c2cccnc2)n1,CCCCO,38771.70555023344,0.9964567333532718
CS(=O)(=O)O.Cc1ccc(NC(=O)c2ccc(CN3CCN(C)CC3)cc2)cc1Nc1nccc(-c2cccnc2)n1,CCCO,40269.63731550887,0.9975436232320358
CS(=O)(=O)O.Cc1ccc(NC(=O)c2ccc(CN3CCN(C)CC3)cc2)cc1Nc1nccc(-c2cccnc2)n1,CCO,41134.74978574519,0.9960309901249126
CS(=O)(=O)O.Cc1ccc(NC(=O)c2ccc(CN3CCN(C)CC3)cc2)cc1Nc1nccc(-c2cccnc2)n1,CO,41412.60108441328,0.998495255704226
CS(=O)(=O)O.Cc1ccc(NC(=O)c2ccc(CN3CCN(C)CC3)cc2)cc1Nc1nccc(-c2cccnc2)n1,COC(C)=O,36576.94147820427,0.9978309018535756
CS(=O)(=O)OCCCCOS(C)(=O)=O,CCCCO,60859.53180689994,0.9997948121467908
CS(=O)(=O)OCCCCOS(C)(=O)=O,CCCCOC(C)=O,42306.33647755295,0.99854177896111
CS(=O)(=O)OCCCCOS(C)(=O)=O,CCCCOCCO,33266.32552230691,0.9995786292891574
CS(=O)(=O)OCCCCOS(C)(=O)=O,CCCO,75075.25555293448,0.99991484680579
CS(=O)(=O)OCCCCOS(C)(=O)=O,CCCOC(C)=O,55338.85066452244,0.9967270612008636
CS(=O)(=O)OCCCCOS(C)(=O)=O,CCCOCCO,40225.51197395324,0.9995032872679044
CS(=O)(=O)OCCCCOS(C)(=O)=O,CCO,61469.78604163488,0.999980378915063
CS(=O)(=O)OCCCCOS(C)(=O)=O,CCOC(C)=O,46684.940064159775,0.9995287046451274
CS(=O)(=O)OCCCCOS(C)(=O)=O,CCOCCO,56214.14811030647,0.999952855401008
CS(=O)(=O)OCCCCOS(C)(=O)=O,CN(C)C=O,35139.771574375016,0.9998262459479322
CS(=O)(=O)OCCCCOS(C)(=O)=O,CN1CCCC1=O,30335.42332606216,0.9995948858912616
CS(=O)(=O)OCCCCOS(C)(=O)=O,CO,59906.88462800094,0.9999732168506144
CS(=O)(=O)OCCCCOS(C)(=O)=O,COC(C)=O,45912.41949201959,0.9975271431517576
CS(=O)(=O)OCCCCOS(C)(=O)=O,CS(C)=O,34669.56900119113,0.9998482452593678
CS(=O)(=O)[O-].c1ccc2sc[nH+]c2c1,CC(C)CO,35618.16615476124,0.9585615945876722
CS(=O)(=O)[O-].c1ccc2sc[nH+]c2c1,CC(C)O,27398.35948636649,0.9688892322632552
CS(=O)(=O)[O-].c1ccc2sc[nH+]c2c1,CCCCO,40252.06655886718,0.9714880638142328
CS(=O)(=O)[O-].c1ccc2sc[nH+]c2c1,CCCO,30834.32469309364,0.9450444439042904
CS(=O)(=O)[O-].c1ccc2sc[nH+]c2c1,CCO,29131.343472567674,0.9783956699786944
CS(=O)(=O)[O-].c1ccc2sc[nH+]c2c1,CO,26636.404235761984,0.9950666080085
CS(=O)(=O)c1ccc(C(=O)C2C(=O)CCCC2=O)c([N+](=O)[O-])c1,C1CCCCC1,29157.801020450926,0.994407031076043
CS(=O)(=O)c1ccc(C(=O)C2C(=O)CCCC2=O)c([N+](=O)[O-])c1,CCCCCO,45085.41885240793,0.999999981430858
CS(=O)(=O)c1ccc(C(=O)C2C(=O)CCCC2=O)c([N+](=O)[O-])c1,CCCCOC(C)=O,31672.542100527626,0.9999593328655948
CS(=O)(=O)c1ccc(C(=O)C2C(=O)CCCC2=O)c([N+](=O)[O-])c1,CCCO,34064.29406259389,0.997552269674536
CS(=O)(=O)c1ccc(C(=O)C2C(=O)CCCC2=O)c([N+](=O)[O-])c1,CCO,24708.33037125037,0.9989055951514434
CS(=O)(=O)c1ccc(C(=O)C2C(=O)CCCC2=O)c([N+](=O)[O-])c1,CCOC(C)=O,29925.839975121165,0.9999494870297544
CS(=O)(=O)c1ccc(C(=O)C2C(=O)CCCC2=O)c([N+](=O)[O-])c1,CO,18005.63913904982,0.9979602056685116
CS(=O)(=O)c1ccc(C(=O)C2C(=O)CCCC2=O)c([N+](=O)[O-])c1,COC(C)=O,18812.80421596749,0.9972540718573706
CS(=O)(=O)c1ccc(C=O)cc1,CC#N,30500.87289991169,0.9988486348544146
CS(=O)(=O)c1ccc(C=O)cc1,CC(=O)O,28622.32280353146,0.9987623843060056
CS(=O)(=O)c1ccc(C=O)cc1,CC(C)=O,25165.811498201863,0.999101219731822
CS(=O)(=O)c1ccc(C=O)cc1,CC(C)O,33272.97947849763,0.9984442543440802
CS(=O)(=O)c1ccc(C=O)cc1,CCCCO,30950.70265797855,0.9995064311839472
CS(=O)(=O)c1ccc(C=O)cc1,CCCO,31437.757049836902,0.9991192806411904
CS(=O)(=O)c1ccc(C=O)cc1,CO,27166.89408740203,0.9990869107127104
CS(=O)(=O)c1ccc(C=O)cc1,Cc1ccccc1,32053.59726860756,0.9993268265059018
CS(=O)(=O)c1ccc(F)cc1,CC(C)=O,27176.12867984336,0.9998048177090766
CS(=O)(=O)c1ccc(F)cc1,CCO,65908.14220254672,0.9985892641404608
CS(=O)(=O)c1ccc(F)cc1,CCOC(C)=O,31282.48462030006,0.9966186260590902
CS(=O)(=O)c1ccc(F)cc1,Cc1ccccc1,53475.96068096754,0.9999781723160912
CS(=O)(=O)c1ccc(F)cc1,ClC(Cl)Cl,25613.97436879192,0.999911908538594
CS(=O)(=O)c1ccc([C@@H](O)[C@@H](CF)NC(=O)C(Cl)Cl)cc1,C1CCOC1,11238.081631002928,0.9965217433907853
CS(=O)(=O)c1ccc([C@@H](O)[C@@H](CF)NC(=O)C(Cl)Cl)cc1,CC(C)CCO,33706.70905064929,0.9987358592167124
CS(=O)(=O)c1ccc([C@@H](O)[C@@H](CF)NC(=O)C(Cl)Cl)cc1,CC(C)O,37955.70162930993,0.9988658944033654
CS(=O)(=O)c1ccc([C@@H](O)[C@@H](CF)NC(=O)C(Cl)Cl)cc1,CCC(=O)O,38106.07859762095,0.9969881043339764
CS(=O)(=O)c1ccc([C@@H](O)[C@@H](CF)NC(=O)C(Cl)Cl)cc1,CCCCO,38092.22516384348,0.9983365495985964
CS(=O)(=O)c1ccc([C@@H](O)[C@@H](CF)NC(=O)C(Cl)Cl)cc1,CCCO,36333.35317180912,0.997636352836456
CS(=O)(=O)c1ccc([C@@H](O)[C@@H](CF)NC(=O)C(Cl)Cl)cc1,CCO,31303.833160835937,0.9984849216897028
CS(=O)(=O)c1ccc([C@@H](O)[C@@H](CF)NC(=O)C(Cl)Cl)cc1,CO,25717.62206777516,0.9985251733093524
CS(=O)(=O)c1ccc([C@@H](O)[C@@H](CF)NC(=O)C(Cl)Cl)cc1,O,36118.659532789934,0.9773466344398416
CS(=O)(=O)c1ccc([C@@H](O)[C@@H](CO)NC(=O)C(Cl)Cl)cc1,C1COCCO1,44752.78097739506,0.9994206517564028
CS(=O)(=O)c1ccc([C@@H](O)[C@@H](CO)NC(=O)C(Cl)Cl)cc1,CC#N,50760.34879954711,0.9998448498104646
CS(=O)(=O)c1ccc([C@@H](O)[C@@H](CO)NC(=O)C(Cl)Cl)cc1,CCC(C)=O,44513.98582494192,0.9996400469406016
CS(=O)(=O)c1ccc([C@@H](O)[C@@H](CO)NC(=O)C(Cl)Cl)cc1,CCCCO,52042.28107128035,0.9994799593281046
CS(=O)(=O)c1ccc([C@@H](O)[C@@H](CO)NC(=O)C(Cl)Cl)cc1,CCCO,47069.32519054465,0.9998335366953396
CS(=O)(=O)c1ccc([C@@H](O)[C@@H](CO)NC(=O)C(Cl)Cl)cc1,CN(C)C=O,33058.778788625954,0.9994774091620666
CS(=O)(=O)c1ccc([C@@H](O)[C@@H](CO)NC(=O)C(Cl)Cl)cc1,CO,48586.83595694981,0.9994388727974972
CS(=O)(=O)c1ccc([C@@H](O)[C@@H](CO)NC(=O)C(Cl)Cl)cc1,Cc1ccccc1,53509.41706322995,0.9998244576372468
CS(=O)(=O)c1ccc([C@@H](O)[C@@H](CO)NC(=O)C(Cl)Cl)cc1,O,48145.00886339288,0.99927512184541
CS(=O)(=O)c1cccc(C[C@H](NC(=O)c2c(Cl)cc3c(c2Cl)CCN(C(=O)c2ccc4ccoc4c2)C3)C(=O)O)c1,CC(O)CO,21236.84580204452,0.9996226317159128
CS(=O)(=O)c1cccc(C[C@H](NC(=O)c2c(Cl)cc3c(c2Cl)CCN(C(=O)c2ccc4ccoc4c2)C3)C(=O)O)c1,CCOCCOCCO,7643.728614611003,0.999695221430184
CS(=O)(=O)c1cccc(C[C@H](NC(=O)c2c(Cl)cc3c(c2Cl)CCN(C(=O)c2ccc4ccoc4c2)C3)C(=O)O)c1,O,30000.446660833662,0.9994993678363632
CS(N)(=O)=O,CC(C)CCO,42150.24019810184,0.9936094852404974
CS(N)(=O)=O,CC(C)CO,30652.89166898018,0.9958034481084888
CS(N)(=O)=O,CC(C)O,35977.62739953169,0.9938297372680722
CS(N)(=O)=O,CCC(C)O,47112.8085690724,0.9754697997444928
CS(N)(=O)=O,CCCCCO,50894.54980882855,0.9894504164135236
CS(N)(=O)=O,CCCCO,23891.35735972449,0.9673787126348066
CS(N)(=O)=O,CCCOC(C)=O,19545.93269044552,0.993653544810489
CS(N)(=O)=O,CCO,37621.45098520518,0.9832101926282556
CS(N)(=O)=O,CCOC(C)=O,15714.36529193134,0.999058370246572
CS(N)(=O)=O,CO,34947.55049212749,0.996168130901758
CSCCC(NC(C)=O)C(=O)O,C1COCCO1,39583.974890161066,0.9977167309718143
CSCCC(NC(C)=O)C(=O)O,CC(C)=O,37587.91927431673,0.9964534253227514
CSCCC(NC(C)=O)C(=O)O,CC(C)CO,31670.574292126403,0.9989957400066324
CSCCC(NC(C)=O)C(=O)O,CC(C)O,31608.68776420996,0.9989868536539066
CSCCC(NC(C)=O)C(=O)O,CCC(C)=O,35805.783758117024,0.9921401219281814
CSCCC(NC(C)=O)C(=O)O,CCC(C)O,32152.33702727997,0.999913319884706
CSCCC(NC(C)=O)C(=O)O,CCCCCO,30739.96763867809,0.995501311828382
CSCCC(NC(C)=O)C(=O)O,CCCCO,32566.39475001076,0.9997956886910656
CSCCC(NC(C)=O)C(=O)O,CCOC(C)=O,31754.86790138044,0.9963441387248692
CSCCC(NC(C)=O)C(=O)O,CO,25567.89114261072,0.9892704659370332
CSCCC(NC(C)=O)C(=O)O,COC(C)=O,35980.190874288135,0.9892513926884692
CSCCC(NC(C)=O)C(=O)O,ClCCl,24654.1385548116,0.9979951538056052
CSCC[C@H](N)C(=O)O,O,11545.97704290864,0.9924745088520944
CSc1cccc(Nc2ccccc2)c1,CCOC(C)=O,36604.949694291296,0.9836706525953696
CSc1cccc(Nc2ccccc2)c1,CO,48236.44367302121,0.9966978978521877
CSc1cccc(Nc2ccccc2)c1,ClC(Cl)Cl,31851.19844198844,0.9984578733885868
CSc1cccc(Nc2ccccc2)c1,ClCCCl,34994.330870820486,0.9997544769334938
CSc1nc2cc(Oc3cccc(Cl)c3Cl)c(Cl)cc2[nH]1,CC#N,32781.794426311884,0.9994020655758789
CSc1nc2cc(Oc3cccc(Cl)c3Cl)c(Cl)cc2[nH]1,CC(C)CO,29869.83185871637,0.9995821462576204
CSc1nc2cc(Oc3cccc(Cl)c3Cl)c(Cl)cc2[nH]1,CC(C)O,29398.1785738088,0.9997047591359456
CSc1nc2cc(Oc3cccc(Cl)c3Cl)c(Cl)cc2[nH]1,CCCCCOC(C)=O,18395.53782524978,0.9995239310721372
CSc1nc2cc(Oc3cccc(Cl)c3Cl)c(Cl)cc2[nH]1,CCCCO,13787.665672187366,0.9999875068337664
CSc1nc2cc(Oc3cccc(Cl)c3Cl)c(Cl)cc2[nH]1,CCCCOC(C)=O,17614.670939626678,0.9993576797503688
CSc1nc2cc(Oc3cccc(Cl)c3Cl)c(Cl)cc2[nH]1,CCCO,21609.363979917944,0.9995624512436484
CSc1nc2cc(Oc3cccc(Cl)c3Cl)c(Cl)cc2[nH]1,CCCOC(C)=O,20401.21181202171,0.9996407659839264
CSc1nc2cc(Oc3cccc(Cl)c3Cl)c(Cl)cc2[nH]1,CCO,24893.50182878821,0.9997985552021248
CSc1nc2cc(Oc3cccc(Cl)c3Cl)c(Cl)cc2[nH]1,CCOC(C)=O,21465.36227761708,0.9995173178971216
CSc1nc2cc(Oc3cccc(Cl)c3Cl)c(Cl)cc2[nH]1,CCOC=O,29478.84661688677,0.9998701455266624
CSc1nc2cc(Oc3cccc(Cl)c3Cl)c(Cl)cc2[nH]1,CO,27383.55860549089,0.9999461468497156
CSc1nc2cc(Oc3cccc(Cl)c3Cl)c(Cl)cc2[nH]1,ClCCCl,28807.352587763497,0.9994482023140844
CSc1nc2cc(Oc3cccc(Cl)c3Cl)c(Cl)cc2[nH]1,OCCO,35751.960777209955,0.999590680087856
C[C@@H](O)[C@H]1C(=O)N2C(C(=O)O)=C(S[C@@H]3CN[C@H](C(=O)N(C)C)C3)[C@H](C)[C@H]12.O.O.O,O,17941.607311795917,0.978048124610978
C[C@@H](O)[C@H]1C(=O)N2C(C(=O)[O-])=C(SC3Cn4cnc[n+]4C3)[C@H](C)[C@H]12,CC(C)=O,42634.12000005815,0.999797082196724
C[C@@H](O)[C@H]1C(=O)N2C(C(=O)[O-])=C(SC3Cn4cnc[n+]4C3)[C@H](C)[C@H]12,CC(C)O,26160.053122517416,0.9997476247649564
C[C@@H](O)[C@H]1C(=O)N2C(C(=O)[O-])=C(SC3Cn4cnc[n+]4C3)[C@H](C)[C@H]12,CCO,23238.178494676213,0.999841708339452
C[C@@H](O)[C@H]1C(=O)N2C(C(=O)[O-])=C(SC3Cn4cnc[n+]4C3)[C@H](C)[C@H]12,CCOC(C)=O,15406.15279815608,0.998267037933298
C[C@@H](O)[C@H]1C(=O)N2C(C(=O)[O-])=C(SC3Cn4cnc[n+]4C3)[C@H](C)[C@H]12,CN(C)C=O,14781.80854055466,0.9979612126208705
C[C@@H](O)[C@H]1C(=O)N2C(C(=O)[O-])=C(SC3Cn4cnc[n+]4C3)[C@H](C)[C@H]12,CN1CCCC1=O,13190.485606177846,0.9934655486413438
C[C@@H](O)[C@H]1C(=O)N2C(C(=O)[O-])=C(SC3Cn4cnc[n+]4C3)[C@H](C)[C@H]12,CO,23142.011505210296,0.9996202298147692
C[C@@H](O)[C@H]1C(=O)N2C(C(=O)[O-])=C(SC3Cn4cnc[n+]4C3)[C@H](C)[C@H]12,CS(C)=O,14857.219434560946,0.997018998534441
C[C@@H](O[C@H]1OCCN(Cc2n[nH]c(=O)[nH]2)[C@H]1c1ccc(F)cc1)c1cc(C(F)(F)F)cc(C(F)(F)F)c1,CC(C)=O,14968.34872101748,0.999516850907954
C[C@@H](O[C@H]1OCCN(Cc2n[nH]c(=O)[nH]2)[C@H]1c1ccc(F)cc1)c1cc(C(F)(F)F)cc(C(F)(F)F)c1,CCCO,22741.30218830992,0.9990547656765856
C[C@@H](O[C@H]1OCCN(Cc2n[nH]c(=O)[nH]2)[C@H]1c1ccc(F)cc1)c1cc(C(F)(F)F)cc(C(F)(F)F)c1,CCO,19726.198682744445,0.999482474307603
C[C@@H](Oc1ccc(Oc2nc3ccc(Cl)cc3o2)cc1)C(=O)N(C)c1ccccc1F,C1CCCCC1,44664.106154267,0.9966548260944808
C[C@@H](Oc1ccc(Oc2nc3ccc(Cl)cc3o2)cc1)C(=O)N(C)c1ccccc1F,CC(C)CCO,39755.5315724351,0.999097964394604
C[C@@H](Oc1ccc(Oc2nc3ccc(Cl)cc3o2)cc1)C(=O)N(C)c1ccccc1F,CC(C)O,38819.45438791197,0.9990809310053318
C[C@@H](Oc1ccc(Oc2nc3ccc(Cl)cc3o2)cc1)C(=O)N(C)c1ccccc1F,CCC(C)O,42681.32966821533,0.999308245940712
C[C@@H](Oc1ccc(Oc2nc3ccc(Cl)cc3o2)cc1)C(=O)N(C)c1ccccc1F,CCCCCC,40777.86980237916,0.9959807688334188
C[C@@H](Oc1ccc(Oc2nc3ccc(Cl)cc3o2)cc1)C(=O)N(C)c1ccccc1F,CCCCCO,31342.797265555,0.999321017896328
C[C@@H](Oc1ccc(Oc2nc3ccc(Cl)cc3o2)cc1)C(=O)N(C)c1ccccc1F,CCCCO,36920.22594480048,0.9993877548686084
C[C@@H](Oc1ccc(Oc2nc3ccc(Cl)cc3o2)cc1)C(=O)N(C)c1ccccc1F,CCCO,41063.10359831013,0.9993623468652894
C[C@@H]1CC[C@@]2(OC1)O[C@H]1C[C@H]3[C@@H]4CC=C5C[C@@H](O)CC[C@]5(C)[C@H]4CC[C@]3(C)[C@H]1[C@@H]2C,CC#N,40966.38624600222,0.9929755896978874
C[C@@H]1CC[C@@]2(OC1)O[C@H]1C[C@H]3[C@@H]4CC=C5C[C@@H](O)CC[C@]5(C)[C@H]4CC[C@]3(C)[C@H]1[C@@H]2C,CC(C)(C)O,47901.09260621604,0.96656916896872
C[C@@H]1CC[C@@]2(OC1)O[C@H]1C[C@H]3[C@@H]4CC=C5C[C@@H](O)CC[C@]5(C)[C@H]4CC[C@]3(C)[C@H]1[C@@H]2C,CC(C)CO,46289.057148772445,0.9606864120995128
C[C@@H]1CC[C@@]2(OC1)O[C@H]1C[C@H]3[C@@H]4CC=C5C[C@@H](O)CC[C@]5(C)[C@H]4CC[C@]3(C)[C@H]1[C@@H]2C,CC(C)O,23527.031859513285,0.9904193150697632
C[C@@H]1CC[C@@]2(OC1)O[C@H]1C[C@H]3[C@@H]4CC=C5C[C@@H](O)CC[C@]5(C)[C@H]4CC[C@]3(C)[C@H]1[C@@H]2C,CCC(C)O,75638.17625994561,0.9918152878926328
C[C@@H]1CC[C@@]2(OC1)O[C@H]1C[C@H]3[C@@H]4CC=C5C[C@@H](O)CC[C@]5(C)[C@H]4CC[C@]3(C)[C@H]1[C@@H]2C,CCCCCCCC,53899.85946550483,0.9904704526049832
C[C@@H]1CC[C@@]2(OC1)O[C@H]1C[C@H]3[C@@H]4CC=C5C[C@@H](O)CC[C@]5(C)[C@H]4CC[C@]3(C)[C@H]1[C@@H]2C,CCCCCCCCCCCC,29849.47842203027,0.995146266483345
C[C@@H]1CC[C@@]2(OC1)O[C@H]1C[C@H]3[C@@H]4CC=C5C[C@@H](O)CC[C@]5(C)[C@H]4CC[C@]3(C)[C@H]1[C@@H]2C,CCCCCCCCCO,18174.19024137525,0.9738480544508032
C[C@@H]1CC[C@@]2(OC1)O[C@H]1C[C@H]3[C@@H]4CC=C5C[C@@H](O)CC[C@]5(C)[C@H]4CC[C@]3(C)[C@H]1[C@@H]2C,CCCCCCCO,25475.546273845302,0.9940406479178996
C[C@@H]1CC[C@@]2(OC1)O[C@H]1C[C@H]3[C@@H]4CC=C5C[C@@H](O)CC[C@]5(C)[C@H]4CC[C@]3(C)[C@H]1[C@@H]2C,CCCCCO,25099.55508925099,0.99522493361522
C[C@@H]1CC[C@@]2(OC1)O[C@H]1C[C@H]3[C@@H]4CC=C5C[C@@H](O)CC[C@]5(C)[C@H]4CC[C@]3(C)[C@H]1[C@@H]2C,CCCCO,22149.25474628395,0.9920961133861594
C[C@@H]1CC[C@@]2(OC1)O[C@H]1C[C@H]3[C@@H]4CC=C5C[C@@H](O)CC[C@]5(C)[C@H]4CC[C@]3(C)[C@H]1[C@@H]2C,CCCO,25574.977691739547,0.9920132144815031
C[C@@H]1CC[C@@]2(OC1)O[C@H]1C[C@H]3[C@@H]4CC=C5C[C@@H](O)CC[C@]5(C)[C@H]4CC[C@]3(C)[C@H]1[C@@H]2C,CCCOC(C)=O,24306.561549849743,0.9959962010780398
C[C@@H]1CC[C@@]2(OC1)O[C@H]1C[C@H]3[C@@H]4CC=C5C[C@@H](O)CC[C@]5(C)[C@H]4CC[C@]3(C)[C@H]1[C@@H]2C,CCOC(C)=O,27697.083149222934,0.990344972068858
C[C@@H]1CC[C@@]2(OC1)O[C@H]1C[C@H]3[C@@H]4CC=C5C[C@@H](O)CC[C@]5(C)[C@H]4CC[C@]3(C)[C@H]1[C@@H]2C,CN(C)C=O,51578.43303437451,0.9945222913282408
C[C@@H]1CC[C@@]2(OC1)O[C@H]1C[C@H]3[C@@H]4CC=C5C[C@@H](O)CC[C@]5(C)[C@H]4CC[C@]3(C)[C@H]1[C@@H]2C,CN1CCCC1=O,13438.98050649478,0.989399158697398
C[C@@H]1CC[C@@]2(OC1)O[C@H]1C[C@H]3[C@@H]4CC=C5C[C@@H](O)CC[C@]5(C)[C@H]4CC[C@]3(C)[C@H]1[C@@H]2C,ClC(Cl)(Cl)Cl,28468.113530935152,0.9979877882068108
C[C@@H]1CC[C@@]2(OC1)O[C@H]1C[C@H]3[C@@H]4CC=C5C[C@@H](O)CC[C@]5(C)[C@H]4CC[C@]3(C)[C@H]1[C@@H]2C,O,162035.6812992355,0.994476144558747
C[C@@H]1CC[C@H]2[C@@H](C)C(=O)O[C@@H]3O[C@@]4(C)CC[C@@H]1[C@]32OO4,C1CCCCC1,37891.5291667022,0.9980952250441972
C[C@@H]1CC[C@H]2[C@@H](C)C(=O)O[C@@H]3O[C@@]4(C)CC[C@@H]1[C@]32OO4,CC(=O)OC(C)C,28341.102328401856,0.999754094752189
C[C@@H]1CC[C@H]2[C@@H](C)C(=O)O[C@@H]3O[C@@]4(C)CC[C@@H]1[C@]32OO4,CC(C)=O,37198.95526077069,0.9995513560675284
C[C@@H]1CC[C@H]2[C@@H](C)C(=O)O[C@@H]3O[C@@]4(C)CC[C@@H]1[C@]32OO4,CCC(C)=O,39236.819049840655,0.9983032763347116
C[C@@H]1CC[C@H]2[C@@H](C)C(=O)O[C@@H]3O[C@@]4(C)CC[C@@H]1[C@]32OO4,CCCCCC,50212.40765004578,0.9996345461551532
C[C@@H]1CC[C@H]2[C@@H](C)C(=O)O[C@@H]3O[C@@]4(C)CC[C@@H]1[C@]32OO4,CCCCCCC,49897.925357856526,0.9993074779188128
C[C@@H]1CC[C@H]2[C@@H](C)C(=O)O[C@@H]3O[C@@]4(C)CC[C@@H]1[C@]32OO4,CCCCO,55257.04566494101,0.9999259021576716
C[C@@H]1CC[C@H]2[C@@H](C)C(=O)O[C@@H]3O[C@@]4(C)CC[C@@H]1[C@]32OO4,CCOC(C)=O,47641.19348908952,0.9981284933732022
C[C@@H]1CC[C@H]2[C@@H](C)C(=O)O[C@@H]3O[C@@]4(C)CC[C@@H]1[C@]32OO4,CO,46045.47593218052,0.9989359532926744
C[C@@H]1CC[C@H]2[C@@H](C)C(=O)O[C@@H]3O[C@@]4(C)CC[C@@H]1[C@]32OO4,ClC(Cl)Cl,38167.74343593423,0.9989879578520634
C[C@@H]1OC(=O)[C@H](C)OC1=O,CC(C)O,46187.61753107608,0.966974166196684
C[C@@H]1OC(=O)[C@H](C)OC1=O,CCOC(C)=O,24669.66144683255,0.9726188866912124
C[C@@H]1OC(=O)[C@H](C)OC1=O,CO,46410.40514736949,0.9889655135737024
C[C@@H]1OC(=O)[C@H](C)OC1=O,Cc1ccccc1,37891.39843346862,0.987382000015528
C[C@@H]1O[C@@H](OC[C@H]2O[C@@H](Oc3c(-c4ccc(O)c(O)c4)oc4cc(O)cc(O)c4c3=O)[C@H](O)[C@@H](O)[C@@H]2O)[C@H](O)[C@H](O)[C@H]1O,CCO,9124.990067230758,0.9782156992781768
C[C@@H]1O[C@@H](OC[C@H]2O[C@@H](Oc3c(-c4ccc(O)c(O)c4)oc4cc(O)cc(O)c4c3=O)[C@H](O)[C@@H](O)[C@@H]2O)[C@H](O)[C@H](O)[C@H]1O,O,20989.94358905969,0.9738916418515504
C[C@@H]1O[C@@H](OC[C@H]2O[C@@H](Oc3c(-c4ccc(OCCO)c(OCCO)c4)oc4cc(OCCO)cc(O)c4c3=O)[C@H](O)[C@@H](O)[C@@H]2O)[C@H](O)[C@H](O)[C@H]1O,C1COCCO1,25839.62692963506,0.9985690158272824
C[C@@H]1O[C@@H](OC[C@H]2O[C@@H](Oc3c(-c4ccc(OCCO)c(OCCO)c4)oc4cc(OCCO)cc(O)c4c3=O)[C@H](O)[C@@H](O)[C@@H]2O)[C@H](O)[C@H](O)[C@H]1O,CC#N,45533.6597069399,0.9974267590596672
C[C@@H]1O[C@@H](OC[C@H]2O[C@@H](Oc3c(-c4ccc(OCCO)c(OCCO)c4)oc4cc(OCCO)cc(O)c4c3=O)[C@H](O)[C@@H](O)[C@@H]2O)[C@H](O)[C@H](O)[C@H]1O,CC(C)=O,36713.00298266207,0.9804075724831852
C[C@@H]1O[C@@H](OC[C@H]2O[C@@H](Oc3c(-c4ccc(OCCO)c(OCCO)c4)oc4cc(OCCO)cc(O)c4c3=O)[C@H](O)[C@@H](O)[C@@H]2O)[C@H](O)[C@H](O)[C@H]1O,CC(C)O,37048.96434436053,0.9988102846575112
C[C@@H]1O[C@@H](OC[C@H]2O[C@@H](Oc3c(-c4ccc(OCCO)c(OCCO)c4)oc4cc(OCCO)cc(O)c4c3=O)[C@H](O)[C@@H](O)[C@@H]2O)[C@H](O)[C@H](O)[C@H]1O,CCC(C)O,38595.68726478572,0.9985690888938128
C[C@@H]1O[C@@H](OC[C@H]2O[C@@H](Oc3c(-c4ccc(OCCO)c(OCCO)c4)oc4cc(OCCO)cc(O)c4c3=O)[C@H](O)[C@@H](O)[C@@H]2O)[C@H](O)[C@H](O)[C@H]1O,CCCCCO,36021.56672540243,0.9903604268945752
C[C@@H]1O[C@@H](OC[C@H]2O[C@@H](Oc3c(-c4ccc(OCCO)c(OCCO)c4)oc4cc(OCCO)cc(O)c4c3=O)[C@H](O)[C@@H](O)[C@@H]2O)[C@H](O)[C@H](O)[C@H]1O,CCCCO,39872.38773880706,0.9983429736172008
C[C@@H]1O[C@@H](OC[C@H]2O[C@@H](Oc3c(-c4ccc(OCCO)c(OCCO)c4)oc4cc(OCCO)cc(O)c4c3=O)[C@H](O)[C@@H](O)[C@@H]2O)[C@H](O)[C@H](O)[C@H]1O,CCO,22373.2002294636,0.9950598195739242
C[C@@H]1O[C@@H](OC[C@H]2O[C@@H](Oc3c(-c4ccc(OCCO)c(OCCO)c4)oc4cc(OCCO)cc(O)c4c3=O)[C@H](O)[C@@H](O)[C@@H]2O)[C@H](O)[C@H](O)[C@H]1O,CO,32496.441346749776,0.9974022127594114
C[C@@H]1O[C@@H](OC[C@H]2O[C@@H](Oc3cc(O)c4c(=O)cc(-c5ccccc5O)oc4c3)[C@H](O)[C@@H](O)[C@@H]2O)[C@H](O)[C@H](O)[C@H]1O,CC(C)=O,28893.00377226543,0.9967494589223556
C[C@@H]1O[C@@H](OC[C@H]2O[C@@H](Oc3cc(O)c4c(=O)cc(-c5ccccc5O)oc4c3)[C@H](O)[C@@H](O)[C@@H]2O)[C@H](O)[C@H](O)[C@H]1O,CCCCO,30026.278083052,0.9852577798108912
C[C@@H]1O[C@@H](OC[C@H]2O[C@@H](Oc3cc(O)c4c(=O)cc(-c5ccccc5O)oc4c3)[C@H](O)[C@@H](O)[C@@H]2O)[C@H](O)[C@H](O)[C@H]1O,CCCO,24752.906432016887,0.998144400510622
C[C@@H]1O[C@@H](OC[C@H]2O[C@@H](Oc3cc(O)c4c(=O)cc(-c5ccccc5O)oc4c3)[C@H](O)[C@@H](O)[C@@H]2O)[C@H](O)[C@H](O)[C@H]1O,CCO,36501.89321503655,0.9892929613534616
C[C@@H]1O[C@@H](OC[C@H]2O[C@@H](Oc3cc(O)c4c(=O)cc(-c5ccccc5O)oc4c3)[C@H](O)[C@@H](O)[C@@H]2O)[C@H](O)[C@H](O)[C@H]1O,CCOC(C)=O,15091.02026727545,0.9626216370037856
C[C@@H]1O[C@@H](OC[C@H]2O[C@@H](Oc3cc(O)c4c(=O)cc(-c5ccccc5O)oc4c3)[C@H](O)[C@@H](O)[C@@H]2O)[C@H](O)[C@H](O)[C@H]1O,CO,33739.24760397093,0.9891568785127066
C[C@@H]1O[C@@H](O[C@H]2[C@H](Oc3cc(O)c(C(=O)CCc4ccc(O)cc4)c(O)c3)O[C@H](CO)[C@@H](O)[C@@H]2O)[C@H](O)[C@H](O)[C@H]1O,CCOC(C)=O,19163.458541404107,0.98522404950512
C[C@@H]1O[C@@H](O[C@H]2[C@H](Oc3cc(O)c(C(=O)CCc4ccc(O)cc4)c(O)c3)O[C@H](CO)[C@@H](O)[C@@H]2O)[C@H](O)[C@H](O)[C@H]1O,O,59926.45349907912,0.9854138266626684
C[C@@H]1O[C@@H](O[C@H]2[C@H](Oc3cc(O)c4c(c3)O[C@H](c3ccc(O)cc3)CC4=O)O[C@H](CO)[C@@H](O)[C@@H]2O)[C@H](O)[C@H](O)[C@H]1O,CC(C)O,24902.536454376885,0.9826197689392788
C[C@@H]1O[C@@H](O[C@H]2[C@H](Oc3cc(O)c4c(c3)O[C@H](c3ccc(O)cc3)CC4=O)O[C@H](CO)[C@@H](O)[C@@H]2O)[C@H](O)[C@H](O)[C@H]1O,CCCCCC,28029.869367875584,0.9808274184100616
C[C@@H]1O[C@@H](O[C@H]2[C@H](Oc3cc(O)c4c(c3)O[C@H](c3ccc(O)cc3)CC4=O)O[C@H](CO)[C@@H](O)[C@@H]2O)[C@H](O)[C@H](O)[C@H]1O,CCCCO,43458.32784928084,0.9882919142425818
C[C@@H]1O[C@@H](O[C@H]2[C@H](Oc3cc(O)c4c(c3)O[C@H](c3ccc(O)cc3)CC4=O)O[C@H](CO)[C@@H](O)[C@@H]2O)[C@H](O)[C@H](O)[C@H]1O,CCO,31645.07418883443,0.992889714014381
C[C@@H]1O[C@@H](O[C@H]2[C@H](Oc3cc(O)c4c(c3)O[C@H](c3ccc(O)cc3)CC4=O)O[C@H](CO)[C@@H](O)[C@@H]2O)[C@H](O)[C@H](O)[C@H]1O,CCOC(C)=O,22385.435959007144,0.9784854865030008
C[C@@H]1O[C@@H](O[C@H]2[C@H](Oc3cc(O)c4c(c3)O[C@H](c3ccc(O)cc3)CC4=O)O[C@H](CO)[C@@H](O)[C@@H]2O)[C@H](O)[C@H](O)[C@H]1O,CO,17794.179332950134,0.993164859719279
C[C@@H]1O[C@@H](O[C@H]2[C@H](Oc3cc(O)c4c(c3)O[C@H](c3ccc(O)cc3)CC4=O)O[C@H](CO)[C@@H](O)[C@@H]2O)[C@H](O)[C@H](O)[C@H]1O,O,86764.9303345294,0.9686611688593016
C[C@@H]1O[C@@H]1P(=O)([O-])[O-].[Na+].[Na+],C1CCCCC1,-22443.618102958324,0.9976655082287892
C[C@@H]1O[C@@H]1P(=O)([O-])[O-].[Na+].[Na+],CC(C)=O,-25146.74331002173,0.998718558261701
C[C@@H]1O[C@@H]1P(=O)([O-])[O-].[Na+].[Na+],CCCO,-53743.52542648789,0.9917910642720912
C[C@@H]1O[C@@H]1P(=O)([O-])[O-].[Na+].[Na+],CCO,-27749.4085148293,0.9972525458759168
C[C@@]12C[C@H]3OC(=O)[C@@H]1CO[C@]14O[C@@]5([C@H]2C1=O)[C@@]3(C)OC(=O)[C@@]5(O)CC[C@H]1[C@H]4C[C@@H](O)[C@@]2(O)CC=CC(=O)[C@]12C,CCO,25040.83343959953,0.9627020269791554
C[C@H](CS)C(=O)N1CCC[C@H]1C(=O)O,CC(C)=O,30424.563105459427,0.9963280196254268
C[C@H](CS)C(=O)N1CCC[C@H]1C(=O)O,CC(C)O,35735.30942741787,0.9996318034133174
C[C@H](CS)C(=O)N1CCC[C@H]1C(=O)O,CCCCOC(C)=O,29697.716091987248,0.998299476386302
C[C@H](CS)C(=O)N1CCC[C@H]1C(=O)O,CCOC(C)=O,31845.807156038816,0.9987494476374902
C[C@H](CS)C(=O)N1CCC[C@H]1C(=O)O,COC(C)=O,29435.28747898577,0.9972522182659715
C[C@H](N)C(=O)O,CC#N,17426.80149222799,0.9374960382369034
C[C@H](N)C(=O)O,CC(C)O,18082.96601551097,0.9105324901364856
C[C@H](N)C(=O)O,CCCCCO,14098.667918942574,0.9948516240071602
C[C@H](N)C(=O)O,CCCO,22102.529675586724,0.9584714878355794
C[C@H](N)C(=O)O,CO,7086.089527875437,0.9580848442907414
C[C@H](N)C(=O)O,O,7879.888275373638,0.998484861417165
C[C@H](O)[C@@H](O)[C@@H](O)[C@H](O)C=O,CC(C)=O,17355.69973717788,0.9742384802571056
C[C@H](O)[C@@H](O)[C@@H](O)[C@H](O)C=O,CC(C)O,48884.09816488352,0.9808246835341232
C[C@H](O)[C@@H](O)[C@@H](O)[C@H](O)C=O,CCO,28673.38109668556,0.9768822608787237
C[C@H]1COc2c(N3CCN(C)CC3)c(F)c(N)c3c(=O)c(C(=O)O)cn1c23.Cl,CC#N,18073.63328034169,0.9988035432266464
C[C@H]1COc2c(N3CCN(C)CC3)c(F)c(N)c3c(=O)c(C(=O)O)cn1c23.Cl,CCO,17325.858713647678,0.9997766354558688
C[C@H]1COc2c(N3CCN(C)CC3)c(F)cc3c(=O)c(C(=O)O)cn1c23,CC(=O)O,5319.628579321265,0.99684961123977
C[C@H]1COc2c(N3CCN(C)CC3)c(F)cc3c(=O)c(C(=O)O)cn1c23,CC(C)O,35189.28170954144,0.993635949579908
C[C@H]1COc2c(N3CCN(C)CC3)c(F)cc3c(=O)c(C(=O)O)cn1c23,CCCCO,37161.02847274536,0.9921780801307604
C[C@H]1COc2c(N3CCN(C)CC3)c(F)cc3c(=O)c(C(=O)O)cn1c23,CCCO,33190.50461532798,0.987059930334574
C[C@H]1COc2c(N3CCN(C)CC3)c(F)cc3c(=O)c(C(=O)O)cn1c23,CCOC(C)=O,19982.746192165585,0.9493711743459978
C[C@H]1O[C@@H](n2cc(F)c(=O)[nH]c2=O)[C@H](O)[C@@H]1O,CO,22155.815007830355,0.9983138387794094
C[C@H]1[C@H](C)CC[C@]2(C(=O)O)CC[C@]3(C)C(=CC[C@@H]4[C@@]5(C)CC[C@H](O)C(C)(C)[C@@H]5CC[C@]43C)[C@H]12,CC(=O)CC(C)C,11380.851721872625,0.9413359672362416
C[C@H]1[C@H](C)CC[C@]2(C(=O)O)CC[C@]3(C)C(=CC[C@@H]4[C@@]5(C)CC[C@H](O)C(C)(C)[C@@H]5CC[C@]43C)[C@H]12,CC(C)=O,25255.84880703749,0.9996138160703774
C[C@H]1[C@H](C)CC[C@]2(C(=O)O)CC[C@]3(C)C(=CC[C@@H]4[C@@]5(C)CC[C@H](O)C(C)(C)[C@@H]5CC[C@]43C)[C@H]12,CC(C)O,15024.083698904737,0.9764747088549296
C[C@H]1[C@H](C)CC[C@]2(C(=O)O)CC[C@]3(C)C(=CC[C@@H]4[C@@]5(C)CC[C@H](O)C(C)(C)[C@@H]5CC[C@]43C)[C@H]12,CCCCO,22541.146723075864,0.975386280689518
C[C@H]1[C@H](C)CC[C@]2(C(=O)O)CC[C@]3(C)C(=CC[C@@H]4[C@@]5(C)CC[C@H](O)C(C)(C)[C@@H]5CC[C@]43C)[C@H]12,CCO,15734.315083391772,0.905936148294438
C[C@H]1[C@H](C)CC[C@]2(C(=O)O)CC[C@]3(C)C(=CC[C@@H]4[C@@]5(C)CC[C@H](O)C(C)(C)[C@@H]5CC[C@]43C)[C@H]12,CO,17241.644606605027,0.9903938730352184
C[C@H]1[C@H](C)CC[C@]2(C(=O)O)CC[C@]3(C)C(=CC[C@@H]4[C@@]5(C)CC[C@H](O)C(C)(C)[C@@H]5CC[C@]43C)[C@H]12,O,18353.142505950145,0.9996137141763158
C[C@H]1[C@H](C)CC[C@]2(C(=O)O[C@@H]3O[C@H](CO[C@@H]4O[C@H](CO)[C@@H](O[C@@H]5O[C@@H](C)[C@H](O)[C@@H](O)[C@H]5O)[C@H](O)[C@H]4O)[C@@H](O)[C@H](O)[C@H]3O)CC[C@]3(C)C(=CC[C@@H]4[C@@]5(C)C[C@@H](O)[C@H](O)[C@@](C)(CO)[C@@H]5CC[C@]43C)[C@H]12,CCCO,32050.6354596988,0.9770495712058734
C[C@H]1[C@H](C)CC[C@]2(C(=O)O[C@@H]3O[C@H](CO[C@@H]4O[C@H](CO)[C@@H](O[C@@H]5O[C@@H](C)[C@H](O)[C@@H](O)[C@H]5O)[C@H](O)[C@H]4O)[C@@H](O)[C@H](O)[C@H]3O)CC[C@]3(C)C(=CC[C@@H]4[C@@]5(C)C[C@@H](O)[C@H](O)[C@@](C)(CO)[C@@H]5CC[C@]43C)[C@H]12,CCO,9334.272369702843,0.9003384164353547
C[C@H]1[C@H](C)CC[C@]2(C(=O)O[C@@H]3O[C@H](CO[C@@H]4O[C@H](CO)[C@@H](O[C@@H]5O[C@@H](C)[C@H](O)[C@@H](O)[C@H]5O)[C@H](O)[C@H]4O)[C@@H](O)[C@H](O)[C@H]3O)CC[C@]3(C)C(=CC[C@@H]4[C@@]5(C)C[C@@H](O)[C@H](O)[C@@](C)(CO)[C@@H]5CC[C@]43C)[C@H]12,CO,14978.510369449055,0.9305940075379432
C[C@H]1[C@H](C)CC[C@]2(C(=O)O[C@@H]3O[C@H](CO[C@@H]4O[C@H](CO)[C@@H](O[C@@H]5O[C@@H](C)[C@H](O)[C@@H](O)[C@H]5O)[C@H](O)[C@H]4O)[C@@H](O)[C@H](O)[C@H]3O)CC[C@]3(C)C(=CC[C@@H]4[C@@]5(C)C[C@@H](O)[C@H](O)[C@@](C)(CO)[C@@H]5CC[C@]43C)[C@H]12,O,39739.21930802822,0.970166881698665
C[C@H]1[C@H](OC(=O)CCC(=O)O)O[C@@H]2O[C@@]3(C)CC[C@H]4[C@H](C)CC[C@@H]1[C@@]24OO3,CC(=O)OC(C)C,15534.414605971604,0.9961438431022844
C[C@H]1[C@H](OC(=O)CCC(=O)O)O[C@@H]2O[C@@]3(C)CC[C@H]4[C@H](C)CC[C@@H]1[C@@]24OO3,CC(C)CCO,36854.39829879707,0.9982974986748738
C[C@H]1[C@H](OC(=O)CCC(=O)O)O[C@@H]2O[C@@]3(C)CC[C@H]4[C@H](C)CC[C@@H]1[C@@]24OO3,CC(C)CO,38555.30417878636,0.9992890716426776
C[C@H]1[C@H](OC(=O)CCC(=O)O)O[C@@H]2O[C@@]3(C)CC[C@H]4[C@H](C)CC[C@@H]1[C@@]24OO3,CC(O)CO,23176.65653785792,0.9990949489798456
C[C@H]1[C@H](OC(=O)CCC(=O)O)O[C@@H]2O[C@@]3(C)CC[C@H]4[C@H](C)CC[C@@H]1[C@@]24OO3,CCCCCO,32657.01911410386,0.9992207186469748
C[C@H]1[C@H](OC(=O)CCC(=O)O)O[C@@H]2O[C@@]3(C)CC[C@H]4[C@H](C)CC[C@@H]1[C@@]24OO3,CCCCOC(C)=O,17136.34577495369,0.9971352640102084
C[C@H]1[C@H](OC(=O)CCC(=O)O)O[C@@H]2O[C@@]3(C)CC[C@H]4[C@H](C)CC[C@@H]1[C@@]24OO3,CCCO,36024.41197907586,0.9968308470753424
C[C@H]1[C@H](OC(=O)CCC(=O)O)O[C@@H]2O[C@@]3(C)CC[C@H]4[C@H](C)CC[C@@H]1[C@@]24OO3,CCCOC(C)=O,15868.720669666274,0.9960669893346492
C[C@H]1[C@H](OC(=O)CCC(=O)O)O[C@@H]2O[C@@]3(C)CC[C@H]4[C@H](C)CC[C@@H]1[C@@]24OO3,CCOC(C)=O,15941.902721402166,0.998900118716936
C[C@H]1[C@H](OC(=O)CCC(=O)O)O[C@@H]2O[C@@]3(C)CC[C@H]4[C@H](C)CC[C@@H]1[C@@]24OO3,CO,13818.95256288998,0.9989033573477792
C[C@H]1[C@H](OC(=O)CCC(=O)O)O[C@@H]2O[C@@]3(C)CC[C@H]4[C@H](C)CC[C@@H]1[C@@]24OO3,O,36178.64306013151,0.99981036354946
C[C@]12C=CC(=O)C=C1CC[C@@H]1[C@@H]2[C@@H](O)C[C@@]2(C)[C@H]1CC[C@]2(O)C(=O)CO,CCCCCCCCCCCC,21313.341232546925,0.9957953925207212
C[C@]12C=CC(=O)C=C1CC[C@@H]1[C@@H]2[C@@H](O)C[C@@]2(C)[C@H]1CC[C@]2(O)C(=O)CO,CCCCCCCCCO,32263.82087565188,0.9983824767099048
C[C@]12C=CC(=O)C=C1CC[C@@H]1[C@@H]2[C@@H](O)C[C@@]2(C)[C@H]1CC[C@]2(O)C(=O)CO,CCCCCCCCO,38592.32433188278,0.999036964808696
C[C@]12C=CC(=O)C=C1CC[C@@H]1[C@@H]2[C@@H](O)C[C@@]2(C)[C@H]1CC[C@]2(O)C(=O)CO,CCCCCO,35480.88161255318,0.9988489017633422
C[C@]12C=CC(=O)C=C1CC[C@@H]1[C@@H]2[C@@H](O)C[C@@]2(C)[C@H]1CC[C@]2(O)C(=O)CO,CN(C)C=O,11310.50252125002,0.9869250976866328
C[C@]12C=CC(=O)C=C1CC[C@@H]1[C@@H]2[C@@H](O)C[C@@]2(C)[C@H]1CC[C@]2(O)C(=O)CO,CN1CCCC1=O,19883.69303555821,0.9991833870646936
C[C@]12C=CC(=O)C=C1CC[C@@H]1[C@@H]2[C@@H](O)C[C@@]2(C)[C@H]1CC[C@]2(O)C(=O)CO,O,19690.028219489934,0.965905531174028
C[C@]12CCC(=O)C=C1CC[C@@H]1[C@@H]2[C@@H](O)C[C@@]2(C)[C@H]1CC[C@]2(O)C(=O)CO,CC#N,13622.285622873336,0.9870689084010076
C[C@]12CCC(=O)C=C1CC[C@@H]1[C@@H]2[C@@H](O)C[C@@]2(C)[C@H]1CC[C@]2(O)C(=O)CO,CCC(C)O,28745.475116601723,0.9967369959234608
C[C@]12CCC(=O)C=C1CC[C@@H]1[C@@H]2[C@@H](O)C[C@@]2(C)[C@H]1CC[C@]2(O)C(=O)CO,CCCCCCCCCCCC,21072.9210362708,0.9665554584778352
C[C@]12CCC(=O)C=C1CC[C@@H]1[C@@H]2[C@@H](O)C[C@@]2(C)[C@H]1CC[C@]2(O)C(=O)CO,CCCCCCCCCO,29864.803033586395,0.9993685749618636
C[C@]12CCC(=O)C=C1CC[C@@H]1[C@@H]2[C@@H](O)C[C@@]2(C)[C@H]1CC[C@]2(O)C(=O)CO,CCCCCCCCO,38289.95138060819,0.999431722848437
C[C@]12CCC(=O)C=C1CC[C@@H]1[C@@H]2[C@@H](O)C[C@@]2(C)[C@H]1CC[C@]2(O)C(=O)CO,CN(C)C=O,12033.9904480614,0.9916904518240468
C[C@]12CCC(=O)C=C1CC[C@@H]1[C@@H]2[C@@H](O)C[C@@]2(C)[C@H]1CC[C@]2(O)C(=O)CO,CN1CCCC1=O,20578.72124012716,0.9993179375303722
C[C@]12CCC(=O)C=C1CC[C@@H]1[C@@H]2[C@@H](O)C[C@@]2(C)[C@H]1CC[C@]2(O)C(=O)CO,O,21843.30469102367,0.9633580147523008
C[C@]12CCC3=C4CCC(=O)C=C4CC[C@H]3[C@@H]1CC[C@@]2(O)CC#N,C1CCOC1,9759.43926022522,0.99567599470476
C[C@]12CCC3=C4CCC(=O)C=C4CC[C@H]3[C@@H]1CC[C@@]2(O)CC#N,CC#N,20411.74060331784,0.9996140892666404
C[C@]12CCC3=C4CCC(=O)C=C4CC[C@H]3[C@@H]1CC[C@@]2(O)CC#N,CC(C)=O,9649.05533971409,0.9970804819270456
C[C@]12CCC3=C4CCC(=O)C=C4CC[C@H]3[C@@H]1CC[C@@]2(O)CC#N,CC(C)O,25587.09520418903,0.9996524361790154
C[C@]12CCC3=C4CCC(=O)C=C4CC[C@H]3[C@@H]1CC[C@@]2(O)CC#N,CCCO,21205.785020337087,0.9994596133283756
C[C@]12CCC3=C4CCC(=O)C=C4CC[C@H]3[C@@H]1CC[C@@]2(O)CC#N,CCO,29415.092089238875,0.999529337692188
C[C@]12CCC3=C4CCC(=O)C=C4CC[C@H]3[C@@H]1CC[C@@]2(O)CC#N,CCOC(C)=O,15797.009816610962,0.9996608839071937
C[C@]12CCC3=C4CCC(=O)C=C4CC[C@H]3[C@@H]1CC[C@@]2(O)CC#N,CO,16958.561313517785,0.9990579703613012
C[C@]12CCC3=C4CCC(=O)C=C4CC[C@H]3[C@@H]1CC[C@@]2(O)CC#N,COC(C)(C)C,10510.14196571635,0.9976788286742369
C[C@]12CCC3=C4CCC(=O)C=C4CC[C@H]3[C@@H]1CC[C@@]2(O)CC#N,O,11307.28205699879,0.9970562021842492
C[C@]12CC[C@@H]3c4ccc(O)cc4CC[C@H]3[C@@H]1CCC2=O,CC#N,84963.50920737155,0.9971929121000006
C[C@]12CC[C@@H]3c4ccc(O)cc4CC[C@H]3[C@@H]1CCC2=O,CCC(C)O,28000.47008539512,0.9962710085656872
C[C@]12CC[C@@H]3c4ccc(O)cc4CC[C@H]3[C@@H]1CCC2=O,CCCCCCCC,33991.253391216465,0.9806386585199212
C[C@]12CC[C@@H]3c4ccc(O)cc4CC[C@H]3[C@@H]1CCC2=O,CCCCCCCCCO,23013.12402842505,0.9936899039960752
C[C@]12CC[C@@H]3c4ccc(O)cc4CC[C@H]3[C@@H]1CCC2=O,CCCCCO,28552.78387422561,0.989149890088545
C[C@]12CC[C@@H]3c4ccc(O)cc4CC[C@H]3[C@@H]1CCC2=O,O,106772.04657289332,0.991394265990839
C[C@]12CC[C@@H]3c4ccc(O)cc4CC[C@H]3[C@@H]1CC[C@@H]2O,C1CCOC1,3159.908415975363,0.9969224923134212
C[C@]12CC[C@@H]3c4ccc(O)cc4CC[C@H]3[C@@H]1CC[C@@H]2O,CC#N,9171.668783929992,0.9857887705137096
C[C@]12CC[C@@H]3c4ccc(O)cc4CC[C@H]3[C@@H]1CC[C@@H]2O,CC(C)O,1614.9931599214906,0.996796466461752
C[C@]12CC[C@@H]3c4ccc(O)cc4CC[C@H]3[C@@H]1CC[C@@H]2O,CCCCO,2770.8422546656693,0.995941133230441
C[C@]12CC[C@@H]3c4ccc(O)cc4CC[C@H]3[C@@H]1CC[C@@H]2O,CN(C)C=O,2744.4486065773085,0.987633624038299
C[C@]12CC[C@@H]3c4ccc(O)cc4CC[C@H]3[C@@H]1CC[C@@H]2O,CO,1374.4659386402402,0.9959582165468844
C[C@]12CC[C@@H]3c4ccc(O)cc4CC[C@H]3[C@@H]1CC[C@@H]2O,ClC(Cl)Cl,8357.139236016023,0.9977861818057816
C[C@]12CC[C@@H]3c4ccc(O)cc4CC[C@H]3[C@@H]1CC[C@@H]2O,O,18637.54175978341,0.9907899060407678
C[C@]12CC[C@@H]3c4ccc(O)cc4CC[C@H]3[C@@H]1C[C@@H](O)[C@@H]2O,CCCCCCCCCCCC,32588.411672986167,0.9390317778691772
C[C@]12CC[C@@H]3c4ccc(O)cc4CC[C@H]3[C@@H]1C[C@@H](O)[C@@H]2O,CCCCCCCCCO,21340.52666278208,0.9955280585357892
C[C@]12CC[C@@H]3c4ccc(O)cc4CC[C@H]3[C@@H]1C[C@@H](O)[C@@H]2O,CCCCCCCCO,24077.378988152,0.987073677629594
C[C@]12CC[C@@H]3c4ccc(O)cc4CC[C@H]3[C@@H]1C[C@@H](O)[C@@H]2O,CN1CCCC1=O,64486.522596363975,0.995150729232286
C[C@]12CC[C@@H]3c4ccc(O)cc4CC[C@H]3[C@@H]1C[C@@H](O)[C@@H]2O,O,45392.79343851082,0.9694867274611876
C[N+](C)(C)CC(=O)[O-],CC(C)CCO,28123.71470226753,0.9999430612239716
C[N+](C)(C)CC(=O)[O-],CC(C)O,20191.182110818776,0.9989663235888416
C[N+](C)(C)CC(=O)[O-],CCCCO,19797.29175070389,0.9990113488190258
C[N+](C)(C)CC(=O)[O-],CCCO,17602.727544861107,0.9998000353429224
C[N+](C)(C)CC(=O)[O-],CCO,15345.030423400674,0.9999465158283032
C[N+](C)(C)CC(=O)[O-],CO,5096.4077614799935,0.9988794908130464
C[N+](C)(C)CC(=O)[O-],CS(C)=O,23438.734383276875,0.9999099338297764
C[N+](C)(C)CC(=O)[O-],O,4620.492322232327,0.9979967068179294
C[N+](C)(C)CC(=O)[O-],OCCO,12454.844347354923,0.997154211442718
C[N+](C)(C)CCO.[Cl-],CCCCO,36285.66003205758,0.975510944441996
C[N+](C)(C)CCO.[Cl-],CCCO,37469.53571749717,0.9787676131545228
C[N+](C)(C)CCO.[Cl-],CCO,29760.857969437555,0.9468061505461964
C[N+](C)(C)CCOC(=O)CCC(=O)O.[Cl-],CCCCO,39897.27367241493,0.9695402073250946
C[N+](C)(C)CCOC(=O)CCC(=O)O.[Cl-],CCCO,41513.18531304452,0.981602119729361
C[N+](C)(C)CCOC(=O)CCCC(=O)O.[Cl-],CCCCO,32744.24730206369,0.9949404008926338
C[N+](C)(C)CCOC(=O)CCCC(=O)O.[Cl-],CCCO,50545.50405423491,0.9802041402245064
C[N+](C)(C)CCOC(=O)CCCC(=O)O.[Cl-],CCO,50302.65823198058,0.9547460389668914
C[N+](C)(C)CCOP(=O)([O-])OP(=O)([O-])OC[C@H]1O[C@@H](n2ccc(N)nc2=O)[C@H](O)[C@@H]1O.[Na+],O,7963.057591081328,0.9865556404797944
C[N+](C)(C)C[C@H](O)CC(=O)[O-],CC(C)=O,15636.688828421802,0.9981902838261796
C[N+](C)(C)C[C@H](O)CC(=O)[O-],CC(C)O,31535.49890577882,0.9976181317561912
C[N+](C)(C)C[C@H](O)CC(=O)[O-],CCO,9572.201887954505,0.984504712971004
C[N+](C)(C)C[C@H](O)CC(=O)[O-],CO,10451.865929703174,0.9852783418314548
C[n+]1ccn(CCOCCn2cc[n+](C)c2)c1.F[P-](F)(F)(F)(F)F.F[P-](F)(F)(F)(F)F,CC(C)=O,1529.6573486282605,0.9978287164940168
C[n+]1ccn(CCOCCn2cc[n+](C)c2)c1.F[P-](F)(F)(F)(F)F.F[P-](F)(F)(F)(F)F,CO,34439.00775369601,0.9963862240581371
C[n+]1ccn(CCOCCn2cc[n+](C)c2)c1.F[P-](F)(F)(F)(F)F.F[P-](F)(F)(F)(F)F,O,38106.71807009913,0.99950154017785
C[n+]1ccn(CCOCOCCn2cc[n+](C)c2)c1.F[P-](F)(F)(F)(F)F.F[P-](F)(F)(F)(F)F,CCO,26482.55319951949,0.9932650667882068
C[n+]1ccn(CCOCOCCn2cc[n+](C)c2)c1.F[P-](F)(F)(F)(F)F.F[P-](F)(F)(F)(F)F,CO,32279.922657376163,0.97712267981066
C[n+]1ccn(CCOCOCCn2cc[n+](C)c2)c1.F[P-](F)(F)(F)(F)F.F[P-](F)(F)(F)(F)F,CS(C)=O,15047.29935347753,0.991452248504358
C[n+]1ccn(CCOCOCCn2cc[n+](C)c2)c1.F[P-](F)(F)(F)(F)F.F[P-](F)(F)(F)(F)F,O,37271.25048428772,0.9999593164846736
Cc1[nH]c(=O)c(C#N)cc1-c1ccncc1,CC(C)O,20807.32382202641,0.9992164940623208
Cc1[nH]c(=O)c(C#N)cc1-c1ccncc1,CCO,20990.656282494943,0.9977076066217532
Cc1[nH]c(=O)c(C#N)cc1-c1ccncc1,CN(C)C=O,20686.51080668544,0.9989876260950457
Cc1[nH]c(=O)c(C#N)cc1-c1ccncc1,O,21414.68044996533,0.9987719210630532
Cc1[nH]nc2cc([N+](=O)[O-])ccc12,C1CCOC1,11510.09034778498,0.9962766949070252
Cc1[nH]nc2cc([N+](=O)[O-])ccc12,CC(C)=O,17445.754394465792,0.9991391749419836
Cc1[nH]nc2cc([N+](=O)[O-])ccc12,CCCO,19687.430106582724,0.9957867524042856
Cc1[nH]nc2cc([N+](=O)[O-])ccc12,CCO,24088.167069475225,0.9953304393517366
Cc1[nH]nc2cc([N+](=O)[O-])ccc12,CN(C)C=O,17658.361198752136,0.9931799731543658
Cc1c(-c2ccccc2)oc2c(C(=O)O)cccc2c1=O,CC(C)=O,18403.839376305805,0.999004566783035
Cc1c(-c2ccccc2)oc2c(C(=O)O)cccc2c1=O,CC(C)CO,28591.42770373441,0.999096393674685
Cc1c(-c2ccccc2)oc2c(C(=O)O)cccc2c1=O,CCCCOC(C)=O,16323.814124418725,0.9994363559594562
Cc1c(-c2ccccc2)oc2c(C(=O)O)cccc2c1=O,CCO,25096.32121048726,0.9983120169565928
Cc1c(-c2ccccc2)oc2c(C(=O)O)cccc2c1=O,CN(C)C=O,32120.633425351018,0.9992464430966695
Cc1c(-c2ccccc2)oc2c(C(=O)O)cccc2c1=O,CO,40896.84615617729,0.9972693123547072
Cc1c(-c2ccccc2)oc2c(C(=O)O)cccc2c1=O,COC(C)=O,32983.176435298745,0.9986751191781308
Cc1c(-c2ccccc2)oc2c(C(=O)OCCN3CCCCC3)cccc2c1=O.Cl,CCCCO,43885.09242142701,0.9977047885129916
Cc1c(-c2ccccc2)oc2c(C(=O)OCCN3CCCCC3)cccc2c1=O.Cl,CCCOCCO,24598.58164040975,0.9916651415824538
Cc1c(-c2ccccc2)oc2c(C(=O)OCCN3CCCCC3)cccc2c1=O.Cl,CCO,31056.02114778391,0.986862844325443
Cc1c(-c2ccccc2)oc2c(C(=O)OCCN3CCCCC3)cccc2c1=O.Cl,CCOCCO,26192.45075584565,0.9932130851080226
Cc1c(-c2ccccc2)oc2c(C(=O)OCCN3CCCCC3)cccc2c1=O.Cl,CO,28507.55497812493,0.9968967589548168
Cc1c(-c2ccccc2)oc2c(C(=O)OCCN3CCCCC3)cccc2c1=O.Cl,COCCO,22821.348671539483,0.9929104017508336
Cc1c(-c2ccccc2)oc2c(C(=O)OCCN3CCCCC3)cccc2c1=O.Cl,OCCO,27958.250217101297,0.9981699028982296
Cc1c(Br)cccc1C(=O)O,C1CCCCC1,32013.18435387607,0.9865914872436936
Cc1c(Br)cccc1C(=O)O,C1CCOC1,9815.440145071983,0.99668420857109
Cc1c(Br)cccc1C(=O)O,CC#N,26118.9379542754,0.996270448624848
Cc1c(Br)cccc1C(=O)O,CCO,18832.68357136352,0.9913370309988496
Cc1c(Br)cccc1C(=O)O,CCOC(C)=O,19833.845473803394,0.997593643977446
Cc1c(Br)cccc1C(=O)O,O,32706.94460334369,0.9978103284047564
Cc1c(C(=O)/C=C/c2ccccc2)[n+](=O)c2ccccc2n1[O-],CC(C)O,35531.228492483235,0.9997094627740708
Cc1c(C(=O)/C=C/c2ccccc2)[n+](=O)c2ccccc2n1[O-],CCO,30749.76364987652,0.999868337878063
Cc1c(C(=O)/C=C/c2ccccc2)[n+](=O)c2ccccc2n1[O-],CN(C)C=O,20236.178022808017,0.9996789923321852
Cc1c(C(=O)/C=C/c2ccccc2)[n+](=O)c2ccccc2n1[O-],CS(C)=O,18836.49919273398,0.998812348969396
Cc1c(C(=O)/C=C/c2ccccc2)[n+](=O)c2ccccc2n1[O-],O,21964.100573722764,0.9999395674989836
Cc1c(C(=O)O)cc([N+](=O)[O-])cc1[N+](=O)[O-],C1CCCCC1,42652.57893407751,0.9991733254603312
Cc1c(C(=O)O)cc([N+](=O)[O-])cc1[N+](=O)[O-],CC#N,27681.29424369676,0.9986426384470082
Cc1c(C(=O)O)cc([N+](=O)[O-])cc1[N+](=O)[O-],CC(C)O,25730.96459641377,0.9987751176669828
Cc1c(C(=O)O)cc([N+](=O)[O-])cc1[N+](=O)[O-],CCC(C)O,24923.707291063874,0.9995911519886088
Cc1c(C(=O)O)cc([N+](=O)[O-])cc1[N+](=O)[O-],CCCCCCCO,25684.375419987315,0.9981195813161678
Cc1c(C(=O)O)cc([N+](=O)[O-])cc1[N+](=O)[O-],CCCCCCO,24649.606409914908,0.9951740697264656
Cc1c(C(=O)O)cc([N+](=O)[O-])cc1[N+](=O)[O-],CCCCCO,24588.444669081106,0.9986308623026364
Cc1c(C(=O)O)cc([N+](=O)[O-])cc1[N+](=O)[O-],CCCCO,25295.1383198972,0.9985003898288553
Cc1c(C(=O)O)cc([N+](=O)[O-])cc1[N+](=O)[O-],CCO,19816.597191867582,0.9996945412510372
Cc1c(C(=O)O)cc([N+](=O)[O-])cc1[N+](=O)[O-],CCOC(C)=O,21215.316289421306,0.9990384402348153
Cc1c(C(=O)O)cc([N+](=O)[O-])cc1[N+](=O)[O-],Cc1ccccc1,22701.44937634171,0.9998511098846332
Cc1c(C(=O)O)cc([N+](=O)[O-])cc1[N+](=O)[O-],O,45076.91332596713,0.9983683682083035
Cc1c(C(=O)O)cccc1[N+](=O)[O-],CC(=O)OC(C)C,21200.50718175153,0.9991273047754868
Cc1c(C(=O)O)cccc1[N+](=O)[O-],CC(C)=O,5775.6791741892985,0.9992133730138556
Cc1c(C(=O)O)cccc1[N+](=O)[O-],CC(C)CO,25856.79139123657,0.9997766262138476
Cc1c(C(=O)O)cccc1[N+](=O)[O-],CC(C)O,28912.6503878426,0.9767359172421172
Cc1c(C(=O)O)cccc1[N+](=O)[O-],CCCCO,25749.296561621613,0.9994779955414912
Cc1c(C(=O)O)cccc1[N+](=O)[O-],CCCCOC(C)=O,20297.49263156296,0.999480872394213
Cc1c(C(=O)O)cccc1[N+](=O)[O-],CCCOC(C)=O,19279.87351939141,0.9996302087755564
Cc1c(C(=O)O)cccc1[N+](=O)[O-],CCOC(C)=O,14695.060468439246,0.9460794324769694
Cc1c(C(=O)O)cccc1[N+](=O)[O-],CN(C)C=O,22734.196314816065,0.9967156719085666
Cc1c(C(=O)O)cccc1[N+](=O)[O-],CO,29545.37631670927,0.95528667225913
Cc1c(C(=O)O)cccc1[N+](=O)[O-],COC(C)=O,16605.429668542103,0.9992739612169226
Cc1c(C(N)=O)cc([N+](=O)[O-])cc1[N+](=O)[O-],C1CCCCC1,33755.01991812865,0.9996284354991782
Cc1c(C(N)=O)cc([N+](=O)[O-])cc1[N+](=O)[O-],C1COCCO1,12875.418673253913,0.9882817560942432
Cc1c(C(N)=O)cc([N+](=O)[O-])cc1[N+](=O)[O-],CC#N,16015.542987100744,0.9822018124753504
Cc1c(C(N)=O)cc([N+](=O)[O-])cc1[N+](=O)[O-],CC(C)O,25713.33010896013,0.9997946077707296
Cc1c(C(N)=O)cc([N+](=O)[O-])cc1[N+](=O)[O-],CCCCO,27457.678584830534,0.9999053946256378
Cc1c(C(N)=O)cc([N+](=O)[O-])cc1[N+](=O)[O-],CCCO,23322.14922934217,0.9995827064164649
Cc1c(C(N)=O)cc([N+](=O)[O-])cc1[N+](=O)[O-],CCO,22009.02189064519,0.9996018174189066
Cc1c(C(N)=O)cc([N+](=O)[O-])cc1[N+](=O)[O-],CCOC(C)=O,18142.371760551767,0.996398659615042
Cc1c(C(N)=O)cc([N+](=O)[O-])cc1[N+](=O)[O-],CO,21523.718162817728,0.99965537511285
Cc1c(C(N)=O)cc([N+](=O)[O-])cc1[N+](=O)[O-],CS(C)=O,9890.074701572134,0.9997488075368764
Cc1c(C(N)=O)cc([N+](=O)[O-])cc1[N+](=O)[O-],O,31449.96924714229,0.9999052263194104
Cc1c(C(N)=O)cc([N+](=O)[O-])cc1[N+](=O)[O-],OCCO,21705.620240879136,0.998726393291378
Cc1c(Cl)cccc1Nc1ccccc1C(=O)O,C1CCCCC1,48089.586867394406,0.9998845932178564
Cc1c(Cl)cccc1Nc1ccccc1C(=O)O,C1COCCO1,16172.456235108482,0.9994761578876716
Cc1c(Cl)cccc1Nc1ccccc1C(=O)O,CCCCCCCO,31917.451115723845,0.9995759903133472
Cc1c(Cl)cccc1Nc1ccccc1C(=O)O,CCCCCCO,32297.764114619546,0.9980449423008936
Cc1c(Cl)cccc1Nc1ccccc1C(=O)O,CCCCCO,33683.36318009024,0.9988692536608677
Cc1c(Cl)cccc1Nc1ccccc1C(=O)O,CCCCCOC(C)=O,31908.915380393628,0.9992116430548064
Cc1c(Cl)cccc1Nc1ccccc1C(=O)O,CCOC=O,36998.52350587183,0.9989647585162696
Cc1c(Cl)cccc1Nc1ccccc1C(=O)O,CN(C)C=O,36378.06022226888,0.9993498162238869
Cc1c(Cl)cccc1Nc1ccccc1C(=O)O,CS(C)=O,31908.82141479373,0.9975203794158366
Cc1c(Cl)cccc1Nc1ccccc1C(=O)O,OCCO,43811.069700505584,0.9991421929732184
Cc1c(N(C)CS(=O)(=O)[O-])c(=O)n(-c2ccccc2)n1C.O.[Na+],CC(C)=O,36411.110195036286,0.9580309396224976
Cc1c(N(C)CS(=O)(=O)[O-])c(=O)n(-c2ccccc2)n1C.O.[Na+],CC(C)O,33013.546894977,0.9964964598994006
Cc1c(N(C)CS(=O)(=O)[O-])c(=O)n(-c2ccccc2)n1C.O.[Na+],CCC(C)O,46322.72110039914,0.9960452020346556
Cc1c(N(C)CS(=O)(=O)[O-])c(=O)n(-c2ccccc2)n1C.O.[Na+],CCCO,29382.634444767267,0.9989312743610436
Cc1c(N(C)CS(=O)(=O)[O-])c(=O)n(-c2ccccc2)n1C.O.[Na+],CCO,20951.49449848337,0.9997486694379
Cc1c(N(C)CS(=O)(=O)[O-])c(=O)n(-c2ccccc2)n1C.O.[Na+],CCOC(C)=O,34751.54677502617,0.9375272941138976
Cc1c(N(C)CS(=O)(=O)[O-])c(=O)n(-c2ccccc2)n1C.O.[Na+],O,10227.439707298445,0.9999454947728116
Cc1c(N)c(=O)n(-c2ccccc2)n1C,CC(C)=O,20426.110531785245,0.994750588189334
Cc1c(N)c(=O)n(-c2ccccc2)n1C,CC(C)O,36033.04371057848,0.9980336783194016
Cc1c(N)c(=O)n(-c2ccccc2)n1C,CCC(C)O,29920.476556260262,0.9978827558393172
Cc1c(N)c(=O)n(-c2ccccc2)n1C,CCCO,34753.31624419393,0.9976915810855106
Cc1c(N)c(=O)n(-c2ccccc2)n1C,CO,30403.066168348232,0.9890609411625896
Cc1c(N)c(=O)n(-c2ccccc2)n1C,O,35420.74122801279,0.9950553195513828
Cc1c(N)cccc1C(=O)O,CC#N,39896.83537736903,0.9950362462446588
Cc1c(N)cccc1C(=O)O,CC(C)CO,40278.70270630199,0.9973691895837318
Cc1c(N)cccc1C(=O)O,CCC(C)O,41232.06242019097,0.9971517969687724
Cc1c(N)cccc1C(=O)O,CCCCO,31594.552878166312,0.9966417951882012
Cc1c(N)cccc1C(=O)O,CCCO,32147.16611534164,0.995791230670285
Cc1c(N)cccc1C(=O)O,CCCOC(C)=O,34594.632404588,0.988840585547768
Cc1c(N)cccc1C(=O)O,CCO,27317.115250245944,0.9960960276437828
Cc1c(N)cccc1C(=O)O,CCOC(C)=O,34114.377383926185,0.9938519351782572
Cc1c(N)cccc1C(=O)O,CO,24237.97683975045,0.9955259256451304
Cc1c(N)cccc1C(=O)O,COC(C)=O,34214.97513165649,0.9874158418103948
Cc1c(N)cccc1C(=O)O,O,12237.737249424496,0.96227124911297
Cc1c(O)c(=O)ccn1C,CC#N,37193.30103626539,0.9967955091522052
Cc1c(O)c(=O)ccn1C,CCOC(C)=O,28133.000203517284,0.9995770151089256
Cc1c(O)c(=O)ccn1C,CO,32293.810377173468,0.9967073179497622
Cc1c(OCC(F)(F)F)ccnc1CS(=O)c1nc2ccccc2[nH]1,CC#N,31409.43039028301,0.9997046395698016
Cc1c(OCC(F)(F)F)ccnc1CS(=O)c1nc2ccccc2[nH]1,CC(=O)CC(C)C,24375.81625716069,0.9988283115628688
Cc1c(OCC(F)(F)F)ccnc1CS(=O)c1nc2ccccc2[nH]1,CC(=O)OCC(C)C,25014.88938685196,0.999271539710614
Cc1c(OCC(F)(F)F)ccnc1CS(=O)c1nc2ccccc2[nH]1,CC(C)CO,29301.43238218703,0.9988912075123988
Cc1c(OCC(F)(F)F)ccnc1CS(=O)c1nc2ccccc2[nH]1,CCC(C)=O,24903.633749118697,0.9986961622779756
Cc1c(OCC(F)(F)F)ccnc1CS(=O)c1nc2ccccc2[nH]1,CCO,29998.480305438763,0.9981725297875425
Cc1c(OCC(F)(F)F)ccnc1CS(=O)c1nc2ccccc2[nH]1,COC(C)=O,28724.1036442651,0.9907927805458536
Cc1c([N+](=O)[O-])c(C)c([N+](=O)[O-])c(C(C)(C)C)c1[N+](=O)[O-],C1CCCCC1,32339.919783793142,0.9987778303662336
Cc1c([N+](=O)[O-])c(C)c([N+](=O)[O-])c(C(C)(C)C)c1[N+](=O)[O-],C1CCOC1,17606.01066907271,0.9993732335130516
Cc1c([N+](=O)[O-])c(C)c([N+](=O)[O-])c(C(C)(C)C)c1[N+](=O)[O-],CC(=O)N(C)C,25067.80299480008,0.9992425890796648
Cc1c([N+](=O)[O-])c(C)c([N+](=O)[O-])c(C(C)(C)C)c1[N+](=O)[O-],CC(C)O,34735.783949290555,0.9990619780359286
Cc1c([N+](=O)[O-])c(C)c([N+](=O)[O-])c(C(C)(C)C)c1[N+](=O)[O-],CCCCCC,30707.47147383495,0.9995456423212594
Cc1c([N+](=O)[O-])c(C)c([N+](=O)[O-])c(C(C)(C)C)c1[N+](=O)[O-],CCCCO,27786.58054530554,0.9994825904095522
Cc1c([N+](=O)[O-])c(C)c([N+](=O)[O-])c(C(C)(C)C)c1[N+](=O)[O-],CCO,27758.247864413985,0.999918244853152
Cc1c([N+](=O)[O-])c(C)c([N+](=O)[O-])c(C(C)(C)C)c1[N+](=O)[O-],CCOC(C)=O,23928.21218517961,0.999374999017305
Cc1c([N+](=O)[O-])c(C)c([N+](=O)[O-])c(C(C)(C)C)c1[N+](=O)[O-],CO,31207.03178427176,0.9997934645222566
Cc1c[nH]c(=O)[nH]c1=O,C1COCCO1,29107.796671165062,0.9996762089985616
Cc1c[nH]c(=O)[nH]c1=O,CC#N,38656.312615756055,0.9998506260930254
Cc1c[nH]c(=O)[nH]c1=O,CCC(C)=O,36797.69740872844,0.9994785409412448
Cc1c[nH]c(=O)[nH]c1=O,CCCCO,37139.5635849988,0.998418952016778
Cc1c[nH]c(=O)[nH]c1=O,CCCO,32661.398735240684,0.9994480515270066
Cc1c[nH]c(=O)[nH]c1=O,CCO,30168.121272899785,0.9996657922963652
Cc1c[nH]c(=O)[nH]c1=O,CN(C)C=O,17173.321503440467,0.9970221998360324
Cc1c[nH]c(=O)[nH]c1=O,CO,28912.301520919216,0.9989932899216732
Cc1cc(=O)[nH]c(=S)[nH]1,CN(C)C=O,25085.662518293,0.9996340354104194
Cc1cc(=O)[nH]c(=S)[nH]1,CN1CCCC1=O,22879.531966325947,0.9992914182479032
Cc1cc(=O)[nH]c(=S)[nH]1,CS(C)=O,19032.80042404833,0.999897257962203
Cc1cc(=O)[nH]c(=S)[nH]1,O,33400.578106884175,0.9996554737388392
Cc1cc(=O)c(C(=O)N[C@@H](C(=O)N[C@@H]2C(=O)N3C(C(=O)O)=C(CSc4nnnn4C)CS[C@H]23)c2ccc(O)cc2)c[nH]1,CC(C)O,31619.933572434584,0.9991970448889164
Cc1cc(=O)c(C(=O)N[C@@H](C(=O)N[C@@H]2C(=O)N3C(C(=O)O)=C(CSc4nnnn4C)CS[C@H]23)c2ccc(O)cc2)c[nH]1,CCCCO,25613.374708691124,0.9984054504449948
Cc1cc(=O)c(C(=O)N[C@@H](C(=O)N[C@@H]2C(=O)N3C(C(=O)O)=C(CSc4nnnn4C)CS[C@H]23)c2ccc(O)cc2)c[nH]1,CCCO,18362.84322506552,0.9883741196058642
Cc1cc(=O)c(C(=O)N[C@@H](C(=O)N[C@@H]2C(=O)N3C(C(=O)O)=C(CSc4nnnn4C)CS[C@H]23)c2ccc(O)cc2)c[nH]1,CCO,22196.856922031107,0.9902666079088568
Cc1cc(=O)c(C(=O)N[C@@H](C(=O)N[C@@H]2C(=O)N3C(C(=O)O)=C(CSc4nnnn4C)CS[C@H]23)c2ccc(O)cc2)c[nH]1,O,26193.54249552904,0.997638282413868
Cc1cc(=O)n(-c2ccccc2)n1C,CC(C)CO,23070.652134904725,0.9950416562625374
Cc1cc(=O)n(-c2ccccc2)n1C,CCCCO,23104.124566221235,0.9950117692723964
Cc1cc(=O)n(-c2ccccc2)n1C,CCCO,24517.89341817001,0.9966475849913272
Cc1cc(=O)n(-c2ccccc2)n1C,CCO,24534.35225606535,0.9974953984008244
Cc1cc(=O)n(-c2ccccc2)n1C,CCOC(C)=O,46215.27616459654,0.9961496311362976
Cc1cc(=O)n(-c2ccccc2)n1C,CO,23665.5835123162,0.9992211077576528
Cc1cc(=O)n(-c2ccccc2)n1C,O,26711.1005360135,0.9953534209611692
Cc1cc(=O)oc2cc(N)ccc12,CC(C)O,16751.131853115567,0.9967889349329316
Cc1cc(=O)oc2cc(N)ccc12,O,32262.1468529972,0.9999726041678734
Cc1cc(C#N)c(Nc2ccccc2[N+](=O)[O-])s1,CC(=O)O,36322.14934641472,0.992888229958409
Cc1cc(C#N)c(Nc2ccccc2[N+](=O)[O-])s1,CC(C)=O,26115.596214564823,0.9906585031373945
Cc1cc(C#N)c(Nc2ccccc2[N+](=O)[O-])s1,CCOC(C)=O,29292.14492681894,0.9904862786935346
Cc1cc(C#N)c(Nc2ccccc2[N+](=O)[O-])s1,CS(C)=O,19949.8266118186,0.9959646710630116
Cc1cc(C(=O)O)ccc1[N+](=O)[O-],C1COCCO1,14336.312094484196,0.9985276970835172
Cc1cc(C(=O)O)ccc1[N+](=O)[O-],CC#N,19850.72368740486,0.9985322219134276
Cc1cc(C(=O)O)ccc1[N+](=O)[O-],CC(C)(C)O,32780.30021437252,0.9970965709602724
Cc1cc(C(=O)O)ccc1[N+](=O)[O-],CC(C)CO,35961.29316063521,0.9994596521355924
Cc1cc(C(=O)O)ccc1[N+](=O)[O-],CC(C)O,16244.022612395976,0.9975290222490198
Cc1cc(C(=O)O)ccc1[N+](=O)[O-],CCC(C)O,34437.76996297142,0.9996928040952616
Cc1cc(C(=O)O)ccc1[N+](=O)[O-],CCCCO,26798.0046699928,0.9806213509272586
Cc1cc(C(=O)O)ccc1[N+](=O)[O-],CCCO,16874.224952264176,0.9983444864633924
Cc1cc(C(=O)O)ccc1[N+](=O)[O-],CCO,14891.944613392689,0.998461288102343
Cc1cc(C(=O)O)ccc1[N+](=O)[O-],CCOC(C)=O,13045.516985969978,0.9972268944980944
Cc1cc(C(=O)O)ccc1[N+](=O)[O-],CN(C)C=O,20573.50870852356,0.9964390303309054
Cc1cc(C(=O)O)ccc1[N+](=O)[O-],CN1CCCC1=O,12283.297661507788,0.9921027560015258
Cc1cc(C(=O)O)ccc1[N+](=O)[O-],Cc1ccccc1,14068.150919890886,0.9953493024125804
Cc1cc(C)[nH]n1,CC#N,36029.019599534106,0.9984634987208226
Cc1cc(C)[nH]n1,CC(C)=O,33769.99960040266,0.9976616520155294
Cc1cc(C)[nH]n1,CC(C)O,16706.102060704925,0.9984692376772808
Cc1cc(C)[nH]n1,CCCO,16936.267555216822,0.998328904858371
Cc1cc(C)[nH]n1,CCO,16342.458398325976,0.9989084627133654
Cc1cc(C)[nH]n1,CO,15663.048160010816,0.999347409051143
Cc1cc(C)[nH]n1,Cc1ccccc1,42611.617340604455,0.9973245405509922
Cc1cc(C)c(C(=O)P(=O)(C(=O)c2c(C)cc(C)cc2C)c2ccccc2)c(C)c1,C1CCCCC1,45706.088637069945,0.9968886264895528
Cc1cc(C)c(C(=O)P(=O)(C(=O)c2c(C)cc(C)cc2C)c2ccccc2)c(C)c1,CC#N,57079.38126918926,0.9965144464620698
Cc1cc(C)c(C(=O)P(=O)(C(=O)c2c(C)cc(C)cc2C)c2ccccc2)c(C)c1,CC(C)O,59716.41654237803,0.9973581077873908
Cc1cc(C)c(C(=O)P(=O)(C(=O)c2c(C)cc(C)cc2C)c2ccccc2)c(C)c1,CCO,54166.9265673563,0.9962174012356814
Cc1cc(C)c(C(=O)P(=O)(C(=O)c2c(C)cc(C)cc2C)c2ccccc2)c(C)c1,CCOC(C)=O,40265.209550392974,0.9962694687983688
Cc1cc(C)c(C(=O)P(=O)(C(=O)c2c(C)cc(C)cc2C)c2ccccc2)c(C)c1,CO,62239.65260218588,0.997888616859142
Cc1cc(C)c(C(=O)P(=O)(c2ccccc2)c2ccccc2)c(C)c1,CC#N,54118.20801950333,0.9958916067915508
Cc1cc(C)c(C(=O)P(=O)(c2ccccc2)c2ccccc2)c(C)c1,CC(C)O,52989.27798279923,0.9983871115552028
Cc1cc(C)c(C(=O)P(=O)(c2ccccc2)c2ccccc2)c(C)c1,CCCCO,29171.97901421674,0.996931492115226
Cc1cc(C)c(C(=O)P(=O)(c2ccccc2)c2ccccc2)c(C)c1,CCCO,26884.07610065192,0.9990623525269408
Cc1cc(C)c(C(=O)P(=O)(c2ccccc2)c2ccccc2)c(C)c1,CCO,28646.607303389883,0.994358918741864
Cc1cc(C)c(C(=O)P(=O)(c2ccccc2)c2ccccc2)c(C)c1,CO,24725.240939573865,0.9944081481999694
Cc1cc(C)c(C(=O)P(=O)(c2ccccc2)c2ccccc2)c(C)c1,COC(C)=O,33642.94744193476,0.995741168343888
Cc1cc(C)c(S(=O)(=O)NC23CC4CC(CC(C4)C2)C3)c(C)c1,CCCCCC,23654.82027080614,0.9939865972404512
Cc1cc(C)c(S(=O)(=O)NC23CC4CC(CC(C4)C2)C3)c(C)c1,CCCCCCCCO,28570.377894887348,0.9980767821811816
Cc1cc(C)nc(NS(=O)(=O)c2ccc(N)cc2)n1,CC(C)=O,30982.44956341613,0.9990437455465172
Cc1cc(C)nc(NS(=O)(=O)c2ccc(N)cc2)n1,CCCCCCCCO,19175.39475790805,0.9887503490559848
Cc1cc(C)nc(NS(=O)(=O)c2ccc(N)cc2)n1,ClC(Cl)Cl,9535.280831748069,0.905464163324846
Cc1cc(C)nc(Nc2ccccc2)n1,C1CCCCC1,44436.92220902285,0.98238531327804
Cc1cc(C)nc(Nc2ccccc2)n1,CC(C)CO,42232.55123871132,0.9695295948316012
Cc1cc(C)nc(Nc2ccccc2)n1,CC(C)O,40136.34642163581,0.9788975700420705
Cc1cc(C)nc(Nc2ccccc2)n1,CCCCO,39529.05593099834,0.9902035459995532
Cc1cc(C)nc(Nc2ccccc2)n1,CCCO,38703.62568975225,0.9600276657381286
Cc1cc(C)nc(Nc2ccccc2)n1,CCO,39249.018722726,0.9754907637225432
Cc1cc(C)nc(Nc2ccccc2)n1,CO,40077.016742756095,0.97390626348389
Cc1cc(Cl)cc(C(=O)O)c1N,CC#N,19274.33986041206,0.9435862845926098
Cc1cc(Cl)cc(C(=O)O)c1N,CC(C)=O,21142.96569805612,0.988781314905082
Cc1cc(Cl)cc(C(=O)O)c1N,CC(C)O,8150.962638825964,0.9584584186744912
Cc1cc(Cl)cc(C(=O)O)c1N,CCCCCC,37321.10974039041,0.977145585199238
Cc1cc(Cl)cc(C(=O)O)c1N,CCCCO,16953.892148060073,0.9317980360512256
Cc1cc(Cl)cc(C(=O)O)c1N,CCCO,17401.279922059493,0.956383122687672
Cc1cc(Cl)cc(C(=O)O)c1N,CCO,11114.935229606548,0.9429713276902308
Cc1cc(Cl)cc(C(=O)O)c1N,CCOC(C)=O,14558.286063861293,0.9504103626662428
Cc1cc(Cl)cc(C(=O)O)c1N,CO,30073.997512617665,0.9994465464314212
Cc1cc(Cl)ccc1NS(=O)(=O)c1ccc(N)cc1,CCCCCCCCO,20629.23979217236,0.998047596178699
Cc1cc(Cl)ccc1OCC(=O)O,CC#N,40545.52145570909,0.999098726151344
Cc1cc(Cl)ccc1OCC(=O)O,CC(C)=O,14439.322283183285,0.9974892044524968
Cc1cc(Cl)ccc1OCC(=O)O,CC(C)CO,40940.93756396445,0.9911475859352435
Cc1cc(Cl)ccc1OCC(=O)O,CCCCOC(C)=O,22898.649891688525,0.9698997122772248
Cc1cc(Cl)ccc1OCC(=O)O,CCCOC(C)=O,21426.699605058187,0.9644905925921956
Cc1cc(Cl)ccc1OCC(=O)O,CCO,42215.32066813887,0.9919364051235732
Cc1cc(Cl)ccc1OCC(=O)O,COC(C)=O,23273.220467788928,0.9737235081354328
Cc1cc(Cl)ccc1OCC(=O)O,Cc1ccccc1,31438.57124318372,0.9878665313574124
Cc1cc(N)ccc1S(=O)(=O)Nc1ccc(Cl)cc1,CCCCCCCCO,16397.85842298847,0.9980556029409238
Cc1cc(N)ccc1S(=O)(=O)Nc1ccc(Cl)cc1,O,43591.80812831791,0.9976108109304817
Cc1cc(N)ccc1S(=O)(=O)Nc1ccccc1Cl,CCCCCCCCO,33390.250237116285,0.9991907382793273
Cc1cc(N)ccc1S(=O)(=O)Nc1ccccc1[N+](=O)[O-],CCCCCCCCO,36456.38098403145,0.9984193938686314
Cc1cc(N)ccc1S(=O)(=O)Nc1ccccc1[N+](=O)[O-],O,26458.394854176426,0.9869726675513606
Cc1cc(N)n(-c2ccccc2)n1,CC#N,15529.24106338804,0.9982334757862013
Cc1cc(N)n(-c2ccccc2)n1,CC(C)O,18633.916707546337,0.998625223798898
Cc1cc(N)n(-c2ccccc2)n1,CCC(C)=O,18326.781740495146,0.9989746456244732
Cc1cc(N)n(-c2ccccc2)n1,CCCO,18139.77683176684,0.9988147387716516
Cc1cc(N)n(-c2ccccc2)n1,CCO,17404.807667568315,0.9990706123512728
Cc1cc(NS(=O)(=O)c2ccc(N)cc2)no1,CCCCCCCCO,14550.257854337253,0.9405753050938144
Cc1cc(NS(=O)(=O)c2ccc(N)cc2)no1,O,26775.61286529581,0.9876890786939746
Cc1cc([N+](=O)[O-])ccc1N,C1CCCCC1,41715.397199329,0.99975158542162
Cc1cc([N+](=O)[O-])ccc1N,CC#N,21179.42038950081,0.9999057301636274
Cc1cc([N+](=O)[O-])ccc1N,CC(C)=O,18563.744877135363,0.9999419465957314
Cc1cc([N+](=O)[O-])ccc1N,CC(C)O,28822.29244143973,0.9998752700939736
Cc1cc([N+](=O)[O-])ccc1N,CCC(C)=O,17290.562873026487,0.9995817631412756
Cc1cc([N+](=O)[O-])ccc1N,CCCCO,30239.01576968389,0.9998087078066524
Cc1cc([N+](=O)[O-])ccc1N,CCCO,26030.218589815857,0.9999590034090692
Cc1cc([N+](=O)[O-])ccc1N,CCOC(C)=O,20912.99736385746,0.999871210567124
Cc1cc([N+](=O)[O-])ccc1N,Cc1ccccc1,30145.8443904419,0.999725878208335
Cc1ccc(-c2cc(C(F)(F)F)nn2-c2ccc(S(N)(=O)=O)cc2)cc1,CC(C)O,42555.23101190468,0.9412570390607736
Cc1ccc(-c2cc(C(F)(F)F)nn2-c2ccc(S(N)(=O)=O)cc2)cc1,CN1CCCC1=O,16592.6912217561,0.9721752407502952
Cc1ccc(-c2cc(C(F)(F)F)nn2-c2ccc(S(N)(=O)=O)cc2)cc1,O,27113.48582518956,0.94756806835162
Cc1ccc(-c2ccccc2C#N)cc1,CCO,37280.28184382976,0.9086902630123804
Cc1ccc(-c2ccccc2C#N)cc1,CCOC(C)=O,35550.20168791693,0.9887171744857844
Cc1ccc(-n2c(=S)sc3c(=O)n(CC(=O)NCC(O)(Cn4cncn4)c4ccc(F)cc4F)cnc32)cc1,CCCCCCCCO,28101.963537408123,0.9997749384796516
Cc1ccc(C(=O)O)cc1,CC(=O)O,15373.426573161429,0.9972858443430233
Cc1ccc(C(=O)O)cc1,CC(=O)OCC(C)C,23129.320837063347,0.9962244393560756
Cc1ccc(C(=O)O)cc1,CCCCCCCCO,18968.37393308628,0.99836167452546
Cc1ccc(C(C)C)c(O)c1,CC#N,40712.93754670325,0.9856327866103958
Cc1ccc(C(C)C)c(O)c1,CC(C)O,44393.34731744036,0.9654031804649428
Cc1ccc(C(C)C)c(O)c1,CCCCO,38671.01667044831,0.9617249635220156
Cc1ccc(C(C)C)c(O)c1,O,18385.14628638045,0.9944285472508207
Cc1ccc(C(C)C)cc1,O,42994.7868907597,0.9862656405929132
Cc1ccc(C)c(O)c1,CCCCCCO,26892.510560987423,0.9615211460784188
Cc1ccc(C)c(O)c1,CCCCO,24006.58305214183,0.963656617459855
Cc1ccc(C)c(O)c1,CCOC(C)=O,19288.73552053279,0.9613648119028022
Cc1ccc(C)cc1,O,10266.34336688113,0.9948151441551656
Cc1ccc(CO)cc1,CC#N,53608.97322584745,0.996129108608432
Cc1ccc(CO)cc1,CC(C)=O,35811.024636387425,0.993909948110152
Cc1ccc(CO)cc1,CC(C)CO,38394.82595405762,0.9880180115434188
Cc1ccc(CO)cc1,CCCCO,37394.146168308725,0.967607063570117
Cc1ccc(CO)cc1,CCCO,36089.18023549626,0.9856425719226136
Cc1ccc(CO)cc1,CCO,36866.0642254846,0.987768292534364
Cc1ccc(CO)cc1,CCOC(C)=O,40126.429042348405,0.9898936435231184
Cc1ccc(CO)cc1,CCOC=O,44650.8120488476,0.9951959665466346
Cc1ccc(CO)cc1,CO,33706.516793424074,0.9891519020925296
Cc1ccc(CO)cc1,ClCCCl,47666.256509625055,0.9951421198946308
Cc1ccc(CO)cc1,ClCCl,26118.95152963736,0.9444970789528162
Cc1ccc(Cl)cc1NS(=O)(=O)c1ccc(N)cc1,CCCCCCCCO,24730.0079469332,0.997254430872258
Cc1ccc(Cl)cc1Nc1nc(CC(C)O)ns1,CCCCCC,26267.557760883465,0.9821375340947878
Cc1ccc(N)c([N+](=O)[O-])c1,C1COCCO1,34152.28524561119,0.9994809775765796
Cc1ccc(N)c([N+](=O)[O-])c1,CC#N,28448.010452144004,0.998992766482816
Cc1ccc(N)c([N+](=O)[O-])c1,CC(C)O,24983.575649070062,0.9996465324700764
Cc1ccc(N)c([N+](=O)[O-])c1,CCC(C)=O,18693.741669489515,0.9993441011725908
Cc1ccc(N)c([N+](=O)[O-])c1,CCCCO,24011.446494363016,0.9998440681814558
Cc1ccc(N)c([N+](=O)[O-])c1,CCO,23496.482057366306,0.9998264726071912
Cc1ccc(N)c([N+](=O)[O-])c1,CN(C)C=O,22084.069533206053,0.9994000376687464
Cc1ccc(N)c([N+](=O)[O-])c1,CO,22941.9389356718,0.99980310569585
Cc1ccc(N)c([N+](=O)[O-])c1,Cc1ccccc1,27489.988571243444,0.9996086936964604
Cc1ccc(N)c([N+](=O)[O-])c1,ClCCCl,24425.3674315624,0.999416375924254
Cc1ccc(N)c([N+](=O)[O-])c1,Clc1ccccc1,28472.099665094487,0.9990028531757372
Cc1ccc(N)cc1N,COC(=O)OC,5119.282798059784,0.9232030971717332
Cc1ccc(N=C2SCC3CCCN2C3)cc1,CCCCCC,48921.69522879069,0.999026410862968
Cc1ccc(N=C2SCC3CCCN2C3)cc1,CCCCCCCCO,14934.923565682297,0.9986736475662528
Cc1ccc(N=C2SCC3CCCN2C3)cc1Cl,CCCCCC,27262.65054125018,0.999352983269259
Cc1ccc(N=C2SCC3CCCN2C3)cc1Cl,CCCCCCCCO,30151.395824973057,0.9994616406526858
Cc1ccc(N=C2[Se]CC3CCCN2C3)cc1Cl,CCCCCC,2925.895104383831,0.9983090817179328
Cc1ccc(NC(=O)/C(=C/Cl)Sc2ccccc2)cc1,C1CCOC1,19404.758011093945,0.9930271477627308
Cc1ccc(NC(=O)/C(=C/Cl)Sc2ccccc2)cc1,CC#N,39358.803362529776,0.99050946461815
Cc1ccc(NC(=O)/C(=C/Cl)Sc2ccccc2)cc1,CC(C)=O,31279.91094072078,0.985431010212784
Cc1ccc(NC(=O)/C(=C/Cl)Sc2ccccc2)cc1,CC(C)O,29814.124844559865,0.9885783221804106
Cc1ccc(NC(=O)/C(=C/Cl)Sc2ccccc2)cc1,CCC(C)=O,28505.85690371013,0.9959355090740956
Cc1ccc(NC(=O)/C(=C/Cl)Sc2ccccc2)cc1,COC(C)(C)C,25492.469119668644,0.9895951246451724
Cc1ccc(NC(=O)/C(=C/Cl)Sc2ccccc2)cc1,COC(C)=O,31543.545869368336,0.994675812613621
Cc1ccc(NC(=O)/C(=C/Cl)Sc2ccccc2)cc1,Cc1ccccc1,35221.293914646725,0.9914367383663178
Cc1ccc(NC(=O)/C(=C/Cl)Sc2ccccc2)cc1,ClCCCl,30310.139647528693,0.9971647589925
Cc1ccc(NC(=O)C(C)Cl)cc1,CC(C)=O,16779.578190160613,0.9631700641620944
Cc1ccc(NC(=O)C(C)Cl)cc1,Cc1ccccc1,35590.16583313965,0.9938119917988536
Cc1ccc(NC(=O)c2ccc(CN3CCN(C)CC3)cc2)cc1Nc1nccc(-c2cccnc2)n1,CC#N,39733.41586259662,0.9985235574635332
Cc1ccc(NC(=O)c2ccc(CN3CCN(C)CC3)cc2)cc1Nc1nccc(-c2cccnc2)n1,CC(C)=O,18186.35728085357,0.9969825024124396
Cc1ccc(NC(=O)c2ccc(CN3CCN(C)CC3)cc2)cc1Nc1nccc(-c2cccnc2)n1,CCCO,19284.190859619623,0.9984763599706424
Cc1ccc(NC(=O)c2ccc(CN3CCN(C)CC3)cc2)cc1Nc1nccc(-c2cccnc2)n1,CCOC(C)=O,25031.788365517048,0.9956002599197084
Cc1ccc(NC(=O)c2ccc(CN3CCN(C)CC3)cc2)cc1Nc1nccc(-c2cccnc2)n1,Cc1ccccc1,17004.983162469256,0.9992876284144676
Cc1ccc(NC2=NCCC3(CCCCC3)S2)cc1,CCCCCC,20126.26479967512,0.9975488249211184
Cc1ccc(NC2=NCCC3(CCCCC3)S2)cc1Cl,CCCCCC,38719.08986502223,0.9994015950144844
Cc1ccc(NS(=O)(=O)c2ccc(N)cc2)c(Cl)c1,CCCCCCCCO,22060.663145434617,0.9977690806604804
Cc1ccc(NS(=O)(=O)c2ccc(N)cc2)cc1Cl,CCCCCCCCO,21173.70689796686,0.995868918046579
Cc1ccc(NS(=O)(=O)c2ccc(N)cc2)cc1Cl,O,24349.46047758612,0.9977569650761487
Cc1ccc(Nc2nc(CC(C)O)ns2)cc1Cl,CCCCCC,45817.79598341193,0.9958097191866644
Cc1ccc(Nc2nc(CC(C)O)ns2)cc1Cl,CCCCCCCCO,26009.535100600253,0.990457209009256
Cc1ccc(Nc2nccc(N(C)c3ccc4c(C)n(C)nc4c3)n2)cc1S(N)(=O)=O,CC#N,56940.07905132976,0.933356584949884
Cc1ccc(Nc2nccc(N(C)c3ccc4c(C)n(C)nc4c3)n2)cc1S(N)(=O)=O,CC(C)O,30358.13733218713,0.99959999563566
Cc1ccc(Nc2nccc(N(C)c3ccc4c(C)n(C)nc4c3)n2)cc1S(N)(=O)=O,CCCO,30968.78644436856,0.9970159751558944
Cc1ccc(Nc2nccc(N(C)c3ccc4c(C)n(C)nc4c3)n2)cc1S(N)(=O)=O,CCOC(C)=O,33867.793867167224,0.9996409698343972
Cc1ccc(O)cc1C,CCCCCCO,29039.26393559965,0.9498818924528716
Cc1ccc(O)cc1C,CCOC(C)=O,22025.329391897165,0.9768980262372304
Cc1ccc(O)cc1C,CO,25595.14181191737,0.9837696701734164
Cc1ccc(S(=O)(=O)NC(=O)NN2CC3CCCC3C2)cc1,C1CCOC1,26604.02494646856,0.9995426720361916
Cc1ccc(S(=O)(=O)NC(=O)NN2CC3CCCC3C2)cc1,CC#N,27217.39200297602,0.9997433070229722
Cc1ccc(S(=O)(=O)NC(=O)NN2CC3CCCC3C2)cc1,CC(C)=O,21299.30141037072,0.9997173642277876
Cc1ccc(S(=O)(=O)NC(=O)NN2CC3CCCC3C2)cc1,CC(C)CO,34394.615993566775,0.99976189417372
Cc1ccc(S(=O)(=O)NC(=O)NN2CC3CCCC3C2)cc1,CC(C)O,35452.29044603588,0.9998474925943588
Cc1ccc(S(=O)(=O)NC(=O)NN2CC3CCCC3C2)cc1,CCC(C)O,33207.34657286018,0.9997593675480966
Cc1ccc(S(=O)(=O)NC(=O)NN2CC3CCCC3C2)cc1,CCCCO,30888.28524076561,0.999777259364594
Cc1ccc(S(=O)(=O)NC(=O)NN2CC3CCCC3C2)cc1,CCCO,30170.49777286124,0.9998487837850224
Cc1ccc(S(=O)(=O)NC(=O)NN2CC3CCCC3C2)cc1,CCO,28255.637482475275,0.9997352394943924
Cc1ccc(S(=O)(=O)NC(=O)NN2CC3CCCC3C2)cc1,CCOC(C)=O,23739.233075954027,0.9997221282907344
Cc1ccc(S(=O)(=O)NC(=O)NN2CC3CCCC3C2)cc1,CCOC=O,29421.34665222861,0.999862327574418
Cc1ccc(S(=O)(=O)NC(=O)NN2CC3CCCC3C2)cc1,CN(C)C=O,12000.493358134649,0.999541000317008
Cc1ccc(S(=O)(=O)NC(=O)NN2CC3CCCC3C2)cc1,CO,25046.4785168269,0.999850876905349
Cc1ccc(S(=O)(=O)NC(=O)NN2CC3CCCC3C2)cc1,Cc1ccccc1,31830.003579396915,0.9998251816641842
Cc1ccc(S(=O)(=O)NC(=O)NN2CC3CCCC3C2)cc1,ClC(Cl)Cl,13419.168152074824,0.9992535447425734
Cc1ccc(S(=O)(=O)NC(=O)NN2CC3CCCC3C2)cc1,O=C1CCCCC1,21518.03690924025,0.9996612269679376
Cc1ccc(S(=O)(=O)NCl)cc1.[Na],CCC(C)O,43758.96098376663,0.9884003373626332
Cc1ccc(S(=O)(=O)NCl)cc1.[Na],CCCO,27789.83514539066,0.9951657273721864
Cc1ccc(S(=O)(=O)NCl)cc1.[Na],O,32549.746523074344,0.9796971677882522
Cc1ccc(S(=O)(=O)O)cc1.Cc1ccc(S(=O)(=O)O)cc1.OCCN(CCO)c1nc(N2CCCCC2)c2nc(N(CCO)CCO)nc(N3CCCCC3)c2n1,CC(C)CO,23471.76606777706,0.9872149101899526
Cc1ccc(S(=O)(=O)O)cc1.Cc1ccc(S(=O)(=O)O)cc1.OCCN(CCO)c1nc(N2CCCCC2)c2nc(N(CCO)CCO)nc(N3CCCCC3)c2n1,CC(C)O,26358.630867015243,0.9954377631016184
Cc1ccc(S(=O)(=O)O)cc1.Cc1ccc(S(=O)(=O)O)cc1.OCCN(CCO)c1nc(N2CCCCC2)c2nc(N(CCO)CCO)nc(N3CCCCC3)c2n1,CCC(C)O,31334.379259422607,0.9939032983152526
Cc1ccc(S(=O)(=O)O)cc1.Cc1ccc(S(=O)(=O)O)cc1.OCCN(CCO)c1nc(N2CCCCC2)c2nc(N(CCO)CCO)nc(N3CCCCC3)c2n1,CCCCO,27699.16931503141,0.9958547130840946
Cc1ccc(S(=O)(=O)O)cc1.Cc1ccc(S(=O)(=O)O)cc1.OCCN(CCO)c1nc(N2CCCCC2)c2nc(N(CCO)CCO)nc(N3CCCCC3)c2n1,CCO,26167.952090834675,0.9965795385865692
Cc1ccc(S(=O)(=O)[O-])cc1.c1ccc2sc[nH+]c2c1,CC(C)CO,39404.95450438368,0.9522925503840248
Cc1ccc(S(=O)(=O)[O-])cc1.c1ccc2sc[nH+]c2c1,CC(C)O,27717.28575997843,0.9473635377364228
Cc1ccc(S(=O)(=O)[O-])cc1.c1ccc2sc[nH+]c2c1,CCCO,35620.750601273714,0.9407167963847018
Cc1ccc(S(=O)(=O)[O-])cc1.c1ccc2sc[nH+]c2c1,CO,32220.49441290635,0.990783912823613
Cc1ccc(S(=O)(=O)[O-])cc1Cl.[Na+],CS(C)=O,1256.8402732215457,0.946192522734392
Cc1ccc(S(=O)(=O)[O-])cc1Cl.[Na+],O,18866.87305522727,0.995629199430207
Cc1ccc(S(=O)(=O)[O-])cc1Cl.[Na+],O=CO,4120.032749017467,0.9981379656983008
Cc1ccc(S(=O)[O-])cc1.[Na+],CC#N,35001.68410428685,0.9995333738665386
Cc1ccc(S(=O)[O-])cc1.[Na+],CC(C)O,4943.182598593012,0.9963824649907508
Cc1ccc(S(=O)[O-])cc1.[Na+],CCCO,5487.497703124417,0.9797858107744136
Cc1ccc(S(=O)[O-])cc1.[Na+],CCO,3307.9881686084977,0.9869415960828783
Cc1ccc(S(=O)[O-])cc1.[Na+],O,20574.71198620583,0.9996556330101372
Cc1ccc(S(C)(=O)=O)cc1,CC(C)=O,29789.635327962376,0.9954053301176596
Cc1ccc(S(C)(=O)=O)cc1,CC(C)O,45375.30692995326,0.9995305688370416
Cc1ccc(S(C)(=O)=O)cc1,CCCCO,52181.20257859083,0.9996345001611512
Cc1ccc(S(C)(=O)=O)cc1,CCCO,45360.49073149107,0.999803707135662
Cc1ccc(S(C)(=O)=O)cc1,CCO,42383.13380196313,0.9997384917269364
Cc1ccc(S(C)(=O)=O)cc1,CCOC(C)=O,27526.67657587863,0.9972286662622666
Cc1ccc(S(C)(=O)=O)cc1,CN(C)C=O,31272.54877664928,0.9945686877325816
Cc1ccc(S(C)(=O)=O)cc1,CO,43384.02588548814,0.9997192149491406
Cc1ccc(S(N)(=O)=O)cc1,CC(C)=O,10494.702708608464,0.9823628162457232
Cc1ccc(S(N)(=O)=O)cc1,CC(C)CCO,28996.724423817483,0.9942958711767196
Cc1ccc(S(N)(=O)=O)cc1,CC(C)CO,30507.819243997463,0.9937101675435144
Cc1ccc(S(N)(=O)=O)cc1,CCCCCO,27707.586802388527,0.9929357969586372
Cc1ccc(S(N)(=O)=O)cc1,CCOC=O,19595.54447035733,0.9921734404739824
Cc1ccc(S(N)(=O)=O)cc1,CO,21079.726900749967,0.9871267739398464
Cc1ccc(S(N)(=O)=O)cc1,COC(C)=O,16169.760322017024,0.9897597234580766
Cc1ccc(S(N)(=O)=O)cc1,O=C1CCCC1,9650.442579652536,0.9859353996869912
Cc1ccc(S(N)(=O)=O)cc1,O=C1CCCCC1,11280.43241961264,0.9846060767574102
Cc1ccc([N+](=O)[O-])c(C(=O)O)c1,CC(C)CO,17856.980740837538,0.9949908444670624
Cc1ccc([N+](=O)[O-])cc1S(=O)(=O)[O-].[Na+],CCCO,28528.61721106036,0.9985006193001488
Cc1ccc([N+](=O)[O-])cc1S(=O)(=O)[O-].[Na+],CO,5939.180373019187,0.9576019108675916
Cc1ccc([N+](=O)[O-])cc1S(=O)(=O)[O-].[Na+],COCCO,2799.305402625518,0.9751128252073104
Cc1ccc([N+](=O)[O-])cc1S(=O)(=O)[O-].[Na+],O,23718.98847426268,0.997331076047974
Cc1ccc2c(c1)C(=O)OC2=O,CC#N,27232.69148141367,0.9980048131242084
Cc1ccc2c(c1)C(=O)OC2=O,CCCCCCC,33228.165555419735,0.999442813910182
Cc1ccc2c(c1)C(=O)OC2=O,CCCCOC(C)=O,29168.639742612693,0.995722920436886
Cc1ccc2c(c1)C(=O)OC2=O,COC(C)=O,22916.149821324896,0.995816268633707
Cc1ccc2c(c1)C(=O)OC2=O,Cc1ccccc1,29639.2720362438,0.9936822758014292
Cc1ccc2c(c1)C(=O)OC2=O,ClC(Cl)(Cl)Cl,26648.231587758408,0.9973721824699496
Cc1ccc2cc(Br)ccc2n1,CC#N,21797.656473577936,0.9916492746096908
Cc1ccc2cc(Br)ccc2n1,CC(C)O,23281.43473188357,0.999678977054018
Cc1ccc2cc(Br)ccc2n1,CCCO,23051.002181350614,0.9998170203125628
Cc1ccc2cc(Br)ccc2n1,CCO,22911.6183132063,0.9988819414611636
Cc1ccc2cc(Br)ccc2n1,CCOC(C)=O,22877.298210917208,0.9983677788596788
Cc1ccc2cc(Br)ccc2n1,CO,23309.740201668843,0.9977219032540892
Cc1ccc2cc(Br)ccc2n1,Cc1ccccc1,23072.02829348308,0.9988255562365111
Cc1ccc2cc(Br)ccc2n1,O,23629.63025345393,0.9993412156842642
Cc1ccc2cc(C)ccc2c1,C1CCCCC1,40786.49481585878,0.9921267654448762
Cc1ccc2cc(C)ccc2c1,CC(C)O,32397.11246162379,0.9937508396292292
Cc1ccc2cc(C)ccc2c1,CCCCCCC,28744.362569036868,0.9913316728338608
Cc1ccc2cc(C)ccc2c1,CCCOC(C)=O,30947.53280551399,0.994699156335951
Cc1ccc2cc(C)ccc2c1,CCOC(C)=O,31165.97573201344,0.9893875586701152
Cc1ccc2ccccc2c1,C1COCCO1,44087.78336077688,0.9584528214691614
Cc1ccc2ccccc2c1,CC(C)=O,62971.387539519565,0.9801862776508856
Cc1ccc2ccccc2c1,CC(C)O,87964.46450639497,0.9815991579756626
Cc1ccc2ccccc2c1,CCCCCC,64486.4954139483,0.96235452014559
Cc1ccc2ccccc2c1,CCCCCCC,60905.40247100542,0.9545371359520156
Cc1ccc2ccccc2c1,CCCCO,94742.51901823236,0.9416699768652476
Cc1ccc2ccccc2c1,CCO,83822.6081334919,0.9796236465031912
Cc1ccc2ccccc2c1,OCCO,11658.112871870768,0.9899709558845888
Cc1ccc[n+](CCCC[n+]2cccc(C)c2)c1.F[P-](F)(F)(F)(F)F.F[P-](F)(F)(F)(F)F,CCC(C)=O,18471.42978085655,0.9990140800945586
Cc1ccc[n+](CCCC[n+]2cccc(C)c2)c1.F[P-](F)(F)(F)(F)F.F[P-](F)(F)(F)(F)F,O,78712.98773616181,0.9980846366348336
Cc1ccc[n+](CCCC[n+]2cccc(C)c2)c1.F[P-](F)(F)(F)(F)F.F[P-](F)(F)(F)(F)F,O=C1CCCCC1,38097.66338699405,0.935053671837632
Cc1ccc[n+](C[n+]2cccc(C)c2)c1.F[P-](F)(F)(F)(F)F.F[P-](F)(F)(F)(F)F,CC(C)=O,7717.293527651201,0.9938589592526942
Cc1ccc[n+](C[n+]2cccc(C)c2)c1.F[P-](F)(F)(F)(F)F.F[P-](F)(F)(F)(F)F,CCC(C)=O,9036.897178950752,0.9987960554271204
Cc1ccc[n+](C[n+]2cccc(C)c2)c1.F[P-](F)(F)(F)(F)F.F[P-](F)(F)(F)(F)F,O,42138.10575167634,0.9945679624714248
Cc1ccc[n+](C[n+]2cccc(C)c2)c1.F[P-](F)(F)(F)(F)F.F[P-](F)(F)(F)(F)F,O=C1CCCCC1,17752.98057429076,0.996845852494638
Cc1cccc(C(=O)O)c1,CC(C)CO,27751.78735777996,0.9932805963456977
Cc1cccc(C(=O)O)c1,CC(C)O,24892.691475859727,0.9962331009620724
Cc1cccc(C(=O)O)c1,CCC(C)O,22944.31767276145,0.9734423954412936
Cc1cccc(C(=O)O)c1,CCCCCCCCO,22341.191551284635,0.9964155545683444
Cc1cccc(C(=O)O)c1,CCCO,21784.63599743264,0.9842606726301862
Cc1cccc(C(=O)O)c1,CCO,20260.000706839324,0.9968837485107052
Cc1cccc(C(=O)O)c1,CO,18973.13579354,0.992231197338568
Cc1cccc(C(=O)O)c1N,C1CCCCC1,39622.65153069747,0.9995760939451372
Cc1cccc(C(=O)O)c1N,CC#N,24076.57381821188,0.9999540117047676
Cc1cccc(C(=O)O)c1N,CC(C)=O,13958.674595282422,0.9999583274203644
Cc1cccc(C(=O)O)c1N,CC(C)O,29017.666708699337,0.9997936599080378
Cc1cccc(C(=O)O)c1N,CCC(C)=O,13824.696962616694,0.9997871126661666
Cc1cccc(C(=O)O)c1N,CCOC(C)=O,20888.04484426768,0.9999681492564216
Cc1cccc(C(=O)O)c1N,CO,20896.12181178157,0.9999766126939494
Cc1cccc(C(=O)O)c1[N+](=O)[O-],C1COCCO1,19398.180894326244,0.9999145822392272
Cc1cccc(C(=O)O)c1[N+](=O)[O-],CC#N,21007.95064942158,0.9998676509057116
Cc1cccc(C(=O)O)c1[N+](=O)[O-],CC(C)(C)O,29514.069814697454,0.9931434307056412
Cc1cccc(C(=O)O)c1[N+](=O)[O-],CC(C)=O,12552.31297637531,0.999721260217927
Cc1cccc(C(=O)O)c1[N+](=O)[O-],CC(C)CO,35527.68375528511,0.9994315101925042
Cc1cccc(C(=O)O)c1[N+](=O)[O-],CC(C)O,19400.004200686715,0.9998232842823196
Cc1cccc(C(=O)O)c1[N+](=O)[O-],CCC(C)O,31886.22471021012,0.9979116049243024
Cc1cccc(C(=O)O)c1[N+](=O)[O-],CCCO,18345.55736378843,0.9993358326371328
Cc1cccc(C(=O)O)c1[N+](=O)[O-],CCO,22379.391948036937,0.9997595415714524
Cc1cccc(C(=O)O)c1[N+](=O)[O-],CCOC(C)=O,16134.0046382953,0.9993875947339144
Cc1cccc(C(=O)O)c1[N+](=O)[O-],CN1CCCC1=O,24227.250155882823,0.9997406639959708
Cc1cccc(C(=O)O)c1[N+](=O)[O-],CO,20014.79987709514,0.9997837736725356
Cc1cccc(C)c1NC(=O)CN(C)C.Cl,CC(C)CO,37002.390857989485,0.9934259077940524
Cc1cccc(C)c1NC(=O)CN(C)C.Cl,CC(C)O,38433.56606782611,0.9925258768184584
Cc1cccc(C)c1NC(=O)CN(C)C.Cl,CCCCO,38036.21235013401,0.9895517761679844
Cc1cccc(C)c1NC(=O)CN(C)C.Cl,CCCO,36019.77261277255,0.9927598848523544
Cc1cccc(C)c1NC(=O)CN(C)C.Cl,COC(C)=O,45401.22153289329,0.9900376280560302
Cc1cccc(N(C)C(=S)Oc2ccc3ccccc3c2)c1,CC(C)CO,43710.266866518345,0.9985397651725753
Cc1cccc(N(C)C(=S)Oc2ccc3ccccc3c2)c1,CC(O)CO,34255.77348262736,0.9979191073812346
Cc1cccc(N(C)C(=S)Oc2ccc3ccccc3c2)c1,CCCCCCCCO,39472.897867960965,0.9977105964641824
Cc1cccc(N(C)C(=S)Oc2ccc3ccccc3c2)c1,CCCCO,41192.71748586212,0.9993918938038526
Cc1cccc(N(C)C(=S)Oc2ccc3ccccc3c2)c1,CCO,34256.33433092576,0.9986272962727356
Cc1cccc(Nc2ccccc2C(=O)O)c1C,CC(=O)N(C)C,15555.736220816503,0.9886757588597472
Cc1cccc(Nc2ccccc2C(=O)O)c1C,CC(C)=O,18650.238754356287,0.952133712013042
Cc1cccc(Nc2ccccc2C(=O)O)c1C,CC(C)O,29482.178213123447,0.969547881154438
Cc1cccc(Nc2ccccc2C(=O)O)c1C,CCCCCC,18294.915129024583,0.9811680559845176
Cc1cccc(Nc2ccccc2C(=O)O)c1C,CCCCCCC,19909.472649630738,0.9833917215021198
Cc1cccc(Nc2ccccc2C(=O)O)c1C,CCO,27043.62090405996,0.96812096067506
Cc1cccc(Nc2ccccc2C(=O)O)c1C,CN(C)C=O,36520.04679272649,0.9863402900688344
Cc1cccc(Nc2nc(CC(C)O)ns2)c1,CCCCCCCCO,25485.232305983856,0.9735086762788038
Cc1cccc([N+](=O)[O-])c1N,C1COCCO1,20056.105627903344,0.9978895891368073
Cc1cccc([N+](=O)[O-])c1N,CC#N,35584.26892442877,0.9987836705162236
Cc1cccc([N+](=O)[O-])c1N,CC(C)=O,24127.257181319063,0.999094235091726
Cc1cccc([N+](=O)[O-])c1N,CCO,29324.67322218787,0.9993155191135696
Cc1cccc([N+](=O)[O-])c1N,CCOC(C)=O,27169.94324620054,0.999193170995902
Cc1cccc([N+](=O)[O-])c1N,CO,29897.7660670739,0.9989706244776154
Cc1cccc([N+](=O)[O-])c1N,Cc1ccccc1,32780.8979426275,0.9989709767126542
Cc1cccc2sc(NN)nc12,CC(C)=O,24441.04381826962,0.999900003681404
Cc1cccc2sc(NN)nc12,CC(C)O,29441.499342137835,0.9996770499336162
Cc1cccc2sc(NN)nc12,CCCCO,30031.22257738704,0.9993262101486682
Cc1cccc2sc(NN)nc12,CCOC(C)=O,27400.60236471663,0.9998281189872962
Cc1cccc2sc(NN)nc12,CO,30828.48143758529,0.99983121323286
Cc1cccc2sc(NN)nc12,Cc1ccccc1,32905.070920802085,0.9990160682566548
Cc1cccc2sc(NN)nc12,O,35223.90398162184,0.9996174636926908
Cc1ccccc1,O,3055.118754515159,0.995851448219213
Cc1ccccc1C(=O)O,C1CCCCC1,50785.478988396935,0.9953887497589629
Cc1ccccc1C(=O)O,CC#N,7679.264834715904,0.9953372790947668
Cc1ccccc1C(=O)O,CC(=O)N(C)C,46552.51930229783,0.9945058490597392
Cc1ccccc1C(=O)O,CCC(=O)O,26066.63109910542,0.9952337503559876
Cc1ccccc1C(=O)O,CCCCCCCCO,26988.04226007498,0.9957282599920532
Cc1ccccc1C(=O)O,CN(C)C=O,13683.163792607173,0.9933474069831884
Cc1ccccc1C(=O)O,CN1CCCC1=O,8645.610631904901,0.9923653348099036
Cc1ccccc1C(=O)O,CS(C)=O,8913.43225344279,0.9912763184196344
Cc1ccccc1S(N)(=O)=O,CC(C)CCO,30969.31046098809,0.9998892755263794
Cc1ccccc1S(N)(=O)=O,CC(C)CO,34246.919418581354,0.999940349225762
Cc1ccccc1S(N)(=O)=O,CCCCCO,30841.36464434037,0.9997650578569536
Cc1ccccc1S(N)(=O)=O,CCOC=O,18287.872549054675,0.9930217455836362
Cc1ccccc1S(N)(=O)=O,CO,22021.075911274904,0.9200783007174296
Cc1ccccc1S(N)(=O)=O,COC(C)=O,15836.36441601526,0.9933250906652976
Cc1ccccc1S(N)(=O)=O,ClCCl,28666.73170161233,0.9959611579296216
Cc1ccccc1S(N)(=O)=O,O=C1CCCC1,10130.056461325625,0.990007711074907
Cc1ccnc(NS(=O)(=O)c2ccc(N)cc2)n1,CC#N,25220.46233082281,0.9671995721005768
Cc1ccnc(NS(=O)(=O)c2ccc(N)cc2)n1,CCCCCCCCO,34069.39620994875,0.9912818818886432
Cc1ccnc(NS(=O)(=O)c2ccc(N)cc2)n1,CCO,30524.24291138793,0.9951614776161284
Cc1ccnc(NS(=O)(=O)c2ccc(N)cc2)n1,OCCO,17736.32025628412,0.9941916016604718
Cc1cnc(C(=O)O)c[n+]1[O-],CC#N,29756.27154269824,0.996937231581756
Cc1cnc(C(=O)O)c[n+]1[O-],CO,21491.18382230909,0.998444858670024
Cc1cnc(C(=O)O)cn1,C1COCCO1,20494.181677811022,0.99773901726236
Cc1cnc(C(=O)O)cn1,CC#N,19344.852065204857,0.999683861015452
Cc1cnc(C(=O)O)cn1,CC(C)=O,18138.41858606585,0.9991613781366286
Cc1cnc(C(=O)O)cn1,CCC(C)=O,19031.370510373992,0.9997706483223424
Cc1cnc(C(=O)O)cn1,CCCCO,19247.352304680848,0.9988452129878046
Cc1cnc(C(=O)O)cn1,CCCO,19019.170164114617,0.9998030200625108
Cc1cnc(C(=O)O)cn1,CCO,19016.6561050126,0.9999227924143984
Cc1cnc(C(=O)O)cn1,CCOC(C)=O,16973.656777046614,0.999455391543769
Cc1cnc(C(=O)O)cn1,CO,18805.925258013896,0.9996131168333084
Cc1cnc(C(=O)O)cn1,Cc1ccccc1,18722.25386594764,0.996291286149492
Cc1cnc(C(=O)O)cn1,O,19536.5771761632,0.999326960402206
Cc1cnc(N)s1,C1CCCCC1,36402.31180525114,0.99992344344265
Cc1cnc(N)s1,CC#N,26663.781684724403,0.9981034145017886
Cc1cnc(N)s1,CC(C)=O,26295.779701081952,0.9977982964883368
Cc1cnc(N)s1,CCCO,26921.1099429294,0.997749706193085
Cc1cnc(N)s1,CCOC(C)=O,25252.889707704264,0.9980237997487772
Cc1cnc(N)s1,Cc1ccccc1,30880.725714026736,0.996728442883578
Cc1cnc(NC(=O)C2=C(O)c3ccccc3S(=O)(=O)N2C)s1,CCOC(C)=O,21713.040479865183,0.9996119746637344
Cc1cnc(NC(=O)C2=C(O)c3ccccc3S(=O)(=O)N2C)s1,CCOCCOCCO,11179.590178762232,0.9966389779971448
Cc1cnc(NC(=O)C2=C(O)c3ccccc3S(=O)(=O)N2C)s1,CN(C)C=O,12247.287367925011,0.99641019344371
Cc1cnc(NC(=O)C2=C(O)c3ccccc3S(=O)(=O)N2C)s1,NC=O,10818.324650124772,0.9983335013085948
Cc1nc(-c2ccc(OCC(C)C)c(C#N)c2)sc1C(=O)O,CC(C)=O,23019.66664601254,0.982041573826082
Cc1nc(-c2ccc(OCC(C)C)c(C#N)c2)sc1C(=O)O,CCO,56793.41827978563,0.9976054967560252
Cc1nc(-c2ccc(OCC(C)C)c(C#N)c2)sc1C(=O)O,CCOC(C)=O,24002.624090781905,0.9971846821910928
Cc1nc(C)c(C)nc1C,CC(C)=O,29610.62441889955,0.9988725594914352
Cc1nc(C)c(C)nc1C,CCCO,26570.045328620912,0.9868543747323364
Cc1nc(C)c(C)nc1C,CCOC(C)=O,26290.154132873435,0.9935790742410128
Cc1nc(C)c(C)nc1C,CO,25268.010426257923,0.989732889093621
Cc1nc(C)c(C)nc1C,COC(C)=O,27472.32603401852,0.9988048687597156
Cc1nc(CCl)nc2ccccc12,C1CCOC1,24160.62450933114,0.999654513127296
Cc1nc(CCl)nc2ccccc12,CC#N,48159.4343289673,0.9997531122241256
Cc1nc(CCl)nc2ccccc12,CC(C)=O,47861.52141888181,0.9982970675832322
Cc1nc(CCl)nc2ccccc12,CC(C)O,44375.92581165151,0.9933336729142738
Cc1nc(CCl)nc2ccccc12,CCCCO,36317.73856590372,0.9992772278797972
Cc1nc(CCl)nc2ccccc12,CCCO,14454.429147724904,0.9971009824469363
Cc1nc(CCl)nc2ccccc12,CCO,34398.70364415365,0.9997249650052032
Cc1nc(CCl)nc2ccccc12,CCOC(C)=O,40026.169347689975,0.99936452748523
Cc1nc(N)nc(N)n1,C1COCCO1,23419.780730735223,0.995492377568456
Cc1nc(N)nc(N)n1,CC#N,31813.165266782868,0.9981921931476466
Cc1nc(N)nc(N)n1,CC(C)CO,25324.79075298288,0.9988515178083818
Cc1nc(N)nc(N)n1,CCCO,26996.848690430303,0.9969360490361984
Cc1nc(N)nc(N)n1,CN(C)C=O,21471.924141228683,0.9941354589457354
Cc1nc(N)nc(N)n1,O,31684.331321545367,0.9987601099055288
Cc1nc(N)nc(N)n1,OCCO,21852.00514958713,0.9970271124493388
Cc1nc2cc(N)ccc2s1,CCO,15305.752731299628,0.97507537910748
Cc1nc2cc(N)ccc2s1,O,34906.916538325895,0.9793800200367556
Cc1nc2n(c(=O)c1CCN1CCC(c3noc4cc(F)ccc34)CC1)CCCC2,CC(=O)OC(C)C,26024.616732303217,0.994287251879612
Cc1nc2n(c(=O)c1CCN1CCC(c3noc4cc(F)ccc34)CC1)CCCC2,CC(C)=O,29486.154732474773,0.9853646555433816
Cc1nc2n(c(=O)c1CCN1CCC(c3noc4cc(F)ccc34)CC1)CCCC2,CC(C)O,38526.17911884488,0.9737296345537452
Cc1nc2n(c(=O)c1CCN1CCC(c3noc4cc(F)ccc34)CC1)CCCC2,CCC(C)O,33617.69983062789,0.9936853536187802
Cc1nc2n(c(=O)c1CCN1CCC(c3noc4cc(F)ccc34)CC1)CCCC2,CCCCO,35065.543671291554,0.9913131099854317
Cc1nc2n(c(=O)c1CCN1CCC(c3noc4cc(F)ccc34)CC1)CCCC2,CCCCOC(C)=O,25962.77829009016,0.9963201279618012
Cc1nc2n(c(=O)c1CCN1CCC(c3noc4cc(F)ccc34)CC1)CCCC2,CCCO,35258.41834589714,0.9906491184832356
Cc1nc2n(c(=O)c1CCN1CCC(c3noc4cc(F)ccc34)CC1)CCCC2,CCCOC(C)=O,25624.598590481,0.9960016654782048
Cc1nc2n(c(=O)c1CCN1CCC(c3noc4cc(F)ccc34)CC1)CCCC2,CCO,32710.08600330068,0.989639652996786
Cc1nc2n(c(=O)c1CCN1CCC(c3noc4cc(F)ccc34)CC1)CCCC2,CCOC(C)=O,26332.359629778864,0.9837631765929784
Cc1nc2n(c(=O)c1CCN1CCC(c3noc4cc(F)ccc34)CC1)CCCC2,CO,30475.451354526154,0.9898512083161632
Cc1nc2n(c(=O)c1CCN1CCC(c3noc4cc(F)ccc34)CC1)CCCC2,COC(C)=O,27234.06130038918,0.996420511853514
Cc1nc2n(c(=O)c1CCN1CCC(c3noc4cc(F)ccc34)CC1)CCCC2,O,40301.73715930019,0.9896167395532468
Cc1nc2n(c(=O)c1CCN1CCC(c3noc4cc(F)ccc34)CC1)CCCC2O,C1CCOC1,44034.11757457455,0.9998114168142432
Cc1nc2n(c(=O)c1CCN1CCC(c3noc4cc(F)ccc34)CC1)CCCC2O,CC(C)=O,46515.69749418875,0.9993725815776996
Cc1nc2n(c(=O)c1CCN1CCC(c3noc4cc(F)ccc34)CC1)CCCC2O,CCCCCCO,54595.09967701978,0.997840784066309
Cc1nc2n(c(=O)c1CCN1CCC(c3noc4cc(F)ccc34)CC1)CCCC2O,CCCCCO,52226.30184304344,0.998748906602883
Cc1nc2n(c(=O)c1CCN1CCC(c3noc4cc(F)ccc34)CC1)CCCC2O,CCCO,52844.860749079686,0.9982387815047472
Cc1nc2n(c(=O)c1CCN1CCC(c3noc4cc(F)ccc34)CC1)CCCC2O,CCCOC(C)=O,49732.42175178394,0.9999593307783634
Cc1nc2n(c(=O)c1CCN1CCC(c3noc4cc(F)ccc34)CC1)CCCC2O,CCOC(C)=O,48559.45848983168,0.999969345677914
Cc1nc2n(c(=O)c1CCN1CCC(c3noc4cc(F)ccc34)CC1)CCCC2O,CO,44833.99785359822,0.9998389980716316
Cc1ncc(CO)c(CO)c1O.Cl,CCO,24206.229018713697,0.9797479425837906
Cc1ncc(CO)c(CO)c1O.Cl,CO,18141.908975125127,0.997612543877944
Cc1ncc(CO)c(CO)c1O.Cl,O,21074.62630428288,0.9984526726839869
Cc1ncc(COP(=O)(O)O)c(C=O)c1O.O,CC(C)=O,43156.11369619048,0.997883464374441
Cc1ncc(COP(=O)(O)O)c(C=O)c1O.O,CC(C)O,24527.68537058221,0.9558183440662406
Cc1ncc(COP(=O)(O)O)c(C=O)c1O.O,CCO,19372.69750881517,0.9631027683296708
Cc1ncc(COP(=O)(O)O)c(C=O)c1O.O,CO,45584.774391425024,0.9973307405207446
Cc1ncc(COP(=O)(O)O)c(C=O)c1O.O,O,24033.913846945765,0.9917238983341986
Cc1ncc([N+](=O)[O-])n1CCO,CC(C)O,29898.679437749328,0.982434606253222
Cc1ncc([N+](=O)[O-])n1CCO,CCCCO,30878.422536484824,0.987743494375179
Cc1ncc([N+](=O)[O-])n1CCO,CCO,30427.46698895772,0.9839594326555942
Cc1ncc([N+](=O)[O-])n1CCO,CCOC(C)=O,34179.56468749023,0.9901666580856956
Cc1ncc([N+](=O)[O-])n1CCO,ClC(Cl)Cl,37610.87280296502,0.9869156177168332
Cc1nnc(C(C)C)n1C1C[C@H]2CC[C@@H](C1)N2CC[C@H](NC(=O)C1CCC(F)(F)CC1)c1ccccc1,CCC(C)=O,48698.42775951968,0.9990307377140324
Cc1nnc(C(C)C)n1C1C[C@H]2CC[C@@H](C1)N2CC[C@H](NC(=O)C1CCC(F)(F)CC1)c1ccccc1,CCCCO,48803.18409077439,0.9984030893784014
Cc1nnc(C(C)C)n1C1C[C@H]2CC[C@@H](C1)N2CC[C@H](NC(=O)C1CCC(F)(F)CC1)c1ccccc1,CCCO,48135.21131123718,0.9990157949480488
Cc1nnc(C(C)C)n1C1C[C@H]2CC[C@@H](C1)N2CC[C@H](NC(=O)C1CCC(F)(F)CC1)c1ccccc1,CCO,46765.26471122901,0.9983616405620508
Cc1nnc(C(C)C)n1C1C[C@H]2CC[C@@H](C1)N2CC[C@H](NC(=O)C1CCC(F)(F)CC1)c1ccccc1,CN(C)C=O,55270.90815782443,0.998824925813201
Cc1nnc(C(C)C)n1C1C[C@H]2CC[C@@H](C1)N2CC[C@H](NC(=O)C1CCC(F)(F)CC1)c1ccccc1,CS(C)=O,58703.89952883606,0.9985869355308636
Cc1nnc(C(C)C)n1C1C[C@H]2CC[C@@H](C1)N2CC[C@H](NC(=O)C1CCC(F)(F)CC1)c1ccccc1,O,51773.58973000949,0.9985125090803892
Cc1nnc(SCC2=C(C(=O)O)N3C(=O)[C@@H](NC(=O)Cn4cnnn4)[C@H]3SC2)s1,CO,16626.911501050414,0.9343379018660746
Cc1occc(=O)c1O,CC#N,32716.74393422024,0.993620894814731
Cc1occc(=O)c1O,CC(C)=O,24783.37991462537,0.994807938231268
Cc1occc(=O)c1O,CCC(C)O,37863.75026956383,0.9928387283800066
Cc1occc(=O)c1O,CCCCO,36285.10973024578,0.9982663497105946
Cc1occc(=O)c1O,CCCCOC(C)=O,29237.837900117043,0.9942248299716582
Cc1occc(=O)c1O,CCCO,34512.85399593292,0.9991978004106497
Cc1occc(=O)c1O,CCCOC(C)=O,26414.14422030805,0.9895847781026316
Cc1occc(=O)c1O,CCO,35385.61895849768,0.9883885124969264
Cc1occc(=O)c1O,CO,27087.254912022967,0.9952934045533935
Cc1occc(=O)c1O,ClCCCl,32018.98927051104,0.9977925596206642
Cl.Cl.Fc1ccc(C(c2ccc(F)cc2)N2CCN(C/C=C/c3ccccc3)CC2)cc1,CC(C)=O,32142.81025889552,0.9999106091599782
Cl.Cl.Fc1ccc(C(c2ccc(F)cc2)N2CCN(C/C=C/c3ccccc3)CC2)cc1,CC(C)CO,34813.270355074856,0.9998401881816916
Cl.Cl.Fc1ccc(C(c2ccc(F)cc2)N2CCN(C/C=C/c3ccccc3)CC2)cc1,CCCCO,35021.021072020914,0.9998734403810816
Cl.Cl.Fc1ccc(C(c2ccc(F)cc2)N2CCN(C/C=C/c3ccccc3)CC2)cc1,CCCO,31287.75371746432,0.99983784915879
Cl.Cl.Fc1ccc(C(c2ccc(F)cc2)N2CCN(C/C=C/c3ccccc3)CC2)cc1,CCO,31526.92740128624,0.999832168661158
Cl.Cl.Fc1ccc(C(c2ccc(F)cc2)N2CCN(C/C=C/c3ccccc3)CC2)cc1,CCOC(C)=O,33031.585712851826,0.999945017671376
Cl.Cl.Fc1ccc(C(c2ccc(F)cc2)N2CCN(C/C=C/c3ccccc3)CC2)cc1,CO,31800.103641257607,0.9998302383791016
Cl.Cl.Fc1ccc(C(c2ccc(F)cc2)N2CCN(C/C=C/c3ccccc3)CC2)cc1,COC(C)=O,33616.57203719193,0.9998933256997398
Cl.N=C(N)Nc1ccc(C(=O)O)cc1,CCCCO,15355.048194963429,0.9485957811170908
Cl.N=C(N)Nc1ccc(C(=O)O)cc1,CCCO,19301.941184903324,0.9937436638867144
Cl.N=C(N)Nc1ccc(C(=O)O)cc1,CCO,14501.124447787312,0.992164920744286
Cl.N=C(N)Nc1ccc(C(=O)O)cc1,CO,13817.324077589812,0.9990087622442894
Cl.N=C(N)Nc1ccc(C(=O)O)cc1,O,33136.147360347415,0.998118465248641
Cl.N=C(N=C(N)N)N1CCOCC1,CC#N,7855.249111817265,0.9869474530084908
Cl.N=C(N=C(N)N)N1CCOCC1,CC(C)=O,42534.239519161645,0.9987994946105136
Cl.N=C(N=C(N)N)N1CCOCC1,CC(C)CO,17681.115233818957,0.9717811786548812
Cl.N=C(N=C(N)N)N1CCOCC1,CC(C)O,17200.138181927912,0.9998624794221088
Cl.N=C(N=C(N)N)N1CCOCC1,CCC(C)O,15880.37363869982,0.9798667536885782
Cl.N=C(N=C(N)N)N1CCOCC1,CCCCCO,13099.721256508505,0.963962858888182
Cl.N=C(N=C(N)N)N1CCOCC1,CCCCO,18056.09436853015,0.9770005845208588
Cl.N=C(N=C(N)N)N1CCOCC1,CCOC(C)=O,12882.903542209093,0.9972029215297716
Cl.N=C(N=C(N)N)N1CCOCC1,CO,21282.883803649784,0.9729240428259214
Cl.N=C(N=C(N)N)N1CCOCC1,O,17207.475811499295,0.9903722325082656
Cl.NCCCC[C@H](N)C(=O)O,CCO,19310.82256090801,0.9895679114133872
Cl.NCCCC[C@H](N)C(=O)O,CO,20238.17279714228,0.9515109836853148
Cl.NCCCC[C@H](N)C(=O)O,CS(C)=O,18205.02824510293,0.9341830571866524
Cl.NCCCC[C@H](N)C(=O)O,O,14681.2798256222,0.9600431966696754
Cl.N[C@@H](Cc1ccccc1)C(=O)OCc1ccccc1,CC#N,65554.8092380489,0.9702435701352504
Cl.N[C@@H](Cc1ccccc1)C(=O)OCc1ccccc1,CC(C)=O,34401.13280983817,0.999225388583616
Cl.N[C@@H](Cc1ccccc1)C(=O)OCc1ccccc1,CC(C)CO,30771.537285285114,0.9796837640234948
Cl.N[C@@H](Cc1ccccc1)C(=O)OCc1ccccc1,CC(C)O,26858.038523667263,0.9979581109546528
Cl.N[C@@H](Cc1ccccc1)C(=O)OCc1ccccc1,CCCCO,22850.78958288097,0.9862111878020178
Cl.N[C@@H](Cc1ccccc1)C(=O)OCc1ccccc1,CCCO,21183.07231372228,0.986850892943788
Cl.N[C@@H](Cc1ccccc1)C(=O)OCc1ccccc1,CCOC(C)=O,41668.17011812474,0.9974927204170264
Cl.N[C@@H](Cc1ccccc1)C(=O)OCc1ccccc1,CO,13220.293643924611,0.9951505836259128
Cl.N[C@@H](Cc1ccccc1)C(=O)OCc1ccccc1,O,18888.44703463343,0.9870607933793184
Cl.Nc1ccccc1,CCCO,14796.533396061455,0.9995920872313988
Cl.Nc1ccccc1,CCO,13217.434280629284,0.999869620542706
Cl.Nc1ccccc1,CO,10322.040735699786,0.9990054850509325
Cl.c1ccc([C@H]2CN3CCSC3=N2)cc1,CC(C)CO,44280.02208943731,0.9982799840198348
Cl.c1ccc([C@H]2CN3CCSC3=N2)cc1,CC(C)O,32276.111043007968,0.9972979480229632
Cl.c1ccc([C@H]2CN3CCSC3=N2)cc1,CCC(C)O,26697.06290506628,0.9993858430949912
Cl.c1ccc([C@H]2CN3CCSC3=N2)cc1,CCCCCCO,36601.76585996708,0.9913781167508882
Cl.c1ccc([C@H]2CN3CCSC3=N2)cc1,CCCCCO,42677.45600060627,0.9956249574728432
Cl.c1ccc([C@H]2CN3CCSC3=N2)cc1,CCCCO,38632.01637940633,0.9996087354762908
Cl.c1ccc([C@H]2CN3CCSC3=N2)cc1,CCCO,26908.247498604305,0.9977267192768396
Cl.c1ccc([C@H]2CN3CCSC3=N2)cc1,CCO,25423.15129766937,0.9950036432211335
Cl.c1ccc([C@H]2CN3CCSC3=N2)cc1,CO,25350.678239133813,0.9997449548720724
Cl.c1ccc([C@H]2CN3CCSC3=N2)cc1,CS(C)=O,16296.949131089512,0.996061587598997
Cl.c1ccc([C@H]2CN3CCSC3=N2)cc1,O,20428.282676837025,0.9997624318671676
ClCc1ccc(Cl)nc1,CC(C)=O,25037.332680856936,0.9998030517427552
ClCc1ccc(Cl)nc1,CCO,31974.187898255,0.9993752408927856
ClCc1ccc(Cl)nc1,CCOC(C)=O,34178.369070051405,0.999768183297278
ClCc1ccc(Cl)nc1,ClC(Cl)Cl,44109.98549412209,0.9990972098206578
ClCc1ccc(Cl)nc1,O,16022.383442903523,0.9982137680511662
ClP1(Cl)=NP(Cl)(Cl)=NP(Cl)(Cl)=N1,C1CCOC1,18627.83791062327,0.998916327306104
ClP1(Cl)=NP(Cl)(Cl)=NP(Cl)(Cl)=N1,CC#N,39843.31547228488,0.9993700052592374
ClP1(Cl)=NP(Cl)(Cl)=NP(Cl)(Cl)=N1,CCCCCCC,52932.616567400735,0.998847232560638
ClP1(Cl)=NP(Cl)(Cl)=NP(Cl)(Cl)=N1,CCO,87958.06611823342,0.998148142489293
ClP1(Cl)=NP(Cl)(Cl)=NP(Cl)(Cl)=N1,CCOC(C)=O,29367.684671096067,0.9995526404487708
ClP1(Cl)=NP(Cl)(Cl)=NP(Cl)(Cl)=N1,CCOCC,26136.78109827039,0.9995551511347872
ClP1(Cl)=NP(Cl)(Cl)=NP(Cl)(Cl)=N1,CCOCCO,51931.15284551328,0.993190702952454
ClP1(Cl)=NP(Cl)(Cl)=NP(Cl)(Cl)=N1,ClCCl,24853.39573773825,0.9996711081828804
Clc1cc(Cl)c(OCCBr)c(Cl)c1,CC#N,27253.9595359111,0.9973520144694168
Clc1cc(Cl)c(OCCBr)c(Cl)c1,CC(C)=O,18421.50649051137,0.995391818631422
Clc1cc(Cl)c(OCCBr)c(Cl)c1,CC(C)O,26649.417916318864,0.9976606019282144
Clc1cc(Cl)c(OCCBr)c(Cl)c1,CCCO,10142.112704263787,0.9977494379168276
Clc1cc(Cl)c(OCCBr)c(Cl)c1,CCO,15485.499624599395,0.997213087064667
Clc1cc(Cl)c(OCCBr)c(Cl)c1,CO,33716.46129716313,0.997748252705792
Clc1cc(Cl)cc(Cl)c1,C1CCCCC1,43443.3667756772,0.9917923245282556
Clc1cc(Cl)cc(Cl)c1,CC(C)=O,30570.28206589472,0.996810915010949
Clc1cc(Cl)cc(Cl)c1,CC(C)CO,38648.73937385324,0.9981396597095372
Clc1cc(Cl)cc(Cl)c1,CC(C)O,39423.06647419031,0.998728321221126
Clc1cc(Cl)cc(Cl)c1,CCCCO,36144.00199354579,0.9985774066127272
Clc1cc(Cl)cc(Cl)c1,CCCO,37387.05948277802,0.9988321802624568
Clc1cc(Cl)cc(Cl)c1,CCOC(C)=O,30616.32447600258,0.9969771078845728
Clc1cc(Cl)cc(Cl)c1,Cc1ccccc1,35654.75465798987,0.9901325641288656
Clc1ccc(-c2c3nc(c(-c4ccc(Cl)cc4)c4ccc([nH]4)c(-c4ccc(Cl)cc4)c4nc(c(-c5ccc(Cl)cc5)c5ccc2[nH]5)C=C4)C=C3)cc1,CN(C)C=O,26116.6087354842,0.9901919920768804
Clc1ccc(COC(Cn2ccnc2)c2ccc(Cl)cc2Cl)cc1.O=[N+]([O-])O,C1COCCO1,30590.526677303675,0.9988692002849738
Clc1ccc(COC(Cn2ccnc2)c2ccc(Cl)cc2Cl)cc1.O=[N+]([O-])O,CO,27431.27882157992,0.9991760256430828
Clc1ccc(COC(Cn2ccnc2)c2ccc(Cl)cc2Cl)cc1.O=[N+]([O-])O,O,22600.75389401676,0.9967320166179718
Clc1ccc(NC2=NCCC3(CCCCC3)S2)cc1,CCCCCC,34452.2933418835,0.9992724696253548
Clc1ccc(OCCCBr)cc1,CCO,44172.65590610266,0.9810078645116964
Clc1ccc(SSc2ccc(Cl)cc2)cc1,CCOC(C)=O,97738.74096457208,0.9843884567284852
Clc1ccc(SSc2ccc(Cl)cc2)cc1,CO,185125.4129631024,0.9839410629332916
Clc1ccc(SSc2ccc(Cl)cc2)cc1,Cc1ccccc1,96336.3989926197,0.9903727406825296
Clc1ccc(SSc2ccc(Cl)cc2)cc1,ClC(Cl)Cl,69111.27710129588,0.9993787655491267
Clc1ccc2c(Cl)ccnc2c1,C1CCOC1,18232.78393123337,0.9303546456448096
Clc1ccc2c(Cl)ccnc2c1,CC#N,76935.51824788246,0.996623879611782
Clc1ccc2c(Cl)ccnc2c1,CC(C)=O,18585.14280527497,0.938287601988846
Clc1ccc2c(Cl)ccnc2c1,CCO,76950.05501276285,0.9972225415688808
Clc1ccc2c(Cl)ccnc2c1,O,12191.160883827615,0.929502723075837
Clc1ccc2c(c1)Nc1ccccc1S2,CC#N,17515.284815108003,0.9995986140300956
Clc1ccc2c(c1)Nc1ccccc1S2,CCC(C)=O,17773.34695040437,0.9991564676938174
Clc1ccc2c(c1)Nc1ccccc1S2,CCCCO,14299.175311975,0.9996800010575084
Clc1ccc2c(c1)Nc1ccccc1S2,CCCO,11826.626311791912,0.9995015671448294
Clc1ccc2c(c1)Nc1ccccc1S2,CCO,11258.58711478392,0.998719263159046
Clc1ccc2c(c1)Nc1ccccc1S2,CCOC(C)=O,29909.94953860961,0.9997542381015336
Clc1ccc2c(c1)Nc1ccccc1S2,CO,11414.993488736056,0.9993541795133852
Clc1ccccc1C(c1ccccc1)(c1ccccc1)n1ccnc1,C1COCCO1,19432.608072863688,0.9997526853371234
Clc1ccccc1C(c1ccccc1)(c1ccccc1)n1ccnc1,CC#N,25942.67346496844,0.9997987948221976
Clc1ccccc1C(c1ccccc1)(c1ccccc1)n1ccnc1,CC(C)CCO,31903.89986070761,0.9991501838846482
Clc1ccccc1C(c1ccccc1)(c1ccccc1)n1ccnc1,CC(C)CO,33143.68757131048,0.9994220010842088
Clc1ccccc1C(c1ccccc1)(c1ccccc1)n1ccnc1,CC(C)O,28765.536133705824,0.9059462690909004
Clc1ccccc1C(c1ccccc1)(c1ccccc1)n1ccnc1,CCC(C)O,36002.96616693592,0.9993323953677162
Clc1ccccc1C(c1ccccc1)(c1ccccc1)n1ccnc1,CCCCCC,26353.015236422463,0.9998678614407976
Clc1ccccc1C(c1ccccc1)(c1ccccc1)n1ccnc1,CCCCCCCCO,32156.817545412407,0.9982487548097704
Clc1ccccc1C(c1ccccc1)(c1ccccc1)n1ccnc1,CCCCCCCO,35197.90727994546,0.997573697769159
Clc1ccccc1C(c1ccccc1)(c1ccccc1)n1ccnc1,CCCCCO,31176.518929244263,0.999805986384484
Clc1ccccc1C(c1ccccc1)(c1ccccc1)n1ccnc1,CCCCO,32230.61326447605,0.9991888642387692
Clc1ccccc1C(c1ccccc1)(c1ccccc1)n1ccnc1,CCCCOC(C)=O,26122.83090215989,0.9975310347481472
Clc1ccccc1C(c1ccccc1)(c1ccccc1)n1ccnc1,CCCO,28108.093557783308,0.9723353934933396
Clc1ccccc1C(c1ccccc1)(c1ccccc1)n1ccnc1,CCOC(C)=O,25109.75332267397,0.998913122545136
Clc1ccccc1C(c1ccccc1)(c1ccccc1)n1ccnc1,COC(C)=O,26874.29724734388,0.99864912124233
Clc1cccnc1Cl,C1CCCCC1,45611.97001358333,0.997882667252912
Clc1cccnc1Cl,C1COCCO1,34665.188036677755,0.9944446174714154
Clc1cccnc1Cl,CC(C)CO,40350.20794130036,0.9953136584665548
Clc1cccnc1Cl,CC(C)O,41135.35830316636,0.9948240738597088
Clc1cccnc1Cl,CCCCCC,43635.88084245227,0.9983578209057996
Clc1cccnc1Cl,CCCCO,37588.27613696021,0.9950678387037936
Clc1cccnc1Cl,CCCCOC(C)=O,28517.70205445622,0.9918632677598336
Clc1cccnc1Cl,CCCO,38840.77872201376,0.9959718909612856
Clc1cccnc1Cl,CCO,39229.04955231859,0.9984805677784564
Clc1cccnc1Cl,CCOC(C)=O,28818.400090387466,0.993348738772306
Clc1cccnc1Cl,CO,49464.194598268485,0.997937421243424
Clc1cccnc1Cl,COC(C)=O,29326.23380039351,0.997016964773898
Clc1cccnc1Cl,ClCCl,24902.5908107023,0.9913718451870296
Clc1ncnc2[nH]ccc12,C1CCOC1,12024.27025755686,0.9991069623499
Clc1ncnc2[nH]ccc12,CC#N,27865.893407824584,0.9998844310385157
Clc1ncnc2[nH]ccc12,CC(C)=O,16427.52940612145,0.9997459636652332
Clc1ncnc2[nH]ccc12,CCCCCC,32971.4221523582,0.99987536324919
Clc1ncnc2[nH]ccc12,CCCCO,17378.329693675758,0.9998105462983012
Clc1ncnc2[nH]ccc12,CCO,20057.404898140103,0.999664176162744
Clc1ncnc2[nH]ccc12,CCOC(C)=O,16748.255275325777,0.9999728821215512
Clc1ncnc2[nH]ccc12,CO,23174.994385409635,0.9999921259023524
Clc1ncnc2nc[nH]c12,CC(=O)N(C)C,32008.62653707345,0.9994397621067
Clc1ncnc2nc[nH]c12,CCO,22968.80947408125,0.9999363636597152
Clc1ncnc2nc[nH]c12,CN(C)C=O,22496.71162724591,0.9996781294236672
Clc1ncnc2nc[nH]c12,CO,20852.79321477642,0.9999708603492898
Clc1ncnc2nc[nH]c12,O,11248.099181698888,0.9995685806525572
Cn1[nH]c(=O)c(=O)[nH]c1=S,CC(C)O,24307.25323004249,0.9996493833373848
Cn1[nH]c(=O)c(=O)[nH]c1=S,CCCCO,19591.702660767645,0.9976705176590388
Cn1[nH]c(=O)c(=O)[nH]c1=S,CCCO,19561.22458349009,0.997455218547072
Cn1[nH]c(=O)c(=O)[nH]c1=S,CCOC(C)=O,10113.935473691698,0.995802560439292
Cn1[nH]c(=O)c(=O)[nH]c1=S,O,28389.092505553224,0.9950005093856784
Cn1c(=O)c2[nH]cnc2n(C)c1=O,CC(C)=O,18139.688490485787,0.9883517470944972
Cn1c(=O)c2[nH]cnc2n(C)c1=O,CCCCCCCCO,51426.83739299711,0.9684597822494369
Cn1c(=O)c2[nH]cnc2n(C)c1=O,CO,30987.6261224361,0.9857212164969532
Cn1c(=O)c2c(ncn2C)n(C)c1=O,CC(C)=O,23768.604008867616,0.9961985587763048
Cn1c(=O)c2c(ncn2C)n(C)c1=O,CC(C)O,27157.09129684784,0.9520740808754474
Cn1c(=O)c2c(ncn2C)n(C)c1=O,CC(O)CO,75173.94486586757,0.9276588634098558
Cn1c(=O)c2c(ncn2C)n(C)c1=O,CCCO,33152.507504781024,0.9339899706754382
Cn1c(=O)c2c(ncn2C)n(C)c1=O,CCOC(C)=O,23600.65020302345,0.9956118892889362
Cn1c(=O)c2c(ncn2C)n(C)c1=O,CCOCCOCCO,12258.552625805272,0.9917517714887314
Cn1c(=O)c2c(ncn2C)n(C)c1=O,CN1CCCC1=O,12582.10997955627,0.9936754612781934
Cn1c(=O)c2c(ncn2C)n(C)c1=O,OCCO,31776.21501972186,0.990643031835042
Cn1c(=O)c2c(ncn2CC2OCCO2)n(C)c1=O,C1CCOC1,26279.270458146028,0.9955940688509002
Cn1c(=O)c2c(ncn2CC2OCCO2)n(C)c1=O,CC#N,27422.69870151604,0.979860076968893
Cn1c(=O)c2c(ncn2CC2OCCO2)n(C)c1=O,CCC(C)=O,27201.55701499548,0.999614471393325
Cn1c(=O)c2c(ncn2CC2OCCO2)n(C)c1=O,CCC(C)O,42024.44150785232,0.9996171159938386
Cn1c(=O)c2c(ncn2CC2OCCO2)n(C)c1=O,CCCCCO,51411.20323513673,0.9994781145463636
Cn1c(=O)c2c(ncn2CC2OCCO2)n(C)c1=O,CCCCO,53366.18858891499,0.9962092015476212
Cn1c(=O)c2c(ncn2CC2OCCO2)n(C)c1=O,CCCCOC(C)=O,27286.7400872106,0.9988908296786264
Cn1c(=O)c2c(ncn2CC2OCCO2)n(C)c1=O,CCCOC(C)=O,26288.816699071536,0.9990498230082504
Cn1c(=O)c2c(ncn2CC2OCCO2)n(C)c1=O,CO,33484.414831306814,0.96563192429125
Cn1c(=O)c2c(ncn2CC2OCCO2)n(C)c1=O,O,30193.974028793527,0.9927173826932476
Cn1c(=O)c2c(ncn2CC2OCCO2)n(C)c1=O,O=C1CCCCC1,32450.64788885662,0.9992039856145613
Cn1c(=O)c2c(ncn2CC2OCCO2)n(C)c1=O,c1ccccc1,24085.89728097606,0.9964227050694476
Cn1c(=O)c2c(ncn2CCO)n(C)c1=O,CCCCCCCCO,55376.845620517845,0.9883067943788896
Cn1c(=O)c2c(ncn2CCO)n(C)c1=O,CCO,64019.68166586879,0.9953297477028248
Cn1c(=O)c2c(ncn2CCO)n(C)c1=O,O,50959.04862984884,0.973260881790866
Cn1c(=O)cc(N2CCC[C@@H](N)C2)n(Cc2ccccc2C#N)c1=O.O=C(O)c1ccccc1,CC#N,34565.85546975803,0.9986505224337252
Cn1c(=O)cc(N2CCC[C@@H](N)C2)n(Cc2ccccc2C#N)c1=O.O=C(O)c1ccccc1,CC(C)=O,16057.601493680631,0.9998263761420374
Cn1c(=O)cc(N2CCC[C@@H](N)C2)n(Cc2ccccc2C#N)c1=O.O=C(O)c1ccccc1,CC(C)O,51530.32913799791,0.999661187829466
Cn1c(=O)cc(N2CCC[C@@H](N)C2)n(Cc2ccccc2C#N)c1=O.O=C(O)c1ccccc1,CCCO,42230.9415448343,0.999860140991764
Cn1c(=O)cc(N2CCC[C@@H](N)C2)n(Cc2ccccc2C#N)c1=O.O=C(O)c1ccccc1,CCO,28554.96739406972,0.9998806124232296
Cn1c(=O)cc(N2CCC[C@@H](N)C2)n(Cc2ccccc2C#N)c1=O.O=C(O)c1ccccc1,CN(C)C=O,24588.94036131221,0.9999746998353384
Cn1c(=O)cc(N2CCC[C@@H](N)C2)n(Cc2ccccc2C#N)c1=O.O=C(O)c1ccccc1,O,12398.249923163032,0.9994333743718976
Cn1c([N+](=O)[O-])cnc1N1CCN(S(C)(=O)=O)C1=O,C1COCCO1,31497.323967046315,0.9973594948176536
Cn1c([N+](=O)[O-])cnc1N1CCN(S(C)(=O)=O)C1=O,CC(=O)N(C)C,38556.97267048765,0.9992099552897088
Cn1c([N+](=O)[O-])cnc1N1CCN(S(C)(=O)=O)C1=O,CC(O)CO,68054.65262390027,0.9988392752024444
Cn1c([N+](=O)[O-])cnc1N1CCN(S(C)(=O)=O)C1=O,CCCO,31772.73066515625,0.9989938548708638
Cn1c([N+](=O)[O-])cnc1N1CCN(S(C)(=O)=O)C1=O,CN(C)C=O,36658.59093592076,0.9971619098980512
Cn1c([N+](=O)[O-])cnc1N1CCN(S(C)(=O)=O)C1=O,CO,21986.31346593081,0.9907479847497812
Cn1c([N+](=O)[O-])cnc1N1CCN(S(C)(=O)=O)C1=O,NC=O,34337.09433797998,0.9939037465227684
Cn1c([N+](=O)[O-])cnc1N1CCN(S(C)(=O)=O)C1=O,O,21356.46440704488,0.989336792820704
Cn1c([N+](=O)[O-])cnc1N1CCN(S(C)(=O)=O)C1=O,OCCO,69502.90489467418,0.9992983807211452
Cn1cc([N+](=O)[O-])cn1,CC#N,24442.43490397161,0.9909738907327152
Cn1cc([N+](=O)[O-])cn1,CC(=O)O,32022.304806631048,0.9888346550216812
Cn1cc([N+](=O)[O-])cn1,CC(C)=O,39073.87726004231,0.991049569139805
Cn1cc([N+](=O)[O-])cn1,CC(C)O,32017.165690946364,0.999814516621181
Cn1cc([N+](=O)[O-])cn1,CCC(C)=O,21395.159627862155,0.9886026493365936
Cn1cc([N+](=O)[O-])cn1,CCCCCO,22641.79118959797,0.990251588890638
Cn1cc([N+](=O)[O-])cn1,CCCCO,38103.308411907805,0.9966074724801512
Cn1cc([N+](=O)[O-])cn1,CCCO,18075.292360656265,0.9958460318140668
Cn1cc([N+](=O)[O-])cn1,CCOC(C)=O,18063.824406774933,0.9989580060269422
Cn1cc([N+](=O)[O-])cn1,CO,14441.807596444942,0.9954988540641287
Cn1cc([N+](=O)[O-])cn1,COC(C)=O,22286.25636213071,0.9989092474677332
Cn1cc([N+](=O)[O-])cn1,Cc1ccccc1,25395.13455555683,0.990469507523044
Cn1cc[n+](CCCC[n+]2ccn(C)c2)c1.F[P-](F)(F)(F)(F)F.F[P-](F)(F)(F)(F)F,O,41883.30829579812,0.9961693485445108
Cn1cc[n+](CCCC[n+]2ccn(C)c2)c1.F[P-](F)(F)(F)(F)F.F[P-](F)(F)(F)(F)F,O=C1CCCCC1,47882.63240359716,0.9895235159180727
Cn1cc[n+](CCC[n+]2ccn(C)c2)c1.F[P-](F)(F)(F)(F)F.F[P-](F)(F)(F)(F)F,CCC(C)=O,19506.94301381516,0.9898173643300032
Cn1cc[n+](CCC[n+]2ccn(C)c2)c1.F[P-](F)(F)(F)(F)F.F[P-](F)(F)(F)(F)F,O,47579.90808924718,0.9998655025017438
Cn1cc[nH]c1=S,C1CCOC1,22574.94291704133,0.9972784972028774
Cn1cc[nH]c1=S,C1COCCO1,26297.921056689927,0.9988158441557728
Cn1cc[nH]c1=S,CC(C)=O,26972.5150793862,0.999797462780454
Cn1cc[nH]c1=S,CC(C)CO,31215.858563476697,0.9989490578242686
Cn1cc[nH]c1=S,CCCCO,35623.42873981498,0.9994896312380008
Cn1cc[nH]c1=S,CCCO,27615.135063131704,0.9991915801426988
Cn1cc[nH]c1=S,CCO,31986.848150748163,0.9990462419556124
Cn1cc[nH]c1=S,CCOC(C)=O,15646.555896913263,0.9966668428002932
Cn1cc[nH]c1=S,CO,29865.82644109666,0.9963302350948584
Cn1cc[nH]c1=S,COC(C)=O,22162.898523894328,0.997225450052413
Cn1cnc([N+](=O)[O-])c1Cl,C1COCCO1,23739.715792003964,0.9953798444058656
Cn1cnc([N+](=O)[O-])c1Cl,CC(C)=O,27267.76609005084,0.9998486670768554
Cn1cnc([N+](=O)[O-])c1Cl,CC(C)O,35285.1816557768,0.995999193671985
Cn1cnc([N+](=O)[O-])c1Cl,CCC(C)=O,26902.242019872807,0.9999190512740314
Cn1cnc([N+](=O)[O-])c1Cl,CCCO,30335.94967835805,0.9971798847603506
Cn1cnc([N+](=O)[O-])c1Cl,CCO,26622.5237594342,0.9990501885259482
Cn1cnc([N+](=O)[O-])c1Cl,CCOC(C)=O,23032.920966449783,0.9996295015565548
Cn1cnc([N+](=O)[O-])c1Cl,CN1CCCC1=O,13055.530414792358,0.9967184342081872
Cn1cnc([N+](=O)[O-])c1Cl,CO,24816.41886504264,0.998383234270994
Cn1cnc([N+](=O)[O-])c1Cl,Cc1ccccc1,26486.06170361821,0.9974598558799164
Cn1cnc2c1c(=O)[nH]c(=O)n2C,CC(C)=O,28399.86828937067,0.994339260545519
Cn1cnc2c1c(=O)[nH]c(=O)n2C,CCO,40450.22086792319,0.9921898193116796
Cn1cnc2c1c(=O)[nH]c(=O)n2C,CCOC(C)=O,29156.065391622426,0.998774730467269
Cn1cnc2c1c(=O)[nH]c(=O)n2C,CO,33707.5389300332,0.9982987670545374
Cn1nc([N+](=O)[O-])c([N+](=O)[O-])c1[N+](=O)[O-],C1CCOC1,65836.90355580607,0.9954819567231746
Cn1nc([N+](=O)[O-])c([N+](=O)[O-])c1[N+](=O)[O-],CCO,50295.99106275983,0.997591129470141
Cn1nc([N+](=O)[O-])c([N+](=O)[O-])c1[N+](=O)[O-],CCOC(C)=O,29943.15379092012,0.9915941731042678
Cn1nc([N+](=O)[O-])c([N+](=O)[O-])c1[N+](=O)[O-],CO,29523.4925179246,0.995410505962612
Cn1nc([N+](=O)[O-])c([N+](=O)[O-])c1[N+](=O)[O-],Cc1ccccc1,37351.32559139995,0.9915816448579136
Cn1nc([N+](=O)[O-])c([N+](=O)[O-])c1[N+](=O)[O-],ClCCCl,17956.22620936573,0.9900804796577428
Cn1nc([N+](=O)[O-])c([N+](=O)[O-])c1[N+](=O)[O-],O=CO,18844.690612147897,0.9977590404270328
Cn1nc([N+](=O)[O-])c([N+](=O)[O-])c1[N+](=O)[O-],c1ccccc1,36872.18951701967,0.9995881068183956
Cn1nccc1O,CC(C)CO,24605.073384450785,0.998824029194461
Cn1nccc1O,CCC(C)O,21704.93354819633,0.998358200682446
Cn1nccc1O,CCCCCOC(C)=O,32109.2679341172,0.9991398814944455
Cn1nccc1O,CCCCO,22179.905034629843,0.9984212105057956
Cn1nccc1O,CCCCOC(C)=O,52140.938669026495,0.9991367476040848
Cn1nccc1O,CCCO,23048.54642660101,0.9978691555409024
Cn1nccc1O,CCCOC(C)=O,68747.94576336842,0.9991224380779316
Cn1nccc1O,CCO,22959.78407288176,0.9995732070239722
Cn1nccc1O,CCOC(C)=O,75623.9769910844,0.999477879854634
Cn1nccc1O,CO,26561.646954022654,0.9977606686992184
Cn1nccc1O,COC(C)=O,25715.280815345388,0.9991833391313828
Cn1nnc2c(C(N)=O)ncn2c1=O,CC(C)O,29165.56701036496,0.9992267993756204
Cn1nnc2c(C(N)=O)ncn2c1=O,CCCO,28569.84779578332,0.9996355803862232
Cn1nnc2c(C(N)=O)ncn2c1=O,CCOC(C)=O,23397.472932169578,0.999287023144376
Cn1nnc2c(C(N)=O)ncn2c1=O,CO,24047.20970388732,0.99828652615586
FC(F)(F)c1ccc(N=C2SCC3CCCN2C3)cc1,CCCCCC,20513.934652124328,0.9980082229045404
FC(F)(F)c1ccc(NC2=NCCC3(CCCCC3)S2)cc1,CCCCCC,31739.437410656657,0.9896567762817357
FC(F)(F)c1cccnc1Cl,CCCCO,37279.9039248749,0.9897203947453236
FC(F)(F)c1cccnc1Cl,CCCO,56007.17096986682,0.9826149788970286
FC(F)(F)c1cccnc1Cl,CCO,66225.49232727598,0.9215689698216186
FC(F)(F)c1cccnc1Cl,CCOC(C)=O,36455.45639695663,0.9580989541115114
FC(F)(F)c1cccnc1Cl,Cc1ccccc1,51295.03530397497,0.9467913399608916
FC(F)(F)c1cccnc1Cl,ClCCl,41568.82048990319,0.973277809333002
F[B-](F)(F)F.c1ccc2sc[nH+]c2c1,CC(C)CO,39993.666930948144,0.9227909122430898
F[B-](F)(F)F.c1ccc2sc[nH+]c2c1,CC(C)O,32579.26050064578,0.9611883360529924
F[B-](F)(F)F.c1ccc2sc[nH+]c2c1,CCCCO,37929.17141646582,0.9364877676768572
F[B-](F)(F)F.c1ccc2sc[nH+]c2c1,CCCO,33312.35453133866,0.9489810335383824
F[B-](F)(F)F.c1ccc2sc[nH+]c2c1,CO,38395.32007912246,0.993102207776976
Fc1c(I)c(F)c(I)c(F)c1I,C1COCCO1,21779.18379328549,0.9976296577618408
Fc1c(I)c(F)c(I)c(F)c1I,CC#N,16058.29915998589,0.9914715416694146
Fc1c(I)c(F)c(I)c(F)c1I,CC(C)=O,45376.690223884834,0.9573567874940434
Fc1c(I)c(F)c(I)c(F)c1I,CC(C)O,24968.134434638745,0.971782993993264
Fc1c(I)c(F)c(I)c(F)c1I,CCCCCC,17542.01552616902,0.9952282535599506
Fc1c(I)c(F)c(I)c(F)c1I,CCCO,20398.038883271536,0.988338097107827
Fc1c(I)c(F)c(I)c(F)c1I,CCO,22762.945048195503,0.977488199809352
Fc1c(I)c(F)c(I)c(F)c1I,CCOC(C)=O,23547.251942393912,0.9585675305636168
Fc1c(I)c(F)c(I)c(F)c1I,ClCCCl,47229.59509059118,0.9263485426484532
Fc1ccc(N=C2SCC3CCCN2C3)cc1,CCCCCC,29137.18287200077,0.9993305288493068
Fc1ccc(N=C2SCC3CCCN2C3)cc1,CCCCCCCCO,29861.52286981108,0.9984988570686356
Fc1ccc(N=C2[Se]CC3CCCN2C3)cc1,CCCCCC,7139.903590886124,0.9952673080516456
N#CC(c1ccc(Cl)cc1)c1c(Cl)cc(-n2ncc(=O)[nH]c2=O)cc1Cl,CC#N,22531.063013782743,0.99994430931903
N#CC(c1ccc(Cl)cc1)c1c(Cl)cc(-n2ncc(=O)[nH]c2=O)cc1Cl,CC(C)=O,20346.79782877809,0.9998642118489888
N#CC(c1ccc(Cl)cc1)c1c(Cl)cc(-n2ncc(=O)[nH]c2=O)cc1Cl,CCCO,28417.057743863115,0.9998955017613264
N#CC(c1ccc(Cl)cc1)c1c(Cl)cc(-n2ncc(=O)[nH]c2=O)cc1Cl,CCOC(C)=O,26458.857253524187,0.999975923889608
N#CC(c1ccc(Cl)cc1)c1c(Cl)cc(-n2ncc(=O)[nH]c2=O)cc1Cl,CN(C)C=O,13647.435804734778,0.9998059467551452
N#CC(c1ccc(Cl)cc1)c1c(Cl)cc(-n2ncc(=O)[nH]c2=O)cc1Cl,CO,21219.22888604613,0.9998967296183212
N#CC(c1ccc(Cl)cc1)c1c(Cl)cc(-n2ncc(=O)[nH]c2=O)cc1Cl,Cc1ccccc1,43362.20610462492,0.9997762375065772
N#CCC(N)=O,C1CCOC1,17306.658897349247,0.9989603625777124
N#CCC(N)=O,C1COCCO1,29719.52387690821,0.9984183400987696
N#CCC(N)=O,CC#N,26207.90450258205,0.998457878221056
N#CCC(N)=O,CC(C)=O,21949.083865929195,0.9974029234722956
N#CCC(N)=O,CCCCO,27958.82044317115,0.9988502649372214
N#CCC(N)=O,CCO,29492.05927770628,0.9968176725848432
N#CCC(N)=O,CN(C)C=O,8793.893693883936,0.9758106035523572
N#CCC(N)=O,CO,27360.23784217906,0.9987741256239214
N#CCC(N)=O,ClCCl,23743.33857650488,0.9997232195809136
N#CCNC(=O)c1cnccc1C(F)(F)F,C1COCCO1,26370.655493718696,0.9997292828510366
N#CCNC(=O)c1cnccc1C(F)(F)F,CC#N,25144.725126549736,0.9988267182458456
N#CCNC(=O)c1cnccc1C(F)(F)F,CC(C)=O,19309.71270590419,0.9977431805135836
N#CCNC(=O)c1cnccc1C(F)(F)F,CC(C)CO,37080.97342379276,0.9999822846650992
N#CCNC(=O)c1cnccc1C(F)(F)F,CC(C)O,37127.11198489778,0.9996260951213716
N#CCNC(=O)c1cnccc1C(F)(F)F,CCCCO,32413.772848701698,0.9996345984221008
N#CCNC(=O)c1cnccc1C(F)(F)F,CCCCOC(C)=O,23773.7396767777,0.9997188001532206
N#CCNC(=O)c1cnccc1C(F)(F)F,CCCO,34894.19051376785,0.9991085901930268
N#CCNC(=O)c1cnccc1C(F)(F)F,CCOC(C)=O,22840.03092686233,0.999669798369564
N#CCc1ccc([N+](=O)[O-])cc1,C1CCCCC1,33493.67742540826,0.9944549202767748
N#CCc1ccc([N+](=O)[O-])cc1,C1COCCO1,36004.763660710174,0.9978915369440085
N#CCc1ccc([N+](=O)[O-])cc1,CC(=O)O,26263.44322002576,0.998939594932562
N#CCc1ccc([N+](=O)[O-])cc1,CC(C)=O,20898.394629028666,0.9975281877853106
N#CCc1ccc([N+](=O)[O-])cc1,CC(C)CO,37891.22832438635,0.9981769165192708
N#CCc1ccc([N+](=O)[O-])cc1,CC(C)O,37595.97637293511,0.9988756831750066
N#CCc1ccc([N+](=O)[O-])cc1,CCC(C)=O,23310.80049634186,0.9966508999757312
N#CCc1ccc([N+](=O)[O-])cc1,CCCCO,35871.486319386175,0.9956824689364012
N#CCc1ccc([N+](=O)[O-])cc1,CCCO,35415.69580970174,0.9967595213230848
N#CCc1ccc([N+](=O)[O-])cc1,CCO,31478.29556662109,0.9984764004185736
N#CCc1ccc([N+](=O)[O-])cc1,CCOC(C)=O,12256.554348883905,0.9859681843280574
N#CCc1ccc([N+](=O)[O-])cc1,Cc1ccccc1,28965.753257864308,0.9962817919843756
N#CCc1ccc([N+](=O)[O-])cc1,O,30658.31828816973,0.9978030551763292
N#CCc1ccccc1[N+](=O)[O-],C1CCCCC1,35668.401625880324,0.9875082359612232
N#CCc1ccccc1[N+](=O)[O-],C1COCCO1,19255.913337757425,0.9475256535880378
N#CCc1ccccc1[N+](=O)[O-],CC#N,29921.117585602224,0.9795322335297816
N#CCc1ccccc1[N+](=O)[O-],CC(=O)O,36757.22335890112,0.9907972594577896
N#CCc1ccccc1[N+](=O)[O-],CC(C)=O,27662.37758467996,0.9870920885838164
N#CCc1ccccc1[N+](=O)[O-],CCC(C)=O,30287.651811216685,0.9855747758309928
N#CCc1ccccc1[N+](=O)[O-],CCCO,39625.86535869182,0.9971425613490148
N#CCc1ccccc1[N+](=O)[O-],CCO,41804.11945328804,0.9916580117178244
N#CCc1ccccc1[N+](=O)[O-],CCOC(C)=O,23009.492606437583,0.9729196276530476
N#CCc1ccccc1[N+](=O)[O-],CO,40452.605740302846,0.9953864465473222
N#CCc1ccccc1[N+](=O)[O-],Cc1ccccc1,40609.15237352801,0.9917415785328628
N#CCc1ccccc1[N+](=O)[O-],O,30440.48337147304,0.997490976583227
N#CN=C(N)N,CC#N,15391.878499779084,0.9390447910288678
N#CN=C(N)N,CC(C)=O,16619.739947301394,0.94070818264009
N#CN=C(N)N,CCO,16862.277078333867,0.9494817151784962
N#CN=C(N)N,CN(C)C=O,3211.268091312473,0.9499565888051856
N#CNC(=N)N,CN(C)C=O,8236.806300606831,0.9899120672227696
N#CNC(=N)N,O,36147.082384124056,0.9987628134402212
N#CNC(=N)N,OCCO,31734.095337902607,0.9972630545010596
N#C[S-].[NH4+],CC(C)=O,39680.04332811977,0.9859239797909796
N#C[S-].[NH4+],CCO,7589.802419787548,0.99464485574097
N#C[S-].[NH4+],CO,9930.13065316452,0.97890021240715
N#C[S-].[NH4+],O,13859.482011871743,0.9888985617587528
N#Cc1c(Cl)c(Cl)c(Cl)c(Cl)c1C#N,C1CCOC1,20143.027359998112,0.9958516313919984
N#Cc1c(Cl)c(Cl)c(Cl)c(Cl)c1C#N,CC#N,26479.057143018003,0.9924189964122142
N#Cc1c(Cl)c(Cl)c(Cl)c(Cl)c1C#N,CC(=O)CC(C)C,23760.91965549953,0.987995640541422
N#Cc1c(Cl)c(Cl)c(Cl)c(Cl)c1C#N,CC(=O)N(C)C,16620.553160009396,0.9982765097409256
N#Cc1c(Cl)c(Cl)c(Cl)c(Cl)c1C#N,CC(C)=O,22987.67032214633,0.9908934834038352
N#Cc1c(Cl)c(Cl)c(Cl)c(Cl)c1C#N,CCCOC(C)=O,21193.43000093265,0.995572997660149
N#Cc1c(Cl)c(Cl)c(Cl)c(Cl)c1C#N,CCOC(C)=O,21310.51041199367,0.9927874194538516
N#Cc1c(Cl)c(Cl)c(Cl)c(Cl)c1C#N,CN(C)C=O,17672.076648892707,0.9927079709759778
N#Cc1c(Cl)c(Cl)c(Cl)c(Cl)c1C#N,O=C1CCCCC1,21869.39496446316,0.990194048137822
N#Cc1ccc(C(=O)O)cc1,CCO,27340.925455125223,0.9789136725366934
N#Cc1ccc(C(c2ccc(C#N)cc2)n2cncn2)cc1,C1CCOC1,15037.037475720208,0.9999995132051808
N#Cc1ccc(C(c2ccc(C#N)cc2)n2cncn2)cc1,CC#N,24803.208041411937,0.9999987779067456
N#Cc1ccc(C(c2ccc(C#N)cc2)n2cncn2)cc1,CCCO,36185.7171335009,0.999999322827978
N#Cc1ccc(C(c2ccc(C#N)cc2)n2cncn2)cc1,CCO,33371.764102835376,0.9999980517875
N#Cc1ccc(C(c2ccc(C#N)cc2)n2cncn2)cc1,COC(C)=O,16378.614136954438,0.9999965018150678
N#Cc1ccc(N=C2SCC3CCCN2C3)cc1,CCCCCCCCO,28822.46998115733,0.9992316350637164
N#Cc1ccc(NS(=O)(=O)c2ccc(N)cc2)cc1,O,44856.08481935029,0.9982709242727515
N#Cc1ccc([N+](=O)[O-])cc1,CC(C)O,30448.53855818267,0.9979927640988118
N#Cc1ccc([N+](=O)[O-])cc1,CCCO,28762.10824228012,0.9985974676846356
N#Cc1ccc([N+](=O)[O-])cc1,CCO,27702.56521119045,0.9989944800235118
N#Cc1ccc([N+](=O)[O-])cc1,CO,26341.85273645448,0.9974196016953104
N#Cc1ccc2c(c1)OCO2,C1COCCO1,24968.11380255649,0.9948413457792608
N#Cc1ccc2c(c1)OCO2,CC(=O)OC(C)C,27048.961438502432,0.9984711675407738
N#Cc1ccc2c(c1)OCO2,CC(C)=O,24585.11036247088,0.9964375520604428
N#Cc1ccc2c(c1)OCO2,CC(C)O,36956.77889155447,0.9956594884983564
N#Cc1ccc2c(c1)OCO2,CCCO,37228.099299327005,0.9944480690503592
N#Cc1ccc2c(c1)OCO2,CCCOC(C)=O,26398.559193397447,0.9971703411936316
N#Cc1ccc2c(c1)OCO2,CCO,34163.56988306587,0.995259968400477
N#Cc1ccc2c(c1)OCO2,CCOC(C)=O,25279.57549504112,0.9970762105944494
N#Cc1ccc2c(c1)OCO2,CN(C)C=O,20591.00689175293,0.9937790921962508
N#Cc1ccc2c(c1)OCO2,CO,33488.81289303319,0.9936815069134112
N#Cc1ccc2c(c1)OCO2,COC(C)=O,24889.192115076345,0.9972793116330168
N#Cc1ccc2c(c1)OCO2,COCCO,27035.66421401217,0.9978401493568384
N#Cc1cccc([N+](=O)[O-])c1,CC#N,28095.21492636372,0.9972081944731352
N#Cc1cccc([N+](=O)[O-])c1,CC(=O)O,21940.837293786222,0.9945353273303508
N#Cc1cccc([N+](=O)[O-])c1,CC(C)=O,23258.68324175533,0.9988701346126372
N#Cc1cccc([N+](=O)[O-])c1,CC(C)CO,31857.50884573132,0.9996306545635658
N#Cc1cccc([N+](=O)[O-])c1,CC(C)O,34486.720427960594,0.99889268250235
N#Cc1cccc([N+](=O)[O-])c1,CCCCO,31260.56491472391,0.9970212230917158
N#Cc1cccc([N+](=O)[O-])c1,CCCO,30732.58139626405,0.9990081647759624
N#Cc1cccc([N+](=O)[O-])c1,CCOC(C)=O,34635.9861404322,0.9984594807026084
N#Cc1cccc([N+](=O)[O-])c1,CO,28065.63950312228,0.9997159386778642
N#Cc1cccc([N+](=O)[O-])c1C#N,CC(C)CO,24046.32473147031,0.9790322540412228
N#Cc1cccc([N+](=O)[O-])c1C#N,CC(C)O,27426.006786329748,0.9998021802733088
N#Cc1cccc([N+](=O)[O-])c1C#N,CCCCO,26462.131161404774,0.9972007994218494
N#Cc1cccc([N+](=O)[O-])c1C#N,CCCO,26246.474071249668,0.9998894571268524
N#Cc1cccc([N+](=O)[O-])c1C#N,CCOC(C)=O,20682.59183822059,0.9997759325278026
N#Cc1cccc([N+](=O)[O-])c1C#N,CO,21860.46563605399,0.9998890229314557
N#Cc1cccc([N+](=O)[O-])c1C#N,Cc1ccccc1,27619.5549275859,0.9997412932434888
N#Cc1cccc([N+](=O)[O-])c1C#N,O,28682.97953055657,0.9997377610604132
N#Cc1cccc([N+](=O)[O-])c1C#N,OCCO,25407.195555473627,0.99970069325326
N#Cc1ccccc1-c1ccc(CBr)cc1,CC(C)=O,24899.899672673404,0.994548121523156
N#Cc1ccccc1-c1ccc(CBr)cc1,CCCO,38133.58085117654,0.9955711423309256
N#Cc1cccnc1,CC(C)=O,35045.66339734616,0.9610709988860384
N#Cc1cccnc1,CC(C)CO,56297.82329512747,0.994885854953047
N#Cc1cccnc1,CCCCO,56243.915110583366,0.9952616631485132
N#Cc1cccnc1,CCCO,51919.138471425744,0.9978946234867732
N#Cc1cccnc1,CCO,52014.43582146491,0.9974033130707242
N#Cc1cccnc1,CCOC(C)=O,35600.2526871611,0.9586980675279492
N#Cc1cccnc1,ClC(Cl)(Cl)Cl,71836.68500391433,0.9923569395215543
N#Cc1ccncc1,CC(C)CO,49495.460170342674,0.9939512695597618
N#Cc1ccncc1,CCCCO,47866.3682846202,0.9892566989653472
N#Cc1ccncc1,CCCO,40436.42741035552,0.9950814883994454
N#Cc1ccncc1,CCO,52880.9767374576,0.9904320914178756
N#Cc1ccncc1,CCOC(C)=O,25758.470694694664,0.9961420659326784
N#Cc1ccncc1,CO,39597.04955213791,0.9871458567050156
N#Cc1ccncc1,ClC(Cl)(Cl)Cl,45555.35298036847,0.984222243626632
N#Cc1ccncc1,O,28438.66365947156,0.9999492126010134
N=C(N)N.O=[N+]([O-])O,CC(C)=O,84856.10735749785,0.997300054574955
N=C(N)N.O=[N+]([O-])O,CCCO,38291.28708441686,0.9966181516664244
N=C(N)N.O=[N+]([O-])O,CCO,22666.981290381944,0.9993566627565096
N=C(N)N.O=[N+]([O-])O,CO,23251.050919330773,0.9995984920086444
N=C(N)N.O=[N+]([O-])O,O,24759.66366880236,0.9995311501419848
N=C(N)NC(N)=S,C1CCCCC1,24827.93056113585,0.9978914539890134
N=C(N)NC(N)=S,C1COCCO1,24719.010648138395,0.999923186281452
N=C(N)NC(N)=S,CC(C)=O,23917.432500010585,0.9998044568624987
N=C(N)NC(N)=S,CC(C)O,35571.421688950504,0.9988788952675234
N=C(N)NC(N)=S,CCCO,25158.3633179156,0.9992736404317968
N=C(N)NC(N)=S,CCO,20920.530036996766,0.9997280823803492
N=C(N)NC(N)=S,CCOC(C)=O,28917.25715697577,0.9982751258172746
N=C(N)NC(N)=S,CN1CCCC1=O,25693.99212868413,0.999348408460594
N=C(N)NC(N)=S,Cc1ccccc1,11601.921845100656,0.997699897086011
N=C(N)NCCC[C@H](N)C(=O)O.O=C1CC[C@@H](C(=O)O)N1,CC#N,47508.42939476811,0.9960418766232674
N=C(N)NCCC[C@H](N)C(=O)O.O=C1CC[C@@H](C(=O)O)N1,CC(C)=O,25887.013303309435,0.9942499835506452
N=C(N)NCCC[C@H](N)C(=O)O.O=C1CC[C@@H](C(=O)O)N1,CCCCCC,37793.408394251455,0.9768862615174122
N=C(N)NCCC[C@H](N)C(=O)O.O=C1CC[C@@H](C(=O)O)N1,CCO,15470.90472740167,0.9957849387854067
N=C(N)NCCC[C@H](N)C(=O)O.O=C1CC[C@@H](C(=O)O)N1,CO,25793.409354539992,0.9776020362209868
N=C(N)NCCC[C@H](N)C(=O)O.O=C1CC[C@@H](C(=O)O)N1,O,20757.053429156844,0.9986048725362584
N=C(Nc1ccccc1)Nc1ccccc1,CC(C)=O,21220.86945755618,0.999876696214977
N=C(Nc1ccccc1)Nc1ccccc1,CC(C)CO,22565.448126345364,0.9980767765672884
N=C(Nc1ccccc1)Nc1ccccc1,CCCCO,20253.70396000113,0.9998991570399054
N=C(Nc1ccccc1)Nc1ccccc1,CCCO,21721.296840153074,0.9984960168279674
N=C(Nc1ccccc1)Nc1ccccc1,CCO,21432.45369178279,0.9985170845727376
N=C(Nc1ccccc1)Nc1ccccc1,CCOC(C)=O,19105.279253812645,0.9998673634118918
N=C(Nc1ccccc1)Nc1ccccc1,Cc1ccccc1,30742.30964694516,0.999100561418774
N=c1nc(N2CCCCC2)cc(N)n1O,CC(C)O,18874.92421012956,0.999484471120311
N=c1nc(N2CCCCC2)cc(N)n1O,CC(O)CO,16150.090459027766,0.9888513399695532
N=c1nc(N2CCCCC2)cc(N)n1O,CCCCO,17623.77000043582,0.9991857037403632
N=c1nc(N2CCCCC2)cc(N)n1O,CCCO,17043.909616516827,0.9982128377802856
N=c1nc(N2CCCCC2)cc(N)n1O,CCO,16378.907281245594,0.9969251876267105
N=c1nc(N2CCCCC2)cc(N)n1O,CO,13574.871420516503,0.9899361392771936
NC(=NCCCCCCN=C(N)/N=C(\N)Nc1ccc(Cl)cc1)/N=C(\N)Nc1ccc(Cl)cc1,CN(C)C=O,23363.89185132788,0.999831417417457
NC(=NCCCCCCN=C(N)/N=C(\N)Nc1ccc(Cl)cc1)/N=C(\N)Nc1ccc(Cl)cc1,CO,17445.918500141703,0.9996817248730516
NC(=NCCCCCCN=C(N)/N=C(\N)Nc1ccc(Cl)cc1)/N=C(\N)Nc1ccc(Cl)cc1,O,45671.483795961525,0.9999763781900056
NC(=O)CC[C@H](N)C(=O)O,CC#N,35567.302527386564,0.9129363197045464
NC(=O)CC[C@H](N)C(=O)O,CCC(C)=O,18457.6866296322,0.9952492772683132
NC(=O)CC[C@H](N)C(=O)O,CCC(C)O,41152.427910042345,0.9474320149648336
NC(=O)CC[C@H](N)C(=O)O,CCCCCC,29568.9439094341,0.9515988477949796
NC(=O)CC[C@H](N)C(=O)O,CCCCCO,40212.31839528106,0.9902468395618153
NC(=O)CC[C@H](N)C(=O)O,CCCCO,22563.095527959435,0.9837398433348484
NC(=O)CC[C@H](N)C(=O)O,CCCO,29904.093442746576,0.9857221672799226
NC(=O)CC[C@H](N)C(=O)O,CCO,13408.409316787978,0.9986772563229944
NC(=O)CC[C@H](N)C(=O)O,CCOC(C)=O,56154.60590619456,0.9211690698142956
NC(=O)CC[C@H](N)C(=O)O,CO,25143.852482839902,0.9786908282151592
NC(=O)CC[C@H](N)C(=O)O,O,22222.056836991826,0.9815250689624962
NC(=O)CS(=O)C(c1ccccc1)c1ccccc1,CC#N,45769.06784828984,0.996989120414934
NC(=O)CS(=O)C(c1ccccc1)c1ccccc1,CC(C)=O,23281.998150682102,0.997260844058506
NC(=O)CS(=O)C(c1ccccc1)c1ccccc1,CC(C)O,34961.68334883287,0.98956753016129
NC(=O)CS(=O)C(c1ccccc1)c1ccccc1,CCC(C)=O,25521.327801635427,0.9966322729352928
NC(=O)CS(=O)C(c1ccccc1)c1ccccc1,CCCO,33591.30158650605,0.9966732249877872
NC(=O)CS(=O)C(c1ccccc1)c1ccccc1,CN(C)C=O,12801.590391881871,0.998993344040464
NC(=O)CS(=O)C(c1ccccc1)c1ccccc1,CO,27924.807576914787,0.9950557037954116
NC(=O)C[C@H](N)C(=O)O.O,CC(C)CO,37691.88446505786,0.9999149467818316
NC(=O)C[C@H](N)C(=O)O.O,CC(C)O,38777.2447781715,0.9994400754928384
NC(=O)C[C@H](N)C(=O)O.O,CCCCO,37483.64669911157,0.999884188896439
NC(=O)C[C@H](N)C(=O)O.O,CCCCOC(C)=O,35665.75230775428,0.9999607679597932
NC(=O)C[C@H](N)C(=O)O.O,CCCO,38959.25565433129,0.999997964709519
NC(=O)C[C@H](N)C(=O)O.O,CCCOC(C)=O,36319.71941890344,0.999905540396044
NC(=O)C[C@H](N)C(=O)O.O,CCO,37881.44672976858,0.9999987268523084
NC(=O)C[C@H](N)C(=O)O.O,CCOC(C)=O,37352.865881539954,0.9998414992121548
NC(=O)C[C@H](N)C(=O)O.O,COC(C)=O,36263.02029162802,0.9999703980885836
NC(=O)C[C@H](N)C(=O)O.O,O,30925.397640293537,0.9999098075168524
NC(=O)C[C@H](NC(=O)OCc1ccccc1)C(=O)O,C1COCCO1,21130.466889750885,0.9938542798349268
NC(=O)C[C@H](NC(=O)OCc1ccccc1)C(=O)O,CC#N,41011.09185844908,0.945551611808187
NC(=O)C[C@H](NC(=O)OCc1ccccc1)C(=O)O,CC(C)=O,22588.65141668853,0.9428361803941098
NC(=O)C[C@H](NC(=O)OCc1ccccc1)C(=O)O,CC(C)CO,61187.68341788495,0.9945931811205774
NC(=O)C[C@H](NC(=O)OCc1ccccc1)C(=O)O,CCC(C)=O,23913.7494853181,0.9872010533712456
NC(=O)C[C@H](NC(=O)OCc1ccccc1)C(=O)O,CCCCCO,32698.28057683789,0.9946552441552228
NC(=O)C[C@H](NC(=O)OCc1ccccc1)C(=O)O,CCCCO,38351.98910310044,0.9972376914369672
NC(=O)C[C@H](NC(=O)OCc1ccccc1)C(=O)O,CCCO,34579.843939522085,0.9980973712815469
NC(=O)C[C@H](NC(=O)OCc1ccccc1)C(=O)O,CCO,48279.335890614886,0.9632693028841172
NC(=O)C[C@H](NC(=O)OCc1ccccc1)C(=O)O,CO,29162.65169557499,0.9868036594229797
NC(=O)Cc1ccc(O)cc1,CC(C)O,27437.162982612947,0.9982918935294304
NC(=O)Cc1ccc(O)cc1,CCCCCC,44965.82793253711,0.9920195645463746
NC(=O)Cc1ccc(O)cc1,CCCCO,26735.50234740856,0.9994204556906552
NC(=O)Cc1ccc(O)cc1,CCCCOC(C)=O,23121.34574724963,0.9954213715630048
NC(=O)Cc1ccc(O)cc1,CCCO,25890.110963175262,0.996876540194104
NC(=O)Cc1ccc(O)cc1,CCO,24974.43790431777,0.9977310742702784
NC(=O)Cc1ccc(O)cc1,CCOC(C)=O,28299.02793736555,0.9974445610275524
NC(=O)Cc1ccc(O)cc1,CO,19720.58171613992,0.9977065256286444
NC(=O)Cc1ccc(O)cc1,COC(C)=O,21446.439500968045,0.9975261463583448
NC(=O)Cc1ccccc1,C1CCOC1,21689.63851587481,0.9933700512263371
NC(=O)Cc1ccccc1,CC#N,27153.00228721254,0.9937898394959276
NC(=O)Cc1ccccc1,CC(C)CCO,26254.26137754737,0.995302755259438
NC(=O)Cc1ccccc1,CC(C)CO,26536.40938025346,0.9981070428028072
NC(=O)Cc1ccccc1,CC(C)O,26190.51174591184,0.9989430982257322
NC(=O)Cc1ccccc1,CCCCO,24430.176440927746,0.9983860198029028
NC(=O)Cc1ccccc1,CCCO,24949.151265933386,0.9977241731730916
NC(=O)Cc1ccccc1,COC(C)=O,24230.80310377636,0.9934907712148368
NC(=O)N/N=C/c1ccc([N+](=O)[O-])o1,CC#N,25848.653324183728,0.993089682176002
NC(=O)N/N=C/c1ccc([N+](=O)[O-])o1,CC(C)=O,17796.570633714768,0.9972739007965384
NC(=O)N/N=C/c1ccc([N+](=O)[O-])o1,CCO,27479.01112827161,0.9906926437140322
NC(=O)N/N=C/c1ccc([N+](=O)[O-])o1,CO,23462.471855806445,0.9950044031753302
NC(=O)N/N=C/c1ccc([N+](=O)[O-])o1,NC=O,17985.990819158655,0.933643430223913
NC(=O)N1c2ccccc2C=Cc2ccccc21,C1COCCO1,34081.29362482393,0.9962430696316495
NC(=O)N1c2ccccc2C=Cc2ccccc21,COC(C)=O,17291.56425537496,0.9964066884574656
NC(=O)N1c2ccccc2C=Cc2ccccc21,Cc1ccccc1,43522.82501140533,0.9897654039552696
NC(=O)N1c2ccccc2C=Cc2ccccc21,ClC(Cl)Cl,7534.9713921335,0.978589333003349
NC(=O)N1c2ccccc2C=Cc2ccccc21,OCCO,38582.14140813722,0.9939147713882196
NC(=O)N1c2ccccc2CC(=O)c2ccccc21,C1CCOC1,14238.767965599434,0.9722187215029175
NC(=O)N1c2ccccc2CC(=O)c2ccccc21,CC(C)=O,18857.754722361773,0.9912909242614676
NC(=O)N1c2ccccc2CC(=O)c2ccccc21,CC(C)O,35741.3276425429,0.971556553207545
NC(=O)N1c2ccccc2CC(=O)c2ccccc21,CCCCO,32285.25962983084,0.9808457111695292
NC(=O)N1c2ccccc2CC(=O)c2ccccc21,CCCO,33186.51468851686,0.9877008984191844
NC(=O)N1c2ccccc2CC(=O)c2ccccc21,CCO,29380.03857643501,0.9879420469745988
NC(=O)N1c2ccccc2CC(=O)c2ccccc21,CCOCCOCCO,5577.622853618712,0.9999618209166854
NC(=O)N1c2ccccc2CC(=O)c2ccccc21,CO,26367.15143305908,0.995424985051162
NC(=O)N1c2ccccc2CC(=O)c2ccccc21,O,10295.981679928693,0.9997399415295992
NC(=O)Nc1ccccc1,C1COCCO1,31820.61425484908,0.9931311390615434
NC(=O)Nc1ccccc1,CC#N,31759.80178197514,0.9919670467039986
NC(=O)Nc1ccccc1,CCCO,24911.58501722589,0.9995501390405174
NC(=O)Nc1ccccc1,CCO,24454.85659460384,0.998890479664638
NC(=O)Nc1ccccc1,CCOC(C)=O,28600.340095507927,0.997996984959818
NC(=O)Nc1ccccc1,CN(C)C=O,8744.973469626953,0.97245158210974
NC(=O)Nc1ccccc1,CN1CCCC1=O,21158.8246409508,0.9989619568150392
NC(=O)Nc1ccccc1,CO,23668.305409493176,0.9989859037934284
NC(=O)Nc1ccccc1,CS(C)=O,9695.3513465367,0.9689070648181954
NC(=O)Nc1ccccc1,ClCCCl,37774.08451437866,0.9982806763896382
NC(=O)Nc1ccccc1,O,31211.36621744488,0.998646115934546
NC(=O)Nc1ccccc1,OCCO,21596.22539217008,0.9991490548234816
NC(=O)[C@@H]1CCCN1,C1CCOC1,33654.755132313585,0.9815442993941532
NC(=O)[C@@H]1CCCN1,CC#N,17106.55116567267,0.995412348525761
NC(=O)[C@@H]1CCCN1,CC(C)=O,25193.24849585908,0.998900936930132
NC(=O)[C@@H]1CCCN1,CC(C)O,36793.248847998606,0.9921164919927764
NC(=O)[C@@H]1CCCN1,CCCCCC,59182.62406225725,0.9991307666209018
NC(=O)[C@@H]1CCCN1,CCCCCCC,45459.036573580765,0.9996375199381904
NC(=O)[C@@H]1CCCN1,CCCO,35735.64113227061,0.9857940381351042
NC(=O)[C@@H]1CCCN1,CCOC(C)=O,42023.974148614674,0.9985217318218697
NC(=O)[C@@H]1CCCN1,CN(C)C=O,40008.05655552256,0.999522442857949
NC(=O)c1c(F)c(F)c(F)c(F)c1F,O,47522.97670984304,0.9852899539464408
NC(=O)c1ccc(N)cc1,CC#N,23231.946960765235,0.9560559807865908
NC(=O)c1ccc(N)cc1,CC(C)CO,12480.09540647068,0.9671251424600682
NC(=O)c1ccc(N)cc1,CCCCO,12688.541942284106,0.979637752899176
NC(=O)c1ccc(N)cc1,CCCCOC(C)=O,28898.043769063745,0.9908668556054973
NC(=O)c1ccc(N)cc1,CCCO,21075.27319675022,0.9546980363550982
NC(=O)c1ccc(N)cc1,CCO,18306.53341856124,0.965618866535744
NC(=O)c1ccc(N)cc1,CCOC(C)=O,29572.796450723697,0.982032897460109
NC(=O)c1ccc(N)cc1,CO,18845.000653186245,0.985268567840714
NC(=O)c1ccc(N)cc1,COC(C)=O,16040.046925003822,0.9892117444689912
NC(=O)c1ccc([N+](=O)[O-])cc1,CC#N,30601.914406366133,0.9994204725594156
NC(=O)c1ccc([N+](=O)[O-])cc1,CC(C)CO,31268.660852971163,0.9987880013255804
NC(=O)c1ccc([N+](=O)[O-])cc1,CC(C)O,28578.110961338098,0.9991205619833284
NC(=O)c1ccc([N+](=O)[O-])cc1,CCCCO,32540.69676299454,0.9989027430733062
NC(=O)c1ccc([N+](=O)[O-])cc1,CCO,29416.944063498744,0.9990158701063654
NC(=O)c1ccc([N+](=O)[O-])cc1,CN(C)C=O,24749.36291275234,0.9979030643686008
NC(=O)c1ccc([N+](=O)[O-])cc1,CN1CCCC1=O,26206.28281102572,0.99591671561412
NC(=O)c1ccc([N+](=O)[O-])cc1,CS(C)=O,28605.54226477384,0.9965111491163904
NC(=O)c1ccc([N+](=O)[O-])cc1,OCCO,26243.97641492004,0.9990322983502026
NC(=O)c1ccccc1,CC(C)CO,25097.288134714247,0.9915978793779914
NC(=O)c1ccccc1,CCCCOC(C)=O,21078.010007727764,0.9964699930369928
NC(=O)c1ccccc1,CCO,24617.35526340868,0.9944433826553926
NC(=O)c1ccccc1,CCOC(C)=O,23543.36763773753,0.9954474156057403
NC(=O)c1ccccc1,CO,23282.98684361001,0.992781635279956
NC(=O)c1ccccc1,COC(C)=O,26295.89077010289,0.9987808630716642
NC(=O)c1ccccc1N,C1CCOC1,7123.860714647434,0.9856242889393
NC(=O)c1ccccc1N,CC#N,44662.33279407779,0.9987748567570756
NC(=O)c1ccccc1N,CC(C)=O,15467.714638881953,0.978712761449546
NC(=O)c1ccccc1N,CC(C)CCO,26048.245795812632,0.9880554422080406
NC(=O)c1ccccc1N,CC(C)O,25671.51977308525,0.9972108997463782
NC(=O)c1ccccc1N,CCCCCCCCO,21410.14244425283,0.9874965268051444
NC(=O)c1ccccc1N,CCCCO,23152.08299693376,0.9972980515313268
NC(=O)c1ccccc1N,CCCO,25307.43755369772,0.9920785898763174
NC(=O)c1ccccc1N,CCO,23871.263757028897,0.9924323559982032
NC(=O)c1ccccc1N,COC(C)=O,18959.49486511914,0.9886523526742524
NC(=O)c1ccccc1O,CC#N,19254.99657817265,0.9981342649682222
NC(=O)c1ccccc1O,CC(C)=O,10308.195422784378,0.9988158375306582
NC(=O)c1ccccc1O,CCOC(C)=O,11266.9903791998,0.9974263986601296
NC(=O)c1ccccn1,C1COCCO1,32660.392495094933,0.9973859947314708
NC(=O)c1ccccn1,Cc1ccccc1,44552.03650118951,0.9978375997653048
NC(=O)c1cccnc1,CC(C)=O,26733.65509579948,0.9971940062242098
NC(=O)c1cccnc1,CC(C)CO,23743.120621405324,0.9936822641086248
NC(=O)c1cccnc1,CCCCOC(C)=O,11423.205524348656,0.9213022112909938
NC(=O)c1cccnc1,CCCO,27747.78560043955,0.9980430981814904
NC(=O)c1cccnc1,CO,26064.64725365974,0.9969470128241882
NC(=O)c1cccnc1,COC(C)=O,20197.8355187374,0.9951315576869912
NC(=O)c1cccnc1Cl,C1COCCO1,29127.405921227284,0.9988339034322948
NC(=O)c1cccnc1Cl,CC(=O)N(C)C,11503.14174539213,0.9988274961387802
NC(=O)c1cccnc1Cl,CCO,29213.824932633088,0.998206031284494
NC(=O)c1cccnc1Cl,CCOCCO,26396.67391433434,0.99929044229132
NC(=O)c1cccnc1Cl,CN(C)C=O,13320.257556144688,0.9980803251718038
NC(=O)c1cccnc1Cl,CO,23974.14238406208,0.998782782029979
NC(=O)c1cccnc1Cl,COC(C)=O,28409.978563111552,0.9986303085412068
NC(=O)c1cccnc1Cl,COCCO,24025.939804859783,0.9994091928037286
NC(=O)c1cccnc1Cl,O,31148.81027718776,0.998903638413476
NC(=O)c1cccnc1Cl,OCCO,27379.469112650448,0.999075702181626
NC(=O)c1ccncc1,C1CCOC1,19080.838687753407,0.9980082720813817
NC(=O)c1ccncc1,C1COCCO1,28692.28578544069,0.9927292536892308
NC(=O)c1ccncc1,CC#N,28693.62284313182,0.9988538109823228
NC(=O)c1ccncc1,CC(=O)N(C)C,19560.084730363706,0.9985064473145924
NC(=O)c1ccncc1,CC(=O)OC(C)C,24262.21713237118,0.9734073893634868
NC(=O)c1ccncc1,CC(C)=O,24521.514275121484,0.9980356320096267
NC(=O)c1ccncc1,CC(C)O,23788.94771364653,0.9924145988562242
NC(=O)c1ccncc1,CCCCCO,21909.022875041694,0.982674262258362
NC(=O)c1ccncc1,CCCO,20560.518911501484,0.9878131794009072
NC(=O)c1ccncc1,CCCOC(C)=O,27695.037645900244,0.9933437705500084
NC(=O)c1ccncc1,CCO,23266.08447145889,0.9913530190366776
NC(=O)c1ccncc1,CCOC(C)=O,34045.33607690166,0.9880849060240888
NC(=O)c1ccncc1,CN(C)C=O,11762.196551307348,0.9930633979392184
NC(=O)c1ccncc1,CO,21766.546020340986,0.9952328937934024
NC(=O)c1ccncc1,COC(C)=O,29427.70869590314,0.9970020040667108
NC(=O)c1cnccn1,C1COCCO1,26991.499581653563,0.9943207039015324
NC(=O)c1cnccn1,CC#N,26008.624593847893,0.99609683129071
NC(=O)c1cnccn1,CC(C)=O,23868.76227100081,0.9826481895323436
NC(=O)c1cnccn1,CC(C)O,38044.53196115626,0.9934724826386828
NC(=O)c1cnccn1,CCC(C)O,41414.77545581754,0.9985773525469248
NC(=O)c1cnccn1,CCCCO,36337.90536319383,0.9973273446875882
NC(=O)c1cnccn1,CCCO,35615.12793443531,0.99458473573646
NC(=O)c1cnccn1,CCOC(C)=O,24355.13194020792,0.9943026647429056
NC(=O)c1cnccn1,CO,28115.86725142517,0.9983098304711456
NC(=O)c1cnccn1,O,28886.276373112967,0.9983887597966484
NC(=O)c1nc(F)cnc1O,CC#N,9494.010338710368,0.9650021455240224
NC(=O)c1nc(F)cnc1O,CC(C)=O,13348.36318132712,0.99003810932043
NC(=O)c1nc(F)cnc1O,CC(C)O,11949.628073788115,0.9668334625804474
NC(=O)c1nc(F)cnc1O,CCCCO,13739.88766598029,0.9966081264084496
NC(=O)c1nc(F)cnc1O,CCCCOC(C)=O,13379.84049040654,0.9884452832635192
NC(=O)c1nc(F)cnc1O,CCCO,14128.468231884688,0.9888562664541456
NC(=O)c1nc(F)cnc1O,CCO,14438.33390149022,0.9909744258361042
NC(=O)c1nc(F)cnc1O,CCOC(C)=O,10691.108621040898,0.9892228033307592
NC(=O)c1nc(F)cnc1O,CN(C)C=O,18148.70379997623,0.971328718482008
NC(=O)c1nc(F)cnc1O,COC(C)=O,11289.523558011046,0.9468956928205184
NC(=O)c1nc(F)cnc1O,ClCCl,14394.034121805827,0.9587023890286388
NC(=O)c1ncn([C@@H]2O[C@H](CO)[C@@H](O)[C@H]2O)n1,C1COCCO1,48637.412193994525,0.9999791496003488
NC(=O)c1ncn([C@@H]2O[C@H](CO)[C@@H](O)[C@H]2O)n1,CC#N,51222.332242251934,0.9998685689887654
NC(=O)c1ncn([C@@H]2O[C@H](CO)[C@@H](O)[C@H]2O)n1,CC(C)=O,26516.61761861235,0.9975633797858032
NC(=O)c1ncn([C@@H]2O[C@H](CO)[C@@H](O)[C@H]2O)n1,CCC(C)O,19372.815983426684,0.9749443009901824
NC(=O)c1ncn([C@@H]2O[C@H](CO)[C@@H](O)[C@H]2O)n1,CCO,41122.909810066994,0.997715793104204
NC(=O)c1ncn([C@@H]2O[C@H](CO)[C@@H](O)[C@H]2O)n1,CS(C)=O,22667.093791548006,0.993198389989882
NC(=O)c1ncn([C@@H]2O[C@H](CO)[C@@H](O)[C@H]2O)n1,O,29177.30884334973,0.9239046582184904
NC(=O)c1ncn([C@@H]2O[C@H](CO)[C@@H](O)[C@H]2O)n1,O=CO,24005.750750117728,0.9933525640002736
NC(=S)c1ccccn1,CCCCCC,35589.93651289504,0.9985778710070464
NC(=S)c1ccncc1,CCCCCCCCO,28342.2980983107,0.9994468867729412
NC(CO)(CO)CO,CCCO,30677.42578577654,0.988412193746334
NC(CO)(CO)CO,CO,26257.24324144396,0.9875992644794456
NC(CO)(CO)CO,O,15960.977409519584,0.9972465355625268
NC(Cc1ccc(O)cc1)C(=O)O,CN(C)C=O,29381.69092348545,0.992520712429819
NC(Cc1ccc(O)cc1)C(=O)O,O,24335.42419216506,0.9974093463825856
NC(N)=C([N+](=O)[O-])[N+](=O)[O-],C1COCCO1,24304.843769427986,0.9745333251513514
NC(N)=C([N+](=O)[O-])[N+](=O)[O-],CC(=O)CC(C)C,14089.257666906133,0.992867932580144
NC(N)=C([N+](=O)[O-])[N+](=O)[O-],CCC(C)=O,11983.298225309978,0.9984468210782772
NC(N)=C([N+](=O)[O-])[N+](=O)[O-],CCOC(C)=O,25287.249055357428,0.9772328759641412
NC(N)=C([N+](=O)[O-])[N+](=O)[O-],CN(C)C=O,7381.314466558521,0.9859543968245322
NC(N)=C([N+](=O)[O-])[N+](=O)[O-],CN1CCCC1=O,4715.438920544322,0.9634560179811892
NC(N)=C([N+](=O)[O-])[N+](=O)[O-],CS(C)=O,4813.693276100644,0.9242947788881704
NC(N)=C([N+](=O)[O-])[N+](=O)[O-],O=C1CCCC1,11039.729122418226,0.9983140485288856
NC(N)=C([N+](=O)[O-])[N+](=O)[O-],O=C1CCCCC1,18691.71366373728,0.9776945751603484
NC(N)=C([N+](=O)[O-])[N+](=O)[O-],O=C1CCCO1,23104.25061313734,0.9953780533337924
NC(N)=NC(N)=NCCc1ccccc1,C1COCCO1,29815.948129434662,0.9995400409938282
NC(N)=NC(N)=NCCc1ccccc1,CC#N,27840.535286511607,0.9997251307669552
NC(N)=NC(N)=NCCc1ccccc1,CC(C)CO,26657.58294667944,0.9994753501943164
NC(N)=NC(N)=NCCc1ccccc1,CC(C)O,25395.562610691555,0.9993192495299612
NC(N)=NC(N)=NCCc1ccccc1,CCCCO,25736.4570668305,0.998388025627094
NC(N)=NC(N)=NCCc1ccccc1,CCO,24596.522041135144,0.9997928911199028
NC(N)=NC(N)=NCCc1ccccc1,CCOC(C)=O,24251.51831581303,0.9995234147624198
NC(N)=NC(N)=NCCc1ccccc1,CO,23221.433429874527,0.9967765775430552
NC(N)=NC(N)=NCCc1ccccc1,CS(C)=O,27466.67966438376,0.9977546008195332
NC(N)=NC(N)=NCCc1ccccc1,O,27478.72996944337,0.9993429820334216
NC(N)=NCCC[C@H](N)C(=O)O.O=C(O)CCC(=O)C(=O)O,C1COCCO1,20856.22006534967,0.9650755504999684
NC(N)=NCCC[C@H](N)C(=O)O.O=C(O)CCC(=O)C(=O)O,CC#N,12099.938629800035,0.9651375724699944
NC(N)=NCCC[C@H](N)C(=O)O.O=C(O)CCC(=O)C(=O)O,CC(C)=O,28824.15723506448,0.9390124879721176
NC(N)=NCCC[C@H](N)C(=O)O.O=C(O)CCC(=O)C(=O)O,CC(C)O,12341.15198488996,0.986323347615392
NC(N)=NCCC[C@H](N)C(=O)O.O=C(O)CCC(=O)C(=O)O,CCC(C)=O,26734.91230544925,0.9958530742328714
NC(N)=NCCC[C@H](N)C(=O)O.O=C(O)CCC(=O)C(=O)O,CCO,11383.89865306109,0.9778032226185452
NC(N)=NCCC[C@H](N)C(=O)O.O=C(O)CCC(=O)C(=O)O,CCOC(C)=O,17711.538719801774,0.9611105093540908
NC(N)=NCCC[C@H](N)C(=O)O.O=C(O)CCC(=O)C(=O)O,CO,8381.813005656006,0.9869786773607068
NC(N)=NCCC[C@H](N)C(=O)O.O=C(O)CCC(=O)C(=O)O,O,27309.3842762591,0.9902073126883184
NC(N)=NCCC[C@H](NC(=O)OCc1ccccc1)C(=O)O,CC(C)=O,22903.925106411258,0.9477647577006292
NC(N)=NCCC[C@H](NC(=O)OCc1ccccc1)C(=O)O,CC(C)O,24069.444813845075,0.9727127727762293
NC(N)=NCCC[C@H](NC(=O)OCc1ccccc1)C(=O)O,CCC(C)=O,11842.19529808171,0.994028051130551
NC(N)=NCCC[C@H](NC(=O)OCc1ccccc1)C(=O)O,CCCCCC,17088.640077771455,0.9690813626198036
NC(N)=NCCC[C@H](NC(=O)OCc1ccccc1)C(=O)O,CCCCO,24465.6161796842,0.9811231423241176
NC(N)=NCCC[C@H](NC(=O)OCc1ccccc1)C(=O)O,CCO,28405.14505936293,0.9837615405291512
NC(N)=NCCC[C@H](NC(=O)OCc1ccccc1)C(=O)O,CCOC(C)=O,12621.159752516274,0.9827358930354252
NC(N)=NCCC[C@H](NC(=O)OCc1ccccc1)C(=O)O,CO,27981.545989909908,0.9831327681352052
NC(N)=NCCC[C@H](NC(=O)OCc1ccccc1)C(=O)O,ClCCl,37562.74878965117,0.9975159463338928
NC(N)=NCCC[C@H](NC(=O)OCc1ccccc1)C(=O)O,O,30728.853665689672,0.991758641877288
NC(N)=O,CC(C)CCO,19638.7574084236,0.9842677725427512
NC(N)=O,CC(C)CO,18666.31068240752,0.9837663198658054
NC(N)=O,CC(C)O,16483.186507386414,0.997852961642804
NC(N)=O,CCCCO,18680.207251281707,0.999300651771295
NC(N)=O,CCO,24321.27534301995,0.999145978783758
NC(N)=O,O,15101.706007267594,0.9962203859654518
NC(N)=O.O=P(O)(O)O,O,24229.99275584377,0.998508676144926
NC(N)=S,CCCO,15118.100674046544,0.9883700014737602
NC(N)=S,CCO,16978.569355894306,0.9888578262468511
NC(N)=S,CO,14487.972734341654,0.9804307192325772
NC(N)=S,O,34091.68815889718,0.9988736358759034
NC(N)=[NH2+].[Cl-],CC(C)O,17397.535144286547,0.9995058789075598
NC(N)=[NH2+].[Cl-],CCCCOCCO,15799.529807452163,0.9982167470567024
NC(N)=[NH2+].[Cl-],CCCO,19142.36509477361,0.9987593095800704
NC(N)=[NH2+].[Cl-],CCO,13109.378729822454,0.9986479008611682
NC(N)=[NH2+].[Cl-],CCOCCO,7814.728614946398,0.994981797804666
NC(N)=[NH2+].[Cl-],CN(C)C=O,10843.977064956836,0.9991897176869692
NC(N)=[NH2+].[Cl-],CO,10058.578483979016,0.9993963933364268
NC(N)=[NH2+].[Cl-],COCCO,6746.934097616456,0.9940556196563056
NC1=NCCC2(CCCCC2)S1,CCCCCC,40964.1222750442,0.9926383125145168
NC1CCSC1=O,CC#N,28083.62077591256,0.953671721937076
NC1CCSC1=O,CC(C)O,23877.0412355086,0.9877653145576326
NC1CCSC1=O,CCC(C)=O,22167.535338021265,0.9487812787950036
NC1CCSC1=O,CCO,15749.247737586158,0.9994559338129344
NC1CCSC1=O,CCOC(C)=O,11308.707484334973,0.9959742633254748
NC1CCSC1=O,ClCCl,59999.051392715846,0.9918540899159474
NCC(=O)O,CCO,35940.36523293742,0.98911313571772
NCC(=O)O,O,13951.03045869576,0.9997571751811092
NCC(CC(=O)O)c1ccc(Cl)cc1,C1COCCO1,15841.663652989002,0.9953187526117004
NCC(CC(=O)O)c1ccc(Cl)cc1,CC(=O)N(C)C,1437.10225838027,0.991099913250634
NCC(CC(=O)O)c1ccc(Cl)cc1,CC(C)O,16647.514026202363,0.979421268260204
NCC(CC(=O)O)c1ccc(Cl)cc1,CC(O)CO,31057.8703912408,0.9930262291651198
NCC(CC(=O)O)c1ccc(Cl)cc1,CCCCO,10314.074290609697,0.997351492389067
NCC(CC(=O)O)c1ccc(Cl)cc1,CCCO,19347.351115892063,0.966577551619776
NCC(CC(=O)O)c1ccc(Cl)cc1,CCO,18277.92785697285,0.9775180318249936
NCC(CC(=O)O)c1ccc(Cl)cc1,CN(C)C=O,2141.151595064854,0.9822039577726074
NCC(CC(=O)O)c1ccc(Cl)cc1,Cc1ccccc1,6984.253320865626,0.9993995115221572
NCC1(CC(=O)O)CCCCC1,CCO,16409.380310526652,0.9964979920224488
NCC1(CC(=O)O)CCCCC1,CO,14096.291208704022,0.9946412601933862
NCC1(CC(=O)O)CCCCC1.O,O,15599.020954050124,0.9853958949078996
NCCC(=O)N[C@@H](Cc1cnc[nH]1)C(=O)O,O,9066.86692299875,0.9848152847023752
NCCC(=O)O,O,12161.486643304464,0.9971152408890152
NCCCC(=O)O,CC(O)CO,24643.27213733086,0.997120966248263
NCCCC(=O)O,CO,20305.653457810484,0.99630452221494
NCCCCCC(=O)O,CC(C)O,18505.6050184792,0.99206662632424
NCCCCCC(=O)O,CCOC(C)=O,11674.227681027323,0.9948998190596868
NCCCCCC(=O)O,COC(C)=O,5924.509104897943,0.943594635400721
NCCCCCC(=O)O,O,7329.465807761614,0.9930799111692536
NCCCCCCN,C1COCCO1,59772.461069808174,0.9973233086196004
NCCCCCCN,CC(C)CO,41346.51183573832,0.9901621139938748
NCCCCCCN,CCCCCC,54606.6895540632,0.9692107555707096
NCCCCCCN,CCCCO,34727.62820314164,0.9856048874909158
NCCCCCCN,CCCO,26195.32335444122,0.983262649288086
NCCCCCCN,Cc1ccccc1,44189.30435526285,0.9854090179582046
NC[C@H]1O[C@H](O[C@H]2[C@H](O)[C@@H](O[C@H]3O[C@H](CO)[C@@H](O)[C@H](N)[C@H]3O)[C@H](N)C[C@@H]2N)[C@H](N)C[C@@H]1O,CCO,52129.7811283223,0.9756209712123318
NC[C@H]1O[C@H](O[C@H]2[C@H](O)[C@@H](O[C@H]3O[C@H](CO)[C@@H](O)[C@H](N)[C@H]3O)[C@H](N)C[C@@H]2N)[C@H](N)C[C@@H]1O,CO,50052.328460608034,0.9566824378326448
NNC(=O)NN.O=[N+]([O-])NC1=NC(C2N=NC(N[N+](=O)[O-])=N2)N=N1,CC(C)O,28378.358613070708,0.9763302921285328
NNC(=O)NN.O=[N+]([O-])NC1=NC(C2N=NC(N[N+](=O)[O-])=N2)N=N1,CCO,39653.67955234264,0.9441920305668088
NNC(=O)NN.O=[N+]([O-])NC1=NC(C2N=NC(N[N+](=O)[O-])=N2)N=N1,CCOC(C)=O,27142.39222686068,0.9637934502209102
NNC(=O)NN.O=[N+]([O-])NC1=NC(C2N=NC(N[N+](=O)[O-])=N2)N=N1,CN1CCCC1=O,71433.13724532072,0.9995700516799706
NNC(=O)NN.O=[N+]([O-])NC1=NC(C2N=NC(N[N+](=O)[O-])=N2)N=N1,CO,25071.82979681206,0.975207454968502
NNC(=O)NN.O=[N+]([O-])NC1=NC(C2N=NC(N[N+](=O)[O-])=N2)N=N1,CS(C)=O,28954.89465148584,0.9603824638616888
NNC(=O)NN.O=[N+]([O-])NC1=NC(C2N=NC(N[N+](=O)[O-])=N2)N=N1,ClCCCl,27849.18299981494,0.9647108845129354
NNC(=O)NN.O=[N+]([O-])NC1=NC(C2N=NC(N[N+](=O)[O-])=N2)N=N1,O,30772.87018541984,0.9329907535252764
NNC(=O)NN.O=[N+]([O-])NC1=NC(C2N=NC(N[N+](=O)[O-])=N2)N=N1,OCCO,64543.03153875016,0.9520151604838012
NNC(=O)c1ccccc1,CC(C)O,38055.05912017399,0.9972524981347128
NNC(=O)c1ccccc1,CCCCO,40200.90242381821,0.9959800940703908
NNC(=O)c1ccccc1,CCO,39884.43784503983,0.9942920654708838
NNC(=O)c1ccccc1,CO,26787.35551738653,0.9984051928282588
NNC(=O)c1ccccc1O,CCCCO,19499.367197179803,0.9975648967100824
NNC(=O)c1ccccc1O,CCCO,27699.82363612586,0.9967433676784472
NNC(=O)c1ccccc1O,CCO,26093.49426725956,0.9970784292470524
NNC(=O)c1ccncc1,CC#N,28084.93340155528,0.998582281876024
NNC(=O)c1ccncc1,CCCO,28203.42044355237,0.9989370851952104
NNC(=O)c1ccncc1,CCO,25851.3810992344,0.9741746500929634
NNC(=O)c1ccncc1,CCOC(C)=O,24281.875827260406,0.9678809924090876
NNC(=O)c1ccncc1,CN(C)C=O,19453.924676315182,0.9986404366567642
NNC(=O)c1ccncc1,CO,24610.975335269293,0.9950130183889508
NNC(=O)c1ccncc1,O,30455.691794158964,0.9991659782384574
NO.O=S(=O)(O)O,O,14049.507974238724,0.9913846119282128
NS(=O)(=O)Cc1noc2ccccc12,C1COCCO1,25615.580088853043,0.998819500752717
NS(=O)(=O)Cc1noc2ccccc12,CC#N,19857.78955213359,0.9951165141349408
NS(=O)(=O)Cc1noc2ccccc12,CC(C)O,24460.2526217871,0.9955152395691568
NS(=O)(=O)Cc1noc2ccccc12,CCC(C)=O,19589.49730095568,0.9989894501266487
NS(=O)(=O)Cc1noc2ccccc12,CCCCO,41117.9594127531,0.9909595897215524
NS(=O)(=O)Cc1noc2ccccc12,CCCO,27241.70906142422,0.9945101854614296
NS(=O)(=O)Cc1noc2ccccc12,CCO,19403.17993523081,0.9961234559298228
NS(=O)(=O)Cc1noc2ccccc12,CCOC(C)=O,14785.768541282874,0.9997024750414162
NS(=O)(=O)Cc1noc2ccccc12,CN(C)C=O,28076.41224333736,0.9849900003241442
NS(=O)(=O)Cc1noc2ccccc12,Cc1ccccc1,31678.440441391314,0.9940045663036764
NS(=O)(=O)Cc1noc2ccccc12,O,43978.736605146034,0.9999142407064284
NS(=O)(=O)Cc1noc2ccccc12,O=C1CCCCC1,24936.1087964314,0.999472292867314
NS(=O)(=O)c1cc2c(cc1Cl)NCNS2(=O)=O,CC#N,7960.202201642821,0.9973208144289992
NS(=O)(=O)c1cc2c(cc1Cl)NCNS2(=O)=O,CC(C)CO,39345.21776677934,0.9994226541044292
NS(=O)(=O)c1cc2c(cc1Cl)NCNS2(=O)=O,CC(C)O,34915.14966552535,0.9990367117372356
NS(=O)(=O)c1cc2c(cc1Cl)NCNS2(=O)=O,CCC(C)O,36230.9012261763,0.9996176642782264
NS(=O)(=O)c1cc2c(cc1Cl)NCNS2(=O)=O,CCCO,25074.848866459342,0.9994150375764174
NS(=O)(=O)c1cc2c(cc1Cl)NCNS2(=O)=O,CCO,9091.665553779409,0.9937514509589396
NS(=O)(=O)c1cc2c(cc1Cl)NCNS2(=O)=O,CCOC(C)=O,9366.145329663024,0.9965259103799364
NS(=O)(=O)c1cc2c(cc1Cl)NCNS2(=O)=O,CO,7933.369457575041,0.99501574185111
NS(=O)(=O)c1cc2c(cc1Cl)NCNS2(=O)=O,O,30343.278264711404,0.999082812883341
NS(=O)(=O)c1ccccc1,CC#N,18350.224477937056,0.9959053851109704
NS(=O)(=O)c1ccccc1,CC(C)CCO,26207.64327067732,0.992511837755676
NS(=O)(=O)c1ccccc1,CC(C)CO,27744.10558925323,0.995223056218543
NS(=O)(=O)c1ccccc1,CC(C)O,26511.08801780516,0.988171123539768
NS(=O)(=O)c1ccccc1,CCCCCO,26234.33087253985,0.9893347759038336
NS(=O)(=O)c1ccccc1,CCCCO,25094.794744645296,0.994487670178012
NS(=O)(=O)c1ccccc1,CCCO,24620.93832758326,0.9882367496638472
NS(=O)(=O)c1ccccc1,CCO,20758.565508932912,0.9896694879738056
NS(=O)(=O)c1ccccc1,CCOC(C)=O,13406.012065989644,0.995400424151927
NS(=O)(=O)c1ccccc1,CCOC=O,17379.790573753573,0.995709497464256
NS(=O)(=O)c1ccccc1,CO,19772.702623995054,0.9859968056205468
NS(=O)(=O)c1ccccc1,COC(C)=O,14708.306859889371,0.989749349770506
NS(=O)(=O)c1ccccc1,ClCCl,29276.13331900289,0.9996204756088752
NS(=O)(=O)c1ccccc1,O=C1CCCC1,9221.740341914692,0.9728295692229904
NS(=O)(=O)c1ccccc1,O=C1CCCCC1,9733.150343665688,0.9873719846476888
NS(=O)(=O)c1ccccc1C(=O)[O-],CC(C)=O,20316.820824621016,0.9997232639500028
NS(=O)(=O)c1ccccc1C(=O)[O-],CC(C)CCO,36580.6603651294,0.9999964229616674
NS(=O)(=O)c1ccccc1C(=O)[O-],CC(C)CO,37665.72063077567,0.9999892797917308
NS(=O)(=O)c1ccccc1C(=O)[O-],CC(C)O,40576.36516790638,0.9999890903095404
NS(=O)(=O)c1ccccc1C(=O)[O-],CCC(C)=O,21012.4466429807,0.9998449497315374
NS(=O)(=O)c1ccccc1C(=O)[O-],CCCCCO,36506.29465273838,0.9999914142276056
NS(=O)(=O)c1ccccc1C(=O)[O-],CCO,35765.249087349985,0.999989331546139
NS(=O)(=O)c1ccccc1C(=O)[O-],CCOC(C)=O,23874.273071404827,0.9999703383243832
NS(=O)(=O)c1ccccc1C(=O)[O-],CCOC=O,25440.242869367987,0.9999590176943364
NS(=O)(=O)c1ccccc1C(=O)[O-],CO,37474.42556590008,0.9999741609210012
NS(=O)(=O)c1ccccc1C(=O)[O-],O=C1CCCC1,18645.524495200407,0.9996241294150348
N[C@@H](C(=O)N[C@@H]1C(=O)N2C(C(=O)O)=C(Cl)CS[C@H]12)c1ccccc1.O,CC(C)=O,33020.6115011459,0.9998565475981877
N[C@@H](C(=O)N[C@@H]1C(=O)N2C(C(=O)O)=C(Cl)CS[C@H]12)c1ccccc1.O,CCO,27549.47936916928,0.9969482260219182
N[C@@H](C(=O)N[C@@H]1C(=O)N2C(C(=O)O)=C(Cl)CS[C@H]12)c1ccccc1.O,CO,17354.771441151883,0.9981406042201724
N[C@@H](C(=O)N[C@@H]1C(=O)N2C(C(=O)O)=C(Cl)CS[C@H]12)c1ccccc1.O,O,9030.879532365909,0.9738760752958112
N[C@@H](C(=O)O)c1ccc(O)cc1,CCO,-497.40558824138463,0.9337631708201504
N[C@@H](C(=O)O)c1ccc(O)cc1,CN(C)C=O,26828.34260197097,0.9954501737733008
N[C@@H](C(=O)O)c1ccc(O)cc1,Cc1ccccc1,4232.20806426343,0.9527362660637234
N[C@@H](C(=O)O)c1ccc(O)cc1,ClC(Cl)(Cl)Cl,2294.6473094720623,0.9421802472853946
N[C@@H](C(=O)O)c1ccc(O)cc1,O,8346.133117864012,0.9642947172270376
N[C@@H](CCC(=O)N[C@@H](CS)C(=O)NCC(=O)O)C(=O)O,O,28668.57382974048,0.9989350616722068
N[C@@H](CCC(=O)O)C(=O)O,O,27525.339589548952,0.9984411702390324
N[C@@H](CO)C(=O)O,CC#N,19507.080089151943,0.9965080811426394
N[C@@H](CO)C(=O)O,CC(C)=O,12922.380913406358,0.9935621955329732
N[C@@H](CO)C(=O)O,CC(C)O,18728.714897865368,0.9817018750982102
N[C@@H](CO)C(=O)O,CCCCO,26424.82417410069,0.9982550351880886
N[C@@H](CO)C(=O)O,CCO,21712.8744050794,0.9881682931202838
N[C@@H](CO)C(=O)O,CCOC(C)=O,15259.339775881355,0.9959026549545384
N[C@@H](CO)C(=O)O,CO,13779.358122116477,0.994809679752075
N[C@@H](CO)C(=O)O,O,17302.790734878436,0.999224194080027
N[C@@H](CS)C(=O)O,C1COCCO1,15793.599887168111,0.9988632979390988
N[C@@H](CS)C(=O)O,CC#N,24326.18459505857,0.972667306759038
N[C@@H](CS)C(=O)O,CC(C)CO,18022.292652447155,0.9808892045101149
N[C@@H](CS)C(=O)O,CCC(C)O,16777.066187669963,0.9213359590848812
N[C@@H](CS)C(=O)O,CCCCO,18523.45618498981,0.9270166085016388
N[C@@H](CS)C(=O)O,CCCO,12000.712530255942,0.988131377849512
N[C@@H](CS)C(=O)O,CCO,3056.815072973856,0.9646168143794264
N[C@@H](CS)C(=O)O,CCOC(C)=O,25322.81920692472,0.9485466452953516
N[C@@H](CS)C(=O)O,O,12522.69417351443,0.9984711683131008
N[C@@H](Cc1c[nH]c2ccccc12)C(=O)O,CC#N,36672.73243828414,0.983646861116588
N[C@@H](Cc1c[nH]c2ccccc12)C(=O)O,CC(C)=O,26213.682921761607,0.9873252707210416
N[C@@H](Cc1c[nH]c2ccccc12)C(=O)O,CC(C)O,20842.22656081964,0.9911916711605362
N[C@@H](Cc1c[nH]c2ccccc12)C(=O)O,CCO,22578.335305057342,0.9914238726114668
N[C@@H](Cc1c[nH]c2ccccc12)C(=O)O,CO,17058.26836033155,0.9866664125513384
N[C@@H](Cc1ccc(O)cc1)C(=O)O,CC#N,39217.2923257404,0.9949605461428044
N[C@@H](Cc1ccc(O)cc1)C(=O)O,CC(C)O,31421.061344284404,0.9926313309832258
N[C@@H](Cc1ccc(O)cc1)C(=O)O,CCCCO,33855.57938067986,0.9917136207729232
N[C@@H](Cc1ccc(O)cc1)C(=O)O,CCCO,51153.18243052199,0.9999057238427356
N[C@@H](Cc1ccc(O)cc1)C(=O)O,CCOC(C)=O,16036.117985129204,0.9918495757388474
N[C@@H](Cc1ccc(O)cc1)C(=O)O,CN(C)C=O,9430.285382624848,0.9673518633589304
N[C@@H](Cc1ccc(O)cc1)C(=O)O,CO,34117.46269625491,0.9989969815967408
N[C@@H](Cc1ccc(O)cc1)C(=O)O,CS(C)=O,13884.944751632484,0.9997652127023976
N[C@@H](Cc1ccc(O)cc1)C(=O)O,O,27430.15023567169,0.9997976977717608
N[C@@H](Cc1ccc(O)cc1)C(=O)O,OCCO,40637.06940132606,0.9949234399796364
N[C@@H](Cc1ccc([N+](=O)[O-])cc1[N+](=O)[O-])C(=O)O,CC(C)O,54589.54162807866,0.9692484962061986
N[C@@H](Cc1ccc([N+](=O)[O-])cc1[N+](=O)[O-])C(=O)O,CCCO,65790.2422064877,0.9459564701016048
N[C@@H](Cc1ccc([N+](=O)[O-])cc1[N+](=O)[O-])C(=O)O,ClCCCl,88852.14450194707,0.9999381679518208
N[C@@H](Cc1ccc([N+](=O)[O-])cc1[N+](=O)[O-])C(=O)O,O,85271.8644493639,0.9063033932935826
N[C@@H](Cc1ccccc1)C(=O)O,C1COCCO1,32283.165437120664,0.9589334793915464
N[C@@H](Cc1ccccc1)C(=O)O,CC#N,38327.951342447486,0.9814391532345264
N[C@@H](Cc1ccccc1)C(=O)O,CC(C)O,26385.68583170199,0.9958561175207312
N[C@@H](Cc1ccccc1)C(=O)O,CCCCO,57168.576240710645,0.9798964559768024
N[C@@H](Cc1ccccc1)C(=O)O,CCCO,35785.708291668765,0.944194761588764
N[C@@H](Cc1ccccc1)C(=O)O,COC(C)=O,50150.26737351827,0.9852006656130258
N[C@@H](Cc1cnc[nH]1)C(=O)O,CCO,32038.626559876448,0.9804267173177976
N[C@@H](Cc1cnc[nH]1)C(=O)O,O,14075.230632120938,0.997130208875146
N[C@H](CC(=O)O)C(=O)O,C1COCCO1,19642.028541579795,0.9951728174535728
N[C@H](CC(=O)O)C(=O)O,CC(C)=O,22684.329473298647,0.9973127988048902
N[C@H](CC(=O)O)C(=O)O,CC(C)O,26829.66164385546,0.998060821136162
N[C@H](CC(=O)O)C(=O)O,CCCCO,27186.73388381169,0.997690086319104
N[C@H](CC(=O)O)C(=O)O,CCCO,26448.5314038734,0.996105589867769
N[C@H](CC(=O)O)C(=O)O,CCO,25964.10907365547,0.9960432256888612
N[C@H](CC(=O)O)C(=O)O,CN(C)C=O,16199.484656866363,0.9954207453541024
N[C@H](CC(=O)O)C(=O)O,CN1CCCC1=O,19295.80856434126,0.9940672910178696
N[C@H](CC(=O)O)C(=O)O,CO,24286.928984583847,0.9933617241890782
N[C@H](CC(=O)O)C(=O)O,O,23779.60984426563,0.9964423719295852
N[C@H](CC(=O)O)C(=O)O,OCCO,22036.802415030903,0.9962845076959116
N[C@H](Cc1c[nH]c2ccccc12)C(=O)O,CC#N,31518.193538985663,0.9940104489874522
N[C@H](Cc1c[nH]c2ccccc12)C(=O)O,CC(C)O,23644.03450783304,0.999342420064749
N[C@H](Cc1c[nH]c2ccccc12)C(=O)O,CCCCCCCCO,27405.20700294004,0.995123099482624
N[C@H](Cc1c[nH]c2ccccc12)C(=O)O,CCCO,27703.75824895939,0.9957095361857288
N[C@H](Cc1c[nH]c2ccccc12)C(=O)O,CCO,27776.68698925224,0.999613300352746
N[C@H](Cc1c[nH]c2ccccc12)C(=O)O,CCOC(C)=O,33112.77381036952,0.9924326511506334
N[C@H](Cc1c[nH]c2ccccc12)C(=O)O,CN(C)C=O,6455.224239216219,0.9996866904008948
N[C@H](Cc1c[nH]c2ccccc12)C(=O)O,CO,24196.262352293284,0.9997159421410512
N[C@H](Cc1c[nH]c2ccccc12)C(=O)O,CS(C)=O,21133.29410906209,0.9911261833599848
N[C@H](Cc1c[nH]c2ccccc12)C(=O)O,O,12758.577968153428,0.9999496709998882
N[C@H](Cc1c[nH]c2ccccc12)C(=O)O,OCCO,42435.71440245712,0.9955315597774536
N[C@H](Cc1c[nH]cn1)C(=O)O,C1CCCCC1,34522.426211467304,0.9994842494228652
N[C@H](Cc1c[nH]cn1)C(=O)O,CC(C)O,35653.90163527206,0.999410099570827
N[C@H](Cc1c[nH]cn1)C(=O)O,CCCCO,30217.264322567247,0.9990596057081076
N[C@H](Cc1c[nH]cn1)C(=O)O,CCCO,33024.63200682254,0.9993683959053548
N[C@H](Cc1c[nH]cn1)C(=O)O,CCO,39364.59957110623,0.9996070253857
N[C@H](Cc1c[nH]cn1)C(=O)O,CN(C)C=O,26492.65821602177,0.9947047277101246
N[C@H](Cc1c[nH]cn1)C(=O)O,CN1CCCC1=O,22018.10285330168,0.9993308246347898
N[C@H](Cc1c[nH]cn1)C(=O)O,CO,41276.8419934456,0.9990347986597964
N[C@H](Cc1c[nH]cn1)C(=O)O,CS(C)=O,23043.33318176732,0.9985666927476242
N[C@H](Cc1c[nH]cn1)C(=O)O,O,18332.56788021933,0.9849312407915938
N[C@H](Cc1c[nH]cn1)C(=O)O,OCCO,29302.74222222042,0.9994263529437908
Nc1c(Cl)cc([N+](=O)[O-])cc1Cl,C1CCCCC1,33604.49619819191,0.99845302315991
Nc1c(Cl)cc([N+](=O)[O-])cc1Cl,CC#N,23916.84017256385,0.99845894710782
Nc1c(Cl)cc([N+](=O)[O-])cc1Cl,CC(C)O,27545.527377299488,0.9980451551190987
Nc1c(Cl)cc([N+](=O)[O-])cc1Cl,CCCO,26921.350624514416,0.9975403260341682
Nc1c(Cl)cc([N+](=O)[O-])cc1Cl,CCO,27227.240557545723,0.9976908561750212
Nc1c(Cl)cc([N+](=O)[O-])cc1Cl,CCOC(C)=O,23020.18414492401,0.9932348044338444
Nc1c(Cl)cc([N+](=O)[O-])cc1Cl,CN1CCCC1=O,9805.80881980412,0.99374506222636
Nc1c(Cl)cc([N+](=O)[O-])cc1Cl,CO,27748.923419785635,0.9976498867373088
Nc1c(Cl)cc([N+](=O)[O-])cc1Cl,O,40724.73541644118,0.999370059291477
Nc1cc(-c2ccncc2)c[nH]c1=O,CCO,20452.824502404208,0.9990276836059082
Nc1cc(-c2ccncc2)c[nH]c1=O,CO,19665.7301137598,0.9989577135524552
Nc1cc(-c2ccncc2)c[nH]c1=O,O,22133.013537385454,0.9997036769985072
Nc1cc(-c2ccncc2)c[nH]c1=O,OCCO,21086.61864972096,0.9986966459635004
Nc1cc(C(=O)O)ccc1C(=O)O,CC(C)(C)O,15156.960826548251,0.9967411738837094
Nc1cc(C(=O)O)ccc1C(=O)O,CC(C)CCO,13819.114087750924,0.9997573798802588
Nc1cc(C(=O)O)ccc1C(=O)O,CC(C)O,17506.980963646525,0.9998018266530908
Nc1cc(C(=O)O)ccc1C(=O)O,CCC(C)O,26222.32545942576,0.9998290646951028
Nc1cc(C(=O)O)ccc1C(=O)O,CCCCO,22880.32937709335,0.9992992424494056
Nc1cc(C(=O)O)ccc1C(=O)O,CCCO,25029.13130412328,0.9992318821687513
Nc1cc(C(=O)O)ccc1C(=O)O,CCO,15121.777279188693,0.9995408802531184
Nc1cc(C(=O)O)ccc1C(=O)O,CO,12118.14951360988,0.9997446492075164
Nc1cc(Cl)cc(Cl)c1,CCO,42073.78549129449,0.9953976781418882
Nc1cc(Cl)cc(Cl)c1,CO,48362.97207612634,0.9984935181226388
Nc1cc(Cl)ccc1C(=O)O,C1COCCO1,24816.971101188254,0.999957656175862
Nc1cc(Cl)ccc1C(=O)O,CC#N,26001.923355622665,0.9999692641359776
Nc1cc(Cl)ccc1C(=O)O,CC(C)=O,21617.4393186944,0.9997476718968832
Nc1cc(Cl)ccc1C(=O)O,CC(C)O,22586.81767235104,0.9999871369358057
Nc1cc(Cl)ccc1C(=O)O,CCCCO,24159.312400401173,0.9999522819884744
Nc1cc(Cl)ccc1C(=O)O,CCCO,22773.68578585722,0.9999843085708192
Nc1cc(Cl)ccc1C(=O)O,CCO,21890.74050464756,0.999991244072546
Nc1cc(Cl)ccc1C(=O)O,CCOC(C)=O,21894.87216987982,0.999930655805622
Nc1cc(Cl)ccc1C(=O)O,CCc1ccccc1,36155.60746528919,0.999846035199552
Nc1cc(Cl)ccc1[N+](=O)[O-],CC(C)=O,15937.730268361483,0.9953716472674458
Nc1cc(Cl)ccc1[N+](=O)[O-],CC(C)CO,25655.915322349287,0.9942753707457312
Nc1cc(Cl)ccc1[N+](=O)[O-],CC(C)O,24612.684182391084,0.993456970478144
Nc1cc(Cl)ccc1[N+](=O)[O-],CCC(C)=O,12830.518662450766,0.9954971575381476
Nc1cc(Cl)ccc1[N+](=O)[O-],CCCCO,20956.16986458631,0.9961444720207568
Nc1cc(Cl)ccc1[N+](=O)[O-],CCCO,22043.86505387724,0.9925924526866228
Nc1cc(Cl)ccc1[N+](=O)[O-],CCO,21111.98000140846,0.9927442754219232
Nc1cc(Cl)ccc1[N+](=O)[O-],CO,24196.990197646013,0.9951848036559544
Nc1cc(Cl)ccc1[N+](=O)[O-],COC(C)=O,15967.865420709391,0.995290596663498
Nc1cc(Cl)ccc1[N+](=O)[O-],O,39903.76432831591,0.9797015571673524
Nc1cc(Cl)nnc1Cl,C1CCOC1,12015.230497822193,0.9984854581909632
Nc1cc(Cl)nnc1Cl,CC(C)=O,15599.798827362252,0.9964392348471998
Nc1cc(Cl)nnc1Cl,CCOC(C)=O,64436.364495862246,0.9940505732136944
Nc1cc(Cl)nnc1Cl,ClCCl,148359.85420786226,0.9993830716975148
Nc1cc([N+](=O)[O-])ccc1Cl,C1COCCO1,13941.490137006347,0.9964408939072076
Nc1cc([N+](=O)[O-])ccc1Cl,CC#N,24609.90374046512,0.99764997175461
Nc1cc([N+](=O)[O-])ccc1Cl,CC(C)O,27184.945854043628,0.9997237374536222
Nc1cc([N+](=O)[O-])ccc1Cl,CCC(C)=O,13519.66898044193,0.9998723907764904
Nc1cc([N+](=O)[O-])ccc1Cl,CCCCO,26658.882553264142,0.9995164243078278
Nc1cc([N+](=O)[O-])ccc1Cl,CCO,19487.17957340987,0.9992408732577458
Nc1cc([N+](=O)[O-])ccc1Cl,CCOC(C)=O,11775.439096679822,0.9996598169903816
Nc1cc([N+](=O)[O-])ccc1Cl,CN1CCCC1=O,5882.08753084843,0.9956573114406848
Nc1cc([N+](=O)[O-])ccc1Cl,CO,22825.885145348115,0.99949439519422
Nc1cc([N+](=O)[O-])ccc1Cl,Cc1ccccc1,19272.954283886826,0.9957820352469786
Nc1ccc(Br)nn1,CC(C)=O,14267.115804801324,0.99807355264703
Nc1ccc(Br)nn1,CC(C)O,15114.10044350398,0.9992660281840924
Nc1ccc(Br)nn1,CC(O)CO,11366.363944712984,0.9960466747508984
Nc1ccc(Br)nn1,CCCCO,15050.407090165896,0.9991492153185896
Nc1ccc(Br)nn1,CCCO,15599.93829054977,0.9992308175203976
Nc1ccc(Br)nn1,CCO,10830.278487301925,0.9940821135912196
Nc1ccc(Br)nn1,CN(C)C=O,10241.62706601757,0.9963531207575436
Nc1ccc(Br)nn1,CO,10135.185955035127,0.9936935214375724
Nc1ccc(Br)nn1,Cc1ccccc1,12116.854651501078,0.9993576158858384
Nc1ccc(Br)nn1,O,10822.382896448988,0.9974108376494112
Nc1ccc(C(=O)/C=C/c2ccc(-c3cccc([N+](=O)[O-])c3)o2)cc1,C1COCCO1,619.3035878744988,0.9299115178172824
Nc1ccc(C(=O)/C=C/c2ccc(-c3cccc([N+](=O)[O-])c3)o2)cc1,CN(C)C=O,-761.3160748569557,0.9988722800939746
Nc1ccc(C(=O)O)cc1,C1COCCO1,20023.68601323488,0.9997746916226992
Nc1ccc(C(=O)O)cc1.[K],CCO,1026.937370336469,0.9275648953946768
Nc1ccc(C(=O)O)cc1.[K],CCOC(C)=O,883.8636370334683,0.9049185632736708
Nc1ccc(C(=O)O)cc1.[K],CN(C)C=O,1138.7248963743002,0.937806137483402
Nc1ccc(C(=O)O)cc1.[K],NC=O,7189.147224746027,0.966289179195995
Nc1ccc(C(=O)O)cc1.[K],O,10974.27383037746,0.9973886778406847
Nc1ccc(Cc2ccc(N)c(Cl)c2)cc1Cl,C1COCCO1,21220.767839397977,0.9719798523441644
Nc1ccc(Cc2ccc(N)c(Cl)c2)cc1Cl,CC#N,19887.524297391632,0.98135057720385
Nc1ccc(Cc2ccc(N)c(Cl)c2)cc1Cl,CC(=O)N(C)C,16698.644042403917,0.9505602710464928
Nc1ccc(Cc2ccc(N)c(Cl)c2)cc1Cl,CC(C)O,20606.3099529,0.982448286055566
Nc1ccc(Cc2ccc(N)c(Cl)c2)cc1Cl,CCCCO,22111.633147782,0.9838865760681844
Nc1ccc(Cc2ccc(N)c(Cl)c2)cc1Cl,CCCO,22726.49501637661,0.98464973174507
Nc1ccc(Cc2ccc(N)c(Cl)c2)cc1Cl,CCO,22485.90504412433,0.9851718046360276
Nc1ccc(Cc2ccc(N)c(Cl)c2)cc1Cl,CN(C)C=O,16243.506504106626,0.9483164702796965
Nc1ccc(Cc2ccc(N)c(Cl)c2)cc1Cl,CO,21145.52619522528,0.9831369729483386
Nc1ccc(Cc2ccc(N)c(Cl)c2)cc1Cl,O,29803.431881302186,0.996876762344924
Nc1ccc(Cc2ccc(N)c(Cl)c2)cc1Cl,OCCO,28489.88599172228,0.9959723175003408
Nc1ccc(Cc2ccc(N)cc2)cc1,CCCCO,36982.6786039144,0.9993048429693152
Nc1ccc(Cc2ccc(N)cc2)cc1,CCO,51977.60942065971,0.9964949259695572
Nc1ccc(Cc2ccc(N)cc2)cc1,CO,33380.322029696064,0.998452485397711
Nc1ccc(Cc2ccc(N)cc2)cc1,ClC(Cl)Cl,29479.723699608752,0.9964497681640424
Nc1ccc(Cc2ccc(N)cc2)cc1,c1ccccc1,45311.4147376977,0.998085990708361
Nc1ccc(Cl)cc1[N+](=O)[O-],C1CCCCC1,37732.01699805741,0.9984794765031092
Nc1ccc(Cl)cc1[N+](=O)[O-],C1COCCO1,36364.48168316862,0.990082196406877
Nc1ccc(Cl)cc1[N+](=O)[O-],CC#N,26264.801083161896,0.995915049008937
Nc1ccc(Cl)cc1[N+](=O)[O-],CCCCO,25319.8230174797,0.99231529658675
Nc1ccc(Cl)cc1[N+](=O)[O-],CCOC(C)=O,38998.99345634912,0.9979201012477382
Nc1ccc(Cl)cc1[N+](=O)[O-],CO,24808.30254448952,0.991994650298868
Nc1ccc(Cl)nn1,CCO,31500.41117445824,0.9980021838858696
Nc1ccc(Cl)nn1,CCOC(C)=O,25054.739785303063,0.997883646049074
Nc1ccc(Cl)nn1,CN(C)C=O,18124.397725416704,0.9949278371258152
Nc1ccc(Cl)nn1,CO,23718.41432348069,0.9981702372192564
Nc1ccc(Cl)nn1,Cc1ccccc1,40612.123606558125,0.9954661117034967
Nc1ccc(Cl)nn1,O,56092.01252593128,0.9991864220398164
Nc1ccc(Cl)nn1,O=C1CCCCC1,27801.87201913085,0.9989140615774976
Nc1ccc(N)c([N+](=O)[O-])c1,C1COCCO1,15663.803214368478,0.9997911970186404
Nc1ccc(N)c([N+](=O)[O-])c1,CC#N,21707.73160398155,0.9991784468364628
Nc1ccc(N)c([N+](=O)[O-])c1,CC(C)O,8703.46894515401,0.9995202545756496
Nc1ccc(N)c([N+](=O)[O-])c1,CCCO,14510.312488407935,0.9995854947302716
Nc1ccc(N)c([N+](=O)[O-])c1,CCO,9492.48040949931,0.9994574169815312
Nc1ccc(N)c([N+](=O)[O-])c1,CCOC(C)=O,24800.66431473687,0.9996778078861348
Nc1ccc(N)c([N+](=O)[O-])c1,CN1CCCC1=O,26969.4856885652,0.9991431970513978
Nc1ccc(N)c([N+](=O)[O-])c1,CO,6911.270855116406,0.9994664087177968
Nc1ccc(N)c([N+](=O)[O-])c1,Cc1ccccc1,36572.84192701628,0.9996535349793212
Nc1ccc(N2CCOCC2=O)cc1,C1CCOC1,36348.46449008784,0.9992862802812246
Nc1ccc(N2CCOCC2=O)cc1,C1COCCO1,28325.90441734086,0.9981336745286158
Nc1ccc(N2CCOCC2=O)cc1,CCCO,36151.2467112085,0.997076632544644
Nc1ccc(N2CCOCC2=O)cc1,CCO,29118.88314853138,0.9987074494725786
Nc1ccc(N2CCOCC2=O)cc1,CCOC(C)=O,37560.09125949758,0.99608821251485
Nc1ccc(N2CCOCC2=O)cc1,CO,36253.9610174134,0.9987402046126902
Nc1ccc(O)c(C(=O)O)c1,C1CCOC1,10320.852784449098,0.9974337347181984
Nc1ccc(O)c(C(=O)O)c1,C1COCCO1,31810.80339047688,0.9973271217739906
Nc1ccc(O)c(C(=O)O)c1,CC(C)O,4480.027715950763,0.9916823836370856
Nc1ccc(O)c(C(=O)O)c1,CC(O)CO,5382.619680712898,0.9795227606342342
Nc1ccc(O)c(C(=O)O)c1,CCCO,10759.278847807442,0.9995661290082252
Nc1ccc(O)c(C(=O)O)c1,CCOCCOCCO,8340.404053232649,0.9800573760150844
Nc1ccc(O)c(C(=O)O)c1,CN1CCCC1=O,12701.893738511944,0.997897351136623
Nc1ccc(O)c(C(=O)O)c1,OCCO,21167.348640213248,0.9997483293858076
Nc1ccc(Oc2ccc(N)cc2)cc1,CCO,34145.443776986634,0.9997875689300448
Nc1ccc(Oc2ccc(N)cc2)cc1,CCOCCO,12871.48995903955,0.9714515333599288
Nc1ccc(Oc2ccc(N)cc2)cc1,CN(C)C=O,7102.044696358584,0.9803617076951324
Nc1ccc(Oc2ccc(N)cc2)cc1,CO,23743.98181759207,0.993969081262506
Nc1ccc(Oc2ccc(N)cc2)cc1,CS(C)=O,6820.277728515938,0.9912893608907468
Nc1ccc(S(=O)(=O)Nc2cc(Cl)c(Cl)cc2Cl)cc1,CCCCCCCCO,20098.39139350324,0.9708795017791896
Nc1ccc(S(=O)(=O)Nc2cc(Cl)c(Cl)cc2Cl)cc1,O,13463.48381057668,0.9935457376422764
Nc1ccc(S(=O)(=O)Nc2cc(Cl)ccc2Cl)cc1,O,23871.99187205681,0.9897685571881286
Nc1ccc(S(=O)(=O)Nc2ccc(Cl)c(Cl)c2)cc1,CCCCCCCCO,18583.57697944444,0.9206509365153192
Nc1ccc(S(=O)(=O)Nc2ccc(Cl)c(Cl)c2)cc1,O,29271.59675149813,0.9998434781779912
Nc1ccc(S(=O)(=O)Nc2ccc(Cl)cc2)c(Cl)c1,CCCCCCCCO,21014.87280988594,0.9979799448163708
Nc1ccc(S(=O)(=O)Nc2ccc(Cl)cc2)c(Cl)c1,O,23998.012412094347,0.999023895671662
Nc1ccc(S(=O)(=O)Nc2ccc(Cl)cc2)cc1,O,37702.177206805885,0.9927233505691948
Nc1ccc(S(=O)(=O)Nc2ccc(Cl)nn2)cc1,C1COCCO1,18400.37580143445,0.9761702253459676
Nc1ccc(S(=O)(=O)Nc2ccc(Cl)nn2)cc1,CC(C)=O,19126.937381686937,0.9954698242640888
Nc1ccc(S(=O)(=O)Nc2ccc(Cl)nn2)cc1,CC(C)O,17096.14820230586,0.9926974573301364
Nc1ccc(S(=O)(=O)Nc2ccc(Cl)nn2)cc1,CCCCO,17496.170734522824,0.9966896335621752
Nc1ccc(S(=O)(=O)Nc2ccc(Cl)nn2)cc1,CCO,17561.22566723011,0.9971122869637322
Nc1ccc(S(=O)(=O)Nc2ccc(Cl)nn2)cc1,CO,15101.884773390586,0.9944262406788932
Nc1ccc(S(=O)(=O)Nc2ccc(Cl)nn2)cc1,O,38889.20747232837,0.9968008655035476
Nc1ccc(S(=O)(=O)Nc2ccccc2Cl)c(Cl)c1,CCCCCCCCO,35069.22189972161,0.9993274880588964
Nc1ccc(S(=O)(=O)Nc2ccccc2Cl)c(Cl)c1,O,17337.1838243403,0.9987123849946372
Nc1ccc(S(=O)(=O)Nc2ccccn2)cc1,CCCCCCCCO,35097.59064212484,0.9778164949390912
Nc1ccc(S(=O)(=O)Nc2ccccn2)cc1,CCO,26611.07727266549,0.9978375608086596
Nc1ccc(S(=O)(=O)Nc2cnc3ccccc3n2)cc1,CCCCCCCCO,16717.891657679786,0.9819729178280406
Nc1ccc(S(=O)(=O)Nc2ncccn2)cc1,CC(C)=O,21600.50007770342,0.9301691219358462
Nc1ccc(S(=O)(=O)Nc2ncccn2)cc1,ClC(Cl)Cl,51037.37521459967,0.91353777819216
Nc1ccc(S(=O)(=O)Nc2ncccn2)cc1,OCCO,14424.12240106485,0.9978674706293784
Nc1ccc(S(=O)(=O)Nc2nccs2)cc1,CCCCCCCCO,39384.17905896019,0.9936248655562936
Nc1ccc(S(=O)(=O)O)cc1,CC#N,12564.799835773383,0.9988993649152964
Nc1ccc(S(=O)(=O)O)cc1,CC(C)=O,2175.82939675403,0.9981910667785356
Nc1ccc(S(=O)(=O)O)cc1,CC(C)O,10309.330055026669,0.9984615006866996
Nc1ccc(S(=O)(=O)O)cc1,CCO,8783.98156768236,0.9987307466823258
Nc1ccc(S(=O)(=O)O)cc1,CO,8287.306082777352,0.9990358710181996
Nc1ccc(S(=O)(=O)O)cc1,O=CO,12231.58410495709,0.9995361581968658
Nc1ccc(S(=O)(=O)[O-])c(N)c1.[Na+],CC(C)O,32401.15824486867,0.9989212718885132
Nc1ccc(S(=O)(=O)c2ccc(N)cc2)cc1,C1COCCO1,21544.82521325727,0.9997652157829688
Nc1ccc(S(=O)(=O)c2ccc(N)cc2)cc1,CC(=O)OC(C)C,3777.305387723497,0.9005758833552765
Nc1ccc(S(=O)(=O)c2ccc(N)cc2)cc1,CC(C)=O,22583.67698674252,0.9904054784773269
Nc1ccc(S(=O)(=O)c2ccc(N)cc2)cc1,CC(C)CO,25823.68001534223,0.982949955270603
Nc1ccc(S(=O)(=O)c2ccc(N)cc2)cc1,CC(C)O,26415.25800112165,0.998656768917747
Nc1ccc(S(=O)(=O)c2ccc(N)cc2)cc1,CCC(C)O,27383.1736643058,0.9982628015806811
Nc1ccc(S(=O)(=O)c2ccc(N)cc2)cc1,CCCCCO,25979.446049041,0.9946733650777714
Nc1ccc(S(=O)(=O)c2ccc(N)cc2)cc1,CCCCO,21096.774762683104,0.9901401678535916
Nc1ccc(S(=O)(=O)c2ccc(N)cc2)cc1,CCCCOC(C)=O,6916.167513454005,0.9807935163839068
Nc1ccc(S(=O)(=O)c2ccc(N)cc2)cc1,CCCO,25523.59991981615,0.9999199916356336
Nc1ccc(S(=O)(=O)c2ccc(N)cc2)cc1,CO,19844.25098294288,0.9864462287776792
Nc1ccc(S(=O)(=O)c2ccc(N)cc2)cc1,COC(C)=O,7035.326916957022,0.9643864716148296
Nc1ccc(S(=O)(=O)c2ccc(N)cc2)cc1,O,66349.84524440495,0.9981060628831384
Nc1ccc(S(N)(=O)=O)cc1,C1COCCO1,15981.024668544458,0.9848536827222588
Nc1ccc(S(N)(=O)=O)cc1,CC(C)=O,4320.275484641171,0.9259825268439432
Nc1ccc(S(N)(=O)=O)cc1,CCCCCC,4601.962069046005,0.9796324426877708
Nc1ccc(S(N)(=O)=O)cc1,CCCCCO,28274.48526540256,0.9632877575213156
Nc1ccc(S(N)(=O)=O)cc1,CCCCOC(C)=O,8095.293379260453,0.9638543126794918
Nc1ccc(S(N)(=O)=O)cc1,CCCO,29744.4965405186,0.9784711102979736
Nc1ccc(S(N)(=O)=O)cc1,CCO,25818.11108456045,0.9669520878901616
Nc1ccc(S(N)(=O)=O)cc1,CCOC(C)=O,34284.61378115261,0.9781759586108602
Nc1ccc(S(N)(=O)=O)cc1,CN(C)C=O,32620.00691958715,0.9826857504409616
Nc1ccc(S(N)(=O)=O)cc1,CO,26862.40146887872,0.9961032441538769
Nc1ccc(S(N)(=O)=O)cc1,CS(C)=O,25169.78670219836,0.997686941507106
Nc1ccc(S(N)(=O)=O)cc1,Cc1ccccc1,36661.68293719971,0.9818086968538372
Nc1ccc(S(N)(=O)=O)cc1,O,36194.88720494641,0.991925189131656
Nc1ccc(Sc2ccc([N+](=O)[O-])cc2)cc1,CCOC(C)=O,16206.579822497984,0.9993036939751766
Nc1ccc(Sc2ccc([N+](=O)[O-])cc2)cc1,Cc1ccccc1,23095.757108690395,0.99718383932851
Nc1ccc(Sc2ccc([N+](=O)[O-])cc2)cc1,ClC(Cl)Cl,23907.612715747306,0.9994116831749668
Nc1ccc(Sc2ccc([N+](=O)[O-])cc2)cc1,ClCCl,23559.54201225033,0.9978755468998354
Nc1ccc([N+](=O)[O-])cc1N,CC#N,24012.464877671067,0.9995532859392154
Nc1ccc([N+](=O)[O-])cc1N,CC(C)=O,6646.214768087782,0.9988627487414324
Nc1ccc([N+](=O)[O-])cc1N,CC(C)O,22477.10576735816,0.999184298246182
Nc1ccc([N+](=O)[O-])cc1N,CCCCO,28366.05663815997,0.9993553756150446
Nc1ccc([N+](=O)[O-])cc1N,CCCO,25066.75836938832,0.9996413590297444
Nc1ccc([N+](=O)[O-])cc1N,CCO,20784.742057109524,0.99973438796422
Nc1ccc([N+](=O)[O-])cc1N,CCOC(C)=O,19495.22148688636,0.9995058918965588
Nc1ccc([N+](=O)[O-])cc1N,CO,21044.372888390008,0.9992608970433926
Nc1ccc([N+](=O)[O-])cc1N,Cc1ccccc1,36962.20969978546,0.9989441464108634
Nc1ccc([N+](=O)[O-])cc1[N+](=O)[O-],CC#N,22298.38913665956,0.9995421978323368
Nc1ccc([N+](=O)[O-])cc1[N+](=O)[O-],CC(C)=O,19416.65994552402,0.9999157071304068
Nc1ccc([N+](=O)[O-])cc1[N+](=O)[O-],CC(C)O,32490.94797006174,0.9999022062706112
Nc1ccc([N+](=O)[O-])cc1[N+](=O)[O-],CCCCO,29408.480298844395,0.9995340109846176
Nc1ccc([N+](=O)[O-])cc1[N+](=O)[O-],CCCO,27764.226233285262,0.9996468382485536
Nc1ccc([N+](=O)[O-])cc1[N+](=O)[O-],CCO,26284.701945785044,0.9997432722797498
Nc1ccc([N+](=O)[O-])cc1[N+](=O)[O-],CCOC(C)=O,22245.12644969993,0.9994788978120218
Nc1ccc([N+](=O)[O-])cc1[N+](=O)[O-],Cc1ccccc1,33274.30128582905,0.9996130265871026
Nc1cccc(C(=O)O)c1,CC(=O)OC(C)C,19522.31913959534,0.9509944308857644
Nc1cccc(C(=O)O)c1,CC(C)=O,13751.072662392016,0.935059658421568
Nc1cccc(C(=O)O)c1,CC(C)CO,21689.635820551724,0.9761439710404436
Nc1cccc(C(=O)O)c1,CC(C)O,24972.93885706705,0.9841451722344888
Nc1cccc(C(=O)O)c1,CCCCO,23358.32081151022,0.989396676490512
Nc1cccc(C(=O)O)c1,CCCO,21958.495342147824,0.9986595779544934
Nc1cccc(C(=O)O)c1,CCO,20035.21971053158,0.9888321638569214
Nc1cccc(C(=O)O)c1,CO,16626.857580695974,0.9529832205540766
Nc1cccc(C(=O)O)c1,COC(C)=O,19270.879558791585,0.9662118395512032
Nc1cccc(C(=O)O)c1,O,23805.76121072941,0.9960860739288148
Nc1cccc(C(=O)O)c1O,CCCO,24148.59417490204,0.9581452592928598
Nc1cccc(C(=O)O)c1O,CCO,26588.0451091574,0.9911532039948666
Nc1cccc(C(=O)O)c1O,O,14753.56443978663,0.94789025420765
Nc1cccc(Cl)c1C(=O)O,C1CCCCC1,43844.46011043582,0.998456625526843
Nc1cccc(Cl)c1C(=O)O,CC(C)CO,33882.06938463142,0.9981491123114822
Nc1cccc(Cl)c1C(=O)O,CC(C)O,27398.28186681376,0.9967734088483556
Nc1cccc(Cl)c1C(=O)O,CCCCCCCCO,35667.64803018981,0.998436346219984
Nc1cccc(Cl)c1C(=O)O,CCCCCCCO,33645.56685075014,0.9985095907751408
Nc1cccc(Cl)c1C(=O)O,CCCCO,29040.89940563385,0.9957342498502966
Nc1cccc(Cl)c1C(=O)O,CCCO,27274.92038630701,0.9965136078134832
Nc1cccc(Cl)c1C(=O)O,CCO,27738.9245005484,0.9971877375954326
Nc1cccc(Cl)c1C(=O)O,CCOC(C)=O,26760.714089524627,0.9963543364093582
Nc1cccc(Cl)c1C(=O)O,CN1CCCC1=O,18645.16445219641,0.972176325276308
Nc1cccc(Cl)c1C(=O)O,Cc1ccccc1,25865.78588019914,0.9980868099840076
Nc1cccc(Cl)c1C(=O)O,O,27408.25077319421,0.996590216906561
Nc1cccc(Cl)c1C(=O)O,OCCO,31030.60901128271,0.9985423155091696
Nc1cccc(N)c1,CC#N,43813.041193507925,0.9833237929966951
Nc1cccc(N)c1,CCO,44649.94904552815,0.9904512025677884
Nc1cccc(N)c1,CO,45000.68980625298,0.9873140641815668
Nc1cccc(N)c1,O,60974.56109793791,0.9995807484666352
Nc1cccc(N)n1,CC(C)O,27151.863113823,0.995778944343892
Nc1cccc(N)n1,CCO,23801.33303944848,0.998994776822592
Nc1cccc(N)n1,CO,20717.3017843535,0.9987931489840736
Nc1cccc(N)n1,Cc1ccccc1,29043.65700136154,0.99646548149125
Nc1cccc(O)c1,C1CCOC1,10803.621644237752,0.9985915135891776
Nc1cccc(O)c1,CC#N,24675.01198657797,0.9996186038073624
Nc1cccc(O)c1,CC(=O)OC(C)C,27681.94115511577,0.9980169071016936
Nc1cccc(O)c1,CCCCOC(C)=O,38440.79225960701,0.9989086541526644
Nc1cccc(O)c1,CCOC(C)=O,19470.107475090288,0.99836745697706
Nc1cccc(O)c1,ClCCCl,35573.997774516705,0.9990720987971596
Nc1cccc(O)c1,c1ccccc1,44045.20467128773,0.9995330821375592
Nc1cccc(S(=O)(=O)c2cccc(N)c2)c1,C1CCCCC1,49729.00515991763,0.9990828356145754
Nc1cccc(S(=O)(=O)c2cccc(N)c2)c1,C1COCCO1,27689.51208085036,0.9937373717852092
Nc1cccc(S(=O)(=O)c2cccc(N)c2)c1,CC#N,28538.310501523105,0.9960129794309898
Nc1cccc(S(=O)(=O)c2cccc(N)c2)c1,CC(C)CO,26541.944390290144,0.9965049344596352
Nc1cccc(S(=O)(=O)c2cccc(N)c2)c1,CC(C)O,34065.75340734316,0.9954563484057248
Nc1cccc(S(=O)(=O)c2cccc(N)c2)c1,CCCO,24637.84349887034,0.9918950823782992
Nc1cccc(S(=O)(=O)c2cccc(N)c2)c1,CCO,22132.23533599721,0.994547754747018
Nc1cccc(S(=O)(=O)c2cccc(N)c2)c1,CCOC(C)=O,20527.63725476677,0.9947253345852264
Nc1cccc(S(=O)(=O)c2cccc(N)c2)c1,CN(C)C=O,16112.24265410959,0.9847163500445778
Nc1cccc(S(=O)(=O)c2cccc(N)c2)c1,CO,27280.84228684013,0.9895125555997482
Nc1cccc(S(=O)(=O)c2cccc(N)c2)c1,O,44033.147899088224,0.9926964946791694
Nc1cccc(S(=O)(=O)c2cccc(N)c2)c1,OCCO,25469.902858014724,0.9943396989981358
Nc1cccc2c(N)cccc12,CC#N,28816.733672238912,0.9987658731992686
Nc1cccc2c(N)cccc12,CC(C)O,21364.50835340973,0.9986610495255002
Nc1cccc2c(N)cccc12,CCOC(C)=O,19465.03236619989,0.9994336157446108
Nc1cccc2c(N)cccc12,CO,20305.209202345963,0.9997574107452348
Nc1cccc2c(N)cccc12,Cc1ccccc1,28972.63062765085,0.9970275291288224
Nc1cccc2c1C(=O)N(C1CCC(=O)NC1=O)C2=O,CC(C)=O,33343.85056822751,0.997057188838895
Nc1cccc2c1C(=O)N(C1CCC(=O)NC1=O)C2=O,CC(C)O,37181.72712001174,0.9930151296198144
Nc1cccc2c1C(=O)N(C1CCC(=O)NC1=O)C2=O,CCO,35340.81749583836,0.9991072612662932
Nc1cccc2c1C(=O)N(C1CCC(=O)NC1=O)C2=O,CCOC(C)=O,36423.668826313165,0.9931116970737488
Nc1cccc2c1CN(C1CCC(=O)NC1=O)C2=O,CC#N,3877.82831840232,0.9630220332309442
Nc1cccc2c1CN(C1CCC(=O)NC1=O)C2=O,CC(C)O,28952.060090374896,0.9989329675389584
Nc1cccc2c1CN(C1CCC(=O)NC1=O)C2=O,CCO,20238.133380858813,0.997107783600273
Nc1cccc2c1CN(C1CCC(=O)NC1=O)C2=O,CCOC(C)=O,17346.977229015698,0.9862263390027372
Nc1cccc2c1CN(C1CCC(=O)NC1=O)C2=O,CO,10491.868186705318,0.9845464739004924
Nc1cccc2cccc(N)c12,CC#N,29083.53681694127,0.999441937992332
Nc1cccc2cccc(N)c12,CCCO,27549.4919083856,0.9998677699815598
Nc1cccc2cccc(N)c12,CCOC(C)=O,27765.118225688577,0.9947141019418028
Nc1cccc2cccc(N)c12,CO,25847.562055679817,0.9999316472774116
Nc1cccc2cccc(N)c12,Cc1ccccc1,29080.591136952025,0.9996541359440376
Nc1cccc2ccccc12,C1CCCCC1,48766.634741654605,0.9824427980895356
Nc1cccc2ccccc12,CC#N,35217.58799885811,0.9551065831712964
Nc1cccc2ccccc12,CC(C)CO,82181.01909295197,0.9269332360543734
Nc1cccc2ccccc12,CC(C)O,87151.23137024377,0.966918851185716
Nc1cccc2ccccc12,CCCCCCC,36450.64693776134,0.995342746488718
Nc1cccc2ccccc12,CCCCOC(C)=O,37012.69980395635,0.9554187522093124
Nc1cccc2ccccc12,CCO,67249.7785335318,0.9710455664861796
Nc1cccc2ccccc12,CCOC(C)=O,34614.79552545293,0.933644462340401
Nc1cccc2ccncc12,CC#N,25195.903320705453,0.999037311338553
Nc1cccc2ccncc12,CC(C)=O,24675.939769932025,0.9996811978928432
Nc1cccc2ccncc12,CC(C)O,24251.652676901507,0.9988454724226604
Nc1cccc2ccncc12,CCCO,24292.862348951254,0.9987825093311168
Nc1cccc2ccncc12,CCO,23904.657726273465,0.9975529750336704
Nc1cccc2ccncc12,CN(C)C=O,25328.19676546759,0.9999453769025451
Nc1cccc2ccncc12,CO,23251.298632545,0.996333422554657
Nc1cccc2ccncc12,O,22018.54794330701,0.9979618397603358
Nc1ccccc1C(=O)O,C1COCCO1,11235.27642036966,0.9903296221759584
Nc1ccccc1C(=O)O,Cc1ccccc1,34549.86266151854,0.9972156685002364
Nc1ccccc1N,CCO,10302.207985926148,0.9960519739254368
Nc1ccccc1N,CO,10781.498857564531,0.994110928888208
Nc1ccccc1N,O,16910.376524942705,0.989154231111188
Nc1ccccn1,C1CCCCC1,36972.8935672034,0.9967416461697554
Nc1ccccn1,CC#N,33662.850913392416,0.9867093579119854
Nc1ccccn1,CC(C)=O,36095.91365020431,0.991066455854526
Nc1ccccn1,CC(C)CO,35042.44405533895,0.9964218687854414
Nc1ccccn1,CC(C)O,29258.17048199135,0.9965421200553368
Nc1ccccn1,CCCCO,25834.872935824675,0.9645626361900856
Nc1ccccn1,CCCCOC(C)=O,49949.95339417287,0.989533164007214
Nc1ccccn1,CCCOC(C)=O,28334.49760651301,0.9720168017094208
Nc1ccccn1,CCO,32025.47283424881,0.9292892718442952
Nc1ccccn1,CCOC(C)=O,45821.606161607895,0.9620541145940772
Nc1ccccn1,CN(C)C=O,24634.6859061688,0.9366481547476224
Nc1ccccn1,CN1CCCC1=O,22665.24625074382,0.9459266563380144
Nc1ccccn1,CO,24430.90848848904,0.9779603933516592
Nc1ccccn1,ClC(Cl)Cl,41949.73428996064,0.9836883780697052
Nc1cccnc1,CC(C)=O,51373.3889679271,0.9874679462199114
Nc1cccnc1,CCCCOC(C)=O,39916.32736969565,0.9777442256142396
Nc1cccnc1,CCO,31867.0923160278,0.973477987141591
Nc1cccnc1,Cc1ccccc1,69525.36321135398,0.9957427710191996
Nc1cccnn1,CC(C)=O,18899.768509797133,0.9992385182862066
Nc1cccnn1,CC(C)O,23837.83422717593,0.9987974712278672
Nc1cccnn1,CCCCO,29792.66900259472,0.980196883058608
Nc1cccnn1,CCCO,23648.26937162687,0.9993329238563304
Nc1cccnn1,CCO,23529.480097224776,0.9728902863517572
Nc1cccnn1,CCOC(C)=O,21999.338189137867,0.9955238697870266
Nc1cccnn1,CO,20320.158551035183,0.9978974973444814
Nc1ccn([C@@H]2O[C@H](CO)[C@@H](O)[C@@H]2O)c(=O)n1,CCO,71695.46290020438,0.9240333448444392
Nc1ccn([C@@H]2O[C@H](CO)[C@@H](O)[C@@H]2O)c(=O)n1,CO,26182.36145349602,0.9798040798588884
Nc1ccn([C@@H]2O[C@H](CO)[C@@H](O)[C@@H]2O)c(=O)n1,O,34132.391970919234,0.9932722066528016
Nc1ccnc(=O)[nH]1,CC(C)CCO,16011.330995732213,0.9953937889776736
Nc1ccnc(=O)[nH]1,CC(C)CO,19524.23933203353,0.9885633277454446
Nc1ccnc(=O)[nH]1,CC(C)O,18272.30403155168,0.981329586875332
Nc1ccnc(=O)[nH]1,CCC(C)O,21026.70288535676,0.9706863044260052
Nc1ccnc(=O)[nH]1,CCCCCCO,19610.113780621323,0.9854574710591202
Nc1ccnc(=O)[nH]1,CCCCCO,17944.747476119053,0.9911401221114408
Nc1ccnc(=O)[nH]1,CCCCO,17530.48686133397,0.9963552024026042
Nc1ccnc(=O)[nH]1,CCCO,18816.59493768792,0.980777206858893
Nc1ccnc(=O)[nH]1,CCO,13145.687998983807,0.9687771075249216
Nc1ccnc(=O)[nH]1,CO,16810.896895495025,0.9975411694044656
Nc1ccnc(=O)[nH]1,CS(C)=O,9594.838777247016,0.996016433071262
Nc1ccnc(=O)[nH]1,O,32855.196606762845,0.9973759392132188
Nc1cnc(Br)cn1,CC(C)O,15401.41562031127,0.9965984266216584
Nc1cnc(Br)cn1,CC(O)CO,15569.75382841034,0.9978347159030972
Nc1cnc(Br)cn1,CCCCO,15944.410861681212,0.9994087573599664
Nc1cnc(Br)cn1,CCCO,15916.533698245335,0.9996083257069058
Nc1cnc(Br)cn1,CCO,15852.83193737574,0.9929688802778338
Nc1cnc(Br)cn1,CN(C)C=O,15933.221211568753,0.9992352507080604
Nc1cnc(Br)cn1,CO,14781.29028403491,0.9985411997801494
Nc1cnc(Br)cn1,O,16561.76207725469,0.9981901953357964
Nc1cnc(Br)cn1,OCCO,15808.524165327954,0.9994008923133102
Nc1cnc(Cl)cn1,CCCO,25292.050350103083,0.9962408361905304
Nc1cnc(Cl)cn1,CCO,27938.24756499849,0.9942223521535468
Nc1cnc(Cl)cn1,CO,29181.83518396668,0.9898497219832226
Nc1cnc(Cl)cn1,O,26043.33272081737,0.9932106936647048
Nc1cnc(Cl)cn1,OCCO,25692.34934812665,0.9967312756883636
Nc1cncc(Cl)n1,CC#N,26213.70984876491,0.9994778144706647
Nc1cncc(Cl)n1,CC(C)O,25268.06611358804,0.9998028871625728
Nc1cncc(Cl)n1,CC(O)CO,25448.280628603665,0.9991705813571868
Nc1cncc(Cl)n1,CCCO,26764.49244216889,0.9992711957400888
Nc1cncc(Cl)n1,CN(C)C=O,25957.585735514924,0.9998753608255952
Nc1cncc(Cl)n1,CO,26455.280142474086,0.9991613064565432
Nc1cncc(Cl)n1,O,25248.440314677737,0.9997862408476474
Nc1cncc(Cl)n1,OCCO,27070.72336064381,0.9975435850450236
Nc1nc(=O)[nH]cc1F,C1COCCO1,30349.90577276844,0.9981557909172654
Nc1nc(=O)[nH]cc1F,CC#N,38283.72964291016,0.998551458606022
Nc1nc(=O)[nH]cc1F,CC(C)=O,28008.2145324778,0.9996029655434177
Nc1nc(=O)[nH]cc1F,CC(C)O,28605.55621319784,0.9988782978036492
Nc1nc(=O)[nH]cc1F,CCCCO,24900.247891663195,0.9996836613155664
Nc1nc(=O)[nH]cc1F,CCOC(C)=O,41159.27124751049,0.999218993026458
Nc1nc(=O)[nH]cc1F,CN(C)C=O,19710.62969856224,0.9983171479249764
Nc1nc(=O)[nH]cc1F,CS(C)=O,15375.1708730892,0.9964707512343424
Nc1nc(Cl)c2[nH]cnc2n1,C1COCCO1,28381.308715732182,0.9995926770094612
Nc1nc(Cl)c2[nH]cnc2n1,CC(C)CO,23117.373538607026,0.9992983056044532
Nc1nc(Cl)c2[nH]cnc2n1,CC(C)O,26401.486099876605,0.9993432511739004
Nc1nc(Cl)c2[nH]cnc2n1,CCC(C)=O,22563.49067092288,0.9989046750963512
Nc1nc(Cl)c2[nH]cnc2n1,CCCCO,19628.01771109012,0.9996973385119704
Nc1nc(Cl)c2[nH]cnc2n1,CCCO,22313.2765410314,0.9997008902465346
Nc1nc(Cl)c2[nH]cnc2n1,CCO,28515.649619043343,0.9997210101358636
Nc1nc(Cl)c2[nH]cnc2n1,CN(C)C=O,22466.057236826844,0.9988175974643828
Nc1nc(Cl)c2[nH]cnc2n1,CO,29807.76725416079,0.9997924276026604
Nc1nc(Cl)c2[nH]cnc2n1,CS(C)=O,26197.67158865097,0.997775403748314
Nc1nc(Cl)c2[nH]cnc2n1,O,45556.68293621272,0.9999980626568514
Nc1nc(Cl)c2[nH]cnc2n1,OCCO,17311.631115978194,0.999890496032682
Nc1nc(Cl)cc(Cl)n1,C1COCCO1,18991.157900031543,0.9999672644168852
Nc1nc(Cl)cc(Cl)n1,CC#N,24360.187490771983,0.999993930708832
Nc1nc(Cl)cc(Cl)n1,CC(C)=O,19501.173935257328,0.999622121977072
Nc1nc(Cl)cc(Cl)n1,CC(C)O,28710.34616777619,0.999964107325537
Nc1nc(Cl)cc(Cl)n1,CCO,22981.38166966924,0.999855564102332
Nc1nc(Cl)cc(Cl)n1,CCOC(C)=O,20689.307001091816,0.9999274687339724
Nc1nc(Cl)cc(Cl)n1,CO,21943.94592553172,0.9995565801976292
Nc1nc(Cl)cc(Cl)n1,Cc1ccccc1,28588.88497349277,0.9999235002609176
Nc1nc(N)c([N+](=O)[O-])cc1[N+](=O)[O-],CN(C)C=O,18223.485278685825,0.9923201620873126
Nc1nc(N)c([N+](=O)[O-])cc1[N+](=O)[O-],CO,51227.38011365351,0.9851513105278704
Nc1nc(N)c([N+](=O)[O-])cc1[N+](=O)[O-],CS(C)=O,60459.548720599705,0.9359077684440338
Nc1nc(N)c2nc(-c3ccccc3)c(N)nc2n1,CC(C)CO,55004.562924318976,0.9975611313097146
Nc1nc(N)c2nc(-c3ccccc3)c(N)nc2n1,CC(C)O,55157.97143430362,0.9983797264322763
Nc1nc(N)c2nc(-c3ccccc3)c(N)nc2n1,CCCCO,53776.34482173796,0.997626031743829
Nc1nc(N)c2nc(-c3ccccc3)c(N)nc2n1,CCCO,53317.61206440079,0.998715335807784
Nc1nc(N)c2nc(-c3ccccc3)c(N)nc2n1,CCOC(C)=O,55005.84382161966,0.9974552251873512
Nc1nc(N)c2nc(-c3ccccc3)c(N)nc2n1,CO,50664.290834044565,0.9992661062419582
Nc1nc(N)c2nc(-c3ccccc3)c(N)nc2n1,COCCO,42860.39556848373,0.9993766274261244
Nc1nc(N)c2nc(-c3ccccc3)c(N)nc2n1,CS(C)=O,45773.550578344286,0.9999456731005932
Nc1nc(N)c2nc(-c3ccccc3)c(N)nc2n1,ClCCCl,57293.03748404355,0.996891645148001
Nc1nc(N)c2nc(-c3ccccc3)c(N)nc2n1,O,27389.062980976603,0.9963928843999053
Nc1nc(N)nc(-c2ccncc2)n1,C1CCOC1,8937.208889057203,0.991722654416318
Nc1nc(N)nc(-c2ccncc2)n1,CC(C)O,29828.626559169486,0.997752029478888
Nc1nc(N)nc(-c2ccncc2)n1,CCCO,21342.383482446883,0.991926296231675
Nc1nc(N)nc(-c2ccncc2)n1,CCO,19024.93535726376,0.9954830938931212
Nc1nc(N)nc(-c2ccncc2)n1,CO,16323.930820901203,0.9941530145132198
Nc1nc(N)nc(NC2CC2)n1,CC(=O)O,30171.742467488635,0.999410345669909
Nc1nc(N)nc(NC2CC2)n1,CC(C)=O,17661.84613791761,0.998650332671059
Nc1nc(N)nc(NC2CC2)n1,CC(C)CCO,27796.81745163992,0.9994599021610192
Nc1nc(N)nc(NC2CC2)n1,CC(C)CO,24628.46990362443,0.998471077593761
Nc1nc(N)nc(NC2CC2)n1,CC(C)O,24540.232605071786,0.9981440120193278
Nc1nc(N)nc(NC2CC2)n1,CCC(=O)O,27288.921472049555,0.9992347859739404
Nc1nc(N)nc(NC2CC2)n1,CCC(C)O,28745.746058709086,0.9990037327323814
Nc1nc(N)nc(NC2CC2)n1,CCCCCCCO,40903.37144664602,0.9995464774157816
Nc1nc(N)nc(NC2CC2)n1,CCCCCO,27233.706145876185,0.9994728161161274
Nc1nc(N)nc(NC2CC2)n1,CCCCO,27014.103493086943,0.9980878139655044
Nc1nc(N)nc(NC2CC2)n1,CCCO,26522.44189703194,0.9972732872145856
Nc1nc(N)nc(NC2CC2)n1,CO,14871.63819316441,0.999925483445646
Nc1nc(N)nc(NC2CC2)n1,O,21613.88941911785,0.999133898081537
Nc1nc(NC2CC2)c2ncn([C@H]3C=C[C@@H](CO)C3)c2n1,CC(C)=O,11783.762810672706,0.986707873358454
Nc1nc(NC2CC2)c2ncn([C@H]3C=C[C@@H](CO)C3)c2n1,CC(C)CO,13712.27727883419,0.9909294922921732
Nc1nc(NC2CC2)c2ncn([C@H]3C=C[C@@H](CO)C3)c2n1,CC(C)O,16399.917019952332,0.9868148539706372
Nc1nc(NC2CC2)c2ncn([C@H]3C=C[C@@H](CO)C3)c2n1,CCC(C)O,17342.57109245944,0.9906730320702716
Nc1nc(NC2CC2)c2ncn([C@H]3C=C[C@@H](CO)C3)c2n1,CCCCCO,18161.55962990673,0.9977616031491434
Nc1nc(NC2CC2)c2ncn([C@H]3C=C[C@@H](CO)C3)c2n1,CCCCO,19373.61162364488,0.994002677130185
Nc1nc(NC2CC2)c2ncn([C@H]3C=C[C@@H](CO)C3)c2n1,CCCO,18234.39110516634,0.9823789682265542
Nc1nc(NC2CC2)c2ncn([C@H]3C=C[C@@H](CO)C3)c2n1,CCO,18590.688569442333,0.9832875717349664
Nc1nc(NC2CC2)c2ncn([C@H]3C=C[C@@H](CO)C3)c2n1,CCOC(C)=O,17344.571311051564,0.9931880453842744
Nc1nc(NC2CC2)c2ncn([C@H]3C=C[C@@H](CO)C3)c2n1,CO,22266.480736110443,0.9927438197195316
Nc1nc(NC2CC2)c2ncn([C@H]3C=C[C@@H](CO)C3)c2n1,O,18756.438858726204,0.9928954750528184
Nc1nc2c(ncn2COC(CO)CO)c(=O)[nH]1,CC#N,12422.151071681115,0.9981412715449696
Nc1nc2c(ncn2COC(CO)CO)c(=O)[nH]1,CC(C)=O,32615.40873257756,0.9990235054203505
Nc1nc2c(ncn2COC(CO)CO)c(=O)[nH]1,CC(C)O,12328.628886293202,0.9997313294338936
Nc1nc2c(ncn2COC(CO)CO)c(=O)[nH]1,CCCCO,7405.393700647289,0.979392137751521
Nc1nc2c(ncn2COC(CO)CO)c(=O)[nH]1,CCO,11013.781717402991,0.9956631701545972
Nc1nc2c(ncn2COC(CO)CO)c(=O)[nH]1,CO,13256.827952314963,0.9952637526512536
Nc1nc2c(ncn2COC(CO)CO)c(=O)[nH]1,Cc1ccccc1,19765.200516970363,0.9995363250009373
Nc1nc2ccc(OC(F)(F)F)cc2s1,CC#N,19821.536355893066,0.9965027459647604
Nc1nc2ccc(OC(F)(F)F)cc2s1,CC(=O)N(C)C,15578.288014170132,0.9972834023128648
Nc1nc2ccc(OC(F)(F)F)cc2s1,CC(=O)OC(C)C,6690.352713417136,0.9838955737044148
Nc1nc2ccc(OC(F)(F)F)cc2s1,CC(C)=O,6277.270773157941,0.9898472840812778
Nc1nc2ccc(OC(F)(F)F)cc2s1,CCCCCO,12207.981761325991,0.9873397047119866
Nc1nc2ccc(OC(F)(F)F)cc2s1,CCCCCOC(C)=O,6553.922551183627,0.962549757768713
Nc1nc2ccc(OC(F)(F)F)cc2s1,CCCCO,12525.978796383934,0.9849796763996206
Nc1nc2ccc(OC(F)(F)F)cc2s1,CCCO,13091.270951725191,0.987346533154957
Nc1nc2ccc(OC(F)(F)F)cc2s1,CCCOC(C)=O,6771.365136541645,0.9696997709799192
Nc1nc2ccc(OC(F)(F)F)cc2s1,CCCOCCO,5268.955742045299,0.9954046209288782
Nc1nc2ccc(OC(F)(F)F)cc2s1,CCO,11257.783950851046,0.984796723977276
Nc1nc2ccc(OC(F)(F)F)cc2s1,COCCO,5667.687447521404,0.9977337774894036
Nc1ncc(Br)nc1Br,CC(C)O,20981.99205135213,0.9995620732431132
Nc1ncc(Br)nc1Br,CCO,21166.15671465177,0.9936789780223232
Nc1ncc(Br)nc1Br,O,21660.115812674525,0.9966610214453412
Nc1ncccn1,CC#N,26344.554912575702,0.99002402756508
Nc1ncccn1,CC(C)=O,20502.68114638533,0.9996396282683638
Nc1ncccn1,CC(C)CCO,29468.78005369285,0.9994518444028376
Nc1ncccn1,CC(C)CO,37737.40407551549,0.9998469456406924
Nc1ncccn1,CC(C)O,42436.980591775966,0.9997284730581733
Nc1ncccn1,CCCCCO,26879.24864920642,0.9999268143766802
Nc1ncccn1,CCCCO,40420.84618693419,0.9997087284438604
Nc1ncccn1,CCCO,32700.056362121974,0.9997576631959928
Nc1ncccn1,CCO,37065.74719084712,0.9996654248094796
Nc1ncccn1,CCOC(C)=O,16134.53155302177,0.977745635236806
Nc1ncccn1,CCOC=O,26457.94703847738,0.9983565788693872
Nc1ncccn1,CO,32422.29385583769,0.9995122761620948
Nc1ncccn1,COC(C)=O,26813.366323305087,0.998091981556428
Nc1ncccn1,O=C1CCCC1,17438.039795491135,0.999182420464249
Nc1ncccn1,O=C1CCCCC1,22795.992870166592,0.9993478842186436
Nc1nccnc1Cl,CC(C)O,27265.136255956822,0.9966014041610204
Nc1nccnc1Cl,CN(C)C=O,28523.23449918104,0.9903034236091368
Nc1nccnc1Cl,CO,26784.05016250678,0.9925226576111909
Nc1nccnc1Cl,O,28224.02243831357,0.987066227098701
Nc1nccnc1Cl,OCCO,27786.553012661723,0.9959308588422324
Nc1ncnc2c1ncn2CCOCP(=O)(O)O,CC(C)CO,24443.625037078786,0.998474789373894
Nc1ncnc2c1ncn2CCOCP(=O)(O)O,CCCCCCC,27982.88305799801,0.9962761613203356
Nc1ncnc2c1ncn2CCOCP(=O)(O)O,CCCO,24499.883792717483,0.9951123264455146
Nc1ncnc2c1ncn2CCOCP(=O)(O)O,CCO,31760.13859221764,0.9991629906085182
Nc1ncnc2c1ncn2CCOCP(=O)(O)O,CN(C)C=O,61798.34315366726,0.9999305636485084
Nc1ncnc2c1ncn2CCOCP(=O)(O)O,Cc1ccccc1,35127.70303376779,0.99714438029886
Nc1ncnc2c1ncn2[C@@H]1O[C@H](CO)[C@@H](O)[C@H]1O,CC(O)CO,10261.205999755972,0.9961256756953226
Nc1ncnc2c1ncn2[C@@H]1O[C@H](CO)[C@@H](O)[C@H]1O,CN(C)C=O,18004.648331620585,0.9873530648216656
Nc1ncnc2c1ncn2[C@@H]1O[C@H](CO)[C@@H](O)[C@H]1O,CN1CCCC1=O,9702.816537503822,0.9981058293239556
Nc1ncnc2c1ncn2[C@@H]1O[C@H](COP(=O)(O)O)[C@@H](O)[C@H]1O,CC(=O)O,46913.866368875424,0.9975753401066496
Nc1ncnc2c1ncn2[C@@H]1O[C@H](COP(=O)(O)O)[C@@H](O)[C@H]1O,CCO,19407.580654565856,0.98446550706684
Nc1ncnc2c1ncn2[C@@H]1O[C@H](COP(=O)(O)O)[C@@H](O)[C@H]1O,CO,13107.449396767888,0.9910984268664562
Nc1ncnc2c1ncn2[C@@H]1O[C@H](COP(=O)(O)O)[C@@H](O)[C@H]1O,O,27233.43443943044,0.9990772041006266
Nc1ncnc2nc[nH]c12,CC(O)CO,1530.2630368628472,0.9973546724358708
Nc1ncnc2nc[nH]c12,CN1CCCC1=O,2338.40703183543,0.9986528294860544
Nc1ncnc2nc[nH]c12,CS(C)=O,7563.639991933035,0.9999835500866152
Nc1ncnc2nc[nH]c12,O,32841.76366397964,0.999243589013979
Nc1nnc(-c2cccc(Cl)c2Cl)c(N)n1,CC(C)O,25619.643560888588,0.9836723769518184
Nc1nnc[nH]1,CC#N,52698.92127953944,0.9993412149816292
Nc1nnc[nH]1,CC(C)=O,24531.319950522007,0.9992304610562764
Nc1nnc[nH]1,CC(C)O,51332.89157460272,0.9989563584476272
Nc1nnc[nH]1,CCC(C)=O,34130.94641667788,0.999369826755427
Nc1nnc[nH]1,CCCO,46786.32861705964,0.999777483151758
Nc1nnc[nH]1,CCO,35276.66124341586,0.9998067342856998
Nc1nnc[nH]1,CCOC(C)=O,28589.15883097051,0.9990948482742014
Nc1nnc[nH]1,CO,20632.281979403328,0.9997034580379384
Nc1nnn[nH]1,C1COCCO1,28958.420754468,0.9997467502860428
Nc1nnn[nH]1,CC#N,12016.157940591313,0.9998400397211196
Nc1nnn[nH]1,CC(C)O,14288.350423662205,0.9999628659113676
Nc1nnn[nH]1,CCCCO,19722.04278463241,0.9957717742964448
Nc1nnn[nH]1,CCCO,14654.646948013036,0.999831817706058
Nc1nnn[nH]1,CCO,13988.461019193952,0.9998492955158604
Nc1nnn[nH]1,CCOC(C)=O,18300.769620633844,0.9983433543555968
Nc1nnn[nH]1,CN(C)C=O,19765.41444579684,0.9997856312234428
Nc1nnn[nH]1,CN1CCCC1=O,23433.775488203537,0.9997305192002516
Nc1nnn[nH]1,CO,15686.24681379838,0.9988799895495496
Nc1nnn[nH]1,Cc1ccccc1,18831.51143115904,0.99912718000404
Nc1nonc1-c1no[n+]([O-])c1-c1nonc1N,C1CCCCC1,37676.08198215869,0.979955947985928
Nc1nonc1-c1no[n+]([O-])c1-c1nonc1N,CCCO,25313.60417931737,0.9813874187473814
Nc1nonc1-c1no[n+]([O-])c1-c1nonc1N,CCO,16036.850694915283,0.94579068119432
Nc1nonc1-c1no[n+]([O-])c1-c1nonc1N,CCOC(C)=O,6698.858606033233,0.9212876849604198
Nc1nonc1-c1no[n+]([O-])c1-c1nonc1N,CO,15477.892239872604,0.944548311350726
Nc1nonc1-c1no[n+]([O-])c1-c1nonc1N,ClCCCl,29603.789556817235,0.9803162230177797
Nc1nonc1-c1no[n+]([O-])c1-c1nonc1N,ClCCl,11586.49029370172,0.954352585303586
Nc1nonc1-c1no[n+]([O-])c1-c1nonc1N,O,33074.43870841929,0.9671065101766386
O.O=C(O)CC(O)(CC(=O)O)C(=O)O,CC(C)O,8288.489734531455,0.9952200062849024
O.O=C(O)CC(O)(CC(=O)O)C(=O)O,CO,4847.378674423727,0.9985679445146082
O.O=C(O)CC(O)(CC(=O)O)C(=O)O,O,14332.643894397504,0.9985546867163482
O.O=C1NC(=O)C(=O)C(=O)N1,C1CCOC1,22743.40888068756,0.9986357254471604
O.O=C1NC(=O)C(=O)C(=O)N1,CC(C)=O,2988.822244950606,0.9925249495359562
O.O=C1NC(=O)C(=O)C(=O)N1,CO,15634.439829539251,0.999636158544132
O.O=C1NC(=O)C(=O)C(=O)N1,O,9521.327713781511,0.999879647169343
O.O=C1NC(=O)C(=O)C(=O)N1,OCCO,27605.34543760072,0.9976481172508576
O.O=c1c(O)c(-c2ccc(O)cc2)oc2cc(O)cc(O)c12,CC(C)O,43982.3034653951,0.9994427368517024
O.O=c1c(O)c(-c2ccc(O)cc2)oc2cc(O)cc(O)c12,CCC(C)O,28840.20649804445,0.9996455231531316
O.O=c1c(O)c(-c2ccc(O)cc2)oc2cc(O)cc(O)c12,CCCCO,28135.152094707897,0.999680063795752
O.O=c1c(O)c(-c2ccc(O)cc2)oc2cc(O)cc(O)c12,CCCO,23423.22011105042,0.999675212948456
O.O=c1c(O)c(-c2ccc(O)cc2)oc2cc(O)cc(O)c12,CCO,28048.86011707035,0.9998567465763256
O=C(/C=C/C=C/c1ccc2c(c1)OCO2)N1CCCCC1,CC(C)=O,21691.38060660523,0.9984134007900068
O=C(/C=C/C=C/c1ccc2c(c1)OCO2)N1CCCCC1,CC(C)O,14657.703158016297,0.9986709731830984
O=C(/C=C/C=C/c1ccc2c(c1)OCO2)N1CCCCC1,CC(O)CO,14756.30068113472,0.9998972535334254
O=C(/C=C/C=C/c1ccc2c(c1)OCO2)N1CCCCC1,CCC(C)O,13583.139641493064,0.9960029730807916
O=C(/C=C/C=C/c1ccc2c(c1)OCO2)N1CCCCC1,CCCCO,13078.934283536377,0.9966098893286212
O=C(/C=C/C=C/c1ccc2c(c1)OCO2)N1CCCCC1,CCO,21242.723550478,0.9875591093346134
O=C(/C=C/C=C/c1ccc2c(c1)OCO2)N1CCCCC1,CCOCCOCCO,5258.329479745259,0.9972171559968508
O=C(/C=C/C=C/c1ccc2c(c1)OCO2)N1CCCCC1,CO,15244.292733430322,0.9998374929160148
O=C(/C=C/C=C/c1ccc2c(c1)OCO2)N1CCCCC1,CS(C)=O,8399.171952706993,0.9992849359298106
O=C(/C=C/C=C/c1ccc2c(c1)OCO2)N1CCCCC1,OCCO,21693.996838085324,0.9989278112440644
O=C(/C=C/c1ccc(-c2cccc([N+](=O)[O-])c2)o1)CO,C1COCCO1,-400.41535262309645,0.992141970797334
O=C(/C=C/c1ccc(-c2cccc([N+](=O)[O-])c2)o1)c1ccc(Cl)cc1,CN(C)C=O,1562.4911135505058,0.923923021344946
O=C(/C=C/c1ccc(-c2cccc([N+](=O)[O-])c2)o1)c1ccc([N+](=O)[O-])cc1,C1COCCO1,1868.1454152353847,0.962786090437072
O=C(/C=C/c1ccc(-c2cccc([N+](=O)[O-])c2)o1)c1ccc([N+](=O)[O-])cc1,CN(C)C=O,850.7928004638397,0.9510433073063158
O=C(/C=C/c1ccc(O)c(O)c1)O[C@H](Cc1ccc(O)c(O)c1)C(=O)O,CCO,24728.049090568657,0.9929696440142682
O=C(/C=C/c1ccc(O)c(O)c1)O[C@H](Cc1ccc(O)c(O)c1)C(=O)O,CCOC(C)=O,26492.3926159824,0.9681293797865068
O=C(/C=C/c1ccc(O)c(O)c1)O[C@H](Cc1ccc(O)c(O)c1)C(=O)O,CO,27574.14215433313,0.9975821361340312
O=C(/C=C/c1ccc(O)c(O)c1)O[C@H](Cc1ccc(O)c(O)c1)C(=O)O,COC(C)=O,26754.88726429538,0.9681894913415244
O=C(/C=C/c1cn(-c2ccccc2)nc1-c1ccc(Cl)cc1)c1nc2ccccc2[nH]1,CC#N,14467.51293951342,0.9737471269367612
O=C(/C=C/c1cn(-c2ccccc2)nc1-c1ccc(Cl)cc1)c1nc2ccccc2[nH]1,CCCCCO,15410.793837906029,0.9857646579583812
O=C(/C=C/c1cn(-c2ccccc2)nc1-c1ccc(Cl)cc1)c1nc2ccccc2[nH]1,CCCCO,16561.623291927146,0.9890589351838408
O=C(/C=C/c1cn(-c2ccccc2)nc1-c1ccc(Cl)cc1)c1nc2ccccc2[nH]1,CCO,13189.06679122178,0.9924266772038304
O=C(/C=C/c1cn(-c2ccccc2)nc1-c1ccc(Cl)cc1)c1nc2ccccc2[nH]1,CCOC(C)=O,18898.932009194312,0.996350026077148
O=C(/C=C/c1cn(-c2ccccc2)nc1-c1ccc(Cl)cc1)c1nc2ccccc2[nH]1,CO,27831.66262329949,0.9781878404419024
O=C(/C=C/c1cn(-c2ccccc2)nc1-c1ccc(F)cc1)c1nc2ccccc2[nH]1,CC#N,6771.458228459578,0.9853489012040368
O=C(/C=C/c1cn(-c2ccccc2)nc1-c1ccc(F)cc1)c1nc2ccccc2[nH]1,CCCCCO,1654.3434918384885,0.998929692115307
O=C(/C=C/c1cn(-c2ccccc2)nc1-c1ccc(F)cc1)c1nc2ccccc2[nH]1,CCCO,2372.7439148132703,0.9843066595565386
O=C(/C=C/c1cn(-c2ccccc2)nc1-c1ccc(F)cc1)c1nc2ccccc2[nH]1,CCOC(C)=O,2732.516717493082,0.9983186813162986
O=C(/C=C/c1cn(-c2ccccc2)nc1-c1ccc(F)cc1)c1nc2ccccc2[nH]1,CO,1650.6418069646024,0.992400278839374
O=C(/C=C/c1cn(-c2ccccc2)nc1-c1cccc([N+](=O)[O-])c1)c1nc2ccccc2[nH]1,CC#N,21117.686571428552,0.9902240049077746
O=C(/C=C/c1cn(-c2ccccc2)nc1-c1cccc([N+](=O)[O-])c1)c1nc2ccccc2[nH]1,CCCCCO,17779.90173166672,0.9939031691997432
O=C(/C=C/c1cn(-c2ccccc2)nc1-c1cccc([N+](=O)[O-])c1)c1nc2ccccc2[nH]1,CCO,20156.350665238024,0.9944511607202832
O=C(/C=C/c1cn(-c2ccccc2)nc1-c1cccc([N+](=O)[O-])c1)c1nc2ccccc2[nH]1,CO,17351.54992219524,0.9897331300922494
O=C(/C=C/c1cn(-c2ccccc2)nc1-c1ccccc1)c1nc2ccccc2[nH]1,CC#N,22339.09582008409,0.9942382440428796
O=C(/C=C/c1cn(-c2ccccc2)nc1-c1ccccc1)c1nc2ccccc2[nH]1,CCCCCO,23625.73852890902,0.9664924236063134
O=C(/C=C/c1cn(-c2ccccc2)nc1-c1ccccc1)c1nc2ccccc2[nH]1,CCCCO,16566.937015173244,0.995006480928832
O=C(/C=C/c1cn(-c2ccccc2)nc1-c1ccccc1)c1nc2ccccc2[nH]1,CCOC(C)=O,28286.50961736148,0.9858095253601338
O=C(/C=C/c1cn(-c2ccccc2)nc1-c1ccccc1Cl)c1nc2ccccc2[nH]1,CCCCCO,20139.437626781288,0.9937503249803634
O=C(/C=C/c1cn(-c2ccccc2)nc1-c1ccccc1Cl)c1nc2ccccc2[nH]1,CCCCO,15746.010915495155,0.9951582888764106
O=C(/C=C/c1cn(-c2ccccc2)nc1-c1ccccc1Cl)c1nc2ccccc2[nH]1,CCCO,10902.49653335525,0.985152442519425
O=C(/C=C/c1cn(-c2ccccc2)nc1-c1ccccc1Cl)c1nc2ccccc2[nH]1,CCO,18113.651648964325,0.9903687763056122
O=C(/C=C/c1cn(-c2ccccc2)nc1-c1ccccc1Cl)c1nc2ccccc2[nH]1,CCOC(C)=O,17645.832557501788,0.9778019648422506
O=C(CCc1ccc(O)cc1)c1c(O)cc(O)cc1O,CC(C)O,3173.6863057295723,0.9957355089594396
O=C(CCc1ccc(O)cc1)c1c(O)cc(O)cc1O,CCC(C)O,16844.062916367347,0.9820621556416096
O=C(CCc1ccc(O)cc1)c1c(O)cc(O)cc1O,CCCCCCO,3992.353947067579,0.9903271709317888
O=C(CCc1ccc(O)cc1)c1c(O)cc(O)cc1O,CCCCCO,3784.8262547067184,0.9943294142347484
O=C(CCc1ccc(O)cc1)c1c(O)cc(O)cc1O,CCCCOC(C)=O,5038.726719209899,0.9966983326953128
O=C(CCc1ccc(O)cc1)c1c(O)cc(O)cc1O,CCCO,4076.2935844637886,0.994118704482277
O=C(CCc1ccc(O)cc1)c1c(O)cc(O)cc1O,CCO,4357.536563677945,0.9971882765749034
O=C(CCc1ccc(O)cc1)c1c(O)cc(O)cc1O,CCOC(C)=O,5803.817647644533,0.9856030971809796
O=C(CCc1ccc(O)cc1)c1c(O)cc(O)cc1O,CO,4361.847721468625,0.9875888179788576
O=C(CN1C(=O)S/C(=C\c2ccc(Cl)cc2)C1=O)N1CCN(CC(O)(Cn2cncn2)c2cc(F)ccc2F)CC1,CCCCCC,36703.40039122058,0.996112729441166
O=C(CN1C(=O)S/C(=C\c2ccc(Cl)cc2)C1=O)N1CCN(CC(O)(Cn2cncn2)c2cc(F)ccc2F)CC1,CCCCCCCCO,33110.19433627752,0.9958559732955368
O=C(CN1C(=O)S/C(=C\c2ccc(Cl)cc2)C1=O)N1CCN(CC(O)(Cn2cncn2)c2cc(F)ccc2F)CC1,CCO,31938.16738237508,0.9992226789493126
O=C(Cn1cnc2c(sc(=S)n2-c2ccc(Cl)cc2)c1=O)NCC(O)(Cn1cncn1)c1ccc(F)cc1F,CCCCCCCCO,16597.354601064504,0.9992784824688992
O=C(Cn1cnc2c(sc(=S)n2-c2ccc(F)cc2)c1=O)NCC(O)(Cn1cncn1)c1ccc(F)cc1F,CCCCCCCCO,19159.05396675271,0.9997125085552288
O=C(NC(=O)c1c(F)cccc1F)Nc1cc(Cl)c(F)c(Cl)c1F,CC(O)CO,7863.78558557932,0.9988563896554048
O=C(NC(=O)c1c(F)cccc1F)Nc1cc(Cl)c(F)c(Cl)c1F,CCO,7544.875826447647,0.9991821815360844
O=C(NC(=O)c1c(F)cccc1F)Nc1cc(Cl)c(F)c(Cl)c1F,CN(C)C=O,11747.0247321423,0.9990681811916156
O=C(NC(=O)c1c(F)cccc1F)Nc1cc(Cl)c(F)c(Cl)c1F,O,12610.018151153346,0.999529001110904
O=C(NC(=O)c1c(F)cccc1F)Nc1ccc(Oc2ccc(C(F)(F)F)cc2Cl)cc1F,CC(O)CO,9208.415644052204,0.999836385402902
O=C(NC(=O)c1c(F)cccc1F)Nc1ccc(Oc2ccc(C(F)(F)F)cc2Cl)cc1F,CN(C)C=O,12638.934793135231,0.999813144308796
O=C(NC(=O)c1c(F)cccc1F)Nc1ccc(Oc2ccc(C(F)(F)F)cc2Cl)cc1F,CO,12539.36844373444,0.9996891131227692
O=C(NC(=O)c1c(F)cccc1F)Nc1ccc(Oc2ccc(C(F)(F)F)cc2Cl)cc1F,O,13201.200268646497,0.9995394508751556
O=C(NC(Cc1cc(=O)[nH]c2ccccc12)C(=O)O)c1ccc(Cl)cc1,CC#N,35117.47188308222,0.9999050384710844
O=C(NC(Cc1cc(=O)[nH]c2ccccc12)C(=O)O)c1ccc(Cl)cc1,CC(C)=O,24250.577392103336,0.999840033160974
O=C(NC(Cc1cc(=O)[nH]c2ccccc12)C(=O)O)c1ccc(Cl)cc1,CC(C)O,30114.48968135652,0.9997521740818864
O=C(NC(Cc1cc(=O)[nH]c2ccccc12)C(=O)O)c1ccc(Cl)cc1,CC(O)CO,11876.35834612268,0.9902776532188288
O=C(NC(Cc1cc(=O)[nH]c2ccccc12)C(=O)O)c1ccc(Cl)cc1,CCCCO,24104.05342885358,0.9999900767626898
O=C(NC(Cc1cc(=O)[nH]c2ccccc12)C(=O)O)c1ccc(Cl)cc1,CCCO,21022.09741666996,0.998924883772329
O=C(NC(Cc1cc(=O)[nH]c2ccccc12)C(=O)O)c1ccc(Cl)cc1,CCO,14972.136222177392,0.9967864088116132
O=C(NC(Cc1cc(=O)[nH]c2ccccc12)C(=O)O)c1ccc(Cl)cc1,CO,16081.372467291832,0.9998445211111864
O=C(NC(Cc1cc(=O)[nH]c2ccccc12)C(=O)O)c1ccc(Cl)cc1,O,32319.72994711028,0.9944748095547722
O=C(NC1=NCCC2(CCCCC2)S1)c1ccccc1,CCCCCC,29457.32691461528,0.9993212751878812
O=C(NCCO[N+](=O)[O-])c1cccnc1,CC(C)O,9083.731521088232,0.9982600130116772
O=C(NCCO[N+](=O)[O-])c1cccnc1,CCO,9094.293596746624,0.99821448012278
O=C(NCCO[N+](=O)[O-])c1cccnc1,CN(C)C=O,8816.295277670091,0.9989328754878498
O=C(NCCO[N+](=O)[O-])c1cccnc1,CO,8847.897194404382,0.9995026676841474
O=C(NC[C@H]1CN(c2ccc(N3CCOCC3=O)cc2)C(=O)O1)c1ccc(Cl)s1,C1CCOC1,15562.653368168383,0.997888650846822
O=C(NC[C@H]1CN(c2ccc(N3CCOCC3=O)cc2)C(=O)O1)c1ccc(Cl)s1,C1COCCO1,24802.172717006844,0.9999975365446336
O=C(NC[C@H]1CN(c2ccc(N3CCOCC3=O)cc2)C(=O)O1)c1ccc(Cl)s1,CC#N,28972.44812848186,0.999996823531782
O=C(NC[C@H]1CN(c2ccc(N3CCOCC3=O)cc2)C(=O)O1)c1ccc(Cl)s1,CC(C)=O,32420.07578082541,0.9999972202208722
O=C(NC[C@H]1CN(c2ccc(N3CCOCC3=O)cc2)C(=O)O1)c1ccc(Cl)s1,CCC(C)=O,33172.892967844,0.9999970251321292
O=C(NC[C@H]1CN(c2ccc(N3CCOCC3=O)cc2)C(=O)O1)c1ccc(Cl)s1,CCCCO,45332.92694477497,0.9999472537806678
O=C(NC[C@H]1CN(c2ccc(N3CCOCC3=O)cc2)C(=O)O1)c1ccc(Cl)s1,CCCO,36460.87443013024,0.9999940135262976
O=C(NC[C@H]1CN(c2ccc(N3CCOCC3=O)cc2)C(=O)O1)c1ccc(Cl)s1,CCOC(C)=O,17817.577659195253,0.9998844502803704
O=C(NC[C@H]1CN(c2ccc(N3CCOCC3=O)cc2)C(=O)O1)c1ccc(Cl)s1,CN(C)C=O,16304.592471742828,0.9996852706806538
O=C(NC[C@H]1CN(c2ccc(N3CCOCC3=O)cc2)C(=O)O1)c1ccc(Cl)s1,CO,27264.57396427352,0.9999432351421782
O=C(NC[C@H]1CN(c2ccc(N3CCOCC3=O)cc2)C(=O)O1)c1ccc(Cl)s1,COC(C)=O,28575.555339787883,0.9999944147806354
O=C(NC[C@H]1CN(c2ccc(N3CCOCC3=O)cc2)C(=O)O1)c1ccc(Cl)s1,ClCCl,12396.751511261722,0.9999825735705684
O=C(NNC(=S)Nc1ccc(Cl)cc1)c1ccncc1,CC(O)CO,5497.068598598559,0.9941790192727634
O=C(NNC(=S)Nc1ccc(Cl)cc1)c1ccncc1,CCO,4423.619905027123,0.9986825014188304
O=C(NNC(=S)Nc1ccc(Cl)cc1)c1ccncc1,CCOCCOCCO,7272.138260375461,0.99897884183166
O=C(NNC(=S)Nc1ccc(Cl)cc1)c1ccncc1,OCCO,5664.442950487562,0.9962729220939994
O=C(N[C@@H](CO)C(=O)O)OCc1ccccc1,CC#N,39831.44791347096,0.9621293696123892
O=C(N[C@@H](CO)C(=O)O)OCc1ccccc1,CC(C)=O,22543.27097853454,0.97359641223047
O=C(N[C@@H](CO)C(=O)O)OCc1ccccc1,CC(C)CO,32803.57443119687,0.9785441501698054
O=C(N[C@@H](CO)C(=O)O)OCc1ccccc1,CC(C)O,29589.02758014018,0.9869359860807644
O=C(N[C@@H](CO)C(=O)O)OCc1ccccc1,CCC(C)O,31973.937121653973,0.99409689774573
O=C(N[C@@H](CO)C(=O)O)OCc1ccccc1,CCCCCO,27772.59255901953,0.9566344979859625
O=C(N[C@@H](CO)C(=O)O)OCc1ccccc1,CCCCO,31097.76124675924,0.9819540498422292
O=C(N[C@@H](CO)C(=O)O)OCc1ccccc1,CCCO,23806.33736384735,0.9634251646322836
O=C(N[C@@H](CO)C(=O)O)OCc1ccccc1,COC(C)=O,23385.56158972949,0.990257882132754
O=C(N[C@@H](CO)C(=O)O)OCc1ccccc1,O,35780.02693072141,0.9470464563260012
O=C(N[C@@H](Cc1c[nH]c2ccccc12)C(=O)O)OCc1ccccc1,CC#N,39957.05459975384,0.9936933790437378
O=C(N[C@@H](Cc1c[nH]c2ccccc12)C(=O)O)OCc1ccccc1,CC(C)=O,29849.32859531329,0.9955771265240528
O=C(N[C@@H](Cc1c[nH]c2ccccc12)C(=O)O)OCc1ccccc1,CC(C)CO,37649.79905778532,0.993804692110434
O=C(N[C@@H](Cc1c[nH]c2ccccc12)C(=O)O)OCc1ccccc1,CC(C)O,29071.058655341927,0.9986946769905084
O=C(N[C@@H](Cc1c[nH]c2ccccc12)C(=O)O)OCc1ccccc1,CCC(C)=O,10442.493726907436,0.996944154342329
O=C(N[C@@H](Cc1c[nH]c2ccccc12)C(=O)O)OCc1ccccc1,CCCCO,32133.223401292504,0.9957786323705196
O=C(N[C@@H](Cc1c[nH]c2ccccc12)C(=O)O)OCc1ccccc1,CCCO,31287.00431623181,0.9914938019190496
O=C(N[C@@H](Cc1c[nH]c2ccccc12)C(=O)O)OCc1ccccc1,CCO,27877.288341595315,0.9975694505411372
O=C(N[C@@H](Cc1c[nH]c2ccccc12)C(=O)O)OCc1ccccc1,CCOC(C)=O,19696.46044870252,0.9960176739464748
O=C(N[C@H](C(=O)O)c1ccccc1)OCc1ccccc1,CC#N,38262.48911755055,0.9585621299039386
O=C(N[C@H](C(=O)O)c1ccccc1)OCc1ccccc1,CC(C)=O,19482.8681673376,0.9992391893892538
O=C(N[C@H](C(=O)O)c1ccccc1)OCc1ccccc1,CC(C)O,45163.84648208607,0.9945680710006994
O=C(N[C@H](C(=O)O)c1ccccc1)OCc1ccccc1,CCO,36149.705987643145,0.9961497821195642
O=C(N[C@H](C(=O)O)c1ccccc1)OCc1ccccc1,CCOC(C)=O,24235.055525278945,0.9903877259305838
O=C(N[C@H](C(=O)O)c1ccccc1)OCc1ccccc1,CO,30838.675132144446,0.9952437162074962
O=C(N[C@H](C(=O)O)c1ccccc1)OCc1ccccc1,COC(C)=O,23013.986923421813,0.998347755458906
O=C(N[C@H](C(=O)O)c1ccccc1)OCc1ccccc1,O,34669.3904774368,0.9370526248584592
O=C(Nc1c(Cl)cncc1Cl)c1ccc(OC(F)F)c(OCC2CC2)c1,CCC(C)=O,38637.122096733925,0.9872352490762124
O=C(Nc1c(Cl)cncc1Cl)c1ccc(OC(F)F)c(OCC2CC2)c1,CCCCO,47148.28003463519,0.9965314802971376
O=C(Nc1c(Cl)cncc1Cl)c1ccc(OC(F)F)c(OCC2CC2)c1,CCCO,45982.23767308229,0.9965381684889082
O=C(Nc1c(Cl)cncc1Cl)c1ccc(OC(F)F)c(OCC2CC2)c1,CCO,45013.49499424755,0.994778395619496
O=C(Nc1c(Cl)cncc1Cl)c1ccc(OC(F)F)c(OCC2CC2)c1,CN(C)C=O,56760.30142638324,0.9980488322648958
O=C(Nc1c(Cl)cncc1Cl)c1ccc(OC(F)F)c(OCC2CC2)c1,CS(C)=O,48894.02970098928,0.9981636477422569
O=C(Nc1c(F)c(F)c(F)c(F)c1F)C(=O)Nc1c(F)c(F)c(F)c(F)c1F,CCC(C)=O,18933.41516633376,0.9976133765822216
O=C(Nc1c(F)c(F)c(F)c(F)c1F)C(=O)Nc1c(F)c(F)c(F)c(F)c1F,CCOC(C)=O,17609.398038025454,0.994424517572956
O=C(Nc1ccc(Cl)cc1)Nc1ccc(Cl)c(Cl)c1,C1CCCCC1,70776.76794027846,0.9991892407315408
O=C(Nc1ccc(Cl)cc1)Nc1ccc(Cl)c(Cl)c1,C1COCCO1,65883.52077295794,0.9970995832679136
O=C(Nc1ccc(Cl)cc1)Nc1ccc(Cl)c(Cl)c1,O,41352.92104349052,0.9824028292743509
O=C(Nc1ccc(Cl)cc1)Nc1ccc(Cl)c(Cl)c1,OCCO,46120.90770503187,0.9932784859850308
O=C(Nc1ccc(F)cc1F)c1cccnc1Oc1cccc(C(F)(F)F)c1,CC(C)=O,24211.665361158204,0.9985295706198613
O=C(Nc1ccc(F)cc1F)c1cccnc1Oc1cccc(C(F)(F)F)c1,CC(C)O,64402.58219429894,0.9995945205319384
O=C(Nc1ccc(F)cc1F)c1cccnc1Oc1cccc(C(F)(F)F)c1,CCO,35192.34588304703,0.999404244990996
O=C(Nc1ccc(F)cc1F)c1cccnc1Oc1cccc(C(F)(F)F)c1,CN(C)C=O,27798.77317776561,0.998786248565396
O=C(Nc1ccc(F)cc1F)c1cccnc1Oc1cccc(C(F)(F)F)c1,CO,34100.82887510974,0.9982592184757582
O=C(Nc1ccc(F)cc1F)c1cccnc1Oc1cccc(C(F)(F)F)c1,O,31720.569824367016,0.9977572400665964
O=C(Nc1ccc(F)cc1F)c1cccnc1Oc1cccc(C(F)(F)F)c1,OCCO,26837.37295616636,0.9989767160837488
O=C(Nc1ccc([N+](=O)[O-])cc1Cl)c1cc(Cl)ccc1O,CC(C)O,10978.927199586426,0.9517687358429008
O=C(Nc1ccc([N+](=O)[O-])cc1Cl)c1cc(Cl)ccc1O,CO,-13239.400011536742,0.9472129869801216
O=C(Nc1ccccc1)Nc1ccnc(Cl)c1,CC(C)=O,12981.548553619194,0.989535558063399
O=C(Nc1ccccc1)Nc1ccnc(Cl)c1,CCO,19809.130425085263,0.994598615627617
O=C(Nc1ccccc1)c1ccccc1,C1CCOC1,17251.74498864081,0.9953258061550668
O=C(Nc1ccccc1)c1ccccc1,CC#N,28290.991834084365,0.997756777241907
O=C(Nc1ccccc1)c1ccccc1,CC(C)=O,23217.53745245132,0.9956088412477304
O=C(Nc1ccccc1)c1ccccc1,CC(C)CO,27597.423358015163,0.9956839310391156
O=C(Nc1ccccc1)c1ccccc1,CC(C)O,27849.089378113364,0.9955103850827256
O=C(Nc1ccccc1)c1ccccc1,CCCCO,27238.927096146617,0.9995521630598854
O=C(Nc1ccccc1)c1ccccc1,CCCO,28187.1147205471,0.9999027002843426
O=C(Nc1ccccc1)c1ccccc1,CCOC(C)=O,25751.954922859248,0.9984964728194692
O=C(Nc1ccccc1)c1ccccc1,CCOCC,30727.64037621708,0.9848673668595184
O=C(Nc1ccccc1)c1ccccc1,CN(C)C=O,14816.412468917808,0.9948471085304678
O=C(Nc1ccccc1)c1ccccc1,CO,29326.560777300547,0.9991201723847586
O=C(Nc1ccccc1)c1ccccc1,Cc1ccccc1,27253.072089496887,0.9870050501759536
O=C(Nc1ccccc1)c1ccccc1,ClCCl,27876.873469139653,0.9987071348806904
O=C(Nc1ccccc1)c1ccccc1O,CC#N,25189.272311493645,0.9994756121313372
O=C(Nc1ccccc1)c1ccccc1O,CC(=O)OC(C)C,17630.7115824941,0.9958776144024132
O=C(Nc1ccccc1)c1ccccc1O,CCCCCO,22854.82477416201,0.9896633252444712
O=C(Nc1ccccc1)c1ccccc1O,CCCCO,24408.97581964821,0.998139368350935
O=C(Nc1ccccc1)c1ccccc1O,CCCCOC(C)=O,17042.67223106652,0.9974345151534508
O=C(Nc1ccccc1)c1ccccc1O,CCCO,23613.031081364123,0.9986665785006718
O=C(Nc1ccccc1)c1ccccc1O,CCOC(C)=O,18439.08288235165,0.9967068426805744
O=C(Nc1ccccc1)c1ccccc1O,CCOC=O,24307.69583009329,0.987364027318512
O=C(Nc1ccccc1)c1ccccc1O,COC(C)=O,19729.02432244014,0.9839194369495428
O=C(Nc1ccccc1-c1ccc(Cl)cc1)c1cccnc1Cl,CC(C)O,33563.43190196355,0.9968176319413838
O=C(Nc1ccccc1-c1ccc(Cl)cc1)c1cccnc1Cl,CCCOC(C)=O,23672.14892312496,0.991833144977904
O=C(Nc1ccccc1-c1ccc(Cl)cc1)c1cccnc1Cl,CCO,28213.235050473544,0.9948505070994332
O=C(Nc1ccccc1-c1ccc(Cl)cc1)c1cccnc1Cl,CCOC(C)=O,22853.78854574859,0.9929289947323124
O=C(Nc1ccncc1)c1cc(C(=O)Nc2ccncc2)cc(C(=O)Nc2ccncc2)c1,CC#N,16061.135985076697,0.9988957511235838
O=C(Nc1ccncc1)c1cc(C(=O)Nc2ccncc2)cc(C(=O)Nc2ccncc2)c1,CC(C)O,8828.939274332091,0.9850139123173592
O=C(Nc1ccncc1)c1cc(C(=O)Nc2ccncc2)cc(C(=O)Nc2ccncc2)c1,CCC(C)=O,11317.43104025679,0.9651306780471018
O=C(Nc1ccncc1)c1cc(C(=O)Nc2ccncc2)cc(C(=O)Nc2ccncc2)c1,CCCCCC,32847.22173929607,0.9586872403392884
O=C(Nc1ccncc1)c1cc(C(=O)Nc2ccncc2)cc(C(=O)Nc2ccncc2)c1,CCOC(C)=O,9251.05102586525,0.9921389747543758
O=C(Nc1ccncc1)c1cc(C(=O)Nc2ccncc2)cc(C(=O)Nc2ccncc2)c1,CO,21444.32546555284,0.995874954911972
O=C(Nc1ccncc1)c1cc(C(=O)Nc2ccncc2)cc(C(=O)Nc2ccncc2)c1,ClCCl,26531.18310291236,0.9477801324978032
O=C(Nc1ccncc1)c1cc(C(=O)Nc2ccncc2)cc(C(=O)Nc2ccncc2)c1,O,21272.45125157064,0.9025448779711712
O=C(O)/C=C/C(=O)O,CC(C)=O,16669.89606843564,0.9961020461084196
O=C(O)/C=C/C(=O)O,CC(C)O,19096.74282403352,0.9960603627004254
O=C(O)/C=C/C(=O)O,CCCO,18292.772304387447,0.9974805783536016
O=C(O)/C=C/c1ccc(Cl)cc1,CC#N,20316.34693095944,0.9207392377418409
O=C(O)/C=C/c1ccc(Cl)cc1,CC(C)CO,20246.39265567181,0.9900756762168458
O=C(O)/C=C/c1ccc(Cl)cc1,CC(C)O,23561.01492461632,0.9864772980405532
O=C(O)/C=C/c1ccc(Cl)cc1,CCCCO,22088.312460363035,0.9948247157084734
O=C(O)/C=C/c1ccc(Cl)cc1,CCCO,22682.739948893908,0.9971725177907792
O=C(O)/C=C/c1ccc(Cl)cc1,CCO,19519.43271092637,0.9953300485748496
O=C(O)/C=C/c1ccc(Cl)cc1,CCOC(C)=O,18660.971825467284,0.9733693728023546
O=C(O)/C=C/c1ccc(Cl)cc1,COC(C)=O,17644.949169691747,0.986055860361654
O=C(O)/C=C/c1ccc(Cl)cc1,O,24543.51469019704,0.9952670814417728
O=C(O)/C=C/c1ccc(O)c(O)c1,CC(C)=O,17673.340449476585,0.9981864269821186
O=C(O)/C=C/c1ccc(O)c(O)c1,CC(C)CO,24765.42739239384,0.9998017544396928
O=C(O)/C=C/c1ccc(O)c(O)c1,CC(C)O,20408.2688322448,0.9999437838428196
O=C(O)/C=C/c1ccc(O)c(O)c1,CCCO,21399.24845634685,0.9991232760416434
O=C(O)/C=C/c1ccc(O)c(O)c1,CCO,17120.567507930904,0.9993357551257056
O=C(O)/C=C/c1ccc(O)c(O)c1,CCOC(C)=O,18956.579813787725,0.998030385401058
O=C(O)/C=C/c1ccc(O)c(O)c1,CO,14941.704375476147,0.9976357149632532
O=C(O)/C=C/c1ccc(O)cc1,CC(C)=O,15218.659127152592,0.9986460541075431
O=C(O)/C=C/c1ccc(O)cc1,CC(C)CO,20491.88973920502,0.9993087750092806
O=C(O)/C=C/c1ccc(O)cc1,CC(C)O,16658.058955769488,0.999629543704486
O=C(O)/C=C/c1ccc(O)cc1,CCCCO,21935.185036869985,0.9992618116086543
O=C(O)/C=C/c1ccc(O)cc1,CCCO,17585.4029125665,0.9993534777409324
O=C(O)/C=C/c1ccc(O)cc1,CCO,14336.469337046745,0.9955509289644928
O=C(O)/C=C/c1ccc(O)cc1,CCOC(C)=O,17357.59868798439,0.9971919425504971
O=C(O)/C=C/c1ccc(O)cc1,CO,14890.8964449107,0.9990016501619392
O=C(O)/C=C/c1ccc(O)cc1,COC(C)=O,25560.523209756844,0.9996272423656009
O=C(O)/C=C/c1cccc(O)c1,CC(C)CO,19009.057929743627,0.997335690562868
O=C(O)/C=C/c1cccc(O)c1,CCCCO,15128.397162122104,0.9955932623062564
O=C(O)/C=C/c1cccc(O)c1,CCCO,15374.13490971777,0.99330716429196
O=C(O)/C=C/c1cccc(O)c1,CCCOC(C)=O,21489.131971074683,0.9950059722448203
O=C(O)/C=C/c1cccc(O)c1,CCO,13407.174567449283,0.9925166360608628
O=C(O)/C=C/c1cccc(O)c1,CCOC(C)=O,20214.20489466064,0.9965816037077568
O=C(O)/C=C/c1cccc(O)c1,COC(C)=O,19926.68599421074,0.9981139317613896
O=C(O)/C=C/c1ccccc1,CCOC(C)=O,17177.11863410489,0.992636886821867
O=C(O)/C=C\C(=O)O,O,18663.70834591933,0.9984905683916412
O=C(O)/C=C\C=C/C(=O)O,CC(=O)O,23194.67474488216,0.9910352502376186
O=C(O)/C=C\C=C/C(=O)O,CC(C)O,21297.28583986333,0.9880341993943704
O=C(O)/C=C\C=C/C(=O)O,CCO,35928.95392170138,0.9872873558202584
O=C(O)C(=O)O,CC(=O)O,26597.145742843164,0.9975207944445992
O=C(O)C(=O)O,CC(C)=O,13049.820840838038,0.9335868134918855
O=C(O)C(=O)O,CCO,23411.155395312213,0.9810025065970428
O=C(O)C(=O)O,O,31447.05157743784,0.999039290646862
O=C(O)C(O)C(O)C(=O)O,O,8213.184079153185,0.990327563649058
O=C(O)C(O)c1ccccc1,CC(C)O,15988.182479194527,0.9984510666608124
O=C(O)C(O)c1ccccc1,CCO,16270.949520358115,0.9945182132634702
O=C(O)C(O)c1ccccc1,CO,8457.263502400372,0.9872254039456376
O=C(O)C(O)c1ccccc1,O,63372.24725933888,0.9752743697634476
O=C(O)C1=C[C@@H](O)[C@@H](O)[C@H](O)C1,CC(C)O,50488.59225769893,0.9892134928546764
O=C(O)C1=C[C@@H](O)[C@@H](O)[C@H](O)C1,CCCCCCC,21472.110914528694,0.9844881914956572
O=C(O)C1=C[C@@H](O)[C@@H](O)[C@H](O)C1,CCCCCO,40386.914563297534,0.998809895721233
O=C(O)C1=C[C@@H](O)[C@@H](O)[C@H](O)C1,CCCO,48598.06014684096,0.9989858924021336
O=C(O)C1=C[C@@H](O)[C@@H](O)[C@H](O)C1,CCO,26874.288634978977,0.9979099071277028
O=C(O)C1=C[C@@H](O)[C@@H](O)[C@H](O)C1,O,24659.995680420427,0.9993942186863364
O=C(O)C=CC(=O)O.OCCOCCN1CCN(C2=Nc3ccccc3Sc3ccccc32)CC1.OCCOCCN1CCN(C2=Nc3ccccc3Sc3ccccc32)CC1,CC(C)=O,25890.599513446978,0.991402666201021
O=C(O)C=CC(=O)O.OCCOCCN1CCN(C2=Nc3ccccc3Sc3ccccc32)CC1.OCCOCCN1CCN(C2=Nc3ccccc3Sc3ccccc32)CC1,CC(C)CO,36690.55862163975,0.997168106016569
O=C(O)C=CC(=O)O.OCCOCCN1CCN(C2=Nc3ccccc3Sc3ccccc32)CC1.OCCOCCN1CCN(C2=Nc3ccccc3Sc3ccccc32)CC1,CC(C)O,33496.48587860626,0.9792632079880392
O=C(O)C=CC(=O)O.OCCOCCN1CCN(C2=Nc3ccccc3Sc3ccccc32)CC1.OCCOCCN1CCN(C2=Nc3ccccc3Sc3ccccc32)CC1,CCCCO,37855.36092236754,0.9969048940119865
O=C(O)C=CC(=O)O.OCCOCCN1CCN(C2=Nc3ccccc3Sc3ccccc32)CC1.OCCOCCN1CCN(C2=Nc3ccccc3Sc3ccccc32)CC1,CCO,36403.750080292135,0.9975673057444252
O=C(O)C=CC(=O)O.OCCOCCN1CCN(C2=Nc3ccccc3Sc3ccccc32)CC1.OCCOCCN1CCN(C2=Nc3ccccc3Sc3ccccc32)CC1,CCOC(C)=O,30309.19038017921,0.989229620085464
O=C(O)C=CC(=O)O.OCCOCCN1CCN(C2=Nc3ccccc3Sc3ccccc32)CC1.OCCOCCN1CCN(C2=Nc3ccccc3Sc3ccccc32)CC1,CN(C)C=O,25452.625766601108,0.9916681364040044
O=C(O)C=CC(=O)O.OCCOCCN1CCN(C2=Nc3ccccc3Sc3ccccc32)CC1.OCCOCCN1CCN(C2=Nc3ccccc3Sc3ccccc32)CC1,O,21162.229478557485,0.9773976978900804
O=C(O)CC(=O)O,C1CCOC1,24929.733287432435,0.990117900754056
O=C(O)CC(=O)O,C1COCCO1,23627.640484878804,0.9717943583593682
O=C(O)CC(=O)O,CC#N,28287.00858323855,0.983890037276712
O=C(O)CC(=O)O,CC(=O)O,20126.95635644397,0.9928548980049804
O=C(O)CC(=O)O,CC(C)=O,22650.110354810968,0.9984995859912126
O=C(O)CC(O)(CC(=O)O)C(=O)O,C1CCOC1,18047.657456060704,0.9293417755863512
O=C(O)CC(O)(CC(=O)O)C(=O)O,C1COCCO1,29770.817389484306,0.9151939351445028
O=C(O)CC(O)(CC(=O)O)C(=O)O,CC#N,13971.79840973003,0.968989247878362
O=C(O)CC(O)(CC(=O)O)C(=O)O,CC(C)=O,37862.5968893673,0.994883223475752
O=C(O)CC(O)(CC(=O)O)C(=O)O,CC(C)O,56336.32126449252,0.9467484028873075
O=C(O)CC(O)(CC(=O)O)C(=O)O,CCCCO,34195.777566020355,0.9957748386614296
O=C(O)CC(O)(CC(=O)O)C(=O)O,CCCO,1446.6347566101067,0.9907531062523434
O=C(O)CC(O)C(=O)O,C1CCOC1,18544.503087453268,0.975546689419598
O=C(O)CC(O)C(=O)O,C1COCCO1,11850.99653256248,0.9762323185183936
O=C(O)CC(S)C(=O)O,CC#N,42365.03756444302,0.9998860247346082
O=C(O)CC(S)C(=O)O,CC(C)=O,9809.165022169853,0.9952802824811414
O=C(O)CC(S)C(=O)O,CCCCO,20461.098141202783,0.9995062009524106
O=C(O)CC(S)C(=O)O,CCO,16661.086376292576,0.99846739025807
O=C(O)CC(S)C(=O)O,CCOC(C)=O,10678.719942984882,0.9919909630435044
O=C(O)CC(S)C(=O)O,CO,22299.304037689664,0.9996443576477358
O=C(O)CCC(=O)O,CC(=O)O,23654.76012590077,0.9468024437220884
O=C(O)CCC(=O)O,CC(C)=O,21036.18660015008,0.959321967845855
O=C(O)CCC(=O)O,CCC(=O)O,30150.172039209087,0.9916905094856734
O=C(O)CCC(=O)O,CO,19877.262925960487,0.9964832511048326
O=C(O)CCC(=O)O,O,31222.36518306189,0.9553948470650264
O=C(O)CCC(=O)c1ccc(-c2ccccc2)cc1,C1CCCCC1,54778.33692835376,0.9998628816504532
O=C(O)CCC(=O)c1ccc(-c2ccccc2)cc1,CC#N,37802.80743310615,0.9994058940759668
O=C(O)CCC(=O)c1ccc(-c2ccccc2)cc1,CC(C)O,38291.27711937834,0.9993509399954176
O=C(O)CCC(=O)c1ccc(-c2ccccc2)cc1,CCC(C)=O,35834.09852239114,0.9995697910764684
O=C(O)CCC(=O)c1ccc(-c2ccccc2)cc1,CCCCO,36526.84356725209,0.9997490042573512
O=C(O)CCC(=O)c1ccc(-c2ccccc2)cc1,CCO,36010.800163422085,0.9994430067142746
O=C(O)CCC(=O)c1ccc(-c2ccccc2)cc1,CO,35762.330827988684,0.999575702767864
O=C(O)CCC(=O)c1ccc(-c2ccccc2)cc1,Cc1ccccc1,43127.76005258466,0.9997160750624128
O=C(O)CCCC(=O)O,CCC(=O)O,26963.65239071234,0.998540527826966
O=C(O)CCCC(=O)O,CCO,26491.303239623256,0.9842917458004216
O=C(O)CCCC(=O)O,CO,22734.61728005592,0.9804367773743884
O=C(O)CCCC(=O)O,O,31152.72973729792,0.9910313042831604
O=C(O)CCCC(=O)O,O=C1CCCCC1,34652.94292076781,0.9691623717250512
O=C(O)CCCCC(=O)O,CC(=O)N(C)C,5546.090873992191,0.9756018923229732
O=C(O)CCCCC(=O)O,CC(=O)O,28714.926489182537,0.9910131574388203
O=C(O)CCCCC(=O)O,CCC(=O)O,33347.32087080319,0.9922517394430732
O=C(O)CCCCC(=O)O,CCO,28482.82184093393,0.9713430006010384
O=C(O)CCCCC(=O)O,CCOC(C)=O,34840.35641528695,0.990650649175663
O=C(O)CCCCC(=O)O,CN(C)C=O,6772.867633031275,0.9897302863470656
O=C(O)CCCCC(=O)O,CO,23270.31076443274,0.9992469489975362
O=C(O)CCCCC(=O)O,CS(C)=O,5334.569115226181,0.9956124051586404
O=C(O)CCCCC(=O)O,Cc1ccccc1,81177.90722211791,0.998357705857005
O=C(O)CCCCC(=O)O,ClC(Cl)Cl,18082.29082112835,0.997984295908976
O=C(O)CCCCC(=O)O,O=C1CCCCC1,34184.74855087455,0.9905077516972356
O=C(O)CCCCC1CCSS1,CCCCCC,79468.2079348133,0.9624758525044332
O=C(O)CCCCC1CCSS1,CCOC(C)=O,40117.36546429076,0.9948134139085956
O=C(O)CCCCCC(=O)O,C1CCOC1,21077.36580818768,0.9974865258108856
O=C(O)CCCCCC(=O)O,CC(=O)O,31339.56705481192,0.9968465129732252
O=C(O)CCCCCC(=O)O,CCO,31065.71647479637,0.9837578589782568
O=C(O)CCCCCC(=O)O,CCOC(C)=O,36822.67787992225,0.9452940297587972
O=C(O)CCCCCC(=O)O,CCOCC,26780.29162520021,0.9950813977852778
O=C(O)CCCCCC(=O)O,CO,32073.01839491119,0.9947691798132654
O=C(O)CCCCCC(=O)O,O,70389.17776473158,0.9599572011284692
O=C(O)CCCCCCC(=O)O,C1CCOC1,22827.43835266892,0.99934428831357
O=C(O)CCCCCCC(=O)O,CC(=O)O,31785.261285181896,0.994290025481758
O=C(O)CCCCCCC(=O)O,CC(C)=O,33251.80029096025,0.9480405826847356
O=C(O)CCCCCCC(=O)O,CC(C)O,32310.46220529779,0.9998184668853706
O=C(O)CCCCCCC(=O)O,CCCO,32944.96504009895,0.9995511541020752
O=C(O)CCCCCCC(=O)O,CCO,30688.46166595753,0.9934658301231404
O=C(O)CCCCCCC(=O)O,CCOC(C)=O,36643.70257804151,0.991824326490671
O=C(O)CCCCCCCC(=O)O,CC(=O)O,37738.25075743568,0.9533721591209916
O=C(O)CCCCCCCC(=O)O,CC(C)=O,40989.31283811822,0.9530217922697838
O=C(O)CCCCCCCC(=O)O,CCO,32573.73243792872,0.968999298053961
O=C(O)CCCCCCCC(=O)O,CCOC(C)=O,53892.554350104336,0.992432271518682
O=C(O)CCCCCCCC(=O)O,O,37997.40003972506,0.9892953480680092
O=C(O)CCCCCCCC(=O)O,OCCO,43986.60702410038,0.990082549785504
O=C(O)CCCCCCCCC(=O)O,CC(C)=O,67905.47795804434,0.9553640387211296
O=C(O)CCCCCCCCC(=O)O,CC(C)O,39125.49700927916,0.996408513162672
O=C(O)CCCCCCCCC(=O)O,CCC(C)O,44380.78022797084,0.996776113437052
O=C(O)CCCCCCCCC(=O)O,CCCCCO,42302.17069289623,0.9942794957633287
O=C(O)CCCCCCCCC(=O)O,CCCCO,40284.55061696486,0.9995404583674388
O=C(O)CCCCCCCCC(=O)O,CCOC(C)=O,34160.445689138454,0.9909493511637824
O=C(O)CCCCCCCCC(=O)O,O,69462.72490257189,0.9776003813102218
O=C(O)CCCCCCCCCCC(=O)O,CC(=O)O,45044.54329316705,0.9960214488587577
O=C(O)CCCCCCCCCCC(=O)O,CC(C)=O,46455.47258354111,0.99809307681735
O=C(O)CCCCCCCCCCC(=O)O,CCC(C)=O,50742.17699771758,0.999376251353457
O=C(O)CCCCCCCCCCC(=O)O,CCO,41119.35815086703,0.9985565893374532
O=C(O)CCCCCCCCCCCC(=O)O,CC(=O)O,55172.475778172535,0.9954571259984152
O=C(O)CCCCCCCCCCCC(=O)O,CC(C)=O,49719.47270847654,0.988129465587476
O=C(O)CCCCCCCCCCCC(=O)O,CCO,46577.46668684513,0.965890859493418
O=C(O)CCCCCCCCCCCC(=O)O,CCOC(C)=O,53212.1415614967,0.983597281653908
O=C(O)CCCCCCCCCCCC(=O)O,CO,33133.820514685984,0.9706510217612864
O=C(O)CCCC[C@@H]1SC[C@@H]2NC(=O)N[C@@H]21,CC(=O)O,32430.215887635168,0.9995263528998636
O=C(O)CCCC[C@@H]1SC[C@@H]2NC(=O)N[C@@H]21,CCO,49972.58962137456,0.9993785348415336
O=C(O)CCCC[C@@H]1SC[C@@H]2NC(=O)N[C@@H]21,CN(C)C=O,30554.069278516046,0.9982959741764624
O=C(O)CCCC[C@@H]1SC[C@@H]2NC(=O)N[C@@H]21,CO,59658.723623701,0.9992175414387976
O=C(O)CCCC[C@@H]1SC[C@@H]2NC(=O)N[C@@H]21,CS(C)=O,16374.782083033771,0.9983657069292532
O=C(O)CCCC[C@@H]1SC[C@@H]2NC(=O)N[C@@H]21,O,77138.64558478046,0.9997289862860952
O=C(O)CCP(=O)(O)c1ccccc1,C1CCCCC1,28150.40587946201,0.9996482383345684
O=C(O)CCP(=O)(O)c1ccccc1,CC(=O)O,17200.80282014308,0.9994182883559104
O=C(O)CCP(=O)(O)c1ccccc1,CC(C)=O,36466.82748673435,0.9992854985868542
O=C(O)CCP(=O)(O)c1ccccc1,CCC(C)=O,36892.62397665512,0.9995931870372746
O=C(O)CCP(=O)(O)c1ccccc1,CCOC(C)=O,16747.30671842616,0.998772185382225
O=C(O)CCP(=O)(O)c1ccccc1,CCOCCO,16540.579378751074,0.9997252159516016
O=C(O)CCP(=O)(O)c1ccccc1,Cc1ccccc1,21818.654116349026,0.9995927706703136
O=C(O)CCP(=O)(O)c1ccccc1,ClC(Cl)Cl,32106.1271968298,0.9994613561088884
O=C(O)CCP(=O)(O)c1ccccc1,ClCCl,47893.4360469572,0.99968841650503
O=C(O)CCP(=O)(O)c1ccccc1,c1ccccc1,11996.136563152422,0.997576224473385
O=C(O)CCP(=O)([O-])c1ccccc1.[Na+],CC(C)=O,60568.56866643058,0.9997092946193172
O=C(O)CCP(=O)([O-])c1ccccc1.[Na+],CCOC(C)=O,45234.16512565816,0.9978882204071392
O=C(O)CCP(=O)([O-])c1ccccc1.[Na+],CO,11418.35996016076,0.9953977925360368
O=C(O)CCP(=O)([O-])c1ccccc1.[Na+],O,8323.76689493621,0.9903455443087932
O=C(O)CCc1nc(-c2ccccc2)c(-c2ccccc2)o1,CC(=O)N(C)C,7316.024841469924,0.9973539208726592
O=C(O)CCc1nc(-c2ccccc2)c(-c2ccccc2)o1,CCCCCO,33283.0014819512,0.9989509318324472
O=C(O)CCc1nc(-c2ccccc2)c(-c2ccccc2)o1,CCCCCOC(C)=O,25312.497536334737,0.997551274076595
O=C(O)CCc1nc(-c2ccccc2)c(-c2ccccc2)o1,CCCCO,33526.470289234785,0.9976302854754256
O=C(O)CCc1nc(-c2ccccc2)c(-c2ccccc2)o1,CCCCOC(C)=O,25765.58685715337,0.9978898699491546
O=C(O)CCc1nc(-c2ccccc2)c(-c2ccccc2)o1,CCCO,33338.9169436071,0.9971801848406228
O=C(O)CCc1nc(-c2ccccc2)c(-c2ccccc2)o1,COC(C)=O,23180.69743084241,0.9987157815129576
O=C(O)CCc1nc(-c2ccccc2)c(-c2ccccc2)o1,CS(C)=O,11778.866793131996,0.9984073242300666
O=C(O)CN(CC(=O)O)CP(=O)(O)O,CC(C)=O,33833.942704786314,0.998185715311612
O=C(O)CN(CC(=O)O)CP(=O)(O)O,CC(C)O,76825.24609290414,0.9969625149784476
O=C(O)CN(CC(=O)O)CP(=O)(O)O,CCCCO,56628.13047624724,0.9645609883918091
O=C(O)CN(CC(=O)O)CP(=O)(O)O,CO,66605.81967128074,0.9857534849371264
O=C(O)CN(CC(=O)O)CP(=O)(O)O,Cc1ccccc1,41988.395536250224,0.980875916025511
O=C(O)CNC(=O)C(=O)NCC(=O)O,C1CCOC1,109086.76380734882,0.9462823836734124
O=C(O)CNC(=O)C(=O)NCC(=O)O,CC#N,66231.20447040547,0.9826356869846228
O=C(O)CNC(=O)C(=O)NCC(=O)O,CC(C)O,76528.28010424413,0.9934975232075622
O=C(O)CNC(=O)C(=O)NCC(=O)O,CCCCO,84143.26551148228,0.9983418313671288
O=C(O)CNC(=O)C(=O)NCC(=O)O,CCCO,83193.54652913027,0.986067734996394
O=C(O)CNC(=O)C(=O)NCC(=O)O,CCO,62955.17573364942,0.9867855098023254
O=C(O)CNC(=O)C(=O)NCC(=O)O,CCOC(C)=O,40851.03975276519,0.9980154039432152
O=C(O)CNC(=O)C(=O)NCC(=O)O,CN(C)C=O,23552.89657863488,0.9092054781301016
O=C(O)CNC(=O)C(=O)NCC(=O)O,CS(C)=O,14974.469221114568,0.9978468484116974
O=C(O)CNC(=O)C(=O)NCC(=O)O,O,47283.42335552305,0.9980050886990532
O=C(O)CNC(=O)OCc1ccccc1,CC(C)=O,23479.34507084881,0.9910011939107252
O=C(O)CNC(=O)OCc1ccccc1,CC(C)CO,39296.12032172173,0.9967843730897014
O=C(O)CNC(=O)OCc1ccccc1,CC(C)O,36239.15756824071,0.9996545601191316
O=C(O)CNC(=O)OCc1ccccc1,CCCCCO,36342.51773387432,0.9956026259897888
O=C(O)CNC(=O)OCc1ccccc1,CCCCO,35276.31482112754,0.9973124189832564
O=C(O)CNC(=O)OCc1ccccc1,CCCO,35118.36417639662,0.9976922538567664
O=C(O)CNC(=O)OCc1ccccc1,CCO,30887.93313976821,0.9985777175707784
O=C(O)CNC(=O)OCc1ccccc1,CCOC(C)=O,27294.95047996567,0.9945756863035068
O=C(O)CNC(=O)OCc1ccccc1,COC(C)=O,27235.772598313062,0.9972158842234288
O=C(O)CNC(=O)c1ccccc1,C1CCOC1,18349.67473712713,0.9954153163941072
O=C(O)CNC(=O)c1ccccc1,C1COCCO1,29305.78542697249,0.9840401388926152
O=C(O)CNC(=O)c1ccccc1,CCCCO,26405.32967166536,0.9984696214015832
O=C(O)CNC(=O)c1ccccc1,CCCO,25668.39493597415,0.9965886471254926
O=C(O)CNC(=O)c1ccccc1,CN(C)C=O,5240.976086510835,0.9999229232389684
O=C(O)CNC(=O)c1ccccc1,CO,25268.057065656605,0.9922554924750432
O=C(O)CNC(=O)c1ccccc1,ClC(Cl)Cl,43630.317621122114,0.942710517472554
O=C(O)CNCP(=O)(O)O,O,19312.270805085493,0.9990477311765946
O=C(O)CNCc1ccccc1,CC#N,37843.78958453215,0.9868163508528426
O=C(O)CNCc1ccccc1,CC(C)=O,21667.216805612057,0.9917762350967072
O=C(O)CNCc1ccccc1,CC(C)O,18283.122008605656,0.9784084072749576
O=C(O)CNCc1ccccc1,CCCCO,16434.651617025855,0.9950623754270268
O=C(O)CNCc1ccccc1,CCCO,13228.495932052409,0.993033422675503
O=C(O)CNCc1ccccc1,CCO,20526.74081406869,0.992559387823653
O=C(O)CNCc1ccccc1,CCOC(C)=O,49782.70352109673,0.9735568827797494
O=C(O)CNCc1ccccc1,CO,16021.206180852325,0.9964575331686382
O=C(O)CNCc1ccccc1,ClCCl,61916.181534249576,0.9334638038187996
O=C(O)CNCc1ccccc1,O,16058.60455543839,0.9977536007068882
O=C(O)COC(=O)Cc1ccccc1Nc1c(Cl)cccc1Cl,CC(C)=O,19417.54655757276,0.9992706225129956
O=C(O)COC(=O)Cc1ccccc1Nc1c(Cl)cccc1Cl,CC(C)O,32404.98730502637,0.990050603902316
O=C(O)COC(=O)Cc1ccccc1Nc1c(Cl)cccc1Cl,CCCCCC,48350.11582599042,0.9998334973112328
O=C(O)COC(=O)Cc1ccccc1Nc1c(Cl)cccc1Cl,CCCCCCCCO,45799.25469401772,0.9994558261576932
O=C(O)COC(=O)Cc1ccccc1Nc1c(Cl)cccc1Cl,CCO,44536.22788730771,0.9940587645920756
O=C(O)COC(=O)Cc1ccccc1Nc1c(Cl)cccc1Cl,CCOC(C)=O,23364.92718815304,0.9978116444737376
O=C(O)COC(=O)Cc1ccccc1Nc1c(Cl)cccc1Cl,CO,44769.13816421822,0.9949502391212496
O=C(O)COC(=O)Cc1ccccc1Nc1c(Cl)cccc1Cl,Cc1ccccc1,50216.66654717724,0.963306646557538
O=C(O)COCC(=O)O,O,22885.495388544525,0.980249646358891
O=C(O)COc1ccc(Cl)cc1,C1COCCO1,15538.581196863195,0.995074531719205
O=C(O)COc1ccc(Cl)cc1,CC#N,28469.791636810987,0.9947479184447118
O=C(O)COc1ccc(Cl)cc1,CC(C)CO,34514.74546017046,0.9988003347285082
O=C(O)COc1ccc(Cl)cc1,CC(C)O,30053.730048214627,0.9992044902048816
O=C(O)COc1ccc(Cl)cc1,CCC(C)O,30541.66822060144,0.9992813007971144
O=C(O)COc1ccc(Cl)cc1,CCCCO,28457.649213748628,0.997953421008595
O=C(O)COc1ccc(Cl)cc1,CCCCOC(C)=O,22035.12519273651,0.9981292533786892
O=C(O)COc1ccc(Cl)cc1,CCCO,29028.75141875852,0.9924730035331404
O=C(O)COc1ccc(Cl)cc1,CCCOC(C)=O,20560.969761157885,0.99574190506415
O=C(O)COc1ccc(Cl)cc1,CCO,25903.601201597343,0.985743651432118
O=C(O)COc1ccc(Cl)cc1,CCOC(C)=O,21844.353396052164,0.99752142838311
O=C(O)COc1ccc(Cl)cc1,CCOC=O,23470.9969473097,0.996206692507265
O=C(O)COc1ccc(Cl)cc1,COC(C)=O,21558.618339498225,0.9965916992217017
O=C(O)COc1ccc(Cl)cc1Cl,CC#N,28796.18579703328,0.9893538811606812
O=C(O)COc1ccc(Cl)cc1Cl,CC(=O)OCC(C)C,21107.08922304501,0.998008871180134
O=C(O)COc1ccc(Cl)cc1Cl,CC(C)=O,13278.188149944815,0.9980142034837102
O=C(O)COc1ccc(Cl)cc1Cl,CC(C)CO,31789.38396771996,0.9997860159468942
O=C(O)COc1ccc(Cl)cc1Cl,CC(C)O,28105.38298417437,0.999775987097128
O=C(O)COc1ccc(Cl)cc1Cl,CCCCCO,30905.67015612489,0.9991410470079096
O=C(O)COc1ccc(Cl)cc1Cl,CCCCOC(C)=O,17763.458530437663,0.9915550786841022
O=C(O)COc1ccc(Cl)cc1Cl,CCCO,29261.186189717995,0.9997392801743336
O=C(O)COc1ccc(Cl)cc1Cl,CCO,28577.32547198512,0.9998346807187996
O=C(O)COc1ccc(Cl)cc1Cl,COC(C)=O,16922.891249136366,0.9987791419453196
O=C(O)COc1ccc(Cl)cc1Cl,Cc1ccccc1,55718.94606593848,0.9964014050388192
O=C(O)COc1ccc(Cl)cc1Cl,ClC(Cl)(Cl)Cl,113815.26290676654,0.9997474739716212
O=C(O)COc1ccc2ccccc2c1,CC#N,27392.7178063653,0.9984296972394504
O=C(O)COc1ccc2ccccc2c1,CC(C)=O,18587.312186573326,0.9954482603902725
O=C(O)COc1ccc2ccccc2c1,CC(C)CO,33481.67619472474,0.9952535872804396
O=C(O)COc1ccc2ccccc2c1,CC(C)O,28532.60989237457,0.998347729699096
O=C(O)COc1ccc2ccccc2c1,CCCO,30530.35238217905,0.9929016370250928
O=C(O)COc1ccc2ccccc2c1,CCCOC(C)=O,21323.47114407586,0.9974128829537536
O=C(O)COc1ccc2ccccc2c1,CCO,28798.508100685794,0.9913013929085414
O=C(O)COc1ccc2ccccc2c1,CCOC(C)=O,21058.645133341885,0.996753556523456
O=C(O)COc1ccc2ccccc2c1,CO,30778.687856398024,0.9878994904250028
O=C(O)CS.[Na],CCCO,22284.33944593778,0.99160025189602
O=C(O)CS.[Na],CO,-16516.16095789349,0.9587154629347432
O=C(O)CS.[Na],O,18225.53046849937,0.9982132441540854
O=C(O)CSc1ccc2ccccc2c1,CC(C)O,26363.36639230753,0.9903915133481318
O=C(O)CSc1ccc2ccccc2c1,CCO,24691.242580000653,0.9897043117125036
O=C(O)CSc1ccc2ccccc2c1,CN(C)C=O,15081.704799830448,0.9999038072363025
O=C(O)CSc1ccc2ccccc2c1,CO,23304.833916529577,0.9929637000635024
O=C(O)CSc1ccc2ccccc2c1,O,27705.69357843928,0.9875943122961612
O=C(O)C[C@H](O)C(=O)O,CC(C)=O,8866.017913986994,0.9966075012216336
O=C(O)C[C@H](O)C(=O)O,CC(C)O,22063.686072234657,0.9998701018854476
O=C(O)C[C@H](O)C(=O)O,CCCCO,20965.741807138256,0.9988036422537704
O=C(O)C[C@H](O)C(=O)O,CCO,20686.074777427893,0.9994606824599818
O=C(O)Cc1c[nH]c2ccccc12,C1COCCO1,10036.214286639964,0.9945104746669916
O=C(O)Cc1c[nH]c2ccccc12,CC#N,10458.729656001273,0.9936963584736528
O=C(O)Cc1c[nH]c2ccccc12,CCCCO,7926.772711277963,0.98838954426678
O=C(O)Cc1c[nH]c2ccccc12,CCCO,10522.401543588658,0.995964274224015
O=C(O)Cc1c[nH]c2ccccc12,CCO,11250.79733934542,0.9955502249914516
O=C(O)Cc1c[nH]c2ccccc12,CCOC(C)=O,7525.461959428446,0.998403050949189
O=C(O)Cc1c[nH]c2ccccc12,CN(C)C=O,8107.227841327576,0.9892513228082636
O=C(O)Cc1c[nH]c2ccccc12,CO,12485.571188375889,0.9969741963315708
O=C(O)Cc1c[nH]c2ccccc12,CS(C)=O,9387.834076018977,0.9946812761525264
O=C(O)Cc1ccc([N+](=O)[O-])cc1,C1CCCCC1,41219.7214087671,0.9992005723092608
O=C(O)Cc1ccc([N+](=O)[O-])cc1,CC#N,27074.362324809044,0.994730061197757
O=C(O)Cc1ccc([N+](=O)[O-])cc1,CC(C)CO,26707.83679973567,0.9926312766349896
O=C(O)Cc1ccc([N+](=O)[O-])cc1,CC(C)O,28020.3264785995,0.9941995679007244
O=C(O)Cc1ccc([N+](=O)[O-])cc1,CCCO,24783.509222340144,0.9942163213078844
O=C(O)Cc1ccc([N+](=O)[O-])cc1,CCOC(C)=O,26926.726485815143,0.9932713473092694
O=C(O)Cc1ccc([N+](=O)[O-])cc1,CN(C)C=O,21781.207116334244,0.9956204490012862
O=C(O)Cc1ccc([N+](=O)[O-])cc1,CO,21327.81912525928,0.9937769709302704
O=C(O)Cc1ccc([N+](=O)[O-])cc1,O,34148.062223151,0.9976385281524894
O=C(O)Cc1ccc([N+](=O)[O-])cc1,OCCO,26063.31340574229,0.9908196589335918
O=C(O)Cc1cccc2ccccc12,C1CCOC1,6724.101195194297,0.9985546195934732
O=C(O)Cc1cccc2ccccc12,C1COCCO1,12215.650265000935,0.998668299534493
O=C(O)Cc1cccc2ccccc12,CC#N,40678.51416157284,0.999398514854229
O=C(O)Cc1cccc2ccccc12,CC(C)=O,17074.146446998715,0.9986260929628044
O=C(O)Cc1cccc2ccccc12,CC(C)O,52527.1596891888,0.9999389804830762
O=C(O)Cc1cccc2ccccc12,CCO,40606.21443831189,0.9996649328582216
O=C(O)Cc1cccc2ccccc12,CCOC(C)=O,16625.744876365545,0.9994448705772744
O=C(O)Cc1cccc2ccccc12,CO,18304.16928078618,0.9985628286246536
O=C(O)Cc1cccc2ccccc12,Cc1ccccc1,37053.0642177608,0.9997418955110212
O=C(O)Cc1ccccc1Cl,C1CCCCC1,41646.65893995319,0.9977241765721768
O=C(O)Cc1ccccc1Cl,CC#N,31029.15746347379,0.999981817019212
O=C(O)Cc1ccccc1Cl,CC(C)=O,14435.308619854995,0.9907117138475304
O=C(O)Cc1ccccc1Cl,CC(C)CO,22815.237170135344,0.9991830970462204
O=C(O)Cc1ccccc1Cl,CC(C)O,22569.27594856026,0.9989533558539364
O=C(O)Cc1ccccc1Cl,CCC(C)=O,20841.535967875483,0.9993436368084044
O=C(O)Cc1ccccc1Cl,CCCCO,23398.21826316946,0.9994308606290834
O=C(O)Cc1ccccc1Cl,CCCO,22241.854763764404,0.9986577012814678
O=C(O)Cc1ccccc1Cl,CCOC(C)=O,17761.78506382582,0.995795325715668
O=C(O)Cc1ccccc1Cl,CCc1ccccc1,34029.33546664221,0.9968391540033444
O=C(O)Cc1ccccc1Cl,Cc1ccccc1,35222.65608800925,0.9968515221869372
O=C(O)Cc1ccccc1Cl,O,35627.1233341358,0.9990774258187204
O=C(O)Cc1ccccc1[N+](=O)[O-],C1CCCCC1,41543.573085348,0.9996816604833948
O=C(O)Cc1ccccc1[N+](=O)[O-],C1COCCO1,26471.32776691218,0.9955760693573208
O=C(O)Cc1ccccc1[N+](=O)[O-],CC#N,25149.5324829792,0.9918027085474004
O=C(O)Cc1ccccc1[N+](=O)[O-],CC(C)CO,32873.65514757017,0.9990261769551468
O=C(O)Cc1ccccc1[N+](=O)[O-],CC(C)O,25039.923172020124,0.9985824240213604
O=C(O)Cc1ccccc1[N+](=O)[O-],CCCCO,25698.560778016632,0.9970059951656034
O=C(O)Cc1ccccc1[N+](=O)[O-],CCO,27088.239709703867,0.9944092559268054
O=C(O)Cc1ccccc1[N+](=O)[O-],CCOC(C)=O,24673.98054536275,0.9972270025844094
O=C(O)Cc1ccccc1[N+](=O)[O-],CN(C)C=O,21366.56799615594,0.9963128628944234
O=C(O)Cc1ccccc1[N+](=O)[O-],CO,21368.132330730423,0.9929182463952884
O=C(O)Cc1ccccc1[N+](=O)[O-],O,43875.46621402487,0.9995630089551776
O=C(O)Cc1ccccc1[N+](=O)[O-],OCCO,26069.08394089063,0.997221923957385
O=C(O)Cn1cnnn1,CC(C)=O,14105.4134798919,0.9987793799728704
O=C(O)Cn1cnnn1,CC(C)O,37847.20147291375,0.9992034625957512
O=C(O)Cn1cnnn1,CCCCOC(C)=O,24336.16527015811,0.9838510297383396
O=C(O)Cn1cnnn1,CCCO,33405.47165969634,0.9906736978529966
O=C(O)Cn1cnnn1,CCO,31205.04306509962,0.9941412682577528
O=C(O)Cn1cnnn1,CCOC(C)=O,17659.22207806983,0.9974046394719812
O=C(O)Cn1cnnn1,CO,28196.94837961416,0.9649030000996665
O=C(O)Cn1cnnn1,O,63889.62025493139,0.9960141005681308
O=C(O)[C@@H](O)CCc1ccccc1,CCOC(C)=O,11988.593941061636,0.997577400779426
O=C(O)[C@@H](O)CCc1ccccc1,Cc1ccccc1,47739.58817918065,0.9948689066022612
O=C(O)[C@@H]1CCCN1,CC#N,38585.10738396364,0.955143403678582
O=C(O)[C@@H]1CCCN1,CC(C)=O,27602.37218113357,0.9522065921622024
O=C(O)[C@@H]1CCCN1,CCCCO,21779.749616074,0.9932894455572704
O=C(O)[C@@H]1CCCN1,CCO,24328.41024847518,0.9783969584352532
O=C(O)[C@@H]1CCCN1,CO,15172.2112290551,0.9622393067222892
O=C(O)[C@@H]1CSCN1,C1COCCO1,14919.492535026466,0.9992120424496912
O=C(O)[C@@H]1CSCN1,CC#N,26767.885375107595,0.9946734378656718
O=C(O)[C@@H]1CSCN1,CC(C)O,28906.920491393987,0.9841852225574214
O=C(O)[C@@H]1CSCN1,CCOC(C)=O,56014.48715299432,0.9813917086287448
O=C(O)[C@@H]1CSCN1,CO,33403.459444613465,0.977559020605763
O=C(O)[C@@H]1CSCN1,ClCCl,104376.38997798758,0.9416606388306892
O=C(O)[C@@H]1CSCN1,O,18142.18802136645,0.999428024545361
O=C(O)[C@@H]1C[C@@H](O)CN1,C1COCCO1,30761.431397739623,0.9726032916172176
O=C(O)[C@@H]1C[C@@H](O)CN1,CC(C)CO,27616.964655587333,0.993438308861912
O=C(O)[C@@H]1C[C@@H](O)CN1,CC(C)O,37652.09393684818,0.969868908680986
O=C(O)[C@@H]1C[C@@H](O)CN1,CCC(C)=O,46900.4113279945,0.9705045290378316
O=C(O)[C@@H]1C[C@@H](O)CN1,CCC(C)O,34361.08515058378,0.9547565577217132
O=C(O)[C@@H]1C[C@@H](O)CN1,CCCCCO,43807.72667837756,0.987946003702109
O=C(O)[C@@H]1C[C@@H](O)CN1,CCCCO,27338.04852682281,0.9972433092402944
O=C(O)[C@@H]1C[C@@H](O)CN1,CCCO,30051.8387040275,0.9789939396387032
O=C(O)[C@@H]1C[C@@H](O)CN1,CCO,30300.21645828244,0.9787565854227284
O=C(O)[C@@H]1C[C@@H](O)CN1,CCOC(C)=O,30582.10257875911,0.9912444501264022
O=C(O)[C@@H]1C[C@@H](O)CN1,CO,27417.25050685576,0.9862394287475912
O=C(O)[C@@H]1C[C@@H](O)CN1,ClCCl,42289.58285519341,0.9719678640181276
O=C(O)[C@@H]1C[C@@H](O)CN1,O,6171.257768024018,0.9822801665989308
O=C(O)[C@@H]1Cc2ccccc2N1,CCCCO,26001.510747325505,0.9934002454321345
O=C(O)[C@@H]1Cc2ccccc2N1,CCO,34216.07259484495,0.99949527203724
O=C(O)[C@@H]1Cc2ccccc2N1,CO,26713.72894437676,0.9922452791223326
O=C(O)[C@H](O)[C@@H](O)C(=O)O,CC#N,31110.67552394672,0.9998242407064653
O=C(O)[C@H](O)[C@@H](O)C(=O)O,CC(C)=O,14183.773330679853,0.994857957693357
O=C(O)[C@H](O)[C@@H](O)C(=O)O,CC(C)O,20939.48714603901,0.9986075097369888
O=C(O)[C@H](O)[C@@H](O)C(=O)O,CCCCO,19205.839536962547,0.9986629741753908
O=C(O)[C@H](O)[C@@H](O)C(=O)O,CCCO,24525.18086382169,0.9985578242862364
O=C(O)[C@H](O)[C@@H](O)C(=O)O,CCO,28656.352552177163,0.9990959567885428
O=C(O)[C@H]1O[C@@H](Oc2cc3oc(-c4ccccc4)cc(=O)c3c(O)c2O)[C@H](O)[C@@H](O)[C@@H]1O,CC(C)O,35922.75692989598,0.9991926923724748
O=C(O)[C@H]1O[C@@H](Oc2cc3oc(-c4ccccc4)cc(=O)c3c(O)c2O)[C@H](O)[C@@H](O)[C@@H]1O,CCCO,35991.92907869301,0.999667183871708
O=C(O)[C@H]1O[C@@H](Oc2cc3oc(-c4ccccc4)cc(=O)c3c(O)c2O)[C@H](O)[C@@H](O)[C@@H]1O,CCO,3085.843414570284,0.9981099652642672
O=C(O)[C@H]1O[C@@H](Oc2cc3oc(-c4ccccc4)cc(=O)c3c(O)c2O)[C@H](O)[C@@H](O)[C@@H]1O,CO,14951.232785763606,0.9992862846762782
O=C(O)c1c(O)cccc1O,CC(C)O,8373.859242653229,0.9944018541378554
O=C(O)c1c(O)cccc1O,CCCCO,11077.43340431579,0.9997664909284634
O=C(O)c1c(O)cccc1O,CCO,8305.15207443732,0.9972712247518248
O=C(O)c1c(O)cccc1O,CO,10303.109275511755,0.994544862244463
O=C(O)c1cc(=O)[nH]c(=O)[nH]1,C1CCOC1,14569.886962753706,0.999525626522824
O=C(O)c1cc(=O)[nH]c(=O)[nH]1,CC(C)=O,17025.309693172276,0.9995896036919976
O=C(O)c1cc(=O)[nH]c(=O)[nH]1,CCCO,20837.11087806228,0.9977824188468908
O=C(O)c1cc(=O)[nH]c(=O)[nH]1,CCO,14508.634819775214,0.9977883008595252
O=C(O)c1cc(=O)[nH]c(=O)[nH]1,CN(C)C=O,30525.29706073404,0.9993469410135856
O=C(O)c1cc(=O)[nH]c(=O)[nH]1,CO,22633.04328185185,0.9985688821534904
O=C(O)c1cc(=O)[nH]c(=O)[nH]1,COC(C)=O,10555.539840255022,0.9979230448565924
O=C(O)c1cc(=O)[nH]c(=O)[nH]1,CS(C)=O,27916.65278726512,0.9999995761432466
O=C(O)c1cc(=O)[nH]c(=O)[nH]1,O,17740.329414708733,0.9992176945779142
O=C(O)c1cc(C(=O)O)cc(C(=O)O)c1,CC(C)CO,17556.704830431492,0.99638091676712
O=C(O)c1cc(C(=O)O)cc(C(=O)O)c1,CCO,10257.921789656504,0.9995412758370388
O=C(O)c1cc(C(=O)O)cc(C(=O)O)c1,CO,15946.618436909592,0.9999442699605612
O=C(O)c1cc(C(=O)O)cc(C(=O)O)c1,O,43997.4092176096,0.9996815657344535
O=C(O)c1cc(C(=O)O)cc(C(=O)O)c1,OCCO,24039.520640264825,0.9982951664609462
O=C(O)c1cc(O)c(O)c(O)c1,CO,5277.971200334712,0.985105146947602
O=C(O)c1cc([N+](=O)[O-])cc([N+](=O)[O-])c1,CC#N,19622.198715068345,0.9980126598407324
O=C(O)c1cc([N+](=O)[O-])cc([N+](=O)[O-])c1,CC(C)CO,36987.59596494734,0.9870451029001942
O=C(O)c1cc([N+](=O)[O-])cc([N+](=O)[O-])c1,CC(C)O,30378.5720362036,0.997052278553589
O=C(O)c1cc([N+](=O)[O-])cc([N+](=O)[O-])c1,CCC(C)O,34114.58563677876,0.9959458348476656
O=C(O)c1cc([N+](=O)[O-])cc([N+](=O)[O-])c1,CCCCCO,27146.68266308812,0.997585588915056
O=C(O)c1cc([N+](=O)[O-])cc([N+](=O)[O-])c1,CCCCO,29430.44585604483,0.99607515744163
O=C(O)c1cc([N+](=O)[O-])cc([N+](=O)[O-])c1,CCCCOC(C)=O,15572.033356787084,0.9690274543911492
O=C(O)c1cc([N+](=O)[O-])cc([N+](=O)[O-])c1,CCCO,26209.1399044342,0.993549022305195
O=C(O)c1cc([N+](=O)[O-])cc([N+](=O)[O-])c1,CCCOC(C)=O,14996.868438463396,0.9856261088217846
O=C(O)c1cc([N+](=O)[O-])cc([N+](=O)[O-])c1,CO,20381.324421818885,0.9966388245566684
O=C(O)c1cc([N+](=O)[O-])cc([N+](=O)[O-])c1O,C1CCCCC1,31227.11985703076,0.9990785354753672
O=C(O)c1cc([N+](=O)[O-])cc([N+](=O)[O-])c1O,C1COCCO1,18296.23342179032,0.997171462105842
O=C(O)c1cc([N+](=O)[O-])cc([N+](=O)[O-])c1O,CC#N,24691.78358373052,0.9970205340246626
O=C(O)c1cc([N+](=O)[O-])cc([N+](=O)[O-])c1O,CC(C)CO,27841.722316905565,0.9983820014803304
O=C(O)c1cc([N+](=O)[O-])cc([N+](=O)[O-])c1O,CC(C)O,21480.255802581483,0.996952097421384
O=C(O)c1cc([N+](=O)[O-])cc([N+](=O)[O-])c1O,CCCO,19303.64999488143,0.9970040010454456
O=C(O)c1cc([N+](=O)[O-])cc([N+](=O)[O-])c1O,CCO,19425.91622170233,0.9961614127641588
O=C(O)c1cc([N+](=O)[O-])cc([N+](=O)[O-])c1O,CCOC(C)=O,16696.946941991184,0.9915593669014132
O=C(O)c1cc([N+](=O)[O-])cc([N+](=O)[O-])c1O,CN1CCCC1=O,20136.841231070965,0.9941580538228196
O=C(O)c1cc([N+](=O)[O-])cc([N+](=O)[O-])c1O,CS(C)=O,23720.47310604868,0.9983498504284828
O=C(O)c1cc([N+](=O)[O-])cc([N+](=O)[O-])c1O,O,28618.67202494748,0.996341934935975
O=C(O)c1cc([N+](=O)[O-])cc([N+](=O)[O-])c1O,OCCO,20572.98861884465,0.9965110143257896
O=C(O)c1cc([N+](=O)[O-])ccc1O,CC#N,19502.983291194207,0.9983619581340132
O=C(O)c1cc([N+](=O)[O-])ccc1O,CCCCO,20764.62904702453,0.99977476977504
O=C(O)c1cc([N+](=O)[O-])ccc1O,CCCO,17292.03501235338,0.999844288208788
O=C(O)c1cc([N+](=O)[O-])ccc1O,CCO,16733.54853465615,0.9949943461520016
O=C(O)c1cc([N+](=O)[O-])ccc1O,CCOC(C)=O,18651.32149714911,0.9997150055480016
O=C(O)c1cc([N+](=O)[O-])ccc1O,CN(C)C=O,18567.38663511989,0.986072000623542
O=C(O)c1cc([N+](=O)[O-])ccc1O,CN1CCCC1=O,14496.521912972405,0.9859323639432565
O=C(O)c1cc([N+](=O)[O-])ccc1O,O,34802.73572452823,0.9996537441447508
O=C(O)c1cc([N+](=O)[O-])ccc1O,OCCO,24002.41623226804,0.9970855955577248
O=C(O)c1cc2ccccc2[nH]1,C1COCCO1,16199.885406781144,0.972469364554802
O=C(O)c1cc2ccccc2[nH]1,CC(C)O,18130.68255182384,0.9986760719658794
O=C(O)c1cc2ccccc2[nH]1,CCCCO,15125.593796645318,0.9906728449905589
O=C(O)c1cc2ccccc2[nH]1,CCO,12108.77626709819,0.9943817131043564
O=C(O)c1cc2ccccc2[nH]1,CCOC(C)=O,17874.115496252438,0.9101520875096244
O=C(O)c1cc2ccccc2[nH]1,CO,18595.51574172328,0.9126492792500024
O=C(O)c1cc2ccccc2[nH]1,Cc1ccccc1,29785.22155988171,0.967291857073628
O=C(O)c1cc2ccccc2[nH]1,ClCCl,28775.99979322721,0.9786373201661062
O=C(O)c1cc2ccccc2cc1O,CC(=O)O,23966.2428179681,0.9987083370289072
O=C(O)c1cc2ccccc2cc1O,CC(C)=O,13380.70058990797,0.99426217144401
O=C(O)c1cc2ccccc2cc1O,CCCCO,18044.41631608161,0.9973963536880256
O=C(O)c1cc2ccccc2cc1O,CCCO,18140.548393387384,0.9961006342415696
O=C(O)c1cc2ccccc2cc1O,CCOC(C)=O,16741.67718570395,0.9952030702643764
O=C(O)c1cc2ccccc2cc1O,CO,22616.596397395228,0.9991562635639112
O=C(O)c1cc2ccccc2cc1O,COC(C)=O,17503.517234200743,0.9953464431258522
O=C(O)c1ccc(-c2ccc(C(=O)O)o2)o1,CC#N,33648.49873812572,0.9993153058971838
O=C(O)c1ccc(-c2ccc(C(=O)O)o2)o1,CC(=O)N(C)C,30131.81417647028,0.98200878872137
O=C(O)c1ccc(-c2ccc(C(=O)O)o2)o1,CC(=O)O,49868.425046887845,0.9950160105322174
O=C(O)c1ccc(-c2ccc(C(=O)O)o2)o1,CC(C)O,37583.61390321936,0.9588941475579622
O=C(O)c1ccc(-c2ccc(C(=O)O)o2)o1,CO,19533.392020444,0.9586267726595538
O=C(O)c1ccc(-c2ccc(C(=O)O)o2)o1,CS(C)=O,42239.02344653482,0.996820403807892
O=C(O)c1ccc(-c2ccccc2)cc1,CC(C)O,27747.00956010448,0.997630708276765
O=C(O)c1ccc(-c2ccccc2)cc1,CCCCO,23957.158818164586,0.9998644960762316
O=C(O)c1ccc(-c2ccccc2)cc1,CCCO,24923.52417173752,0.9985664560182156
O=C(O)c1ccc(-c2ccccc2)cc1,CCOC(C)=O,23035.585096819883,0.998888395314876
O=C(O)c1ccc(-c2ccccc2)cc1,CO,24117.2545509903,0.9991547440954276
O=C(O)c1ccc(-c2ccccc2)cc1,COC(C)=O,22857.984856030635,0.9996619378809396
O=C(O)c1ccc(-c2ccccc2)cc1,c1ccccc1,27653.38891801828,0.999991626276982
O=C(O)c1ccc(Br)cn1,C1COCCO1,21167.08690654097,0.9998472106551036
O=C(O)c1ccc(Br)cn1,CC#N,23912.63846967008,0.9990032167976808
O=C(O)c1ccc(Br)cn1,CC(C)O,24372.193124462712,0.9998939012585464
O=C(O)c1ccc(Br)cn1,CCCCO,19932.86698349016,0.9996323990122988
O=C(O)c1ccc(Br)cn1,CCCO,24190.26170030565,0.9992050255026356
O=C(O)c1ccc(Br)cn1,CCO,24304.077028540767,0.999409571953236
O=C(O)c1ccc(Br)cn1,CCOC(C)=O,21520.84275714264,0.9996863232755362
O=C(O)c1ccc(Br)cn1,CO,22467.61030602046,0.9971486664789294
O=C(O)c1ccc(Br)cn1,COC(C)=O,15478.915908631963,0.99994169388487
O=C(O)c1ccc(C(=O)O)c(C(=O)O)c1,CC(=O)O,33550.19750915185,0.9727947036801072
O=C(O)c1ccc(C(=O)O)cc1,C1CCOC1,12489.914976956674,0.966543690424503
O=C(O)c1ccc(C(=O)O)cc1,CN(C)C=O,5603.543419482195,0.994397485023983
O=C(O)c1ccc(C(=O)O)cc1,CS(C)=O,3852.2891332174486,0.9972544841107082
O=C(O)c1ccc(C(=O)O)cc1,O=C1CCCCC1,18565.78264559216,0.9665076335557978
O=C(O)c1ccc(C(=O)O)o1,C1CCOC1,9621.224589232968,0.9975656449845248
O=C(O)c1ccc(C(=O)O)o1,C1COCCO1,15771.70771651975,0.9733225190754804
O=C(O)c1ccc(C(=O)O)o1,CC#N,35768.47046569268,0.9925525084628296
O=C(O)c1ccc(C(=O)O)o1,CC(=O)CC(C)C,32713.984335820256,0.9798778911230784
O=C(O)c1ccc(C(=O)O)o1,CC(=O)O,28234.22053813788,0.928067744904963
O=C(O)c1ccc(C(=O)O)o1,CCCCO,22665.34432870176,0.9986300137474624
O=C(O)c1ccc(C(=O)O)o1,CCO,20354.51641833098,0.9974207389321648
O=C(O)c1ccc(C(=O)O)o1,COC(C)=O,40834.81743465399,0.95842202750668
O=C(O)c1ccc(C(=O)O)o1,O,31762.304276833853,0.9867334171478828
O=C(O)c1ccc(CO)cc1,CC(=O)OC(C)C,28586.486182452754,0.989327553427399
O=C(O)c1ccc(CO)cc1,CC(C)O,21859.5456809464,0.9900037922669944
O=C(O)c1ccc(CO)cc1,CCCCOC(C)=O,28440.5172374194,0.9906167397220946
O=C(O)c1ccc(CO)cc1,CCCO,20853.20849694904,0.9850412875326016
O=C(O)c1ccc(CO)cc1,CCO,18740.83864775494,0.997391712669322
O=C(O)c1ccc(CO)cc1,CCOC(C)=O,26600.47478834464,0.9926921017166592
O=C(O)c1ccc(CO)cc1,CCOC=O,29201.741382284465,0.9799512030048428
O=C(O)c1ccc(CO)cc1,CO,19372.435455456267,0.998234707569594
O=C(O)c1ccc(Cl)cc1C(=O)O,O,28020.640785201143,0.9937591026156144
O=C(O)c1ccc(Cl)cc1Cl,CC(C)CO,17676.413148288415,0.998103036809206
O=C(O)c1ccc(Cl)cc1Cl,CC(C)O,15269.125877070284,0.9979356059936626
O=C(O)c1ccc(Cl)cc1Cl,CCCCO,14002.821304300514,0.9991159475183484
O=C(O)c1ccc(Cl)cc1Cl,CCCO,14133.69781038439,0.9985503420544676
O=C(O)c1ccc(Cl)cc1Cl,CCO,16657.36218616866,0.9180079439135022
O=C(O)c1ccc(O)c(O)c1,CCO,40850.36702438493,0.9970413407499624
O=C(O)c1ccc(O)c(O)c1,CCOC(C)=O,49260.552325263925,0.9990029112264835
O=C(O)c1ccc(O)c(O)c1,CO,54364.10700125505,0.9983717255607298
O=C(O)c1ccc(O)c(O)c1,COC(C)=O,51494.77383446828,0.9988615806027584
O=C(O)c1ccc(O)c(O)c1,O,5291.389301776721,0.9924038569080844
O=C(O)c1ccc(O)cc1,C1COCCO1,16753.565155800585,0.9992070948095716
O=C(O)c1ccc(O)cc1,CCCCCCCCO,6965.023688741654,0.9990041167381872
O=C(O)c1ccc([N+](=O)[O-])cc1,C1COCCO1,28565.85626342851,0.9951182277515132
O=C(O)c1ccc([N+](=O)[O-])cc1C(=O)O,O,14174.56149625097,0.9868983324914772
O=C(O)c1cccc(C(=O)O)c1,C1CCOC1,6450.781164491403,0.9975867013026124
O=C(O)c1cccc(C(=O)O)c1,CC(=O)OCC(C)C,40288.90614939266,0.9710255414068708
O=C(O)c1cccc(C(=O)O)c1,CC(C)(C)O,42050.14549543463,0.971585401103985
O=C(O)c1cccc(C(=O)O)c1,CC(C)CO,31021.149773563648,0.9884558068819992
O=C(O)c1cccc(C(=O)O)c1,CC(C)O,20741.34010916199,0.9984958587072182
O=C(O)c1cccc(C(=O)O)c1,CCC(C)O,30676.69452474255,0.9490403434699236
O=C(O)c1cccc(C(=O)O)c1,CCCCCCO,26055.107425645867,0.9805006047853236
O=C(O)c1cccc(C(=O)O)c1,CCCCCO,22085.38091955257,0.9553043501491076
O=C(O)c1cccc(C(=O)O)c1,CCCCO,19222.37291658077,0.9913976448662992
O=C(O)c1cccc(C(=O)O)c1,CCCO,19388.18347990144,0.931896775400982
O=C(O)c1cccc(C(=O)O)c1,CCCOC(C)=O,13615.705986222834,0.9773374991156818
O=C(O)c1cccc(C(=O)O)c1,CCO,15451.733921834624,0.9916743002478584
O=C(O)c1cccc(C(=O)O)c1,CO,15648.963104683437,0.9793217823131778
O=C(O)c1cccc(C(=O)O)c1,O=C1CCCCC1,17253.601051505695,0.999799473886752
O=C(O)c1cccc(C(=O)O)n1,C1CCOC1,13564.868526638416,0.9958648480135542
O=C(O)c1cccc(C(=O)O)n1,C1COCCO1,24435.41613496578,0.9876577224544336
O=C(O)c1cccc(C(=O)O)n1,CC#N,25664.396509603004,0.9967371569659422
O=C(O)c1cccc(C(=O)O)n1,CC(=O)O,20962.558816346023,0.9950272630877198
O=C(O)c1cccc(C(=O)O)n1,CC(C)O,21561.95228573259,0.9861673411324674
O=C(O)c1cccc(C(=O)O)n1,CCCO,26369.056625401423,0.9948398056213432
O=C(O)c1cccc(C(=O)O)n1,CCO,23854.96788605099,0.989993724371738
O=C(O)c1cccc(C(=O)O)n1,CCOC(C)=O,62140.906870934006,0.9981530381752762
O=C(O)c1cccc(C(=O)O)n1,CO,33887.97493427113,0.9655445179966652
O=C(O)c1cccc(C(=O)O)n1,Cc1ccccc1,51238.48301408178,0.9977875704061387
O=C(O)c1cccc(Cl)c1C(=O)O,O,16227.290427130638,0.9993020785305804
O=C(O)c1cccc(Cl)c1C(=O)c1ccccc1,C1COCCO1,13608.31324401146,0.9958436472159112
O=C(O)c1cccc(Cl)c1C(=O)c1ccccc1,CCOC(C)=O,20433.01264192112,0.9956024964075946
O=C(O)c1cccc(Cl)c1C(=O)c1ccccc1,Cc1ccccc1,18943.611979396683,0.9785072335572714
O=C(O)c1cccc(O)c1,C1COCCO1,9002.180753009821,0.994392068419482
O=C(O)c1cccc(O)c1,CC#N,21900.46285089335,0.9911149104971506
O=C(O)c1cccc(O)c1,CC(=O)OC(C)C,11466.32456070508,0.9957194136653892
O=C(O)c1cccc(O)c1,CC(C)=O,7404.222366509934,0.9880990266639602
O=C(O)c1cccc(O)c1,CC(C)O,7795.8132753993405,0.9972067836625264
O=C(O)c1cccc(O)c1,CCCCCO,8223.297536528613,0.9955448693836726
O=C(O)c1cccc(O)c1,CCCCO,8307.665826987439,0.9952725167110456
O=C(O)c1cccc(O)c1,CCCCOC(C)=O,10551.079184982767,0.9970432711227246
O=C(O)c1cccc(O)c1,CCCO,8018.55977542526,0.9916414743359272
O=C(O)c1cccc(O)c1,CCCOC(C)=O,11079.78620004363,0.9873356525513493
O=C(O)c1cccc(O)c1,CCOC(C)=O,11839.697417790609,0.9944244689600972
O=C(O)c1cccc(O)c1,CO,7831.406479237774,0.9935678860406664
O=C(O)c1cccc(O)c1,COC(C)=O,11535.864296627067,0.9918498676282248
O=C(O)c1cccc(O)c1,OCCO,9383.267430102082,0.9616525329057388
O=C(O)c1cccc(O)c1O,CC#N,13010.673927848198,0.9852063534266536
O=C(O)c1cccc(O)c1O,CC(=O)OC(C)C,9588.977827680164,0.9977070894158354
O=C(O)c1cccc(O)c1O,CC(C)=O,4555.994768405175,0.9688846022769452
O=C(O)c1cccc(O)c1O,CC(C)CCO,8455.404105926926,0.9913740591473096
O=C(O)c1cccc(O)c1O,CC(C)O,8437.34326133544,0.99004444268038
O=C(O)c1cccc(O)c1O,CCCCO,6768.951939980156,0.9814417874907402
O=C(O)c1cccc(O)c1O,CCCO,6740.662025620873,0.9892178034372932
O=C(O)c1cccc(O)c1O,CCCOC(C)=O,7731.317405857012,0.979032561092644
O=C(O)c1cccc(O)c1O,CCO,4793.518987983938,0.9777684354958532
O=C(O)c1cccc(O)c1O,CCOC(C)=O,9005.581100820302,0.9905102067826
O=C(O)c1cccc(O)c1O,CCOC=O,9883.531014769284,0.9874616017714062
O=C(O)c1cccc(O)c1O,COC(C)=O,8540.342874070058,0.99068193247793
O=C(O)c1cccc([N+](=O)[O-])c1C(=O)O,C1COCCO1,10689.690939268436,0.9619792783593788
O=C(O)c1cccc([N+](=O)[O-])c1C(=O)O,CC(C)=O,5054.880162857263,0.9878387351856628
O=C(O)c1cccc([N+](=O)[O-])c1C(=O)O,CCOC(C)=O,9508.389846883583,0.991768722667619
O=C(O)c1cccc([N+](=O)[O-])c1C(=O)O,O,34348.15032629987,0.9451810279332616
O=C(O)c1cccc([N+](=O)[O-])c1O,C1COCCO1,27094.294649163832,0.9971499983581408
O=C(O)c1cccc([N+](=O)[O-])c1O,CC#N,21696.05080674442,0.999550671600654
O=C(O)c1cccc([N+](=O)[O-])c1O,CC(C)CO,22092.367602816736,0.9975659789332012
O=C(O)c1cccc([N+](=O)[O-])c1O,CC(C)O,21724.522373945805,0.998836934169548
O=C(O)c1cccc([N+](=O)[O-])c1O,CCCO,22279.46344420424,0.9995965750571876
O=C(O)c1cccc([N+](=O)[O-])c1O,CCO,23477.92665505117,0.9994005087459048
O=C(O)c1cccc([N+](=O)[O-])c1O,CCOC(C)=O,24229.207847792004,0.9961001778972532
O=C(O)c1cccc([N+](=O)[O-])c1O,CN(C)C=O,22695.68584965248,0.9878016180252278
O=C(O)c1cccc([N+](=O)[O-])c1O,CN1CCCC1=O,24660.74057296273,0.9993095391066912
O=C(O)c1cccc([N+](=O)[O-])c1O,O,28274.93140961093,0.9992306331881056
O=C(O)c1cccc([N+](=O)[O-])c1O,OCCO,22896.972732144823,0.9997489313416116
O=C(O)c1cccc2ccccc12,CC(=O)O,21676.93999774752,0.9982177552588796
O=C(O)c1cccc2ccccc12,CC(C)O,25480.66962033556,0.9984549675794756
O=C(O)c1cccc2ccccc12,CCCCO,23049.80771454344,0.9964793163705096
O=C(O)c1cccc2ccccc12,CCCO,22474.436469775937,0.9977857722551324
O=C(O)c1cccc2ccccc12,CCO,19740.095547489746,0.997495673188091
O=C(O)c1cccc2ccccc12,CCOC(C)=O,19046.12587297469,0.998547247784042
O=C(O)c1cccc2ccccc12,CO,20214.608772793377,0.9991502623191894
O=C(O)c1ccccc1,C1CCCCC1,35897.59475576953,0.9952933401712448
O=C(O)c1ccccc1,CC(=O)CC(C)C,17020.29567101991,0.9995473999790934
O=C(O)c1ccccc1,CC(=O)OCC(C)C,25876.51741038602,0.9982132295333456
O=C(O)c1ccccc1,CCC(C)=O,16631.400226369857,0.99908506936084
O=C(O)c1ccccc1,CCCCC,26856.587946057432,0.993590963939906
O=C(O)c1ccccc1,CCCCCCC,31021.342864575752,0.9989352607522594
O=C(O)c1ccccc1,CCCCCCCC,42519.20170936528,0.9918587164568776
O=C(O)c1ccccc1,CCCCCOC(C)=O,24428.86272387964,0.9970103304904636
O=C(O)c1ccccc1,CCCCO,17363.371111704153,0.9989421272297576
O=C(O)c1ccccc1,CCO,14970.868909150598,0.9958196457870252
O=C(O)c1ccccc1,CCOC(C)=O,19832.85284157523,0.9962791470557284
O=C(O)c1ccccc1,CO,14462.433625940394,0.9996188220289997
O=C(O)c1ccccc1,COC(C)=O,20319.107460565505,0.9940639413302856
O=C(O)c1ccccc1,Cc1ccc(C)cc1,31413.37390144088,0.9971208005790456
O=C(O)c1ccccc1,Cc1ccccc1,28689.254581806366,0.9982833387098105
O=C(O)c1ccccc1,ClC(Cl)Cl,22871.33361224977,0.9979367859410744
O=C(O)c1ccccc1,O=C1CCCCC1,18239.890549150296,0.991109776390365
O=C(O)c1ccccc1,OCCO,33921.517761088246,0.9929959472615568
O=C(O)c1ccccc1C(=O)O,C1CCOC1,6515.641925006024,0.9963094130951534
O=C(O)c1ccccc1C(=O)O,CC(=O)OCC(C)C,36963.15725229388,0.9827714665617316
O=C(O)c1ccccc1C(=O)O,CN(C)C=O,11042.954736076896,0.9945774210420818
O=C(O)c1ccccc1C(=O)O,CN1CCCC1=O,27064.21092282829,0.9981541226792882
O=C(O)c1ccccc1C(=O)O,CS(C)=O,2606.4878485642307,0.9963304704652284
O=C(O)c1ccccc1C(=O)O,O,36065.18626571208,0.9894877007451032
O=C(O)c1ccccc1C(=O)O,O=C1CCCCC1,15409.26056663542,0.9957904471324844
O=C(O)c1ccccc1Nc1cccc(C(F)(F)F)c1,CC(C)O,17068.782785077732,0.9933812427774752
O=C(O)c1ccccc1Nc1cccc(C(F)(F)F)c1,CC(O)CO,13992.679325796682,0.9994524748716288
O=C(O)c1ccccc1Nc1cccc(C(F)(F)F)c1,CCC(C)O,17037.385577083573,0.9914779839354028
O=C(O)c1ccccc1Nc1cccc(C(F)(F)F)c1,CCCCO,17373.565991974614,0.9901586424284858
O=C(O)c1ccccc1Nc1cccc(C(F)(F)F)c1,CCO,20995.635987947466,0.9919314312260088
O=C(O)c1ccccc1Nc1cccc(C(F)(F)F)c1,CCOCCOCCO,17839.94103672453,0.9944039295036304
O=C(O)c1ccccc1Nc1cccc(C(F)(F)F)c1,CO,14092.52951690853,0.9993800281810592
O=C(O)c1ccccc1Nc1cccc(C(F)(F)F)c1,CS(C)=O,11659.850037990273,0.999681503500574
O=C(O)c1ccccc1Nc1cccc(C(F)(F)F)c1,O,38962.75538033638,0.9965626941198028
O=C(O)c1ccccc1Nc1cccc(C(F)(F)F)c1,OCCO,17317.988949597006,0.9983588310180412
O=C(O)c1ccccc1Nc1ccccc1,CC#N,40642.834875559965,0.9987399467037272
O=C(O)c1ccccc1Nc1ccccc1,CC(C)(C)O,28421.57080963713,0.9936574666961512
O=C(O)c1ccccc1Nc1ccccc1,CC(C)=O,25879.7192217688,0.998626822140538
O=C(O)c1ccccc1Nc1ccccc1,CC(C)O,37401.6691173916,0.996834133064225
O=C(O)c1ccccc1Nc1ccccc1,CCCO,35545.27875966238,0.9953666015083252
O=C(O)c1ccccc1Nc1ccccc1,Cc1ccccc1,39714.95387263972,0.9997386847733012
O=C(O)c1ccccc1O,C1COCCO1,11370.20573257479,0.9992370360015392
O=C(O)c1ccccc1O,CC(C)O,9056.404050629137,0.991524789467884
O=C(O)c1ccccc1O,CCCCCCO,12043.264213320434,0.9985908969920784
O=C(O)c1ccccc1O,CCCCCO,12438.798687780303,0.9993547068134304
O=C(O)c1ccccc1O,CCCCO,13093.637985766194,0.9989435996259954
O=C(O)c1ccccc1O,CCO,12027.098001154704,0.9956623986022266
O=C(O)c1ccccc1O,CCOC(C)=O,11751.114593890445,0.9911058252818268
O=C(O)c1ccccc1O,CO,11559.111820578792,0.991170465777126
O=C(O)c1ccccc1O,Cc1ccccc1,39773.67719482937,0.9972915447699364
O=C(O)c1ccccc1O,O,29825.79842560453,0.935691225060748
O=C(O)c1cccnc1,CC#N,41105.80224682518,0.9894866183298462
O=C(O)c1cccnc1,CC(C)=O,33993.56330453251,0.9902246437268346
O=C(O)c1cccnc1,CC(C)O,29961.908412033725,0.9999971253217076
O=C(O)c1cccnc1,CCCCO,33879.5857228789,0.9997079594757684
O=C(O)c1cccnc1,CCCO,30689.205614123715,0.9998718480885136
O=C(O)c1cccnc1,CCO,28100.66677312529,0.9915325348960796
O=C(O)c1cccnc1,CCOC(C)=O,38482.64982174482,0.998827634783266
O=C(O)c1cccnc1,CO,31511.978789861227,0.9999697431551294
O=C(O)c1cccnc1,CS(C)=O,17254.09039998112,0.997487718157721
O=C(O)c1cccnc1Cl,C1COCCO1,20116.84695452585,0.9993102664554429
O=C(O)c1cccnc1Cl,CC#N,29329.90727247569,0.9994290828426626
O=C(O)c1cccnc1Cl,CC(C)=O,15561.376693561508,0.9992786496481856
O=C(O)c1cccnc1Cl,CC(C)O,24014.73992360505,0.9962543870634998
O=C(O)c1cccnc1Cl,CCO,26033.351485515457,0.9976819680959592
O=C(O)c1cccnc1Cl,CCOC(C)=O,17355.875147409155,0.9978261238362114
O=C(O)c1cccnc1Cl,CO,24242.934422338563,0.9983338178886976
O=C(O)c1ccco1,CC#N,28594.97558130648,0.997136110324462
O=C(O)c1ccco1,CC(=O)CC(C)C,19946.25618535876,0.9984880211716708
O=C(O)c1ccco1,CCCCCC,40996.3503273368,0.9287126519699168
O=C(O)c1ccco1,CCCO,16328.206666312415,0.9977335580890097
O=C(O)c1ccco1,CCO,14131.780178649342,0.9988802060701796
O=C(O)c1ccco1,CCOC(C)=O,18625.50901169592,0.9973216056627954
O=C(O)c1ccco1,CO,16594.252021202883,0.9901343376572542
O=C(O)c1ccco1,COC(C)=O,16271.344360361158,0.9962475639066471
O=C(O)c1ccco1,Cc1ccccc1,38068.86757055036,0.9965896730735436
O=C(O)c1ccco1,ClCCCl,35510.908982429944,0.9988359679150746
O=C(O)c1ccncc1,CC(C)O,34412.144919837425,0.998548184859473
O=C(O)c1ccncc1,CC(O)CO,31402.784978591324,0.997460081297402
O=C(O)c1ccncc1,CCCO,31037.886142654454,0.9993677718868572
O=C(O)c1ccncc1,CO,28832.303398203992,0.9973022378833571
O=C(O)c1cn(C2CC2)c2cc(N3CCNCC3)c(F)cc2c1=O,CC(C)=O,36357.37202577262,0.9972358171239016
O=C(O)c1cn(C2CC2)c2cc(N3CCNCC3)c(F)cc2c1=O,CCCCCCCCO,58489.01016977072,0.9969969338161552
O=C(O)c1cn(C2CC2)c2cc(N3CCNCC3)c(F)cc2c1=O,CCCO,53226.20819520178,0.988859371530896
O=C(O)c1cn(C2CC2)c2cc(N3CCNCC3)c(F)cc2c1=O,CCO,30712.812624641992,0.9997990987227922
O=C(O)c1cn(C2CC2)c2cc(N3CCNCC3)c(F)cc2c1=O,ClC(Cl)Cl,20996.598865026725,0.9970918203372632
O=C(O)c1cn(C2CC2)c2cc(N3CCNCC3)c(F)cc2c1=O,O,36108.22236266072,0.9996821804424868
O=C(OCC1c2ccccc2-c2ccccc21)ON1C(=O)CCC1=O,CCO,24224.571187115765,0.9995004533205204
O=C(OCC1c2ccccc2-c2ccccc21)ON1C(=O)CCC1=O,CN(C)C=O,44353.60959665462,0.9998330813069628
O=C(OCCO)c1ccc(C(=O)OCCO)cc1,CCO,40538.956726539895,0.997433861808622
O=C(OCCO)c1ccc(C(=O)OCCO)cc1,CO,39759.06690957559,0.9994929515414536
O=C(OCCO)c1ccc(C(=O)OCCO)cc1,O,43521.5841808346,0.99939111597644
O=C(O[C@@H]1Cc2c(O)cc(O)cc2O[C@@H]1c1cc(O)c(O)c(O)c1)c1cc(O)c(O)c(O)c1,CC(C)O,81713.41372886236,0.9968845626764684
O=C(O[C@@H]1Cc2c(O)cc(O)cc2O[C@@H]1c1cc(O)c(O)c(O)c1)c1cc(O)c(O)c(O)c1,CCC(C)O,84164.70435090413,0.9873316648989238
O=C(O[C@@H]1Cc2c(O)cc(O)cc2O[C@@H]1c1cc(O)c(O)c(O)c1)c1cc(O)c(O)c(O)c1,CCCCCCO,97278.86367420258,0.9918144682651656
O=C(O[C@@H]1Cc2c(O)cc(O)cc2O[C@@H]1c1cc(O)c(O)c(O)c1)c1cc(O)c(O)c(O)c1,CCCCCO,96968.98342748555,0.9837949331877428
O=C(O[C@@H]1Cc2c(O)cc(O)cc2O[C@@H]1c1cc(O)c(O)c(O)c1)c1cc(O)c(O)c(O)c1,CCCCOCCO,24497.17493848664,0.9937580150534706
O=C(O[C@@H]1Cc2c(O)cc(O)cc2O[C@@H]1c1cc(O)c(O)c(O)c1)c1cc(O)c(O)c(O)c1,CCCOCCO,18990.78644937044,0.9921867003896944
O=C(O[C@@H]1Cc2c(O)cc(O)cc2O[C@@H]1c1cc(O)c(O)c(O)c1)c1cc(O)c(O)c(O)c1,CCO,47591.11812233583,0.9910714084659752
O=C(O[C@@H]1Cc2c(O)cc(O)cc2O[C@@H]1c1cc(O)c(O)c(O)c1)c1cc(O)c(O)c(O)c1,CCOCCO,38345.474228080464,0.9990316681466096
O=C(O[C@@H]1Cc2c(O)cc(O)cc2O[C@@H]1c1cc(O)c(O)c(O)c1)c1cc(O)c(O)c(O)c1,CO,101125.92595386284,0.9902724498161344
O=C(O[C@@H]1Cc2c(O)cc(O)cc2O[C@@H]1c1cc(O)c(O)c(O)c1)c1cc(O)c(O)c(O)c1,COCCO,30524.02891709861,0.998407199103352
O=C(Oc1ccccc1)Oc1ccccc1,CCC(C)O,70206.54395812217,0.924864845217786
O=C(Oc1ccccc1)Oc1ccccc1,CCCCO,63600.89490211934,0.939490831403706
O=C(Oc1ccccc1)Oc1ccccc1,CCCO,49578.34215817135,0.9297538815160769
O=C(Oc1ccccc1)Oc1ccccc1,CCO,60586.5330936288,0.9252344135872356
O=C(Oc1ccccc1)Oc1ccccc1,CO,49828.129112551374,0.9275711487585604
O=C(Oc1ccccc1)c1ccccc1O,CC(C)CO,134532.9147632387,0.9250741372053476
O=C(Oc1ccccc1)c1ccccc1O,CC(C)O,135951.56422509332,0.924395836812606
O=C(Oc1ccccc1)c1ccccc1O,CCC(C)O,120682.64471910433,0.9456577612486452
O=C(Oc1ccccc1)c1ccccc1O,CCCCO,122304.63170397558,0.9315608595924724
O=C(Oc1ccccc1)c1ccccc1O,CCCO,125150.0968122812,0.9377142903118586
O=C(Oc1ccccc1)c1ccccc1O,CCO,128299.86670676204,0.9262165870319408
O=C(Oc1ccccc1)c1ccccc1O,CO,136905.6520815198,0.9231310209010822
O=C(Oc1ccccc1C(=O)O)c1ccccc1O,C1COCCO1,11200.516603209511,0.9987091655179292
O=C([O-])/C=C/C(=O)O.[Na+],CC#N,6168.0763214981735,0.9738162120974568
O=C([O-])/C=C/C(=O)O.[Na+],CC(C)=O,30732.88206440661,0.92111456802561
O=C([O-])/C=C/C(=O)O.[Na+],CC(C)CO,22134.854229205223,0.989736634262832
O=C([O-])/C=C/C(=O)O.[Na+],CCCCCO,10975.481687795904,0.9912523352394392
O=C([O-])/C=C/C(=O)O.[Na+],CCCCO,25096.10957262528,0.9341151495428116
O=C([O-])/C=C/C(=O)O.[Na+],CCCO,13045.802745415687,0.9900415775094912
O=C([O-])/C=C/C(=O)O.[Na+],CCO,9852.863404228983,0.9932196901996418
O=C([O-])/C=C/C(=O)O.[Na+],CCOC(C)=O,19465.10920552461,0.9929966581798192
O=C([O-])/C=C/C(=O)O.[Na+],O,16548.27173955266,0.9994718185023752
O=C([O-])CC(O)(CC(=O)[O-])C(=O)[O-].[Na+].[Na+].[Na+],O,7706.348503176161,0.9602032293410214
O=C([O-])CCP(=O)([O-])c1ccccc1.[Na+].[Na+],CC(=O)O,4433.346999671044,0.9752733225427576
O=C([O-])CCP(=O)([O-])c1ccccc1.[Na+].[Na+],CC(C)=O,7952.90299622809,0.994276050614808
O=C([O-])CCP(=O)([O-])c1ccccc1.[Na+].[Na+],CO,1605.35637019997,0.9388510580368974
O=C([O-])c1cccc(S(=O)(=O)O)c1.[Na+],O,15193.848654266923,0.9705014224858152
O=C([O-])c1nc[nH]n1,CC#N,26833.06403697544,0.9979886324985076
O=C([O-])c1nc[nH]n1,CC(=O)CC(C)C,24282.215276835865,0.9972671829473132
O=C([O-])c1nc[nH]n1,CC(C)O,35926.18940749456,0.9961437986895963
O=C([O-])c1nc[nH]n1,CCCCO,25334.10881453084,0.9658575738398936
O=C([O-])c1nc[nH]n1,CCCO,29763.03886959873,0.9877929738948784
O=C([O-])c1nc[nH]n1,CCO,31156.983128012533,0.9957827432354917
O=C([O-])c1nc[nH]n1,CO,25288.620407838145,0.993902742251189
O=C([O-])c1nc[nH]n1,O=C1CCCC1,25117.124956421223,0.9919613771723624
O=C([O-])c1nc[nH]n1,O=C1CCCCC1,9436.534755411123,0.9733276464752666
O=C(c1ccc(F)cc1)c1ccc(F)cc1,CC#N,40695.58310433701,0.9985416774198352
O=C(c1ccc(F)cc1)c1ccc(F)cc1,CC(C)=O,28779.969214211706,0.9970248710623384
O=C(c1ccc(F)cc1)c1ccc(F)cc1,CC(C)CO,38620.7258008205,0.9989091879456388
O=C(c1ccc(F)cc1)c1ccc(F)cc1,CCCCO,37703.4734060466,0.9991229271775636
O=C(c1ccc(F)cc1)c1ccc(F)cc1,CCO,33718.35064062119,0.9991181882560802
O=C(c1ccc(F)cc1)c1ccc(F)cc1,CCOC(C)=O,25917.911423247027,0.9976759181292266
O=C(c1ccc(F)cc1)c1ccc(F)cc1,COC(C)=O,28683.732972846068,0.9965208848901952
O=C(c1ccccc1)C(O)c1ccccc1,C1CCCCC1,36963.654901168215,0.9993622084808296
O=C(c1ccccc1)C(O)c1ccccc1,CC#N,29992.158718555947,0.9985612300557386
O=C(c1ccccc1)C(O)c1ccccc1,CC(C)O,33112.1355338323,0.9986843651610404
O=C(c1ccccc1)C(O)c1ccccc1,CCCCO,37483.06556897518,0.9504148878839112
O=C(c1ccccc1)C(O)c1ccccc1,CCCO,37400.98644994852,0.952789538347236
O=C(c1ccccc1)C(O)c1ccccc1,CCO,33714.30604480419,0.9860828583156922
O=C(c1ccccc1)C(O)c1ccccc1,CCOC(C)=O,27332.760573416974,0.9839164338678582
O=C(c1ccccc1)C(O)c1ccccc1,CO,34329.550076694584,0.9707666806284188
O=C(c1ccccc1)C(O)c1ccccc1,Cc1ccccc1,20303.24128641005,0.9956439878347658
O=C(c1ccccc1)c1ccc(Cl)cc1,CC#N,63076.69988081465,0.9086720401010396
O=C(c1ccccc1)c1ccc(Cl)cc1,CC(C)=O,43558.49280654397,0.9458683067313228
O=C(c1ccccc1)c1ccc(Cl)cc1,CC(C)CO,42436.52904071174,0.9615818757510622
O=C(c1ccccc1)c1ccc(Cl)cc1,CC(C)O,40628.42912525562,0.9707823773611104
O=C(c1ccccc1)c1ccc(Cl)cc1,CCCCOC(C)=O,27411.33509523429,0.9697714866197596
O=C(c1ccccc1)c1ccc(Cl)cc1,CCCO,40923.48603554389,0.9582162355929724
O=C(c1ccccc1)c1ccc(Cl)cc1,CO,38358.49250212917,0.9626250814235916
O=C(c1ccccc1)c1ccc(Cl)cc1,COC(C)=O,35961.34288025292,0.9855331945109556
O=C(c1ccccc1)c1ccccc1,CC#N,42433.22595446038,0.9096133961908284
O=C(c1ccccc1)c1ccccc1,CC(C)CO,52299.70076913853,0.9225276666566852
O=C(c1ccccc1)c1ccccc1,CC(C)O,61394.1914485138,0.9784290883616048
O=C(c1ccccc1)c1ccccc1,CCCCCCCCO,53602.52162204887,0.9204452055902412
O=C(c1ccccc1)c1ccccc1,CCCCO,50705.074018791136,0.91945470424245
O=C(c1ccccc1)c1ccccc1,CCCO,59601.007560518825,0.9631325001734068
O=C(c1ccccc1)c1ccccc1,CCO,66434.4536088505,0.9847554120841848
O=C(c1ccccc1)c1ccccc1,O,47041.29473087899,0.989696822876108
O=C1C(CCS(=O)c2ccccc2)C(=O)N(c2ccccc2)N1c1ccccc1,CC#N,41225.86699350087,0.9919339931829134
O=C1C(CCS(=O)c2ccccc2)C(=O)N(c2ccccc2)N1c1ccccc1,CC(C)=O,31010.31919005805,0.98772251166031
O=C1C(CCS(=O)c2ccccc2)C(=O)N(c2ccccc2)N1c1ccccc1,CC(C)O,65811.41562042107,0.9643239092246828
O=C1C(CCS(=O)c2ccccc2)C(=O)N(c2ccccc2)N1c1ccccc1,CCC(C)O,33036.8387136805,0.9839752580647444
O=C1C(CCS(=O)c2ccccc2)C(=O)N(c2ccccc2)N1c1ccccc1,CCCCCO,24508.10566403561,0.9944778221959772
O=C1C(CCS(=O)c2ccccc2)C(=O)N(c2ccccc2)N1c1ccccc1,CCCCO,42444.97519975329,0.9987048798988574
O=C1C(CCS(=O)c2ccccc2)C(=O)N(c2ccccc2)N1c1ccccc1,CCCO,40843.59438420986,0.9968569491790318
O=C1C(CCS(=O)c2ccccc2)C(=O)N(c2ccccc2)N1c1ccccc1,CCO,38905.01666786844,0.9926627231783672
O=C1C(CCS(=O)c2ccccc2)C(=O)N(c2ccccc2)N1c1ccccc1,CO,43019.05647653224,0.969335813883252
O=C1C(CCS(=O)c2ccccc2)C(=O)N(c2ccccc2)N1c1ccccc1,COC(C)=O,28679.425516375017,0.9742582862123456
O=C1C(CCS(=O)c2ccccc2)C(=O)N(c2ccccc2)N1c1ccccc1,O,57804.91696811561,0.9833049397754496
O=C1C2C3C=CC(C3)C2C(=O)N1O,C1COCCO1,15270.979079857228,0.99789451427602
O=C1C2C3C=CC(C3)C2C(=O)N1O,CC(C)=O,23607.20063959946,0.9997451817665882
O=C1C2C3C=CC(C3)C2C(=O)N1O,CC(C)O,25699.46052583854,0.999412901612831
O=C1C2C3C=CC(C3)C2C(=O)N1O,CCCCOCCO,19561.21477821699,0.9991495872209896
O=C1C2C3C=CC(C3)C2C(=O)N1O,CCCO,25872.527497522467,0.9989799941271226
O=C1C2C3C=CC(C3)C2C(=O)N1O,CCCOCCO,17640.23331441533,0.999206613254906
O=C1C2C3C=CC(C3)C2C(=O)N1O,CCOC(C)=O,26559.52938373801,0.9991910685032926
O=C1C2C3C=CC(C3)C2C(=O)N1O,CO,16948.820601061183,0.9989274822751456
O=C1C2C3C=CC(C3)C2C(=O)N1O,COCCO,12050.232005849057,0.9942698459448024
O=C1C=CC(=O)N1c1cc(F)c(Br)c(F)c1,C1CCOC1,18382.661714676164,0.99813265229018
O=C1C=CC(=O)N1c1cc(F)c(Br)c(F)c1,C1COCCO1,23102.89902070356,0.997076618863573
O=C1C=CC(=O)N1c1cc(F)c(Br)c(F)c1,CC#N,29239.12206788021,0.9987242263969612
O=C1C=CC(=O)N1c1cc(F)c(Br)c(F)c1,CC(C)=O,23126.314494518865,0.9987263695993256
O=C1C=CC(=O)N1c1cc(F)c(Br)c(F)c1,CCC(C)=O,24094.415337601426,0.9974737838494404
O=C1C=CC(=O)N1c1cc(F)c(Br)c(F)c1,CCO,37246.142896998725,0.9942316459059162
O=C1C=CC(=O)N1c1cc(F)c(Br)c(F)c1,CN(C)C=O,20507.83107868383,0.9941865909759052
O=C1C=CC(=O)N1c1cc(F)c(Br)c(F)c1,CS(C)=O,24389.323058925096,0.9954236342049048
O=C1C=CC(=O)N1c1cc(F)c(Br)c(F)c1,Cc1ccccc1,29142.290428102624,0.998229248923699
O=C1C=CC(=O)N1c1ccccc1Br,C1CCCCC1,29238.08034868388,0.994126149697702
O=C1C=CC(=O)N1c1ccccc1Br,CC#N,27156.808200201045,0.9991457060039864
O=C1C=CC(=O)N1c1ccccc1Br,CC(C)CO,26276.58261864656,0.9993477599169264
O=C1C=CC(=O)N1c1ccccc1Br,CC(C)O,26750.86886616065,0.9992545256143744
O=C1C=CC(=O)N1c1ccccc1Br,CCCCO,26001.23838591573,0.9992133455438076
O=C1C=CC(=O)N1c1ccccc1Br,CCCO,27408.37568936148,0.999546516659334
O=C1C=CC(=O)N1c1ccccc1Br,CCO,26792.71075375524,0.9992691873382806
O=C1C=CC(=O)N1c1ccccc1Br,CN1CCCC1=O,28102.049075582527,0.9931193456848908
O=C1C=CC(=O)N1c1ccccc1Br,CO,27863.920141789946,0.999557036086395
O=C1C=CC(=O)N1c1ccccc1Br,CS(C)=O,31503.45694223856,0.990584963128193
O=C1C=CC(=O)N1c1ccccc1Br,O,31978.517976086525,0.999608488807574
O=C1C=CC(=O)N1c1ccccc1Br,OCCO,26477.53928874836,0.9993981949691146
O=C1C=CC(=O)O1,CC(=O)O,38377.40185274926,0.9998385204607416
O=C1C=CC(=O)O1,CC(C)=O,42754.972762396006,0.999736079962924
O=C1C=CC(=O)O1,CCCCO,52763.18788346725,0.9999914895739485
O=C1C=CC(=O)O1,CN(C)C=O,31534.93363138904,0.9998262747717502
O=C1C=CC(=O)O1,CO,34784.66261914613,0.9998380341323284
O=C1C=CC(=O)c2ccccc21,CC(C)=O,27361.28500747426,0.994614979408948
O=C1C=CC(=O)c2ccccc21,CCCCO,48439.92812782716,0.995798757275967
O=C1C=CC(=O)c2ccccc21,CCO,40631.394704497085,0.999409495218378
O=C1CCC(=O)CC1,C1CCCCC1,35394.182135306575,0.9993720459492048
O=C1CCC(=O)CC1,CC(C)=O,32075.308410606885,0.994062522862403
O=C1CCC(=O)CC1,CC(C)O,70629.07935944718,0.9953823220411508
O=C1CCC(=O)CC1,CCCCO,64442.39342125149,0.99771288167556
O=C1CCC(=O)CC1,CCCO,70547.1767220887,0.9977051639219496
O=C1CCC(=O)CC1,CCO,68801.19005690998,0.9958603592654964
O=C1CCC(=O)CC1,CCOC(C)=O,37704.79052966541,0.9951742140153614
O=C1CCC(=O)CC1,COC(C)=O,34822.43866242134,0.9944989767042328
O=C1CCC(=O)O1,C1CCOC1,16912.18725484762,0.9876887609441022
O=C1CCC(=O)O1,CC(C)O,16405.128370112594,0.9988255820139952
O=C1CCC(=O)O1,CCOC(C)=O,16116.478225094952,0.999442298247821
O=C1CCC(=O)O1,O=C1CCCO1,16574.42069743737,0.9999359191385764
O=C1CCC(c2ccc(Cl)c(Cl)c2)c2ccccc21,CC(C)=O,35801.722069433534,0.9873657357511254
O=C1CCC(c2ccc(Cl)c(Cl)c2)c2ccccc21,CC(C)O,39516.6544493446,0.9968296016668756
O=C1CCC(c2ccc(Cl)c(Cl)c2)c2ccccc21,CN(C)C=O,29928.371175858563,0.9965151094303062
O=C1CCC(c2ccc(Cl)c(Cl)c2)c2ccccc21,CO,32836.131149294175,0.997589418017636
O=C1CCC(c2ccccc2)=NN1,CCC(C)O,15280.871209302932,0.991065324102262
O=C1CCC(c2ccccc2)=NN1,CCO,19674.39740013273,0.999054333542032
O=C1CCC(c2ccccc2)=NN1,CCOC(C)=O,18333.589776869136,0.9971351865759602
O=C1CCC(c2ccccc2)=NN1,CCOCCOCCO,14994.224968834878,0.9965449785509762
O=C1CCC(c2ccccc2)=NN1,CS(C)=O,6150.352761644116,0.9994319018085086
O=C1CCC(c2ccccc2)=NN1,O,29995.080904038387,0.9979249209543816
O=C1CCC(c2ccccc2)=NN1,OCCO,14385.363586793035,0.9952736303396476
O=C1CCCC(=O)C1,C1CCOC1,37614.86742487543,0.9983810892183722
O=C1CCCC(=O)C1,CC#N,39753.657019208,0.9978037462976868
O=C1CCCC(=O)C1,CC(C)=O,39785.14191031534,0.998043340926174
O=C1CCCC(=O)C1,CCC(C)=O,49721.96307184801,0.99861466526153
O=C1CCCC(=O)C1,CCCCOC(C)=O,26811.3593720913,0.9981720938377896
O=C1CCCC(=O)C1,CCCOC(C)=O,29481.412098076235,0.9989810571994652
O=C1CCCC(=O)C1,COC(C)=O,40048.22761186611,0.9968303103709588
O=C1CCCC(=O)C1,Cc1ccccc1,44345.39086041081,0.9988552689837344
O=C1CCCC(=O)C1,ClC(Cl)Cl,23025.40231223686,0.9950362683844468
O=C1CCCC(=O)O1,CC(=O)O,71517.66846174689,0.9985236863295276
O=C1CCCC(=O)O1,ClC(Cl)(Cl)Cl,46673.11949605044,0.9697327718939316
O=C1CCCCCCCCCCC1,C1CCCCC1,40723.21810647962,0.9926939174792628
O=C1CCCCCCCCCCC1,CC(C)=O,45340.08633892304,0.9930744873017764
O=C1CCCCCCCCCCC1,CC(C)CO,48360.8404546223,0.9866467499188382
O=C1CCCCCCCCCCC1,CCCO,46415.04027966592,0.9840606600608044
O=C1CCCCCCCCCCC1,CCO,56831.241629853146,0.9902739206656822
O=C1CCCCCCCCCCC1,CCOC(C)=O,38502.99674955309,0.9967977131912504
O=C1CCCCCCCCCCC1,CO,75682.49894729922,0.9946640082354318
O=C1CCCCCCCCCCC1,Cc1ccccc1,27813.47239721073,0.9831007757009316
O=C1CCCCCCCCCCC1,ClCCCl,23468.430469892784,0.9773600597205646
O=C1CCCCCN1,C1CCCCC1,74360.34807542167,0.9938613958422464
O=C1CCCCCN1,CC#N,43262.14173678788,0.9941362468033994
O=C1CCCCCN1,c1ccccc1,37970.53079415431,0.9841716716957284
O=C1CC[C@@H](C(=O)N2CSC[C@H]2C(=O)O)N1,CC#N,31460.061204074496,0.9957773374591862
O=C1CC[C@@H](C(=O)N2CSC[C@H]2C(=O)O)N1,CC(C)=O,54902.44817930807,0.9978806187491088
O=C1CC[C@@H](C(=O)N2CSC[C@H]2C(=O)O)N1,CC(C)O,55289.13270161716,0.999958443536514
O=C1CC[C@@H](C(=O)N2CSC[C@H]2C(=O)O)N1,CCCCO,35224.58939234586,0.995085366870242
O=C1CC[C@@H](C(=O)N2CSC[C@H]2C(=O)O)N1,CN(C)C=O,29386.95182777057,0.9949446462234782
O=C1CC[C@@H](C(=O)N2CSC[C@H]2C(=O)O)N1,O,21789.43823193977,0.98865069315148
O=C1CC[C@@H](C(=O)O)N1,C1COCCO1,20725.62388508313,0.9925253427692934
O=C1CC[C@@H](C(=O)O)N1,CC#N,24525.90727570069,0.9912163654737264
O=C1CC[C@@H](C(=O)O)N1,CC(C)=O,18949.367401256502,0.9914755588827748
O=C1CC[C@@H](C(=O)O)N1,CC(C)CO,25109.126180437142,0.998520098104274
O=C1CC[C@@H](C(=O)O)N1,CCC(C)=O,19744.6057028787,0.9968192914211008
O=C1CC[C@@H](C(=O)O)N1,CCCCO,22118.799222018995,0.971993370274335
O=C1CC[C@@H](C(=O)O)N1,CCO,25389.81095378002,0.984917000119947
O=C1CC[C@@H](C(=O)O)N1,CCOC(C)=O,26613.665603230904,0.9828237179078216
O=C1CC[C@@H](C(=O)O)N1,CO,21706.913251652208,0.969111623323902
O=C1CC[C@@H](C(=O)O)N1,COC(C)=O,20698.974776774503,0.989148775119794
O=C1CC[C@@H](C(=O)O)N1,O,19747.16354832288,0.9955083726297902
O=C1CCc2cc(O)ccc2N1,CC#N,22309.78167260112,0.9994227157567795
O=C1CCc2cc(O)ccc2N1,CC(C)CO,23939.07477889412,0.9994713833594966
O=C1CCc2cc(O)ccc2N1,CC(C)O,21566.222305278825,0.9979677053699112
O=C1CCc2cc(O)ccc2N1,CCCCO,20211.59481779893,0.997013696581708
O=C1CCc2cc(O)ccc2N1,CCCO,20965.03083915497,0.9990191051300163
O=C1CCc2cc(O)ccc2N1,CCO,20548.067034390824,0.997654706755744
O=C1CCc2cc(O)ccc2N1,CCOC(C)=O,10207.783244068622,0.9993488177502158
O=C1CCc2cc(O)ccc2N1,CO,21104.55666050417,0.9987878305168308
O=C1CCc2cc(O)ccc2N1,COC(C)=O,14354.974629960036,0.9966712659065268
O=C1CCc2cc(OCCCCc3nnnn3C3CCCCC3)ccc2N1,C1COCCO1,21779.61351928948,0.9987277237822788
O=C1CCc2cc(OCCCCc3nnnn3C3CCCCC3)ccc2N1,CC#N,36584.47737832548,0.9829366081834536
O=C1CCc2cc(OCCCCc3nnnn3C3CCCCC3)ccc2N1,CC(C)=O,19970.611521671777,0.9974800565627892
O=C1CCc2cc(OCCCCc3nnnn3C3CCCCC3)ccc2N1,CCC(C)=O,18645.21622820316,0.9992845182188737
O=C1CCc2cc(OCCCCc3nnnn3C3CCCCC3)ccc2N1,CCCO,34125.90873166542,0.9700458264301226
O=C1CCc2cc(OCCCCc3nnnn3C3CCCCC3)ccc2N1,CCO,35762.47389339143,0.9741317889937716
O=C1CCc2cc(OCCCCc3nnnn3C3CCCCC3)ccc2N1,CCOC(C)=O,38930.18252481055,0.9664529389282368
O=C1CCc2cc(OCCCCc3nnnn3C3CCCCC3)ccc2N1,CO,33726.15897925315,0.9778955117107871
O=C1CCc2ccc(OCCCCN3CCN(c4cccc(Cl)c4Cl)CC3)cc2N1,CCCO,35194.45188757782,0.9997622344707698
O=C1CN=C(c2ccccc2Cl)c2cc([N+](=O)[O-])ccc2N1,CN1CCCC1=O,22058.015935444226,0.9427985714400324
O=C1CN=C(c2ccccc2Cl)c2cc([N+](=O)[O-])ccc2N1,O,19154.221817926395,0.9608741508316672
O=C1C[C@@H](c2ccc(O)cc2)Oc2cc(O)cc(O)c21,CCCCCC,21018.93372647827,0.9635802459166908
O=C1C[C@@H](c2ccc(O)cc2)Oc2cc(O)cc(O)c21,CCCCCCCCO,8824.961561909759,0.9967301224405594
O=C1C[C@@H](c2ccc(O)cc2)Oc2cc(O)cc(O)c21,CCCCO,27428.074526749493,0.973962091964366
O=C1C[C@@H](c2ccc(O)cc2)Oc2cc(O)cc(O)c21,CCO,46690.35022311811,0.9886385586381374
O=C1C[C@@H](c2ccc(O)cc2)Oc2cc(O)cc(O)c21,CCOC(C)=O,19236.50527106911,0.9802309783761244
O=C1C[C@@H](c2ccc(O)cc2)Oc2cc(O)cc(O)c21,CO,17279.06505338321,0.940793532039442
O=C1Cc2cc(F)ccc2N1,CC(C)=O,18373.23817111396,0.9887915536823308
O=C1Cc2cc(F)ccc2N1,CC(C)O,24793.266823127666,0.9938636152617
O=C1Cc2cc(F)ccc2N1,CCCCCC,33439.4340573724,0.9983728461630847
O=C1Cc2cc(F)ccc2N1,CCCO,22382.66326697649,0.9942267695906836
O=C1Cc2cc(F)ccc2N1,CN(C)C=O,13972.557505560546,0.979983932735018
O=C1Cc2cc(F)ccc2N1,CO,26698.04191680362,0.997086688789832
O=C1Cc2ccccc2N1,C1CCOC1,24725.71539955411,0.999373812386356
O=C1Cc2ccccc2N1,C1COCCO1,22630.058451392404,0.9991523198027178
O=C1Cc2ccccc2N1,CC#N,36937.17297032415,0.9932976559624604
O=C1Cc2ccccc2N1,CC(C)=O,18821.8813712939,0.9900287882488732
O=C1Cc2ccccc2N1,CC(C)O,36389.09555567476,0.9993793863802314
O=C1Cc2ccccc2N1,CCCCO,31139.119688501047,0.9984656617795016
O=C1Cc2ccccc2N1,CCCO,21342.777502135945,0.9994494016785016
O=C1Cc2ccccc2N1,CCO,48173.413599166764,0.998885320518436
O=C1Cc2ccccc2N1,CCOC(C)=O,18975.799265221067,0.9948819647089676
O=C1Cc2ccccc2N1,CO,28553.49616824169,0.9996504291812556
O=C1Cc2ccccc2N1,Cc1ccccc1,67143.61394996787,0.998279352554968
O=C1N2CN3C(=O)N([N+](=O)[O-])C4C3N(CN3C(=O)N([N+](=O)[O-])C(C23)N1[N+](=O)[O-])C(=O)N4[N+](=O)[O-],CC#N,35266.100329153465,0.9941519668867402
O=C1N2CN3C(=O)N([N+](=O)[O-])C4C3N(CN3C(=O)N([N+](=O)[O-])C(C23)N1[N+](=O)[O-])C(=O)N4[N+](=O)[O-],CC(C)=O,40162.700268781984,0.9917890686191796
O=C1N2CN3C(=O)N([N+](=O)[O-])C4C3N(CN3C(=O)N([N+](=O)[O-])C(C23)N1[N+](=O)[O-])C(=O)N4[N+](=O)[O-],CCOC(C)=O,33662.92241968559,0.9949377672824736
O=C1N2CN3C(=O)N([N+](=O)[O-])C4C3N(CN3C(=O)N([N+](=O)[O-])C(C23)N1[N+](=O)[O-])C(=O)N4[N+](=O)[O-],CO,24254.4184851636,0.9985043595157952
O=C1N2CN3C(=O)N4CN5C(=O)N6CN7C(=O)N8CN9C(=O)N%10CN%11C(=O)N%12CN1C1C2N2CN%13C(=O)N(CN%14C(=O)N(CN%15C(=O)N(CN%16C(=O)N(CN%17C(=O)N(CN1C2=O)C%12C%11%17)C%10C9%16)C8C7%15)C6C5%14)C4C3%13,O,15137.187388150558,0.9985121019595375
O=C1N=c2ccccc2=N1,C1COCCO1,23756.984274982136,0.996139578313515
O=C1N=c2ccccc2=N1,CC(C)CO,22908.133356549468,0.9913027310746304
O=C1N=c2ccccc2=N1,CC(C)O,21754.009775688948,0.9854580458001052
O=C1N=c2ccccc2=N1,CCC(C)=O,31089.0972341392,0.9979838049104868
O=C1N=c2ccccc2=N1,CCCCO,18230.6657015104,0.9915282255461793
O=C1N=c2ccccc2=N1,CCCO,19613.22841562538,0.9963094997830012
O=C1N=c2ccccc2=N1,CCOC(C)=O,30235.12954656433,0.9979103702806246
O=C1NC(=O)C(c2ccccc2)(c2ccccc2)N1,CCCO,14279.658664406184,0.9887450456539534
O=C1NC(=O)C(c2ccccc2)(c2ccccc2)N1,CCOCCOCCO,10355.790358176464,0.9818805320866072
O=C1NC(=O)C2C3C=CC(C3)C12,C1COCCO1,22387.19796350633,0.9966790063034422
O=C1NC(=O)C2C3C=CC(C3)C12,CC(C)=O,19008.5176968221,0.9997544637451524
O=C1NC(=O)C2C3C=CC(C3)C12,CCCCOC(C)=O,23017.258469480123,0.9995145821531864
O=C1NC(=O)C2C3C=CC(C3)C12,CCCOC(C)=O,22864.270505230703,0.9995254076807784
O=C1NC(=O)C2C3C=CC(C3)C12,CCO,27530.998493988336,0.9990795123718734
O=C1NC(=O)C2C3C=CC(C3)C12,CCOC(C)=O,20158.046128475664,0.9989640500534634
O=C1NC(=O)C2C3C=CC(C3)C12,CCOCCO,19553.2003657044,0.999219131304486
O=C1NC(=O)C2C3C=CC(C3)C12,COC(C)=O,23381.14838940462,0.9996058082277988
O=C1NC(=O)c2cc([N+](=O)[O-])ccc21,C1COCCO1,11433.11140600365,0.9998978276318436
O=C1NC(=O)c2cc([N+](=O)[O-])ccc21,CC(C)=O,11012.017940373156,0.9999544853476692
O=C1NC(=O)c2cc([N+](=O)[O-])ccc21,CC(C)O,28986.65257592471,0.9998627576356944
O=C1NC(=O)c2cc([N+](=O)[O-])ccc21,CCC(C)=O,12013.569134070618,0.9999373657610396
O=C1NC(=O)c2cc([N+](=O)[O-])ccc21,CCO,27160.64908560776,0.9999125596099022
O=C1NC(=O)c2cc([N+](=O)[O-])ccc21,CCOC(C)=O,14797.72400084209,0.9999504018680478
O=C1NC(=O)c2cc([N+](=O)[O-])ccc21,CO,21765.93460311768,0.9999101755748536
O=C1NC(=O)c2cc([N+](=O)[O-])ccc21,O=C1CCCCC1,12871.668812917467,0.9982557247994692
O=C1NC(=O)c2ccccc21,CC#N,33132.408542150144,0.9983069439178934
O=C1NC(=O)c2ccccc21,CC(C)=O,21365.81515994254,0.999397465313232
O=C1NC(=O)c2ccccc21,CC(C)CO,24838.850102743665,0.999565526761974
O=C1NC(=O)c2ccccc21,CC(C)O,28702.273535739027,0.9996335658153672
O=C1NC(=O)c2ccccc21,CCCCO,23978.2549381666,0.9994391679156162
O=C1NC(=O)c2ccccc21,CCO,33164.33516243212,0.9994002825151324
O=C1NC(=O)c2ccccc21,CCOC(C)=O,27432.059228470785,0.9982895279139296
O=C1NC(=O)c2ccccc21,CO,29285.78791479224,0.9957625614806108
O=C1NC23NC(=O)NC2(N1)C(=O)NC3=O,C1CCOC1,28433.365040165627,0.9972204159238984
O=C1NC23NC(=O)NC2(N1)C(=O)NC3=O,C1COCCO1,31702.247752993848,0.993281562716557
O=C1NC23NC(=O)NC2(N1)C(=O)NC3=O,CC#N,31569.62580071459,0.9968457807402168
O=C1NC23NC(=O)NC2(N1)C(=O)NC3=O,CC(C)=O,22528.12812269201,0.998576158756741
O=C1NC23NC(=O)NC2(N1)C(=O)NC3=O,CC(C)O,27574.63027829584,0.9920313403542348
O=C1NC23NC(=O)NC2(N1)C(=O)NC3=O,CCCO,32124.46282104362,0.9957335887309008
O=C1NC23NC(=O)NC2(N1)C(=O)NC3=O,CCO,29738.589907659287,0.9949579784507744
O=C1NC23NC(=O)NC2(N1)C(=O)NC3=O,CO,26172.04668599607,0.9977245514384828
O=C1NC23NC(=O)NC2(N1)C(=O)NC3=O,Cc1ccccc1,31617.345591803703,0.9942617115803076
O=C1NC23NC(=O)NC2(N1)C(=O)NC3=O,O,29323.53915474505,0.9936014602306728
O=C1NS(=O)(=O)c2ccccc21,CC#N,19573.767378071712,0.9910242313325472
O=C1NS(=O)(=O)c2ccccc21,CC(C)CO,30286.9397247168,0.999756410093062
O=C1NS(=O)(=O)c2ccccc21,CC(C)O,27529.81353971609,0.9526452983052672
O=C1NS(=O)(=O)c2ccccc21,CCCO,26323.12421307652,0.9968157005190784
O=C1NS(=O)(=O)c2ccccc21,CCO,23735.45809612001,0.9858816044070476
O=C1NS(=O)(=O)c2ccccc21,CO,23269.64639091909,0.976575002806796
O=C1Nc2ccccc2C1=O,C1CCOC1,16047.066910396936,0.9997156333369284
O=C1Nc2ccccc2C1=O,CC#N,21257.09854113578,0.9997315691656296
O=C1Nc2ccccc2C1=O,CC(C)=O,16014.87133512989,0.9988366218485532
O=C1Nc2ccccc2C1=O,CC(C)O,18500.77648250128,0.9993444233804696
O=C1Nc2ccccc2C1=O,CC(O)CO,13523.986806202936,0.9943727569306618
O=C1Nc2ccccc2C1=O,CCOC(C)=O,17779.75802532665,0.9933823562260208
O=C1Nc2ccccc2C1=O,CCOCCOCCO,5734.199335277326,0.989780865924817
O=C1Nc2ccccc2C1=O,Cc1ccccc1,9175.755985022904,0.9962809760187372
O=C1Nc2ccccc2C1=O,ClCCl,17828.210452491698,0.9992624095814928
O=C1Nc2ccccc2C1=O,O,27979.145066005727,0.9955843007118304
O=C1Nc2ccccc2C1=O,OCCO,13415.22992846969,0.997834818209858
O=C1OC(=O)C2C3C=CC(O3)C12,C1COCCO1,38292.81240092816,0.9666710105041764
O=C1OC(=O)C2C3C=CC(O3)C12,CC(=O)OC(C)C,21389.711046394983,0.9976700323326084
O=C1OC(=O)C2C3C=CC(O3)C12,CC(=O)OCC(C)C,20172.74482079346,0.9984233348649268
O=C1OC(=O)C2C3C=CC(O3)C12,CC(C)=O,19813.78699581049,0.9897946884459414
O=C1OC(=O)C2C3C=CC(O3)C12,CCCCCOC(C)=O,19392.13833592149,0.9994048285057894
O=C1OC(=O)C2C3C=CC(O3)C12,CCCCOC(C)=O,19771.67544268684,0.997482905985566
O=C1OC(=O)C2C3C=CC(O3)C12,CCCOC(C)=O,21385.874729907984,0.9950931634126468
O=C1OC(=O)C2C3C=CC(O3)C12,CCOC(C)=O,21281.23097306492,0.9934488759644275
O=C1OC(=O)C2C3C=CC(O3)C12,CN(C)C=O,15050.919732452609,0.9907805894430562
O=C1OC(=O)C2C3C=CC(O3)C12,CN1CCCC1=O,14476.620173060186,0.9918978063532254
O=C1OC(=O)C2C3C=CC(O3)C12,COC(C)=O,23607.5375958028,0.9899727311490172
O=C1OC(=O)[C@H]2[C@@H]1[C@@H]1C=C[C@H]2C1,C1COCCO1,20976.306376343004,0.9990660493413652
O=C1OC(=O)[C@H]2[C@@H]1[C@@H]1C=C[C@H]2C1,CC(=O)OC(C)C,23621.308312828885,0.9996148466106278
O=C1OC(=O)[C@H]2[C@@H]1[C@@H]1C=C[C@H]2C1,CC(=O)OCC(C)C,24419.352500725385,0.9997808827294452
O=C1OC(=O)[C@H]2[C@@H]1[C@@H]1C=C[C@H]2C1,CCCCCOC(C)=O,24644.11838862113,0.999784369241642
O=C1OC(=O)[C@H]2[C@@H]1[C@@H]1C=C[C@H]2C1,CCCCOC(C)=O,24158.394099050613,0.9998293112855444
O=C1OC(=O)[C@H]2[C@@H]1[C@@H]1C=C[C@H]2C1,CCCOC(C)=O,23389.22854583397,0.9995196595868202
O=C1OC(=O)[C@H]2[C@@H]1[C@@H]1C=C[C@H]2C1,CCO,33656.80942762428,0.9992022441207496
O=C1OC(=O)[C@H]2[C@@H]1[C@@H]1C=C[C@H]2C1,CCOC(C)=O,22379.65986624905,0.9983368310538177
O=C1OC(=O)[C@H]2[C@@H]1[C@@H]1C=C[C@H]2C1,CN(C)C=O,19467.81772276821,0.9996461855147856
O=C1OC(=O)[C@H]2[C@@H]1[C@@H]1C=C[C@H]2C1,CN1CCCC1=O,16746.44789363702,0.999820195977326
O=C1OC(=O)[C@H]2[C@@H]1[C@@H]1C=C[C@H]2C1,CO,33553.32617915407,0.9979140593178932
O=C1OC(=O)[C@H]2[C@@H]1[C@@H]1C=C[C@H]2C1,COC(C)=O,21241.13288063985,0.9993168946797436
O=C1OC(=O)[C@H]2[C@@H]1[C@H]1C=C[C@H]2C1,C1COCCO1,21175.68719606994,0.9978793043178042
O=C1OC(=O)[C@H]2[C@@H]1[C@H]1C=C[C@H]2C1,CC(C)=O,19013.871220295227,0.9952897553248584
O=C1OC(=O)[C@H]2[C@@H]1[C@H]1C=C[C@H]2C1,CCCCCOC(C)=O,22882.60431822722,0.9993868597728232
O=C1OC(=O)[C@H]2[C@@H]1[C@H]1C=C[C@H]2C1,CCCCOC(C)=O,22878.529801464643,0.999177557905272
O=C1OC(=O)[C@H]2[C@@H]1[C@H]1C=C[C@H]2C1,CCCOC(C)=O,22760.751249479432,0.9995139320949852
O=C1OC(=O)[C@H]2[C@@H]1[C@H]1C=C[C@H]2C1,CCO,38068.39207276677,0.999615935027342
O=C1OC(=O)[C@H]2[C@@H]1[C@H]1C=C[C@H]2C1,CCOC(C)=O,23464.653871305363,0.9996435625929728
O=C1OC(=O)[C@H]2[C@@H]1[C@H]1C=C[C@H]2C1,COC(C)=O,22350.084390570635,0.9996530271413866
O=C1OC(=O)c2c(Cl)cccc21,C1CCCCC1,31779.204549950337,0.9879665521110136
O=C1OC(=O)c2c(Cl)cccc21,CC#N,25875.288137923333,0.9931605344353712
O=C1OC(=O)c2c(Cl)cccc21,CC(C)=O,17881.46405436848,0.9850615830217158
O=C1OC(=O)c2c(Cl)cccc21,CO,16565.21309861238,0.9910963020734906
O=C1OC(=O)c2c(Cl)cccc21,COC(C)=O,20077.62637640897,0.9940830042299768
O=C1OC(=O)c2c(Cl)cccc21,ClC(Cl)(Cl)Cl,28648.381961786054,0.9991040703466656
O=C1OC(=O)c2cc(Cl)ccc21,C1CCCCC1,33592.79186565327,0.9958302303841036
O=C1OC(=O)c2cc(Cl)ccc21,C1COCCO1,33358.479301601095,0.9896892547235332
O=C1OC(=O)c2cc(Cl)ccc21,CC#N,24424.07505633384,0.9984623446603496
O=C1OC(=O)c2cc(Cl)ccc21,CC(C)=O,27542.180290664703,0.9841650619726589
O=C1OC(=O)c2cc(Cl)ccc21,CO,30259.184385280085,0.9951596042228862
O=C1OC(=O)c2cc(Cl)ccc21,COC(C)=O,23295.276534554738,0.9972285822376914
O=C1OC(=O)c2cc(Cl)ccc21,ClC(Cl)(Cl)Cl,18948.37409570272,0.9883396380265302
O=C1OC(=O)c2ccc(Br)c3cccc1c23,CC(=O)O,25625.59432234553,0.9990395716334608
O=C1OC(=O)c2ccc(Br)c3cccc1c23,CC(C)=O,21561.05348587662,0.9985828635244456
O=C1OC(=O)c2ccc(Br)c3cccc1c23,CCO,43939.79117667944,0.9996302130950052
O=C1OC[C@H]2[C@@H]1N(Cc1ccccc1)C(=O)N2Cc1ccccc1,C1CCOC1,22599.24414143952,0.9985111370786062
O=C1OC[C@H]2[C@@H]1N(Cc1ccccc1)C(=O)N2Cc1ccccc1,CCOC(C)=O,30783.39061647827,0.9979598554386696
O=C1OC[C@H]2[C@@H]1N(Cc1ccccc1)C(=O)N2Cc1ccccc1,CN(C)C=O,16072.775406391796,0.998325978025418
O=C1OC[C@H]2[C@@H]1N(Cc1ccccc1)C(=O)N2Cc1ccccc1,CO,44118.62559782117,0.9993834239836774
O=C1OC[C@H]2[C@@H]1N(Cc1ccccc1)C(=O)N2Cc1ccccc1,Cc1ccccc1,34744.19629457465,0.9980287534586804
O=C1OC[C@H]2[C@@H]1N(Cc1ccccc1)C(=O)N2Cc1ccccc1,ClCCl,10968.08151434803,0.999824987243197
O=C1O[B-]2(OC1=O)OC(=O)C(=O)O2.[Li+],CN(C)C=O,-21231.5738215706,0.9907024715336854
O=C1O[B-]2(OC1=O)OC(=O)C(=O)O2.[Li+],CS(C)=O,-12327.84294810912,0.9804626125758504
O=C1O[B-]2(OC1=O)OC(=O)C(=O)O2.[Li+],O=C1CCCO1,-40282.07593834895,0.9692923707880996
O=C1O[C@H](CO)[C@@H](O)[C@H](O)[C@H]1O,CC(=O)O,48272.685309678935,0.9896739157935376
O=C1O[C@H](CO)[C@@H](O)[C@H](O)[C@H]1O,CC(C)(C)O,17207.225528022966,0.9849874633887526
O=C1O[C@H](CO)[C@@H](O)[C@H](O)[C@H]1O,CCCCO,19160.19173222752,0.9701292131225032
O=C1O[C@H](CO)[C@@H](O)[C@H](O)[C@H]1O,CCCO,31012.016898102644,0.9585168911647164
O=C1O[C@H](CO)[C@@H](O)[C@H](O)[C@H]1O,CCO,29360.50225000656,0.9905209298826964
O=C1O[C@H](CO)[C@@H](O)[C@H](O)[C@H]1O,CO,47570.29420971353,0.9844900402887398
O=C1O[C@H](CO)[C@@H](O)[C@H](O)[C@H]1O,CS(C)=O,4465.037108946959,0.9964945742296532
O=C1O[C@H]([C@@H](O)CO)C(O)=C1O,C1CCOC1,30606.330975280624,0.9944948031251208
O=C1O[C@H]([C@@H](O)CO)C(O)=C1O,CC(C)=O,22568.7899030804,0.9951584256265958
O=C1O[C@H]([C@@H](O)CO)C(O)=C1O,O,22058.70385308291,0.9941456186912696
O=C1O[C@H]([C@@H](O)CO)C(O)=C1O.[Na],CC(C)=O,36017.99051093755,0.9972057735385312
O=C1O[C@H]([C@@H](O)CO)C(O)=C1O.[Na],CC(C)CO,30740.76116263529,0.9975663549643894
O=C1O[C@H]([C@@H](O)CO)C(O)=C1O.[Na],CC(C)O,39544.126623388525,0.9899364321601404
O=C1O[C@H]([C@@H](O)CO)C(O)=C1O.[Na],CCCCCC,30629.51375029948,0.998821055955559
O=C1O[C@H]([C@@H](O)CO)C(O)=C1O.[Na],CCO,30130.754832562427,0.969752382044433
O=C1O[C@H]([C@@H](O)CO)C(O)=C1O.[Na],CCOC(C)=O,40102.3525212262,0.9945542974195624
O=C1O[C@H]([C@@H](O)CO)C(O)=C1O.[Na],CO,8897.461311923838,0.997760409286838
O=C1O[C@H]([C@@H](O)CO)C(O)=C1O.[Na],ClC(Cl)Cl,34327.0124938036,0.9965831147720196
O=C1O[C@H]([C@@H](O)CO)C(O)=C1O.[Na],O,12124.780025575414,0.9939579727200668
O=C1c2c(O)cc(O)cc2OC(c2ccc(O)c(O)c2)C1O,CCCCCCCCO,16661.60354942217,0.9984337970956056
O=C1c2c(O)cc(O)cc2OC(c2ccc(O)c(O)c2)C1O,O,48179.55992672324,0.9822394086966896
O=C1c2c(O)cc(O)cc2O[C@H](c2cc(O)c(O)c(O)c2)[C@H]1O,CCCCCCCCO,21436.809650070485,0.983174381570073
O=C1c2c(O)cc(O)cc2O[C@H](c2cc(O)c(O)c(O)c2)[C@H]1O,CCO,17630.76839106206,0.9902217734511596
O=C1c2cccc(Cl)c2C(=O)N1c1ccccc1,C1COCCO1,25099.348372783123,0.9968636746466404
O=C1c2cccc(Cl)c2C(=O)N1c1ccccc1,CC#N,25573.98342139208,0.9993400482688916
O=C1c2cccc(Cl)c2C(=O)N1c1ccccc1,CC(=O)O,28753.19955629521,0.9990062483100902
O=C1c2cccc(Cl)c2C(=O)N1c1ccccc1,CC(C)=O,25717.564255991987,0.9994198095704238
O=C1c2cccc(Cl)c2C(=O)N1c1ccccc1,CC(C)CO,42104.917428127534,0.9978043029321112
O=C1c2cccc(Cl)c2C(=O)N1c1ccccc1,CC(C)O,42591.094310259774,0.999273802248978
O=C1c2cccc(Cl)c2C(=O)N1c1ccccc1,CCCCO,34776.37921426711,0.9995185165211774
O=C1c2cccc(Cl)c2C(=O)N1c1ccccc1,CCCO,39938.72438505738,0.9966443773177656
O=C1c2cccc(Cl)c2C(=O)N1c1ccccc1,CO,34001.639426969334,0.9992835122417166
O=C1c2cccc(O)c2C(=O)c2c(O)cc(CO)cc21,CCC(C)O,32443.82995516448,0.9967827099424784
O=C1c2cccc(O)c2C(=O)c2c(O)cc(CO)cc21,CCCCO,22531.58938152296,0.9971775711718764
O=C1c2cccc(O)c2C(=O)c2c(O)cc(CO)cc21,CCO,26195.59917548088,0.9966034308707048
O=C1c2cccc(O)c2C(=O)c2c(O)cc(CO)cc21,CO,47190.038716605166,0.9924455426108092
O=C1c2cccc(O)c2C(=O)c2c(O)cc(CO)cc21,O,46975.762270492174,0.9977454686129076
O=C1c2ccccc2-c2ccc(Br)cc21,C1COCCO1,25565.35528037337,0.9998331187533036
O=C1c2ccccc2-c2ccc(Br)cc21,CC#N,28203.550539556567,0.9998582439542676
O=C1c2ccccc2-c2ccc(Br)cc21,CC(C)O,32397.17823417871,0.9999513327196768
O=C1c2ccccc2-c2ccc(Br)cc21,CCCCO,28857.73680857251,0.9997593713299368
O=C1c2ccccc2-c2ccc(Br)cc21,CCCCOC(C)=O,25635.69320437214,0.9994934441873778
O=C1c2ccccc2-c2ccc(Br)cc21,CCCO,28820.1164651656,0.999697655024689
O=C1c2ccccc2-c2ccc(Br)cc21,CCO,27545.006467760675,0.99961178861124
O=C1c2ccccc2-c2ccc(Br)cc21,CCOC(C)=O,22760.78525334313,0.9996679561345784
O=C1c2ccccc2-c2ccc(Br)cc21,CO,32501.32866031535,0.9988728434264303
O=C1c2ccccc2-c2ccccc21,CC#N,59187.961571179,0.9972320796688472
O=C1c2ccccc2-c2ccccc21,CC(C)CO,33925.587834489204,0.9959023309181176
O=C1c2ccccc2-c2ccccc21,CC(C)O,41055.92147225013,0.998192302559552
O=C1c2ccccc2-c2ccccc21,CCCCCC,38471.76427442929,0.9853086507634288
O=C1c2ccccc2-c2ccccc21,CCCCO,51248.23702202888,0.935109966149392
O=C1c2ccccc2-c2ccccc21,CCCO,38349.44289634212,0.994540575979916
O=C1c2ccccc2-c2ccccc21,CCOC(C)=O,34249.944758809295,0.9724898282803852
O=C1c2ccccc2-c2ccccc21,CCOC=O,35778.24838152827,0.9949354217975662
O=C1c2ccccc2-c2ccccc21,CS(C)=O,38919.10803062426,0.9844054659850642
O=C1c2ccccc2-c2ccccc21,Cc1ccccc1,33138.64596126214,0.9884830700631972
O=C1c2ccccc2-c2ccccc21,ClC(Cl)(Cl)Cl,36883.80301556033,0.9937107214378376
O=C1c2ccccc2C(=O)N1O,C1COCCO1,16726.991611935635,0.9997503508007236
O=C1c2ccccc2C(=O)N1O,CC#N,19469.19043917236,0.9999216705647938
O=C1c2ccccc2C(=O)N1O,CC(C)=O,17565.799300165672,0.9987736486526196
O=C1c2ccccc2C(=O)N1O,CCCO,27998.62889870912,0.9992311027034336
O=C1c2ccccc2C(=O)N1O,CCCOC(C)=O,22196.134557374888,0.9998166182168782
O=C1c2ccccc2C(=O)N1O,CCO,24243.872829150976,0.9995249396991304
O=C1c2ccccc2C(=O)N1O,CCOC(C)=O,21002.51492626983,0.9996414732371728
O=C1c2ccccc2C(=O)N1O,CO,22530.090186858102,0.9985248670041258
O=C1c2ccccc2C(=O)N1O,COC(C)=O,19757.319147836384,0.9986203869050592
O=C1c2ccccc2C(=O)c2c(Cl)cccc21,C1COCCO1,17243.43458746949,0.9973009097671642
O=C1c2ccccc2C(=O)c2c(Cl)cccc21,CCOC(C)=O,19403.83196600633,0.999148888887012
O=C1c2ccccc2C(=O)c2c(Cl)cccc21,Cc1ccccc1,12398.57564016969,0.9989148215243469
O=CC(NS(=O)(=O)O)C(O)C(O)C(O)CO.[Na],CCO,48297.92686821986,0.976772568638493
O=CC(NS(=O)(=O)O)C(O)C(O)C(O)CO.[Na],CO,15317.036901334106,0.9951137459069148
O=CC(NS(=O)(=O)O)C(O)C(O)C(O)CO.[Na],O,21987.83155984212,0.9802837137886368
O=CCc1ccccc1,O,15103.082262840937,0.9451837471799902
O=C[C@H](O)[C@@H](O)[C@H](O)[C@H](O)CO,CCCCCCCCO,32977.342817262775,0.98699703790768
O=C[C@H](O)[C@H](O)[C@H](O)CO,CC#N,32430.91919340792,0.9737074666065948
O=C[C@H](O)[C@H](O)[C@H](O)CO,CC(C)=O,30759.683551879985,0.985332045105225
O=C[C@H](O)[C@H](O)[C@H](O)CO,CC(C)CO,29525.95834350984,0.9764383027909924
O=C[C@H](O)[C@H](O)[C@H](O)CO,CCC(C)O,31323.494677773982,0.9595391529873024
O=C[C@H](O)[C@H](O)[C@H](O)CO,CCCCCC,31472.48992096908,0.9750190753493132
O=C[C@H](O)[C@H](O)[C@H](O)CO,CCCCO,31620.429629166487,0.9781181033276776
O=C[C@H](O)[C@H](O)[C@H](O)CO,CCCO,33871.05445268308,0.98124385380802
O=C[C@H](O)[C@H](O)[C@H](O)CO,CCO,41682.28543687274,0.9895846673048028
O=C[C@H](O)[C@H](O)[C@H](O)CO,CCOC(C)=O,27029.79737078002,0.9783303097580016
O=C[C@H](O)[C@H](O)[C@H](O)CO,CO,44697.123548683565,0.995377760351123
O=Cc1cc(Br)c(O)c(Br)c1,C1CCCCC1,32045.18882008373,0.9993343279759428
O=Cc1cc(Br)c(O)c(Br)c1,C1COCCO1,18546.093160162625,0.998083253711927
O=Cc1cc(Br)c(O)c(Br)c1,CC#N,23326.40398467573,0.9984731543832222
O=Cc1cc(Br)c(O)c(Br)c1,CC(C)CO,20734.35473507039,0.9991913523604132
O=Cc1cc(Br)c(O)c(Br)c1,CC(C)O,21191.77262003087,0.9990545449935846
O=Cc1cc(Br)c(O)c(Br)c1,CCCCCO,20434.68035993658,0.9987693965573136
O=Cc1cc(Br)c(O)c(Br)c1,CCCCO,20945.62479203044,0.9983127610703304
O=Cc1cc(Br)c(O)c(Br)c1,CCCO,20547.99380744043,0.9959513163552012
O=Cc1cc(Br)c(O)c(Br)c1,CCO,20405.18158268892,0.996152928063458
O=Cc1cc(Br)c(O)c(Br)c1,CN(C)C=O,18701.38962639493,0.9994694402112592
O=Cc1cc(Br)c(O)c(Br)c1,CO,20536.65427178452,0.9977367547024132
O=Cc1cc(Br)c(O)c(Br)c1,O,35132.45834117998,0.9996549333619434
O=Cc1cc(C=O)cc(C=O)c1,C1COCCO1,24719.68209608272,0.987971602409699
O=Cc1cc(C=O)cc(C=O)c1,CC#N,22889.78512475586,0.998193053400736
O=Cc1cc(C=O)cc(C=O)c1,CC(C)=O,24317.7901217933,0.9943110256338604
O=Cc1cc(C=O)cc(C=O)c1,CC(C)CO,65388.38820061725,0.9747788199191068
O=Cc1cc(C=O)cc(C=O)c1,CC(C)O,41433.257999807975,0.9356412260226676
O=Cc1cc(C=O)cc(C=O)c1,CCC(C)O,39865.72872093322,0.9948058819922092
O=Cc1cc(C=O)cc(C=O)c1,CCCO,28928.313286522192,0.9961160116298272
O=Cc1cc(C=O)cc(C=O)c1,CO,28421.609850181147,0.9955727364639952
O=Cc1cc(C=O)cc(C=O)c1,O,28709.16717920625,0.9366159740331712
O=Cc1cc([N+](=O)[O-])ccc1O,C1COCCO1,6868.085810716369,0.9970738760796372
O=Cc1cc([N+](=O)[O-])ccc1O,CC#N,7409.492835252808,0.9916922007942216
O=Cc1cc([N+](=O)[O-])ccc1O,CC(C)=O,9368.56637620456,0.9993155208638804
O=Cc1cc([N+](=O)[O-])ccc1O,CC(C)O,11125.568563711704,0.9928268175252823
O=Cc1cc([N+](=O)[O-])ccc1O,CCCO,14660.596444785,0.9996511045138592
O=Cc1cc([N+](=O)[O-])ccc1O,CCO,8379.924296265139,0.9695049189509716
O=Cc1cc([N+](=O)[O-])ccc1O,CCOC(C)=O,8064.422281357927,0.9981710606045376
O=Cc1cc([N+](=O)[O-])ccc1O,CO,8477.053122837751,0.9903063591394916
O=Cc1cc([N+](=O)[O-])ccc1O,Cc1ccccc1,9347.980608861148,0.9981909166304176
O=Cc1cc([N+](=O)[O-])ccc1O,O,26463.96078881525,0.9872603421374532
O=Cc1cc([N+](=O)[O-])ccc1O,O=C1CCCCC1,8183.915201006166,0.999865561206776
O=Cc1ccc(C(=O)O)cc1,CCO,22988.23738810919,0.9996097229275432
O=Cc1ccc(C(=O)O)cc1,CN1CCCC1=O,24740.929561977835,0.9990521701852536
O=Cc1ccc(C(=O)O)cc1,CO,17145.899364835586,0.9993124141436652
O=Cc1ccc(C=O)cc1,CC#N,27019.69546007169,0.9997138721419674
O=Cc1ccc(C=O)cc1,CC(C)=O,24053.481687540185,0.999455584050975
O=Cc1ccc(C=O)cc1,CC(C)CCO,23235.31129169548,0.9997085075974972
O=Cc1ccc(C=O)cc1,CC(C)O,37999.19395845781,0.9998553497710404
O=Cc1ccc(C=O)cc1,CCC(C)=O,24343.042362682463,0.9994062422761336
O=Cc1ccc(C=O)cc1,CCCCO,25305.191026471024,0.9990955067645904
O=Cc1ccc(C=O)cc1,CCCO,26558.138588052963,0.9998006994937008
O=Cc1ccc(C=O)cc1,CCO,29061.83907147897,0.9998280016470708
O=Cc1ccc(C=O)cc1,CCOC(C)=O,25873.617860241407,0.9996079985401816
O=Cc1ccc(C=O)cc1,CN1CCCC1=O,21431.34576043945,0.9986083682182082
O=Cc1ccc(O)c(Br)c1,C1CCCCC1,32905.39123251368,0.9988978088273264
O=Cc1ccc(O)c(Br)c1,C1COCCO1,23485.608229647663,0.9986753007569724
O=Cc1ccc(O)c(Br)c1,CC#N,22000.24124338224,0.998084092183779
O=Cc1ccc(O)c(Br)c1,CC(C)O,23133.34635311488,0.9968595115302948
O=Cc1ccc(O)c(Br)c1,CCCCCCCCO,23905.48285691959,0.9979874712614668
O=Cc1ccc(O)c(Br)c1,CCCCCO,23555.59866938951,0.9975475135077004
O=Cc1ccc(O)c(Br)c1,CCCCO,22986.006884523867,0.9982949244646172
O=Cc1ccc(O)c(Br)c1,CCOC(C)=O,22988.444854206595,0.9975591561514832
O=Cc1ccc(O)c(Br)c1,CN(C)C=O,22343.15419542621,0.9983909921512008
O=Cc1ccc(O)c(Br)c1,CO,22291.20606694172,0.9976690973488336
O=Cc1ccc(O)c(Br)c1,CS(C)=O,25913.036240346435,0.9944475067094408
O=Cc1ccc(O)c(Br)c1,O,35933.26483267712,0.9973694377923268
O=Cc1ccc(O)c(Br)c1,OCCO,24328.56068689161,0.993420002432302
O=Cc1ccc(O)cc1,C1COCCO1,48742.07990740084,0.9999370476830663
O=Cc1ccc(O)cc1,CC#N,32213.89174021788,0.9998725249999666
O=Cc1ccc(O)cc1,CC(C)=O,30364.76270426825,0.9999358640220106
O=Cc1ccc(O)cc1,CCC(C)=O,30811.9159729713,0.9996567503460144
O=Cc1ccc(O)cc1,CCCCO,32228.534975173035,0.9999549175552032
O=Cc1ccc(O)cc1,CCCO,31804.47759106205,0.9999562359344158
O=Cc1ccc(O)cc1,CN(C)C=O,45144.16780017417,0.9966102300536314
O=Cc1ccc(O)cc1,CO,37867.50772326863,0.9999492067950746
O=Cc1ccc(O)cc1,Cc1ccccc1,26788.92899483384,0.9999349425579808
O=Cc1ccc([N+](=O)[O-])cc1,CC(C)=O,35856.37912033672,0.9999190982653676
O=Cc1ccc([N+](=O)[O-])cc1,CC(C)O,20715.47261729273,0.9934165006566356
O=Cc1ccc([N+](=O)[O-])cc1,CCC(C)=O,29396.350113415177,0.9993280008366152
O=Cc1ccc([N+](=O)[O-])cc1,CCCCO,15323.007972153517,0.995595421360443
O=Cc1ccc([N+](=O)[O-])cc1,CCOC(C)=O,28743.40254249998,0.9988460703590608
O=Cc1ccc([N+](=O)[O-])cc1,CN(C)C=O,19123.565593572075,0.9994903878192518
O=Cc1ccc([N+](=O)[O-])cc1,CO,29583.531997102225,0.998426081889498
O=Cc1ccc([N+](=O)[O-])cc1,Cc1ccccc1,29396.697247509062,0.999508742220953
O=Cc1ccc2ccccc2c1,CC(C)O,77831.04771859956,0.9953703488676068
O=Cc1ccc2ccccc2c1,CCCCCC,35663.596279332975,0.9957284595593598
O=Cc1ccc2ccccc2c1,CCO,81198.87624171439,0.9877889226122222
O=Cc1cccc([N+](=O)[O-])c1,CC#N,39055.01950427464,0.994381906585347
O=Cc1cccc([N+](=O)[O-])c1,CC(=O)O,48170.08739752601,0.9986750193834644
O=Cc1cccc([N+](=O)[O-])c1,CC(C)=O,43949.40165600065,0.9926916503934722
O=Cc1cccc([N+](=O)[O-])c1,CC(C)O,39105.11289080336,0.9998323987620592
O=Cc1cccc([N+](=O)[O-])c1,CCCO,36986.77915747691,0.9996531863645224
O=Cc1cccc([N+](=O)[O-])c1,CCO,40241.2980486637,0.9993131184824496
O=Cc1cccc([N+](=O)[O-])c1,CCOC(C)=O,40035.628369006845,0.9952465466076112
O=Cc1cccc([N+](=O)[O-])c1,CN(C)C=O,31021.09738208011,0.9915989554057436
O=Cc1cccc([N+](=O)[O-])c1,Cc1ccccc1,44152.84922994076,0.9981777912557304
O=Cc1ccccc1,O,22618.96041018732,0.900357687243123
O=Cc1ccco1,O,10523.485572875434,0.9940564271425444
O=P(CCCO)(CCCO)CCCO,CC(C)=O,55174.15694755784,0.999859227127327
O=P(CCCO)(CCCO)CCCO,CC(C)CO,33368.60703122475,0.999625296537718
O=P(CCCO)(CCCO)CCCO,CC(C)O,29585.06790475077,0.9989631233787885
O=P(CCCO)(CCCO)CCCO,CCCCO,32722.744973692385,0.9983610141092744
O=P(CCCO)(CCCO)CCCO,CCCO,28716.97873520281,0.998866522588342
O=P(CCCO)(CCCO)CCCO,CO,41389.46497090131,0.9993740272343166
O=P(NC1CCCCC1)(Oc1ccccc1)Oc1ccccc1,CC#N,62524.96361393244,0.99801974116627
O=P(NC1CCCCC1)(Oc1ccccc1)Oc1ccccc1,CC(C)=O,47220.97613775827,0.9978785164053092
O=P(NC1CCCCC1)(Oc1ccccc1)Oc1ccccc1,CCO,51727.43759978271,0.9965685296998412
O=P(NC1CCCCC1)(Oc1ccccc1)Oc1ccccc1,CO,50800.60541562569,0.9933315177481408
O=P(NC1CCCCC1)(Oc1ccccc1)Oc1ccccc1,Cc1ccccc1,53677.999334159336,0.9893906233553664
O=P(NC1CCCCC1)(Oc1ccccc1)Oc1ccccc1,ClC(Cl)Cl,31375.308290223147,0.9909242919744072
O=P(NC1CCCCC1)(Oc1ccccc1)Oc1ccccc1,ClCCl,29646.444966137547,0.995742502149106
O=P(NCc1ccccc1)(Oc1ccccc1)Oc1ccccc1,C1CCOC1,27072.33333975811,0.9986985476348612
O=P(NCc1ccccc1)(Oc1ccccc1)Oc1ccccc1,CC#N,44359.56420258704,0.998649644905424
O=P(NCc1ccccc1)(Oc1ccccc1)Oc1ccccc1,CC(C)=O,42137.17800837538,0.9983613134983788
O=P(NCc1ccccc1)(Oc1ccccc1)Oc1ccccc1,CCOC(C)=O,46196.212295937126,0.9979214777564144
O=P(NCc1ccccc1)(Oc1ccccc1)Oc1ccccc1,Cc1ccccc1,55062.68059898506,0.9989998948339784
O=P(NCc1ccccc1)(Oc1ccccc1)Oc1ccccc1,ClC(Cl)Cl,24598.83624390592,0.997332842982002
O=P(NCc1ccccc1)(Oc1ccccc1)Oc1ccccc1,ClCCl,42312.72364762164,0.9995933051959376
O=P(O)(CO)c1ccccc1,C1CCCCC1,10337.557732451283,0.9965799886100014
O=P(O)(CO)c1ccccc1,CC(C)=O,20668.514650891982,0.998100065672504
O=P(O)(CO)c1ccccc1,CCC(C)=O,17142.73584162898,0.9980859862840648
O=P(O)(CO)c1ccccc1,CCOCC,45147.68016089374,0.9998467177259188
O=P(O)(CO)c1ccccc1,CCOCCO,16542.856143272078,0.9997026338699716
O=P(O)(CO)c1ccccc1,Cc1ccccc1,20851.51466717593,0.997735983477122
O=P(O)(CO)c1ccccc1,ClCCl,62126.86145772582,0.9996663922373898
O=P(O)(CO)c1ccccc1,O,69840.15654952952,0.9959994001690852
O=P(O)(CO)c1ccccc1,c1ccccc1,27880.711842829853,0.9991530480483812
O=P(O)(O)c1ccccc1,C1COCCO1,16885.47961416629,0.9967378075916664
O=P(O)(O)c1ccccc1,CC#N,24554.498539432763,0.9989374182574384
O=P(O)(O)c1ccccc1,CC(C)=O,19968.508618708824,0.9809731175631288
O=P(O)(O)c1ccccc1,CC(C)O,9125.797191710297,0.9966961136506765
O=P(O)(O)c1ccccc1,CCCCCCCCO,14785.256949059052,0.9994420194452864
O=P(O)(O)c1ccccc1,CCCCCCCO,13534.97701168177,0.9987879133836828
O=P(O)(O)c1ccccc1,CCCCCCO,13177.589292053908,0.9992317443884958
O=P(O)(O)c1ccccc1,CCCCCO,11977.836642389871,0.9978721315244844
O=P(O)(O)c1ccccc1,CCCCOCCO,10257.726775401496,0.988750871251488
O=P(O)(O)c1ccccc1,CCCOCCO,9335.331612830623,0.9930146212294816
O=P(O)(O)c1ccccc1,CCO,6601.911498972761,0.990829213500724
O=P(O)(O)c1ccccc1,CCOCCO,8108.754611936059,0.9885787412846266
O=P(O)(O)c1ccccc1,COCCO,7675.919290783856,0.986746094793038
O=P(O)(c1ccccc1)c1ccccc1,CC(C)=O,40686.95395051727,0.9985661224604332
O=P(O)(c1ccccc1)c1ccccc1,CCO,21590.019140549328,0.9973120638102524
O=P(O)(c1ccccc1)c1ccccc1,CCOCCO,21190.251605970087,0.9972079628965802
O=P(O)(c1ccccc1)c1ccccc1,Cc1ccccc1,31896.95413107244,0.9985332873566418
O=P(O)(c1ccccc1)c1ccccc1,O,26016.32952200223,0.9901402107548336
O=P(O)(c1ccccc1)c1ccccc1,c1ccccc1,37938.15854451983,0.9991962317162316
O=P(Oc1ccccc1)(Oc1ccccc1)N1CCN(P(=O)(Oc2ccccc2)Oc2ccccc2)CC1,CC(C)=O,18459.557723341328,0.9994451521710994
O=P(Oc1ccccc1)(Oc1ccccc1)N1CCN(P(=O)(Oc2ccccc2)Oc2ccccc2)CC1,CCO,29826.83315248414,0.9990425004226094
O=P(Oc1ccccc1)(Oc1ccccc1)N1CCN(P(=O)(Oc2ccccc2)Oc2ccccc2)CC1,CCOC(C)=O,33073.27759303806,0.9991889364665286
O=P(Oc1ccccc1)(Oc1ccccc1)N1CCN(P(=O)(Oc2ccccc2)Oc2ccccc2)CC1,CO,77133.50171707178,0.9997035108773212
O=P(Oc1ccccc1)(Oc1ccccc1)N1CCN(P(=O)(Oc2ccccc2)Oc2ccccc2)CC1,Cc1ccccc1,32428.015092271336,0.9992667363197588
O=P(Oc1ccccc1)(Oc1ccccc1)N1CCN(P(=O)(Oc2ccccc2)Oc2ccccc2)CC1,ClC(Cl)Cl,15669.101358894766,0.9991583010347848
O=P(Oc1ccccc1)(Oc1ccccc1)N1CCN(P(=O)(Oc2ccccc2)Oc2ccccc2)CC1,c1ccccc1,25204.133046636693,0.9994558859307766
O=P([O-])([O-])OC[C@H]1O[C@@H](n2cnc3c(O)ncnc32)[C@H](O)[C@@H]1O.[Na+].[Na+],CC(C)=O,23512.02265952932,0.9920441040867696
O=P([O-])([O-])OC[C@H]1O[C@@H](n2cnc3c(O)ncnc32)[C@H](O)[C@@H]1O.[Na+].[Na+],CCO,20378.30859428907,0.99045251178425
O=P([O-])([O-])OC[C@H]1O[C@@H](n2cnc3c(O)ncnc32)[C@H](O)[C@@H]1O.[Na+].[Na+],CO,41161.01973777571,0.9943337686944088
O=P([O-])([O-])OC[C@H]1O[C@@H](n2cnc3c(O)ncnc32)[C@H](O)[C@@H]1O.[Na+].[Na+],O,21535.20786723408,0.9988622024866384
O=P(c1ccccc1)(c1ccccc1)c1cc(O)ccc1O,CC(C)=O,16923.181435154325,0.9967778496716782
O=P(c1ccccc1)(c1ccccc1)c1cc(O)ccc1O,CCOCCO,15160.078189424452,0.9985377387853795
O=P(c1ccccc1)(c1ccccc1)c1cc(O)ccc1O,CO,20999.93315599641,0.9986964367888124
O=P(c1ccccc1)(c1ccccc1)c1cc(O)ccc1O,Cc1ccccc1,6617.753630115303,0.9959696266297868
O=P(c1ccccc1)(c1ccccc1)c1cc(O)ccc1O,O,6790.27822699186,0.982541674863835
O=P(c1ccccc1)(c1ccccc1)c1ccccc1,CCOC(C)=O,24454.97383779109,0.995392933008012
O=P(c1ccccc1)(c1ccccc1)c1ccccc1,Cc1ccccc1,26533.98935708685,0.9977738138085332
O=P(c1ccccc1)(c1ccccc1)c1ccccc1,c1ccccc1,21813.700155427367,0.998302733400921
O=P1(C(Nc2ccccc2)c2ccccc2)OCC2(CO1)COP(=O)(C(Nc1ccccc1)c1ccccc1)OC2,C1CCOC1,15770.532501151562,0.9958399415861174
O=P1(C(Nc2ccccc2)c2ccccc2)OCC2(CO1)COP(=O)(C(Nc1ccccc1)c1ccccc1)OC2,CC#N,25753.096733492534,0.9970341095716172
O=P1(C(Nc2ccccc2)c2ccccc2)OCC2(CO1)COP(=O)(C(Nc1ccccc1)c1ccccc1)OC2,CC(C)O,18250.689619411165,0.9904624087487784
O=P1(C(Nc2ccccc2)c2ccccc2)OCC2(CO1)COP(=O)(C(Nc1ccccc1)c1ccccc1)OC2,CCO,31686.05227352957,0.9980874913671746
O=P1(C(Nc2ccccc2)c2ccccc2)OCC2(CO1)COP(=O)(C(Nc1ccccc1)c1ccccc1)OC2,CCOCC,59958.72196195221,0.9992427753389682
O=P1(C(Nc2ccccc2)c2ccccc2)OCC2(CO1)COP(=O)(C(Nc1ccccc1)c1ccccc1)OC2,ClCCCl,10888.686204851165,0.998095488171454
O=P1(C(Nc2ccccc2)c2ccccc2)OCC2(CO1)COP(=O)(C(Nc1ccccc1)c1ccccc1)OC2,ClCCl,22284.628973522933,0.9668368865965168
O=P1(C(Nc2ccccc2)c2ccccc2)OCC2(CO1)COP(=O)(C(Nc1ccccc1)c1ccccc1)OC2,c1ccccc1,29489.30089340313,0.968271234200594
O=P1(O)OCC2(CO1)COP(=O)(O)OC2,C1COCCO1,17205.365975331828,0.9985558245010022
O=P1(O)OCC2(CO1)COP(=O)(O)OC2,CC#N,69903.01154744971,0.9982502660693966
O=P1(O)OCC2(CO1)COP(=O)(O)OC2,CC(=O)O,29871.15205849669,0.998787862319766
O=P1(O)OCC2(CO1)COP(=O)(O)OC2,CC(C)=O,11584.34220013579,0.9984337452512244
O=P1(O)OCC2(CO1)COP(=O)(O)OC2,CCOC(C)=O,24256.15766648668,0.9993419213306904
O=P1(O)OCC2(CO1)COP(=O)(O)OC2,CCOCC,49748.16793330496,0.998375128799422
O=P1(O)OCC2(CO1)COP(=O)(O)OC2,Cc1ccccc1,29443.68171438933,0.999351773461809
O=P1(O)OCC2(CO1)COP(=O)(O)OC2,ClC(Cl)Cl,28210.45951564404,0.9991914392256503
O=P1(O)OCC2(CO1)COP(=O)(O)OC2,ClCCl,29505.46659049455,0.998390833593912
O=P1(O)OCC2(CO1)COP(=O)(O)OC2,c1ccccc1,30791.85999469976,0.9995263382562918
O=P1(O)Oc2ccc3ccccc3c2-c2c(ccc3ccccc23)O1,CC(C)CO,12410.72471838292,0.998293986607431
O=P1(O)Oc2ccc3ccccc3c2-c2c(ccc3ccccc23)O1,CC(C)O,16368.9754234112,0.9451366280637714
O=P1(O)Oc2ccc3ccccc3c2-c2c(ccc3ccccc23)O1,CCCO,18414.87797792221,0.9880071823938128
O=P1(O)Oc2ccc3ccccc3c2-c2c(ccc3ccccc23)O1,CO,11378.846531781432,0.9923548606763724
O=P1(Oc2ccccc2)OCC2(CO1)COP(=O)(Oc1ccccc1)OC2,C1COCCO1,23833.751295469465,0.9991781140873386
O=P1(Oc2ccccc2)OCC2(CO1)COP(=O)(Oc1ccccc1)OC2,CC#N,27101.276868800625,0.999298355503164
O=P1(Oc2ccccc2)OCC2(CO1)COP(=O)(Oc1ccccc1)OC2,CC(C)=O,20712.61605953069,0.9998030739688454
O=P1(Oc2ccccc2)OCC2(CO1)COP(=O)(Oc1ccccc1)OC2,CCC(C)=O,17880.004549980113,0.9985878194716404
O=P1(Oc2ccccc2)OCC2(CO1)COP(=O)(Oc1ccccc1)OC2,CCO,23265.61855124053,0.99943030144844
O=P1(Oc2ccccc2)OCC2(CO1)COP(=O)(Oc1ccccc1)OC2,CCOC(C)=O,28673.760004480864,0.9997810249940198
O=P1(Oc2ccccc2)OCC2(CO1)COP(=O)(Oc1ccccc1)OC2,CCOCC,26062.17852335768,0.9996663173623592
O=P1(Oc2ccccc2)OCC2(CO1)COP(=O)(Oc1ccccc1)OC2,CCOCCO,26742.6645047361,0.9996069702448788
O=P1(Oc2ccccc2)OCC2(CO1)COP(=O)(Oc1ccccc1)OC2,CO,14472.627526992785,0.999511241794534
O=P1(Oc2ccccc2)OCC2(CO1)COP(=O)(Oc1ccccc1)OC2,Cc1ccccc1,35382.28662677051,0.999741814574438
O=P1(Oc2ccccc2)OCC2(CO1)COP(=O)(Oc1ccccc1)OC2,ClC(Cl)Cl,47113.30212620896,0.9997540989422556
O=P1(Oc2ccccc2)OCC2(CO1)COP(=O)(Oc1ccccc1)OC2,ClCCl,23795.20082721888,0.9988930372431762
O=P1(Oc2ccccc2)OCC2(CO1)COP(=O)(Oc1ccccc1)OC2,O,44990.8001993636,0.9962877511633608
O=P1(Oc2ccccc2)OCC2(CO1)COP(=O)(Oc1ccccc1)OC2,c1ccccc1,2355.299223108436,0.9876270736015208
O=P1(c2cc(O)ccc2O)Oc2ccccc2-c2ccccc21,CC(C)=O,32047.74777067046,0.995854818811973
O=P1(c2cc(O)ccc2O)Oc2ccccc2-c2ccccc21,CCO,11723.895395982698,0.9955337413705836
O=P1(c2cc(O)ccc2O)Oc2ccccc2-c2ccccc21,CO,26807.286746941565,0.9954653453804496
O=P1(c2cc(O)ccc2O)Oc2ccccc2-c2ccccc21,O,6521.751434237076,0.992428102988564
O=P12OCC(CO)(CO1)CO2,CC#N,3094.476139965704,0.9993661392000576
O=P12OCC(CO)(CO1)CO2,CC(C)=O,17541.70982311647,0.9999538680564332
O=P12OCC(CO)(CO1)CO2,CC(C)O,35363.09461087078,0.9998776158506634
O=P12OCC(CO)(CO1)CO2,CCCO,37275.99773829687,0.9998813178849774
O=P12OCC(CO)(CO1)CO2,CCO,23584.18913128202,0.9998494238003364
O=P12OCC(CO)(CO1)CO2,CO,15170.538581150666,0.9998842836593698
O=S(=O)(NCl)c1ccccc1.[Na],CCCO,47524.565785432285,0.988945232882552
O=S(=O)(NCl)c1ccccc1.[Na],CCO,23015.590897674032,0.9986777813090416
O=S(=O)([O-])C(F)(F)F.c1ccc2sc[nH+]c2c1,CC(C)CO,54493.17255963913,0.9979156593333784
O=S(=O)([O-])C(F)(F)F.c1ccc2sc[nH+]c2c1,CC(C)O,47936.85034554041,0.9990993506343976
O=S(=O)([O-])C(F)(F)F.c1ccc2sc[nH+]c2c1,CCCCO,53535.71748669456,0.9982528697191212
O=S(=O)([O-])C(F)(F)F.c1ccc2sc[nH+]c2c1,CCCO,50459.36815606574,0.996102878038814
O=S(=O)([O-])C(F)(F)F.c1ccc2sc[nH+]c2c1,CCO,34303.882670965286,0.9835854639640292
O=S(=O)([O-])C(F)(F)F.c1ccc2sc[nH+]c2c1,CO,33002.28494878466,0.9827340822137506
O=S(=O)([O-])NC1CCCCC1.[Na+],CC(=O)O,25022.430882979184,0.9662441477168596
O=S(=O)([O-])NC1CCCCC1.[Na+],CN(C)C=O,65399.812684739765,0.9199890814813408
O=S(=O)([O-])NC1CCCCC1.[Na+],CO,9190.64612635621,0.994897760925737
O=S(=O)([O-])NC1CCCCC1.[Na+],CS(C)=O,60287.48727004513,0.9024610600176992
O=S(=O)([O-])NC1CCCCC1.[Na+],O,24813.78373884368,0.9523013224021996
O=S(=O)([O-])NC1CCCCC1.[Na+],O=CO,21421.014577580507,0.9953984454897064
O=S(=O)([O-])Oc1ccc(C(c2ccc(OS(=O)(=O)[O-])cc2)c2ccccn2)cc1.[Na+].[Na+],CC#N,96716.5391568127,0.9415283224908096
O=S(=O)([O-])Oc1ccc(C(c2ccc(OS(=O)(=O)[O-])cc2)c2ccccn2)cc1.[Na+].[Na+],CCCCO,123758.2784842642,0.997960990142828
O=S(=O)([O-])Oc1ccc(C(c2ccc(OS(=O)(=O)[O-])cc2)c2ccccn2)cc1.[Na+].[Na+],CCCO,102263.11214735507,0.9976807642393362
O=S(=O)([O-])Oc1ccc(C(c2ccc(OS(=O)(=O)[O-])cc2)c2ccccn2)cc1.[Na+].[Na+],CCO,51649.49031544285,0.9987914033203834
O=S(=O)([O-])Oc1ccc(C(c2ccc(OS(=O)(=O)[O-])cc2)c2ccccn2)cc1.[Na+].[Na+],CN(C)C=O,29316.636606805503,0.9986931724490472
O=S(=O)([O-])Oc1ccc(C(c2ccc(OS(=O)(=O)[O-])cc2)c2ccccn2)cc1.[Na+].[Na+],CO,31405.14925194007,0.9983165222571604
O=S(=O)([O-])Oc1ccc(C(c2ccc(OS(=O)(=O)[O-])cc2)c2ccccn2)cc1.[Na+].[Na+],CS(C)=O,27301.916577967822,0.9988249856027154
O=S(=O)([O-])Oc1ccc(C(c2ccc(OS(=O)(=O)[O-])cc2)c2ccccn2)cc1.[Na+].[Na+],O,24967.014349805573,0.9994070939653408
O=S(=O)([O-])c1ccc(Nc2nc(Nc3ccc(/C=C/c4ccc(Nc5nc(Nc6ccc(S(=O)(=O)[O-])cc6)nc(N6CCOCC6)n5)cc4S(=O)(=O)[O-])c(S(=O)(=O)[O-])c3)nc(N3CCOCC3)n2)cc1.[Na+].[Na+].[Na+].[Na+],O,41795.87529327628,0.9995762110774792
O=S(=O)([O-])c1ccc2cc(S(=O)(=O)[O-])ccc2c1.[Na+].[Na+],O,12633.773225685927,0.9959197425403168
O=S(=O)([O-])c1ccc2ccccc2c1.[Na+],C1COCCO1,18905.743829287207,0.99961139124145
O=S(=O)([O-])c1ccc2ccccc2c1.[Na+],CC(C)O,36097.02309618913,0.99959072544256
O=S(=O)([O-])c1ccc2ccccc2c1.[Na+],CCOC(C)=O,22372.40103154363,0.9995835216388028
O=S(=O)([O-])c1ccc2ccccc2c1.[Na+],O,21008.636550768217,0.9756532686481804
O=S(=O)([O-])c1ccc2ccccc2c1.[Na+],O=C1CCCCC1,25301.30129951801,0.9994538439441178
O=S(=O)([O-])c1cccc2c(S(=O)(=O)[O-])cccc12.[Na+].[Na+],CC(C)=O,11301.917113732055,0.9413469707210124
O=S(=O)([O-])c1cccc2c(S(=O)(=O)[O-])cccc12.[Na+].[Na+],O,11714.671079765752,0.9989378544447683
O=S(=O)([O-])c1cccc2ccccc12.[Na+],C1COCCO1,25673.10224535744,0.9991646530057936
O=S(=O)([O-])c1cccc2ccccc12.[Na+],CC(C)=O,29310.04996666077,0.9986711449004414
O=S(=O)([O-])c1cccc2ccccc12.[Na+],CC(C)O,37704.13367176187,0.9979119450004372
O=S(=O)([O-])c1cccc2ccccc12.[Na+],CCO,35832.69314709733,0.9989818598431468
O=S(=O)([O-])c1cccc2ccccc12.[Na+],CCOC(C)=O,31756.3867250708,0.9987855489283218
O=S(=O)([O-])c1cccc2ccccc12.[Na+],O=C1CCCCC1,30805.05287938773,0.9979408943146514
O=S(=O)(c1ccc(O)cc1)c1ccc(O)cc1,CC(=O)OC(C)C,7780.659845808277,0.9494040777411268
O=S(=O)(c1ccc(O)cc1)c1ccc(O)cc1,CC(C)=O,25370.54808499831,0.9972707347824328
O=S(=O)(c1ccc(O)cc1)c1ccc(O)cc1,CC(C)CO,53086.03226371639,0.9997480372106176
O=S(=O)(c1ccc(O)cc1)c1ccc(O)cc1,CCC(C)=O,15354.160658801778,0.9729085649566844
O=S(=O)(c1ccc(O)cc1)c1ccc(O)cc1,CCC(C)O,17588.498607846785,0.9571563810773336
O=S(=O)(c1ccc(O)cc1)c1ccc(O)cc1,CCCCO,41624.625984375554,0.999436320902238
O=S(=O)(c1ccc(O)cc1)c1ccc(O)cc1,CCCO,45908.415162939295,0.99947234616548
O=S(=O)(c1ccc(O)cc1)c1ccc(O)cc1,CCO,39282.69204235978,0.9984690395261566
O=S(=O)(c1ccc(O)cc1)c1ccc(O)cc1,CCOC(C)=O,33054.520152686666,0.9984218677461834
O=S(=O)(c1ccc(O)cc1)c1ccc(O)cc1,CN(C)C=O,21272.5408109401,0.9741038874690132
O=S(=O)(c1ccc(O)cc1)c1ccc(O)cc1,CO,42816.21604396187,0.9990517745999992
O=S(=O)(c1ccc(O)cc1)c1ccc(O)cc1,COC(=O)OC,16088.36257241679,0.9980028141532032
O=S(=O)(c1ccc(O)cc1)c1ccc(O)cc1,NC=O,17478.563748578756,0.9537813271992568
O=S(=O)(c1ccc(O)cc1)c1ccc(O)cc1,O=C1CCCCC1,15280.19161226688,0.9673494594753882
O=S(=O)(c1ccc(O)cc1)c1ccccc1O,CC(C)=O,6702.147404176178,0.9946954820104528
O=S(=O)(c1ccc(O)cc1)c1ccccc1O,CC(C)O,11488.811674857869,0.9974526676422264
O=S(=O)(c1ccc(O)cc1)c1ccccc1O,CCC(C)=O,5471.6090956698845,0.992503740882881
O=S(=O)(c1ccc(O)cc1)c1ccccc1O,CCCCO,5224.876744037594,0.9991835085971278
O=S(=O)(c1ccc(O)cc1)c1ccccc1O,CO,7680.997736120733,0.9907095020606286
O=S(=O)(c1ccccc1)c1ccc(Cl)cc1,CC(C)O,23268.96125692301,0.9998430599816488
O=S(=O)(c1ccccc1)c1ccc(Cl)cc1,CCCO,21908.37054041159,0.9987269195462184
O=S(=O)(c1ccccc1)c1ccc(Cl)cc1,CO,23884.96196042621,0.9993163541229318
O=S(=O)(c1ccccc1)c1ccc(Cl)cc1,O,31213.89858018808,0.99971975557964
O=S1(=O)OC(c2ccc(O)cc2)(c2ccc(O)cc2)c2ccccc21,CC#N,8089.231296506358,0.970005831062734
O=S1(=O)OC(c2ccc(O)cc2)(c2ccc(O)cc2)c2ccccc21,CC(C)=O,4685.14295177259,0.9350581631865816
O=S1(=O)OC(c2ccc(O)cc2)(c2ccc(O)cc2)c2ccccc21,CC(C)O,18201.70408362872,0.9923944562939976
O=S1(=O)OC(c2ccc(O)cc2)(c2ccc(O)cc2)c2ccccc21,CCCCO,21101.112420107944,0.9929797851404631
O=S1(=O)OC(c2ccc(O)cc2)(c2ccc(O)cc2)c2ccccc21,CCCO,19909.15572299036,0.9843294604656764
O=S1(=O)OC(c2ccc(O)cc2)(c2ccc(O)cc2)c2ccccc21,CCOC(C)=O,6476.635413332512,0.9824877519683198
O=S1(=O)OC(c2ccc(O)cc2)(c2ccc(O)cc2)c2ccccc21,CN(C)C=O,21287.43018708197,0.9976010136517915
O=S1(=O)OC(c2ccc(O)cc2)(c2ccc(O)cc2)c2ccccc21,CO,29300.36417482866,0.992861070763842
O=S1(=O)OC(c2ccc(O)cc2)(c2ccc(O)cc2)c2ccccc21,COC(C)=O,5185.381673174268,0.9538685543588936
O=S1(=O)OC(c2ccc(O)cc2)(c2ccc(O)cc2)c2ccccc21,O,10145.620983971568,0.9858165649130218
O=[N+]([O-])N(CCO)CCO.O=[N+]([O-])O.O=[N+]([O-])O,CC#N,41669.821144755406,0.9896543521923454
O=[N+]([O-])N(CCO)CCO.O=[N+]([O-])O.O=[N+]([O-])O,CCO,35559.03974898109,0.9210304438616204
O=[N+]([O-])N(CCO)CCO.O=[N+]([O-])O.O=[N+]([O-])O,CCOC(C)=O,32282.99659698326,0.957880237829304
O=[N+]([O-])N(CCO)CCO.O=[N+]([O-])O.O=[N+]([O-])O,CO,50031.626833413975,0.956069582060817
O=[N+]([O-])N(CCO)CCO.O=[N+]([O-])O.O=[N+]([O-])O,CS(C)=O,37391.85389492092,0.9949781573656266
O=[N+]([O-])N(CCO)CCO.O=[N+]([O-])O.O=[N+]([O-])O,ClCCl,86785.04163653788,0.9844479236173916
O=[N+]([O-])N1C2C3N([N+](=O)[O-])C1C1N([N+](=O)[O-])C(C(N1[N+](=O)[O-])N3[N+](=O)[O-])N2[N+](=O)[O-],CC(C)O,23443.54503619376,0.9946616444063712
O=[N+]([O-])N1C2C3N([N+](=O)[O-])C1C1N([N+](=O)[O-])C(C(N1[N+](=O)[O-])N3[N+](=O)[O-])N2[N+](=O)[O-],CC(O)CO,19093.804946793163,0.9969446900872954
O=[N+]([O-])N1C2C3N([N+](=O)[O-])C1C1N([N+](=O)[O-])C(C(N1[N+](=O)[O-])N3[N+](=O)[O-])N2[N+](=O)[O-],CCCCO,20796.023572783462,0.9942794118477112
O=[N+]([O-])N1C2C3N([N+](=O)[O-])C1C1N([N+](=O)[O-])C(C(N1[N+](=O)[O-])N3[N+](=O)[O-])N2[N+](=O)[O-],CCCCOC(C)=O,-3488.046733398067,0.9735717284276276
O=[N+]([O-])N1C2C3N([N+](=O)[O-])C1C1N([N+](=O)[O-])C(C(N1[N+](=O)[O-])N3[N+](=O)[O-])N2[N+](=O)[O-],CCCO,17370.173750681013,0.9951160260725136
O=[N+]([O-])N1C2C3N([N+](=O)[O-])C1C1N([N+](=O)[O-])C(C(N1[N+](=O)[O-])N3[N+](=O)[O-])N2[N+](=O)[O-],CCO,10832.533451603444,0.970873720718276
O=[N+]([O-])N1C2C3N([N+](=O)[O-])C1C1N([N+](=O)[O-])C(C(N1[N+](=O)[O-])N3[N+](=O)[O-])N2[N+](=O)[O-],CN(C)C=O,3756.8857751024193,0.9855251176112224
O=[N+]([O-])N1C2C3N([N+](=O)[O-])C1C1N([N+](=O)[O-])C(C(N1[N+](=O)[O-])N3[N+](=O)[O-])N2[N+](=O)[O-],CN1CCCC1=O,-1504.7731191519383,0.997517244374589
O=[N+]([O-])N1C2C3N([N+](=O)[O-])C1C1N([N+](=O)[O-])C(C(N1[N+](=O)[O-])N3[N+](=O)[O-])N2[N+](=O)[O-],CO,7186.036004887206,0.9888683131679916
O=[N+]([O-])N1C2C3N([N+](=O)[O-])C1C1N([N+](=O)[O-])C(C(N1[N+](=O)[O-])N3[N+](=O)[O-])N2[N+](=O)[O-],COc1ccccc1,31483.03300667592,0.9987820104403708
O=[N+]([O-])N1C2C3N([N+](=O)[O-])C1C1N([N+](=O)[O-])C(C(N1[N+](=O)[O-])N3[N+](=O)[O-])N2[N+](=O)[O-],Cc1cccc(C)c1,27919.619989205665,0.9992257644946618
O=[N+]([O-])N1C2C3N([N+](=O)[O-])C1C1N([N+](=O)[O-])C(C(N1[N+](=O)[O-])N3[N+](=O)[O-])N2[N+](=O)[O-],Cc1ccccc1,21026.11828601628,0.9936288911970312
O=[N+]([O-])N1C2C3N([N+](=O)[O-])C1C1N([N+](=O)[O-])C(C(N1[N+](=O)[O-])N3[N+](=O)[O-])N2[N+](=O)[O-],ClC(Cl)Cl,19822.418248791007,0.9948312010519272
O=[N+]([O-])N1C2C3N([N+](=O)[O-])C1C1N([N+](=O)[O-])C(C(N1[N+](=O)[O-])N3[N+](=O)[O-])N2[N+](=O)[O-],Clc1ccccc1,1905.8927413247343,0.9855102957297454
O=[N+]([O-])N1C2C3N([N+](=O)[O-])C1C1N([N+](=O)[O-])C(C(N1[N+](=O)[O-])N3[N+](=O)[O-])N2[N+](=O)[O-],O=C1CCCCC1,-437.55221818710805,0.97693286025019
O=[N+]([O-])N1CC([N+](=O)[O-])([N+](=O)[O-])C1,CCO,28046.90462436424,0.9729594778833404
O=[N+]([O-])N1CN([N+](=O)[O-])CN([N+](=O)[O-])C1,CN1CCCC1=O,8075.527960986597,0.992697739253846
O=[N+]([O-])N1CN([N+](=O)[O-])CN([N+](=O)[O-])C1,O=C1CCCCC1,16398.73811843898,0.9888745910471148
O=[N+]([O-])N1CN([N+](=O)[O-])CN([N+](=O)[O-])CN([N+](=O)[O-])C1,CC(=O)N(C)C,11108.745781300036,0.994968283012809
O=[N+]([O-])N1CN([N+](=O)[O-])CN([N+](=O)[O-])CN([N+](=O)[O-])C1,CN(C)C=O,25632.64521285303,0.9936199588024712
O=[N+]([O-])N1CN([N+](=O)[O-])CN([N+](=O)[O-])CN([N+](=O)[O-])C1,CN1CCCC1=O,10135.964771029016,0.991432268214682
O=[N+]([O-])N1CN([N+](=O)[O-])CN([N+](=O)[O-])CN([N+](=O)[O-])C1,CO,39014.6994674384,0.9977406697204532
O=[N+]([O-])N1CN([N+](=O)[O-])CN([N+](=O)[O-])CN([N+](=O)[O-])C1,O,55973.426934337,0.9992990434567672
O=[N+]([O-])N1CN([N+](=O)[O-])CN([N+](=O)[O-])CN([N+](=O)[O-])C1,O=C1CCCC1,33086.973119703325,0.994723625672912
O=[N+]([O-])N1CN([N+](=O)[O-])CN([N+](=O)[O-])CN([N+](=O)[O-])C1,O=C1CCCCC1,15187.004784468249,0.9949822885513548
O=[N+]([O-])N1CN([N+](=O)[O-])CN([N+](=O)[O-])CN([N+](=O)[O-])C1,O=C1CCCO1,9626.484627888756,0.9954923389791308
O=[N+]([O-])N1CN2CN(C1)CN([N+](=O)[O-])C2,CC#N,16726.476064723065,0.9979560243489788
O=[N+]([O-])N1CN2CN(C1)CN([N+](=O)[O-])C2,CO,9373.324711467343,0.9898746556199084
O=[N+]([O-])N1CN2CN(C1)CN([N+](=O)[O-])C2,CS(C)=O,16604.376683659906,0.9932383246677968
O=[N+]([O-])N=C1NCCN1Cc1ccc(Cl)nc1,CC(C)=O,22233.87593202998,0.9931827385817388
O=[N+]([O-])N=C1NCCN1Cc1ccc(Cl)nc1,CCCCO,38123.37643424461,0.996627972584301
O=[N+]([O-])N=C1NCCN1Cc1ccc(Cl)nc1,CCCO,39374.77276599179,0.998482699162174
O=[N+]([O-])N=C1NCCN1Cc1ccc(Cl)nc1,CCO,36146.02540261482,0.9533260268092044
O=[N+]([O-])N=C1NCCN1Cc1ccc(Cl)nc1,CCOC(C)=O,22467.22340009921,0.989484955069693
O=[N+]([O-])N=C1NCCN1Cc1ccc(Cl)nc1,CO,35044.023636032136,0.99004231726366
O=[N+]([O-])N=C1NCCN1Cc1ccc(Cl)nc1,COC(C)=O,23685.597116741923,0.9957351537636208
O=[N+]([O-])N=C1NCCN1Cc1ccc(Cl)nc1,ClC(Cl)Cl,20214.99776105009,0.9842326959487828
O=[N+]([O-])N=C1NCCN1Cc1ccc(Cl)nc1,O,49105.03034950988,0.998058854212979
O=[N+]([O-])c1c[nH]cn1,C1COCCO1,18320.39036014786,0.9974201812410772
O=[N+]([O-])c1c[nH]cn1,CC#N,20953.142041692845,0.998990400801008
O=[N+]([O-])c1c[nH]cn1,CC(C)=O,13508.932828902403,0.9915518093372028
O=[N+]([O-])c1c[nH]cn1,CCCCO,24065.10346623422,0.9976576276320818
O=[N+]([O-])c1c[nH]cn1,CCO,13503.6353823554,0.9894037525726342
O=[N+]([O-])c1c[nH]cn1,CCOC(C)=O,14603.293545800489,0.99926268396684
O=[N+]([O-])c1c[nH]cn1,CN1CCCC1=O,7348.373039397139,0.9721620802501406
O=[N+]([O-])c1c[nH]cn1,CO,11484.496061979396,0.9932402833660456
O=[N+]([O-])c1c[nH]cn1,Cc1ccccc1,22107.964479592865,0.9980469010531412
O=[N+]([O-])c1c[nH]cn1,O=C1CCCO1,13299.709729892984,0.9967569070890858
O=[N+]([O-])c1c[nH]cn1,c1ccccc1,19571.4297927296,0.9993638065225022
O=[N+]([O-])c1cc([N+](=O)[O-])c(-c2c([N+](=O)[O-])cc([N+](=O)[O-])c(-c3c([N+](=O)[O-])cc([N+](=O)[O-])cc3[N+](=O)[O-])c2[N+](=O)[O-])c([N+](=O)[O-])c1,COc1ccccc1,23120.20828162729,0.996479623907686
O=[N+]([O-])c1cc([N+](=O)[O-])c(-c2c([N+](=O)[O-])cc([N+](=O)[O-])c(-c3c([N+](=O)[O-])cc([N+](=O)[O-])cc3[N+](=O)[O-])c2[N+](=O)[O-])c([N+](=O)[O-])c1,Cc1ccccc1,23120.7677891454,0.9973740042607044
O=[N+]([O-])c1cc([N+](=O)[O-])c(-c2c([N+](=O)[O-])cc([N+](=O)[O-])c(-c3c([N+](=O)[O-])cc([N+](=O)[O-])cc3[N+](=O)[O-])c2[N+](=O)[O-])c([N+](=O)[O-])c1,Clc1ccccc1,36442.871672286616,0.996305521203142
O=[N+]([O-])c1cc([N+](=O)[O-])c(-c2c([N+](=O)[O-])cc([N+](=O)[O-])c(-c3c([N+](=O)[O-])cc([N+](=O)[O-])cc3[N+](=O)[O-])c2[N+](=O)[O-])c([N+](=O)[O-])c1,c1ccccc1,24578.91996049217,0.995375732846012
O=[N+]([O-])c1cc([N+](=O)[O-])c(-c2c([N+](=O)[O-])cc([N+](=O)[O-])cc2[N+](=O)[O-])c([N+](=O)[O-])c1,Cc1ccccc1,22404.766445196565,0.9892314101578074
O=[N+]([O-])c1cc([N+](=O)[O-])c(-c2c([N+](=O)[O-])cc([N+](=O)[O-])cc2[N+](=O)[O-])c([N+](=O)[O-])c1,Clc1ccccc1,28185.02153175231,0.9978252342549369
O=[N+]([O-])c1cc([N+](=O)[O-])c(-c2c([N+](=O)[O-])cc([N+](=O)[O-])cc2[N+](=O)[O-])c([N+](=O)[O-])c1,c1ccccc1,25089.08070246825,0.997666769222564
O=[N+]([O-])c1cc([N+](=O)[O-])c(-c2nnc(-c3nnc(-c4c([N+](=O)[O-])cc([N+](=O)[O-])cc4[N+](=O)[O-])o3)o2)c([N+](=O)[O-])c1,CC#N,30148.868515251048,0.9990457117264084
O=[N+]([O-])c1cc([N+](=O)[O-])c(-c2nnc(-c3nnc(-c4c([N+](=O)[O-])cc([N+](=O)[O-])cc4[N+](=O)[O-])o3)o2)c([N+](=O)[O-])c1,CC(=O)O,30875.331369263786,0.9964568583938084
O=[N+]([O-])c1cc([N+](=O)[O-])c(-c2nnc(-c3nnc(-c4c([N+](=O)[O-])cc([N+](=O)[O-])cc4[N+](=O)[O-])o3)o2)c([N+](=O)[O-])c1,CC(C)O,22582.06663694152,0.9962558310324666
O=[N+]([O-])c1cc([N+](=O)[O-])c(-c2nnc(-c3nnc(-c4c([N+](=O)[O-])cc([N+](=O)[O-])cc4[N+](=O)[O-])o3)o2)c([N+](=O)[O-])c1,CCC(=O)O,19253.951563203464,0.997354190786511
O=[N+]([O-])c1cc([N+](=O)[O-])c(-c2nnc(-c3nnc(-c4c([N+](=O)[O-])cc([N+](=O)[O-])cc4[N+](=O)[O-])o3)o2)c([N+](=O)[O-])c1,CCCO,25620.70708894508,0.9955718473723356
O=[N+]([O-])c1cc([N+](=O)[O-])c(-c2nnc(-c3nnc(-c4c([N+](=O)[O-])cc([N+](=O)[O-])cc4[N+](=O)[O-])o3)o2)c([N+](=O)[O-])c1,CCOC(C)=O,16273.249159910443,0.9918947463027524
O=[N+]([O-])c1cc([N+](=O)[O-])c(-c2nnc(-c3nnc(-c4c([N+](=O)[O-])cc([N+](=O)[O-])cc4[N+](=O)[O-])o3)o2)c([N+](=O)[O-])c1,CO,38231.67345373768,0.9948263008661948
O=[N+]([O-])c1cc([N+](=O)[O-])c(-c2nnc(-c3nnc(-c4c([N+](=O)[O-])cc([N+](=O)[O-])cc4[N+](=O)[O-])o3)o2)c([N+](=O)[O-])c1,O=CO,33020.49617678105,0.9946767838216564
O=[N+]([O-])c1cc([N+](=O)[O-])c(/C=C/c2c([N+](=O)[O-])cc([N+](=O)[O-])cc2[N+](=O)[O-])c([N+](=O)[O-])c1,CN(C)C=O,17432.741612067904,0.9978900994741132
O=[N+]([O-])c1cc([N+](=O)[O-])c(Cl)c(Cl)c1Cl,CC#N,34463.861137500266,0.9990018348469492
O=[N+]([O-])c1cc([N+](=O)[O-])c(Cl)c(Cl)c1Cl,CC(C)=O,21375.193852928765,0.9969000629382204
O=[N+]([O-])c1cc([N+](=O)[O-])c(Cl)c(Cl)c1Cl,CCCCO,40816.82032081303,0.9998133664934338
O=[N+]([O-])c1cc([N+](=O)[O-])c(Cl)c(Cl)c1Cl,CCO,33348.11406139096,0.9996173976757066
O=[N+]([O-])c1cc([N+](=O)[O-])c(Cl)c(Cl)c1Cl,CCOC(C)=O,22967.901610667235,0.9965078197722438
O=[N+]([O-])c1cc([N+](=O)[O-])c(Cl)c(Cl)c1Cl,CN(C)C=O,17246.80363439968,0.9921647312055678
O=[N+]([O-])c1cc([N+](=O)[O-])c(Cl)c(Cl)c1Cl,CN1CCCC1=O,11958.003585245611,0.9809763020340088
O=[N+]([O-])c1cc([N+](=O)[O-])c(Cl)c(Cl)c1Cl,CO,31522.60746279517,0.9996117588935194
O=[N+]([O-])c1cc([N+](=O)[O-])c(Cl)c(Cl)c1Cl,Cc1ccccc1,22496.47681983463,0.996194502614524
O=[N+]([O-])c1cc([N+](=O)[O-])c(Cl)c(Cl)c1Cl,ClC(Cl)(Cl)Cl,58611.77331070347,0.9998678659629208
O=[N+]([O-])c1cc([N+](=O)[O-])c(Cl)c(Cl)c1Cl,ClC(Cl)Cl,30769.135135653785,0.99844869004118
O=[N+]([O-])c1cc([N+](=O)[O-])c(Cl)c(Cl)c1Cl,ClCCCl,30648.107874490383,0.9982967867265348
O=[N+]([O-])c1cc([N+](=O)[O-])c(Cl)c(Cl)c1Cl,ClCCl,25624.95097143337,0.9994600015617418
O=[N+]([O-])c1cc([N+](=O)[O-])c(Cl)c([N+](=O)[O-])c1Cl,CC#N,29869.858951041588,0.9977978081301504
O=[N+]([O-])c1cc([N+](=O)[O-])c(Cl)c([N+](=O)[O-])c1Cl,CC(C)=O,16618.16555962288,0.9998031191818272
O=[N+]([O-])c1cc([N+](=O)[O-])c(Cl)c([N+](=O)[O-])c1Cl,CC(C)O,48126.21074414824,0.9995524195713452
O=[N+]([O-])c1cc([N+](=O)[O-])c(Cl)c([N+](=O)[O-])c1Cl,CCCCO,45516.42798164048,0.999636729891474
O=[N+]([O-])c1cc([N+](=O)[O-])c(Cl)c([N+](=O)[O-])c1Cl,CCO,32126.0443572406,0.9978991108828976
O=[N+]([O-])c1cc([N+](=O)[O-])c(Cl)c([N+](=O)[O-])c1Cl,CCOC(C)=O,18276.724331999496,0.9983118113803112
O=[N+]([O-])c1cc([N+](=O)[O-])c(Cl)c([N+](=O)[O-])c1Cl,CN(C)C=O,14689.10554551376,0.998301904687391
O=[N+]([O-])c1cc([N+](=O)[O-])c(Cl)c([N+](=O)[O-])c1Cl,CN1CCCC1=O,12082.922403601204,0.9977994970240668
O=[N+]([O-])c1cc([N+](=O)[O-])c(Cl)c([N+](=O)[O-])c1Cl,CO,30400.705490048367,0.9999172641734976
O=[N+]([O-])c1cc([N+](=O)[O-])c(Cl)c([N+](=O)[O-])c1Cl,CS(C)=O,14674.552087430582,0.9983344930707496
O=[N+]([O-])c1cc([N+](=O)[O-])c(Cl)c([N+](=O)[O-])c1Cl,Cc1ccccc1,21328.81136210529,0.997814630119412
O=[N+]([O-])c1cc([N+](=O)[O-])c(Cl)c([N+](=O)[O-])c1Cl,ClC(Cl)(Cl)Cl,43927.72185764244,0.9999729126998756
O=[N+]([O-])c1cc([N+](=O)[O-])c(Cl)c([N+](=O)[O-])c1Cl,ClCCCl,32076.848063936875,0.9978178560195532
O=[N+]([O-])c1cc([N+](=O)[O-])c(Cl)c([N+](=O)[O-])c1Cl,ClCCl,28023.433734074075,0.9998839087231368
O=[N+]([O-])c1cc([N+](=O)[O-])c(Cl)cc1Cl,CC#N,33851.93558760724,0.99795708864028
O=[N+]([O-])c1cc([N+](=O)[O-])c(Cl)cc1Cl,CC(C)=O,17840.955456508636,0.9983276172658748
O=[N+]([O-])c1cc([N+](=O)[O-])c(Cl)cc1Cl,CCO,32350.424104065176,0.9984513770325016
O=[N+]([O-])c1cc([N+](=O)[O-])c(Cl)cc1Cl,CCOC(C)=O,19975.224323911352,0.9959125927210926
O=[N+]([O-])c1cc([N+](=O)[O-])c(Cl)cc1Cl,CN(C)C=O,17514.330840433468,0.99283254722293
O=[N+]([O-])c1cc([N+](=O)[O-])c(Cl)cc1Cl,CO,30330.47368584306,0.9991229939802022
O=[N+]([O-])c1cc([N+](=O)[O-])c(Cl)cc1Cl,ClC(Cl)(Cl)Cl,47383.87432885175,0.9995088648396212
O=[N+]([O-])c1cc([N+](=O)[O-])c(Cl)cc1Cl,ClC(Cl)Cl,29576.642736889266,0.9976194562950982
O=[N+]([O-])c1cc([N+](=O)[O-])c(Cl)cc1Cl,ClCCCl,23912.12429482245,0.9975814244887754
O=[N+]([O-])c1cc([N+](=O)[O-])c(Cl)cc1Cl,ClCCl,21339.225932156,0.9986502330799032
O=[N+]([O-])c1cc([N+](=O)[O-])c(Nc2nc(Nc3c([N+](=O)[O-])cc([N+](=O)[O-])cc3[N+](=O)[O-])c([N+](=O)[O-])cc2[N+](=O)[O-])c([N+](=O)[O-])c1,CCOC(C)=O,22362.66324388007,0.9774091399599176
O=[N+]([O-])c1cc([N+](=O)[O-])c(Nc2nc(Nc3c([N+](=O)[O-])cc([N+](=O)[O-])cc3[N+](=O)[O-])c([N+](=O)[O-])cc2[N+](=O)[O-])c([N+](=O)[O-])c1,CN(C)C=O,8182.939091967854,0.990006868458532
O=[N+]([O-])c1cc([N+](=O)[O-])c(Nc2nc(Nc3c([N+](=O)[O-])cc([N+](=O)[O-])cc3[N+](=O)[O-])c([N+](=O)[O-])cc2[N+](=O)[O-])c([N+](=O)[O-])c1,CS(C)=O,35829.53102901624,0.9968842687329774
O=[N+]([O-])c1cc([N+](=O)[O-])c(O)c(Cl)c1O,CC(=O)O,29599.75557020901,0.9949970483133976
O=[N+]([O-])c1cc([N+](=O)[O-])c(O)c(Cl)c1O,CCO,30200.2943970754,0.9979812786389324
O=[N+]([O-])c1cc([N+](=O)[O-])c(O)c(Cl)c1O,CO,42881.83449612109,0.999063806457675
O=[N+]([O-])c1cc[nH]n1,C1CCOC1,26386.92271448446,0.999285415192003
O=[N+]([O-])c1cc[nH]n1,CC#N,19174.085462421423,0.999778312501554
O=[N+]([O-])c1cc[nH]n1,CC(C)=O,19654.03497912699,0.9992403422160108
O=[N+]([O-])c1cc[nH]n1,CCCCCCCCO,23452.789908716903,0.9951557166398676
O=[N+]([O-])c1cc[nH]n1,CCCCOC(C)=O,33286.24885859873,0.9994207970001284
O=[N+]([O-])c1cc[nH]n1,CCCO,19513.2793113143,0.9988774908940524
O=[N+]([O-])c1cc[nH]n1,CCO,18010.874865719856,0.992961628816602
O=[N+]([O-])c1cc[nH]n1,COC(C)=O,25107.32264927817,0.9986776663851976
O=[N+]([O-])c1cc[nH]n1,COc1ccccc1,21218.74538557997,0.9746676390204544
O=[N+]([O-])c1cc[nH]n1,Cc1ccccc1,29776.40251659309,0.9995308255626132
O=[N+]([O-])c1cc[nH]n1,O,36257.88554723064,0.9983836518946008
O=[N+]([O-])c1ccc(/C=C/c2ccc([N+](=O)[O-])cc2S(=O)(=O)[O-])c(S(=O)(=O)[O-])c1.[Na+].[Na+],O,36417.85767009555,0.999195503617344
O=[N+]([O-])c1ccc(Cl)c(Cl)c1,CC(C)O,59350.23925240826,0.9780261239683696
O=[N+]([O-])c1ccc(Cl)c(Cl)c1,CCCCCC,44098.37444056677,0.9131910075837508
O=[N+]([O-])c1ccc(Cl)c(Cl)c1,CCCCCCC,37646.05018351064,0.9446673077653692
O=[N+]([O-])c1ccc(Cl)c(Cl)c1,CCCCO,36084.09964124652,0.9773802367164388
O=[N+]([O-])c1ccc(Cl)c(Cl)c1,CCO,51981.04202840404,0.977472698838364
O=[N+]([O-])c1ccc(Cl)c(Cl)c1,CCOC(C)=O,79185.9868256631,0.9980405474345077
O=[N+]([O-])c1ccc(Cl)c(Cl)c1,CO,52421.04891105164,0.9979319607324526
O=[N+]([O-])c1ccc(Cl)c(Cl)c1,ClC(Cl)(Cl)Cl,86122.22129542273,0.9971550919419429
O=[N+]([O-])c1ccc(NS(=O)(=O)c2ccccc2)cc1,CCCCCCCCO,28776.4239955999,0.9983350724222356
O=[N+]([O-])c1ccc(NS(=O)(=O)c2ccccc2)cc1,O,31529.739441119465,0.97195946017953
O=[N+]([O-])c1ccc(O)c2ncccc12,CC#N,24996.913419015647,0.9990463522701136
O=[N+]([O-])c1ccc(O)c2ncccc12,CC(=O)O,21571.81248225852,0.9994064552795092
O=[N+]([O-])c1ccc(O)c2ncccc12,CC(C)=O,20185.80299706701,0.9995614895049943
O=[N+]([O-])c1ccc(O)c2ncccc12,CC(C)O,26110.756086156154,0.9998047073894007
O=[N+]([O-])c1ccc(O)c2ncccc12,CCCCO,25808.85915258732,0.9993434705589562
O=[N+]([O-])c1ccc(O)c2ncccc12,CCCO,26178.26053022143,0.999596789408291
O=[N+]([O-])c1ccc(O)c2ncccc12,CCO,24938.41726785569,0.9992912069321608
O=[N+]([O-])c1ccc(O)c2ncccc12,CCOC(C)=O,23388.01820426993,0.9993249062241936
O=[N+]([O-])c1ccc(O)c2ncccc12,CO,24244.59288538849,0.9997416651020392
O=[N+]([O-])c1ccc(O)c2ncccc12,Cc1ccccc1,22991.9218309158,0.9994406955660818
O=[N+]([O-])c1ccc(Oc2ccc([N+](=O)[O-])cc2)cc1,C1COCCO1,27615.54887242719,0.9986303121481752
O=[N+]([O-])c1ccc(Oc2ccc([N+](=O)[O-])cc2)cc1,CC#N,30670.94289869876,0.9964168319799388
O=[N+]([O-])c1ccc(Oc2ccc([N+](=O)[O-])cc2)cc1,CC(=O)N(C)C,17507.643502417766,0.975901674932936
O=[N+]([O-])c1ccc(Oc2ccc([N+](=O)[O-])cc2)cc1,CC(=O)O,22810.258663687928,0.988996635643796
O=[N+]([O-])c1ccc(Oc2ccc([N+](=O)[O-])cc2)cc1,CC(C)=O,25088.98334138114,0.9902888932591516
O=[N+]([O-])c1ccc(Oc2ccc([N+](=O)[O-])cc2)cc1,CC(C)O,42189.98233365321,0.9902453883037822
O=[N+]([O-])c1ccc(Oc2ccc([N+](=O)[O-])cc2)cc1,CCCCO,44259.829567820365,0.9924079958596654
O=[N+]([O-])c1ccc(Oc2ccc([N+](=O)[O-])cc2)cc1,CCO,28627.81876458293,0.9773851940103976
O=[N+]([O-])c1ccc(Oc2ccc([N+](=O)[O-])cc2)cc1,CCOC(C)=O,21570.82238374804,0.9947813277153108
O=[N+]([O-])c1ccc(Oc2ccc([N+](=O)[O-])cc2)cc1,CN(C)C=O,20556.66173048692,0.9843455874127276
O=[N+]([O-])c1ccc(Oc2ccc([N+](=O)[O-])cc2)cc1,CO,31880.52516126684,0.9962684686824416
O=[N+]([O-])c1ccc(Oc2ccc([N+](=O)[O-])cc2)cc1,COCCO,22420.94852880368,0.9901508562970696
O=[N+]([O-])c1ccc(S(=O)(=O)[O-])cc1.[Na+],C1CCOC1,5633.537569585564,0.9800003812793124
O=[N+]([O-])c1ccc(S(=O)(=O)[O-])cc1.[Na+],CC(C)=O,17766.241628546042,0.9994614034675668
O=[N+]([O-])c1ccc(S(=O)(=O)[O-])cc1.[Na+],CCCCO,25362.23841288548,0.9972763078356824
O=[N+]([O-])c1ccc(S(=O)(=O)[O-])cc1.[Na+],CCO,16322.51320148444,0.997013466892608
O=[N+]([O-])c1ccc(S(=O)(=O)[O-])cc1.[Na+],CCOC(C)=O,13430.406014623291,0.9975125266436384
O=[N+]([O-])c1cccc(Cl)c1Cl,CC(C)O,46892.53181874251,0.9979108455443838
O=[N+]([O-])c1cccc(Cl)c1Cl,CCCCCC,43646.19702068564,0.9437653095269888
O=[N+]([O-])c1cccc(Cl)c1Cl,CCCCCCC,47418.68281503175,0.9653998343352366
O=[N+]([O-])c1cccc(Cl)c1Cl,CCCCO,24944.107935758315,0.9017176528743452
O=[N+]([O-])c1cccc(Cl)c1Cl,CCCO,25996.875761873114,0.9951149481567833
O=[N+]([O-])c1cccc(Cl)c1Cl,CCO,35652.9059248074,0.9985758495008692
O=[N+]([O-])c1cccc(Cl)c1Cl,CCOC(C)=O,54774.34537734053,0.9875237201187088
O=[N+]([O-])c1cccc(Cl)c1Cl,ClC(Cl)(Cl)Cl,56414.34238916804,0.9535183398680112
O=[N+]([O-])c1cccc(S(=O)(=O)[O-])c1.[Na+],C1CCOC1,9216.85657187679,0.9533586112752964
O=[N+]([O-])c1cccc(S(=O)(=O)[O-])c1.[Na+],CC(C)=O,16291.08936914574,0.994884144651023
O=[N+]([O-])c1cccc(S(=O)(=O)[O-])c1.[Na+],CCCCO,5149.128827147003,0.993479627725604
O=[N+]([O-])c1cccc(S(=O)(=O)[O-])c1.[Na+],CCO,31486.3877830484,0.9995856329952288
O=[N+]([O-])c1cccc(S(=O)(=O)[O-])c1.[Na+],CCOC(C)=O,22759.644703197595,0.9979945250713186
O=[N+]([O-])c1cccc(S(=O)(=O)[O-])c1.[Na+],O=C1CCCCC1,6742.285913877805,0.9579512790149838
O=[N+]([O-])c1cccc2c([N+](=O)[O-])cccc12,CC#N,30244.40324166389,0.9995917038432336
O=[N+]([O-])c1cccc2c([N+](=O)[O-])cccc12,CC(C)=O,21438.245604133,0.999237680448653
O=[N+]([O-])c1cccc2c([N+](=O)[O-])cccc12,CCOC(C)=O,25876.162116834024,0.9981583344830124
O=[N+]([O-])c1cccc2c([N+](=O)[O-])cccc12,Cc1ccccc1,26043.74555998904,0.9996594366237608
O=[N+]([O-])c1cccc2cccc([N+](=O)[O-])c12,CC#N,30638.616008704656,0.9926095053388246
O=[N+]([O-])c1cccc2cccc([N+](=O)[O-])c12,CC(C)=O,21022.346750600143,0.9972591080055112
O=[N+]([O-])c1cccc2cccc([N+](=O)[O-])c12,CC(C)O,37291.99855383739,0.9985462853678556
O=[N+]([O-])c1cccc2cccc([N+](=O)[O-])c12,CCCCO,33022.23467291821,0.9983203286929672
O=[N+]([O-])c1cccc2cccc([N+](=O)[O-])c12,CCO,27221.997664535345,0.9963041624452428
O=[N+]([O-])c1cccc2cccc([N+](=O)[O-])c12,CCOC(C)=O,20471.199029786785,0.9986835686037436
O=[N+]([O-])c1cccc2cccc([N+](=O)[O-])c12,CO,24842.274499014708,0.9994300625559696
O=[N+]([O-])c1cccc2cccc([N+](=O)[O-])c12,Cc1ccccc1,27283.89164207856,0.9968658666589734
O=[N+]([O-])c1cccc2cccc([N+](=O)[O-])c12,ClC(Cl)Cl,23757.862192242508,0.9988077583510554
O=[N+]([O-])c1cccc2ccccc12,C1CCCCC1,46385.99869856556,0.9886282387536728
O=[N+]([O-])c1cccc2ccccc12,CC(C)=O,42250.92738058795,0.990415217290642
O=[N+]([O-])c1cccc2ccccc12,CCCCO,35854.013166555334,0.9817206500733188
O=[N+]([O-])c1cccc2ccccc12,CCCO,35461.714299112995,0.9782786967503636
O=[N+]([O-])c1cccc2ccccc12,CCO,32648.505678689267,0.9923092512330672
O=[N+]([O-])c1cccc2ccccc12,CCOC(C)=O,39684.90315136553,0.9817094805090072
O=[N+]([O-])c1cccc2ccccc12,CO,33639.253704134564,0.9910270859427388
O=[N+]([O-])c1cccc2ccccc12,COC(C)=O,42696.1160924805,0.9865258917663124
O=[N+]([O-])c1cccc2ccccc12,ClCCl,32349.83158843891,0.9908983991837234
O=[N+]([O-])c1ccn([N+](=O)[O-])n1,C1CCCCC1,46469.63037207576,0.9712773711728864
O=[N+]([O-])c1ccn([N+](=O)[O-])n1,CCCCCC,50777.19363591354,0.985564157937527
O=[N+]([O-])c1ccn([N+](=O)[O-])n1,CCCOC(C)=O,24191.053746211688,0.9558351358898318
O=[N+]([O-])c1ccn([N+](=O)[O-])n1,CCO,31203.79771401276,0.9711543258516504
O=[N+]([O-])c1ccn([N+](=O)[O-])n1,CO,33208.49440080278,0.9439666882932513
O=[N+]([O-])c1ccn([N+](=O)[O-])n1,Cc1ccccc1,55176.03180876498,0.940126465606894
O=[N+]([O-])c1ccn([N+](=O)[O-])n1,ClCCCl,39929.9306103981,0.9790609184994916
O=[N+]([O-])c1ccn([N+](=O)[O-])n1,ClCCl,35483.564798771906,0.9577075993725376
O=[N+]([O-])c1ccn([N+](=O)[O-])n1,O,34495.28200906692,0.9927691100617184
O=[N+]([O-])c1ccn([N+](=O)[O-])n1,c1ccccc1,64694.7075734477,0.9930453675745172
O=[N+]([O-])c1cn[nH]c1,C1CCOC1,31886.67233546551,0.9916913156041592
O=[N+]([O-])c1cn[nH]c1,CC(C)CCO,31378.388850431376,0.985173778240803
O=[N+]([O-])c1cn[nH]c1,CC(C)CO,32667.727031477712,0.9851986552247358
O=[N+]([O-])c1cn[nH]c1,CC(C)O,34234.67573986582,0.9843484717467944
O=[N+]([O-])c1cn[nH]c1,CCCCCO,30650.67324359224,0.983979064323682
O=[N+]([O-])c1cn[nH]c1,CCCCO,29275.70525705149,0.9838236884900106
O=[N+]([O-])c1cn[nH]c1,CCOC(C)=O,32423.640423519217,0.999916490483455
O=[N+]([O-])c1cn[nH]c1,COC(C)=O,26124.712723593624,0.9932456766951888
O=[N+]([O-])c1cn[nH]c1,O,29863.658880652463,0.9560099138132084
O=[N+]([O-])c1cn[nH]c1[N+](=O)[O-],C1CCOC1,36943.98876501698,0.9628391086399356
O=[N+]([O-])c1cn[nH]c1[N+](=O)[O-],CC#N,10990.95061583327,0.9873844658093016
O=[N+]([O-])c1cn[nH]c1[N+](=O)[O-],CC(C)CCO,22066.220986927863,0.9896126916065972
O=[N+]([O-])c1cn[nH]c1[N+](=O)[O-],CC(C)CO,24686.386095726248,0.9774645407185736
O=[N+]([O-])c1cn[nH]c1[N+](=O)[O-],CC(C)O,25450.05452381158,0.9630658730224516
O=[N+]([O-])c1cn[nH]c1[N+](=O)[O-],CCC(C)=O,15252.023430126055,0.9855929518620756
O=[N+]([O-])c1cn[nH]c1[N+](=O)[O-],CCCCCO,32079.2788061128,0.99389662403484
O=[N+]([O-])c1cn[nH]c1[N+](=O)[O-],CCCCO,26692.11043170381,0.972183932471498
O=[N+]([O-])c1cn[nH]c1[N+](=O)[O-],CCOC(C)=O,25211.776698853795,0.9946368965149
O=[N+]([O-])c1cn[nH]c1[N+](=O)[O-],COc1ccccc1,55566.6108863281,0.993109253664096
O=[N+]([O-])c1cn[nH]c1[N+](=O)[O-],Cc1ccccc1,30020.40919478692,0.9977109895228404
O=[N+]([O-])c1cn[nH]c1[N+](=O)[O-],ClC(Cl)Cl,41753.19487215771,0.99177653758168
O=[N+]([O-])c1cn[nH]c1[N+](=O)[O-],Clc1ccccc1,33143.26169390945,0.997882138442922
O=[N+]([O-])c1cn[nH]c1[N+](=O)[O-],O,39271.30789829121,0.9915247464296572
O=[N+]([O-])c1cn[nH]c1[N+](=O)[O-],c1ccccc1,34236.56281584126,0.9965539330969696
O=[N+]([O-])c1ncccc1O,C1CCOC1,27590.39880854672,0.9862329442754908
O=[N+]([O-])c1ncccc1O,CC#N,36418.20074627201,0.9925162306510362
O=[N+]([O-])c1ncccc1O,CC(C)=O,32772.58935564182,0.9922403892570087
O=[N+]([O-])c1ncccc1O,CC(C)O,52061.86761500932,0.9974859807497536
O=[N+]([O-])c1ncccc1O,CCCCCC,46304.744466183074,0.9967750061534296
O=[N+]([O-])c1ncccc1O,CCCO,47040.988024292215,0.9951829961091618
O=[N+]([O-])c1ncccc1O,CCO,52410.04986264442,0.9979808635519676
O=[N+]([O-])c1ncccc1O,CCOC(C)=O,31803.98378967529,0.9909335686489392
O=[N+]([O-])c1ncccc1O,CO,53572.23748297579,0.9982708107349064
O=[N+]([O-])c1ncccc1O,O,47452.79283549466,0.9960387778165036
O=[N+]([O-])c1nonc1-c1no[n+]([O-])c1-c1nonc1[N+](=O)[O-],CC(=O)O,27528.10457224951,0.9921520563390857
O=[N+]([O-])c1nonc1-c1no[n+]([O-])c1-c1nonc1[N+](=O)[O-],CC(C)O,43885.74922756236,0.9965173275822352
O=[N+]([O-])c1nonc1-c1no[n+]([O-])c1-c1nonc1[N+](=O)[O-],CCC(=O)O,26288.9196570338,0.9920928479173948
O=[N+]([O-])c1nonc1-c1no[n+]([O-])c1-c1nonc1[N+](=O)[O-],CCCCO,37697.68630896665,0.991242425265816
O=[N+]([O-])c1nonc1-c1no[n+]([O-])c1-c1nonc1[N+](=O)[O-],CCCO,29505.261725193148,0.988126489168217
O=[N+]([O-])c1nonc1-c1no[n+]([O-])c1-c1nonc1[N+](=O)[O-],CCOC(C)=O,46487.07276318176,0.9915897120690678
O=[N+]([O-])c1nonc1-c1no[n+]([O-])c1-c1nonc1[N+](=O)[O-],Cc1ccccc1,40667.94523607264,0.9946428896970976
O=[N+]([O-])c1nonc1-c1no[n+]([O-])c1-c1nonc1[N+](=O)[O-],Cc1ccccc1C,42146.749256560994,0.9947375335714856
O=[N+]([O-])c1nonc1-c1no[n+]([O-])c1-c1nonc1[N+](=O)[O-],ClC(Cl)(Cl)Cl,37095.84271585059,0.9939146922908256
O=[N+]([O-])c1nonc1-c1no[n+]([O-])c1-c1nonc1[N+](=O)[O-],ClCCCl,42523.856958190925,0.9915532923697132
O=[N+]([O-])c1nonc1-c1no[n+]([O-])c1-c1nonc1[N+](=O)[O-],ClCCl,59577.97064830432,0.9940759531629244
O=[N+]([O-])c1nonc1-c1no[n+]([O-])c1-c1nonc1[N+](=O)[O-],c1ccccc1,42219.120906017066,0.9916692119916694
O=[N+]([O-])n1cccn1,C1CCCCC1,42697.852182680486,0.9995488714013409
O=[N+]([O-])n1cccn1,CCCCCC,40172.14762498624,0.9977553200153108
O=[N+]([O-])n1cccn1,CCO,38619.45795432311,0.9913694368168612
O=[N+]([O-])n1cccn1,CN(C)C=O,24908.562258730904,0.9955322661195736
O=[N+]([O-])n1cccn1,COc1ccccc1,52896.68703033851,0.996335610477388
O=[N+]([O-])n1cccn1,CS(C)=O,27046.19726030208,0.9955691658584892
O=[N+]([O-])n1cccn1,Clc1ccccc1,36460.30634945515,0.9966166806272678
O=[N+]([O-])n1cccn1,O,26535.42431659134,0.9984406759746132
O=[PH](O)c1ccccc1,CCO,36863.60003486353,0.996243511872586
O=[PH](O)c1ccccc1,CCOC(C)=O,47878.0401391107,0.999355311473758
O=[PH](O)c1ccccc1,CO,55689.71993003874,0.9846822017105106
O=[PH](O)c1ccccc1,Cc1ccccc1,52733.82102031959,0.9968588172134316
O=[PH](O)c1ccccc1,ClCCl,43819.702412859486,0.998194277118746
O=[PH](O)c1ccccc1,O,61933.421017566725,0.998015737762028
O=[PH](O)c1ccccc1,c1ccccc1,73750.97030017186,0.9923336615174012
O=c1[nH]c(=O)n(C2CCCO2)cc1F,CC(C)=O,24437.738858964225,0.9994404529569464
O=c1[nH]c(=O)n(C2CCCO2)cc1F,CC(C)O,32492.592137238367,0.9997115939985606
O=c1[nH]c(=O)n(C2CCCO2)cc1F,CCCO,29960.67221327039,0.9997795063725176
O=c1[nH]c(=O)n(C2CCCO2)cc1F,CCO,32735.90199630408,0.9999248588736596
O=c1[nH]c(=O)n(C2CCCO2)cc1F,CCOC(C)=O,17618.169466632095,0.9986584766742426
O=c1[nH]c(=O)n([C@H]2C[C@H](O)[C@@H](CO)O2)cc1I,O,36421.599987545,0.9657531767207336
O=c1[nH]c2cc(Cl)ccc2o1,Cc1ccccc1,20180.45011669002,0.9890963684527088
O=c1[nH]c2ccccc2c(=O)o1,CC#N,18589.7576758951,0.99714176302255
O=c1[nH]c2ccccc2c(=O)o1,CC(=O)OC(C)C,15843.60144554677,0.9991802057627186
O=c1[nH]c2ccccc2c(=O)o1,CC(C)=O,15705.608392342998,0.9983724380051748
O=c1[nH]c2ccccc2c(=O)o1,CC(C)O,28908.064341980404,0.9971239067207712
O=c1[nH]c2ccccc2c(=O)o1,CCCO,23674.20514430924,0.9964695780177784
O=c1[nH]c2ccccc2c(=O)o1,CCCOC(C)=O,15641.037122251471,0.9993594116552326
O=c1[nH]c2ccccc2c(=O)o1,CCO,23034.746909267487,0.9958801923092452
O=c1[nH]c2ccccc2c(=O)o1,CO,27097.35570701402,0.9962686435601203
O=c1[nH]c2ccccc2c(=O)o1,COC(C)=O,14817.981436247352,0.9996512947544732
O=c1[nH]c2ccccc2n1CCCN1CCC(n2c(=O)[nH]c3cc(Cl)ccc32)CC1,CC(=O)N(C)C,21006.941601089187,0.9978049695757772
O=c1[nH]c2ccccc2n1CCCN1CCC(n2c(=O)[nH]c3cc(Cl)ccc32)CC1,CC(C)CO,34556.24243676911,0.999526224498976
O=c1[nH]c2ccccc2n1CCCN1CCC(n2c(=O)[nH]c3cc(Cl)ccc32)CC1,CC(C)O,33126.949581064466,0.9969777827127948
O=c1[nH]c2ccccc2n1CCCN1CCC(n2c(=O)[nH]c3cc(Cl)ccc32)CC1,CCCO,34906.695736687856,0.9988003328780972
O=c1[nH]c2ccccc2n1CCCN1CCC(n2c(=O)[nH]c3cc(Cl)ccc32)CC1,CCO,33212.051619272905,0.9990705392100366
O=c1[nH]c2ccccc2n1CCCN1CCC(n2c(=O)[nH]c3cc(Cl)ccc32)CC1,CS(C)=O,27015.254657441525,0.996726576731547
O=c1[nH]c2ccccc2n1CCCN1CCC(n2c(=O)[nH]c3cc(Cl)ccc32)CC1,O,33315.02390299861,0.9993314463270984
O=c1[nH]c2ccccc2n1CCCN1CCC(n2c(=O)[nH]c3cc(Cl)ccc32)CC1,OCCO,32495.52234216011,0.9988042228726958
O=c1[nH]cc(F)c(=O)[nH]1,C1COCCO1,20395.96698835135,0.9975237519226158
O=c1[nH]cc(F)c(=O)[nH]1,CC#N,22559.09297022056,0.9963878243040502
O=c1[nH]cc(F)c(=O)[nH]1,CC(=O)O,30729.68551747841,0.992070390861596
O=c1[nH]cc(F)c(=O)[nH]1,CC(C)=O,13038.35091410382,0.9887668940068394
O=c1[nH]cc(F)c(=O)[nH]1,CC(C)CCO,25161.02043090371,0.9909696524237608
O=c1[nH]cc(F)c(=O)[nH]1,CC(C)CO,26264.99811757099,0.9907029741704648
O=c1[nH]cc(F)c(=O)[nH]1,CCCC(=O)O,32581.31037357701,0.9934461607177
O=c1[nH]cc(F)c(=O)[nH]1,CCOC(C)=O,15988.04963113586,0.991331265099326
O=c1[nH]cc(F)c(=O)[nH]1,CN(C)C=O,26094.71224381601,0.996148144000505
O=c1[nH]cc(F)c(=O)[nH]1,O,22443.092178309693,0.9360841986947384
O=c1[nH]cc(F)c(=O)[nH]1,O=CO,29424.37632908522,0.9908156721066512
O=c1[nH]nc([N+](=O)[O-])[nH]1,CC(C)O,22058.12300198368,0.9998558281427348
O=c1[nH]nc([N+](=O)[O-])[nH]1,CCO,16583.353409049625,0.9994205172611846
O=c1[nH]nc([N+](=O)[O-])[nH]1,CCOC(C)=O,11678.93204759297,0.9991309636601085
O=c1[nH]nc([N+](=O)[O-])[nH]1,O,25650.95543688795,0.9996943499389942
O=c1c(-c2ccc(O)cc2)coc2c([C@@H]3O[C@H](CO)[C@@H](O)[C@H](O)[C@H]3O)c(O)ccc12,CO,6208.8270008617,0.9994701582049856
O=c1c(-c2ccc(O)cc2)coc2cc(O)cc(O)c12,CC(C)=O,11787.075428611552,0.9354806702387596
O=c1c(-c2ccc(O)cc2)coc2cc(O)cc(O)c12,CO,24764.01682280417,0.9869554718614704
O=c1c(-c2ccc(O)cc2)coc2cc(O)cc(O)c12,O,37574.747711543176,0.9907115412312631
O=c1c(-c2ccc(O)cc2)coc2cc(O)ccc12,CC(C)=O,12096.481637638815,0.9755812747523774
O=c1c(-c2ccc(O)cc2)coc2cc(O)ccc12,CCCCCC,23583.615903257392,0.9574380296150627
O=c1c(-c2ccc(O)cc2)coc2cc(O)ccc12,CCCCCCCCO,11933.29103356486,0.998604536576967
O=c1c(-c2ccc(O)cc2)coc2cc(O)ccc12,CCOC(C)=O,26930.928027962487,0.947883802908509
O=c1c(-c2ccc(O)cc2)coc2cc(O)ccc12,CO,23002.57074510872,0.9899757075993872
O=c1c(-c2ccc(O)cc2)coc2cc(O)ccc12,ClC(Cl)Cl,26987.99743102541,0.9940421276358796
O=c1c(-c2ccc(O)cc2)coc2cc(O[C@@H]3O[C@H](CO)[C@@H](O)[C@H](O)[C@H]3O)cc(O)c12,CC#N,17921.93757449474,0.9871591472392196
O=c1c(-c2ccc(O)cc2)coc2cc(O[C@@H]3O[C@H](CO)[C@@H](O)[C@H](O)[C@H]3O)cc(O)c12,CC(C)=O,692.7463347389296,0.9007736054527578
O=c1c(-c2ccc(O)cc2)coc2cc(O[C@@H]3O[C@H](CO)[C@@H](O)[C@H](O)[C@H]3O)cc(O)c12,CC(C)O,18393.82901216381,0.999183455571267
O=c1c(-c2ccc(O)cc2)coc2cc(O[C@@H]3O[C@H](CO)[C@@H](O)[C@H](O)[C@H]3O)cc(O)c12,CCCCCC,20579.72374282715,0.9988871098329396
O=c1c(-c2ccc(O)cc2)coc2cc(O[C@@H]3O[C@H](CO)[C@@H](O)[C@H](O)[C@H]3O)cc(O)c12,CCCCO,25212.58289804367,0.9616873904772512
O=c1c(-c2ccc(O)cc2)coc2cc(O[C@@H]3O[C@H](CO)[C@@H](O)[C@H](O)[C@H]3O)cc(O)c12,CCO,8905.153926147392,0.9763167576105132
O=c1c(-c2ccc(O)cc2)coc2cc(O[C@@H]3O[C@H](CO)[C@@H](O)[C@H](O)[C@H]3O)cc(O)c12,CCOC(C)=O,18445.904055930823,0.9995695485581668
O=c1c(-c2ccc(O)cc2)coc2cc(O[C@@H]3O[C@H](CO)[C@@H](O)[C@H](O)[C@H]3O)cc(O)c12,CO,5430.876039620488,0.9942315954438202
O=c1c(-c2ccc(O)cc2)coc2cc(O[C@@H]3O[C@H](CO)[C@@H](O)[C@H](O)[C@H]3O)cc(O)c12,ClC(Cl)Cl,14576.276034880471,0.984519757178141
O=c1c(-c2ccc(O)cc2)coc2cc(O[C@@H]3O[C@H](CO)[C@@H](O)[C@H](O)[C@H]3O)ccc12,C1CCOC1,77041.88414945206,0.9949031437974086
O=c1c(-c2ccc(O)cc2)coc2cc(O[C@@H]3O[C@H](CO)[C@@H](O)[C@H](O)[C@H]3O)ccc12,CC#N,31505.658463028696,0.9960566658390296
O=c1c(-c2ccc(O)cc2)coc2cc(O[C@@H]3O[C@H](CO)[C@@H](O)[C@H](O)[C@H]3O)ccc12,CC(C)=O,23989.503664264284,0.9849391394090324
O=c1c(-c2ccc(O)cc2)coc2cc(O[C@@H]3O[C@H](CO)[C@@H](O)[C@H](O)[C@H]3O)ccc12,CC(C)O,22286.71583896443,0.9835662302899288
O=c1c(-c2ccc(O)cc2)coc2cc(O[C@@H]3O[C@H](CO)[C@@H](O)[C@H](O)[C@H]3O)ccc12,CCCCO,21795.962671447567,0.9899649162501656
O=c1c(-c2ccc(O)cc2)coc2cc(O[C@@H]3O[C@H](CO)[C@@H](O)[C@H](O)[C@H]3O)ccc12,CCO,18788.515126662744,0.9974569998045948
O=c1c(-c2ccc(O)cc2)coc2cc(O[C@@H]3O[C@H](CO)[C@@H](O)[C@H](O)[C@H]3O)ccc12,CO,41579.35334058776,0.9922207218354224
O=c1c(-c2ccc(O)cc2)coc2cc(O[C@@H]3O[C@H](CO)[C@@H](O)[C@H](O)[C@H]3O)ccc12,ClC(Cl)Cl,39155.405489265504,0.9717808401309695
O=c1c(-c2ccc(O)cc2)coc2cc(O[C@@H]3O[C@H](CO)[C@@H](O)[C@H](O)[C@H]3O)ccc12,O,34943.28310451549,0.9946831153033
O=c1c(O)c(-c2cc(O)c(O)c(O)c2)oc2cc(O)cc(O)c12,CCCCCCCCO,22520.36866219856,0.9875989523199342
O=c1c(O)c(-c2cc(O)c(O)c(O)c2)oc2cc(O)cc(O)c12,O,100279.47099311142,0.9998243258044373
O=c1c(O)c(-c2ccc(O)c(O)c2)oc2cc(O)cc(O)c12,CCO,11573.408417044588,0.9981479023914964
O=c1c(O)c(-c2ccc(O)cc2)oc2cc(O)cc(O)c12,CCCCCCCCO,11609.50772376684,0.9450228746210416
O=c1c(O)c(-c2ccc(O)cc2)oc2cc(O)cc(O)c12,O,109873.52191529388,0.99295046878765
O=c1c(O)c(-c2ccc(O)cc2O)oc2cc(O)cc(O)c12,CCCCCCCCO,8845.927950436879,0.9795938944087678
O=c1c(O)c(-c2ccc(O)cc2O)oc2cc(O)cc(O)c12,O,97517.14067722234,0.9397186082557852
O=c1c2ccccc2nc2n1CCc1c-2[nH]c2ccccc12,C1CCCCC1,32559.73720938553,0.9951703889517652
O=c1c2ccccc2nc2n1CCc1c-2[nH]c2ccccc12,CC(C)=O,18594.131791697324,0.9925229885611138
O=c1c2ccccc2nc2n1CCc1c-2[nH]c2ccccc12,CC(C)O,33757.261183103925,0.9973708135332277
O=c1c2ccccc2nc2n1CCc1c-2[nH]c2ccccc12,CCCCC,60119.63203620862,0.9953898437615036
O=c1c2ccccc2nc2n1CCc1c-2[nH]c2ccccc12,CCCCCC,33198.60005042508,0.9893036191709296
O=c1c2ccccc2nc2n1CCc1c-2[nH]c2ccccc12,CCCCO,29971.14888721305,0.9833194581605644
O=c1c2ccccc2nc2n1CCc1c-2[nH]c2ccccc12,CCO,25106.15351387309,0.9099274829583728
O=c1c2ccccc2nc2n1CCc1c-2[nH]c2ccccc12,CCOC(C)=O,16070.090180981448,0.9829555223013527
O=c1c2ccccc2nc2n1CCc1c-2[nH]c2ccccc12,CCOCC,22491.953427733995,0.983854918530184
O=c1c2ccccc2nc2n1CCc1c-2[nH]c2ccccc12,ClC(Cl)Cl,52683.21760612442,0.982459415768692
O=c1c2ccccc2nc2n1CCc1c-2[nH]c2ccccc12,ClCCl,14833.724477302538,0.9921808668006276
O=c1c2ccccc2sc2ccc(Cl)cc12,C1CCOC1,11989.93060766665,0.9477935831349552
O=c1c2ccccc2sc2ccc(Cl)cc12,CC#N,27312.7922108577,0.9989407973288372
O=c1c2ccccc2sc2ccc(Cl)cc12,CC(C)=O,19156.08107827962,0.983685654923114
O=c1c2ccccc2sc2ccc(Cl)cc12,CCC(C)=O,29098.41711502828,0.9989046205891812
O=c1c2ccccc2sc2ccc(Cl)cc12,CCCO,28068.660455068264,0.995953588164976
O=c1c2ccccc2sc2ccc(Cl)cc12,CCO,31819.159695464485,0.9860245118583902
O=c1c2ccccc2sc2ccc(Cl)cc12,CCOC(C)=O,23496.97053059139,0.9996029128385012
O=c1c2ccccc2sc2ccc(Cl)cc12,CO,35582.608515493615,0.9938328729158458
O=c1c2ccccc2sc2ccc(Cl)cc12,Cc1ccccc1,27727.196750114592,0.9987986824085548
O=c1c2ccccc2sc2ccc(Cl)cc12,ClCCCl,20274.627888057617,0.997070553164224
O=c1c2ccccc2sc2ccccc12,C1CCOC1,20313.98324296344,0.998967286199217
O=c1c2ccccc2sc2ccccc12,C1COCCO1,12435.807087923527,0.9997990198720912
O=c1c2ccccc2sc2ccccc12,CC(C)=O,23337.329905789185,0.9986398839295452
O=c1c2ccccc2sc2ccccc12,CC(C)O,44892.55492827295,0.9999245862155156
O=c1c2ccccc2sc2ccccc12,CCC(C)=O,24322.17728978152,0.9976386182606356
O=c1c2ccccc2sc2ccccc12,CCO,57847.18082869862,0.9999379176150042
O=c1c2ccccc2sc2ccccc12,CCOC(C)=O,21647.828287979024,0.9998784857101224
O=c1c2ccccc2sc2ccccc12,CO,33436.07108962921,0.9953124622952436
O=c1c2ccccc2sc2ccccc12,Cc1ccccc1,28769.60536860556,0.99991350928774
O=c1c2ccccc2sc2ccccc12,ClCCl,24665.21708290267,0.9974796514259212
O=c1cc(-c2ccc(O)c(O)c2)oc2cc(O)cc(O)c12,CCCCCCCCO,11506.002250733323,0.9891770660957596
O=c1cc(-c2ccc(O)c(O)c2)oc2cc(O)cc(O)c12,CCO,20227.505365933164,0.9818457250629749
O=c1cc(-c2ccc(O)c(O)c2)oc2cc(O)cc(O)c12,CCOC(C)=O,25508.98720190905,0.9997628413966604
O=c1cc(-c2ccc(O)c(O)c2)oc2cc(O)cc(O)c12,CO,21261.406143557386,0.9965896736212752
O=c1cc(-c2ccc(O)c(O)c2)oc2cc(O)cc(O)c12,CS(C)=O,13078.857370595912,0.9992702843300438
O=c1cc(-c2ccc(O)c(O)c2)oc2cc(O)cc(O)c12,OCCO,28252.65918188954,0.99955910926655
O=c1cc(-c2ccc(O)cc2)oc2cc(O)cc(O)c12,CC(C)=O,12197.062806698606,0.972885135450214
O=c1cc(-c2ccc(O)cc2)oc2cc(O)cc(O)c12,CC(O)CO,15298.06256657558,0.999908109372838
O=c1cc(-c2ccc(O)cc2)oc2cc(O)cc(O)c12,CCC(C)O,19341.71785278599,0.9987981277000124
O=c1cc(-c2ccc(O)cc2)oc2cc(O)cc(O)c12,CCCCCCCCO,10683.40455807182,0.9490035512888252
O=c1cc(-c2ccc(O)cc2)oc2cc(O)cc(O)c12,CCCCO,13940.377234450394,0.9589582855125964
O=c1cc(-c2ccc(O)cc2)oc2cc(O)cc(O)c12,CCCO,12545.410181460544,0.9948585630153488
O=c1cc(-c2ccc(O)cc2)oc2cc(O)cc(O)c12,CCOCCOCCO,7783.5492250594,0.9974823537657064
O=c1cc(-c2ccc(O)cc2)oc2cc(O)cc(O)c12,CS(C)=O,6323.480283555445,0.9926383758069944
O=c1cc(-c2ccc(O)cc2)oc2cc(O)cc(O)c12,OCCO,17792.39912449372,0.9950803890500268
O=c1cc(-c2ccccc2)c2cc(O)c(O)cc2o1,CCCCCC,47984.41263839568,0.9463537621403588
O=c1cc(-c2ccccc2)c2cc(O)c(O)cc2o1,CCOC(C)=O,26589.593734691305,0.9133879235642136
O=c1cc(-c2ccccc2)c2cc(O)c(O)cc2o1,ClC(Cl)Cl,41952.8704808779,0.9385410675480844
O=c1cc(-c2ccccc2)c2cc(O)c(O)cc2o1,O,39171.0712724429,0.9452206771329352
O=c1cc(-c2ccccc2)oc2c1ccc1ccccc12,C1CCCCC1,33198.14634977159,0.9964322006451763
O=c1cc(-c2ccccc2)oc2c1ccc1ccccc12,C1COCCO1,25676.04449229698,0.9991122533253944
O=c1cc(-c2ccccc2)oc2c1ccc1ccccc12,CC#N,25049.99109686648,0.9960762717550612
O=c1cc(-c2ccccc2)oc2c1ccc1ccccc12,CC(C)=O,23102.21431326878,0.9971583240361706
O=c1cc(-c2ccccc2)oc2c1ccc1ccccc12,CC(C)CO,28481.00953744198,0.9959070797236712
O=c1cc(-c2ccccc2)oc2c1ccc1ccccc12,CC(C)O,28350.32937236301,0.99559967104026
O=c1cc(-c2ccccc2)oc2c1ccc1ccccc12,CCCCO,27958.50744401438,0.9921396090242344
O=c1cc(-c2ccccc2)oc2c1ccc1ccccc12,CCCO,28536.520990810463,0.9917979052218084
O=c1cc(-c2ccccc2)oc2c1ccc1ccccc12,CO,25870.12592291211,0.997155664530654
O=c1cc(-c2ccccc2)oc2c1ccc1ccccc12,Cc1ccccc1,22283.771263071016,0.999621800073634
O=c1cc(-c2ccccc2)oc2cc(O)cc(O)c12,CC(C)O,28202.6545621626,0.9922708668566678
O=c1cc(-c2ccccc2)oc2cc(O)cc(O)c12,CCCCCCCCO,5853.19662366477,0.989872689947846
O=c1cc(-c2ccccc2)oc2cc(O)cc(O)c12,CCCCO,27251.33272299772,0.997393574992816
O=c1cc(-c2ccccc2)oc2cc(O)cc(O)c12,CCCO,28124.621915629523,0.9972087333975148
O=c1cc(-c2ccccc2)oc2cc(O)cc(O)c12,CCOC(C)=O,17517.96613535948,0.995302425423054
O=c1cc(-c2ccccc2)oc2cc(O)cc(O)c12,CN(C)C=O,35889.32701992097,0.9930237774742556
O=c1cc(-c2ccccc2)oc2cc(O)cc(O)c12,CO,26137.056135285664,0.9811607813533332
O=c1cc(CBr)c2ccccc2[nH]1,C1COCCO1,28788.84212714036,0.9992738081161064
O=c1cc(CBr)c2ccccc2[nH]1,CC#N,17185.29586004952,0.9981175916488452
O=c1cc(CBr)c2ccccc2[nH]1,CC(C)O,16813.455724175546,0.9974486888244812
O=c1cc(CBr)c2ccccc2[nH]1,CCC(C)=O,15009.081256080162,0.9992865693462286
O=c1cc(CBr)c2ccccc2[nH]1,CCCCO,10935.833669469264,0.9912019424152522
O=c1cc(CBr)c2ccccc2[nH]1,CCCO,12812.036341720335,0.990767745787477
O=c1cc(CBr)c2ccccc2[nH]1,CN(C)C=O,23139.40882017242,0.9970273491784988
O=c1cc(CBr)c2ccccc2[nH]1,CN1CCCC1=O,19412.43394434391,0.9974634400582812
O=c1cc(CBr)c2ccccc2[nH]1,CO,16402.64515725307,0.9981658211794012
O=c1cc(CBr)c2ccccc2[nH]1,CS(C)=O,33301.58526992984,0.9962293096875792
O=c1cc(CBr)c2ccccc2[nH]1,Cc1ccccc1,22241.53422118616,0.9949147806701708
O=c1cc(CBr)c2ccccc2[nH]1,O,42225.17233014564,0.9997907822862722
O=c1cc(CO)occ1O,C1CCOC1,27158.4139315466,0.9968690595306432
O=c1cc(CO)occ1O,C1COCCO1,27602.27081339813,0.997984850354278
O=c1cc(CO)occ1O,CC#N,30636.577923858487,0.9991879019253284
O=c1cc(CO)occ1O,CC(=O)N(C)C,9148.522390745457,0.9966040752579892
O=c1cc(CO)occ1O,CC(=O)O,30077.60474453197,0.9985518038601694
O=c1cc(CO)occ1O,CC(C)=O,25290.201504378536,0.997963580572541
O=c1cc(CO)occ1O,CC(C)O,27193.862164859096,0.9991631311658304
O=c1cc(CO)occ1O,CCC(C)O,28590.7439402699,0.9996652164936376
O=c1cc(CO)occ1O,CCCO,29906.67126728284,0.9992713059575244
O=c1cc(CO)occ1O,CCO,29926.455975695,0.9990867253657688
O=c1cc(CO)occ1O,CCOC(C)=O,28383.96574060664,0.9972584787736292
O=c1cc(CO)occ1O,CCOCCO,19345.99316383412,0.9991176538915982
O=c1cc(CO)occ1O,CN(C)C=O,12566.2436492924,0.998721817004316
O=c1cc(CO)occ1O,CN1CCCC1=O,6453.919599093983,0.9989306610784376
O=c1cc(CO)occ1O,CO,27510.582443207142,0.9996355933309448
O=c1cc(CO)occ1O,COC(C)=O,29951.55053187652,0.999688397707034
O=c1cc(CO)occ1O,CS(C)=O,8373.925862895514,0.9948260831373954
O=c1cc(CO)occ1O,O,35367.85409693955,0.996112572472122
O=c1cc(O)c(Cl)c[nH]1,CC(C)O,23408.01578403676,0.9999320719923276
O=c1cc(O)c(Cl)c[nH]1,CN(C)C=O,20451.65992895496,0.9997264771688849
O=c1cc(O)c(Cl)c[nH]1,CS(C)=O,20818.73653365046,0.9998965186430788
O=c1cc[nH]c(=O)[nH]1,CC(C)O,31987.883457932912,0.9880198296127848
O=c1ccc(-c2ccccc2)n[nH]1,CCO,22296.168788639487,0.9999095170042596
O=c1ccc(-c2ccccc2)n[nH]1,CO,24801.320031963594,0.999810317885053
O=c1ccc(-c2ccccc2)n[nH]1,O,28874.330015974585,0.9999228336101676
O=c1ccc(-c2ccccc2)n[nH]1,OCCO,25612.0670223314,0.9999335818893572
O=c1ccc2cc(O)c(O)cc2o1,CC#N,24632.232118208085,0.9995793357649227
O=c1ccc2cc(O)c(O)cc2o1,CC(C)=O,33497.042543651274,0.9993937503068984
O=c1ccc2cc(O)c(O)cc2o1,CC(C)CCO,30704.01719973973,0.9959283640107992
O=c1ccc2cc(O)c(O)cc2o1,CC(C)CO,19405.631974299784,0.998918738746858
O=c1ccc2cc(O)c(O)cc2o1,CCCCO,25955.79287987453,0.9979172478724994
O=c1ccc2cc(O)c(O)cc2o1,CCCO,27822.787744395013,0.9986847269918132
O=c1ccc2cc(O)c(O)cc2o1,CCO,33565.64743962256,0.9992614501858716
O=c1ccc2cc(O)c(O)cc2o1,CCOC(C)=O,13112.922910119509,0.9988914429008556
O=c1ccc2cc(O)c(O)cc2o1,CO,80110.0129293906,0.9999982061952848
O=c1ccc2cc(O)c(O)cc2o1,O,15041.061863397046,0.9990642509467104
O=c1ccc2ccccc2o1,C1CCCCC1,46123.63343103151,0.9994279236677832
O=c1ccc2ccccc2o1,CC(C)O,84928.73126100098,0.9971122793687224
O=c1ccc2ccccc2o1,CCCCCC,43794.55975423525,0.9995028005443418
O=c1ccc2ccccc2o1,CCCO,80762.38310331912,0.9971956601979932
O=c1ccc2ccccc2o1,CCO,78159.23988091337,0.9951739586604544
O=c1ccc2ccccc2o1,CO,77884.33355333935,0.9900158049186604
O=c1ccc2ccccc2o1,O,32013.80412175671,0.9675155283724912
O=c1ccn([C@@H]2O[C@H](CO)[C@@H](O)[C@H]2O)c(=O)[nH]1,CCCCO,22723.197434428603,0.9991093486437812
O=c1ccn([C@@H]2O[C@H](CO)[C@@H](O)[C@H]2O)c(=O)[nH]1,CCCCOCCO,23685.23484574098,0.997921155864206
O=c1ccn([C@@H]2O[C@H](CO)[C@@H](O)[C@H]2O)c(=O)[nH]1,CCCO,27021.8937804686,0.999637326746976
O=c1ccn([C@@H]2O[C@H](CO)[C@@H](O)[C@H]2O)c(=O)[nH]1,CCCOCCO,24846.488476802268,0.9991498180058354
O=c1ccn([C@@H]2O[C@H](CO)[C@@H](O)[C@H]2O)c(=O)[nH]1,CCOCCO,20595.06993089009,0.9974842733856
O=c1ccn([C@@H]2O[C@H](CO)[C@@H](O)[C@H]2O)c(=O)[nH]1,CN(C)C=O,4577.688571061907,0.9962152592870618
O=c1ccn([C@@H]2O[C@H](CO)[C@@H](O)[C@H]2O)c(=O)[nH]1,COCCO,28390.960516108225,0.9990111968625502
O=c1ccn([C@@H]2O[C@H](CO)[C@@H](O)[C@H]2O)c(=O)[nH]1,OCCO,43979.04811103948,0.9952911616497596
O=c1cnc(Br)c[nH]1,CC#N,27265.60953105528,0.9998020348772214
O=c1cnc(Br)c[nH]1,CC(C)=O,29218.891707015,0.9995476624230084
O=c1cnc(Br)c[nH]1,CC(C)O,33885.065721282015,0.9994453983595092
O=c1cnc(Br)c[nH]1,CC(O)CO,37544.47599784688,0.999555797923964
O=c1cnc(Br)c[nH]1,CCCO,28190.772460461805,0.9998586220739772
O=c1cnc(Br)c[nH]1,CN(C)C=O,29810.78128364972,0.9976702256046436
O=c1cnc(Br)c[nH]1,CO,31981.51286917536,0.99684646096828
O=c1cnc(Br)c[nH]1,O,40962.49706213912,0.9953645252297748
O=c1cnc(Br)c[nH]1,OCCO,40910.87127867385,0.998843810450125
O=c1nc[nH]c2[nH]ncc12,C1CCCCC1,34165.450700508925,0.999167340822593
O=c1nc[nH]c2[nH]ncc12,C1COCCO1,29662.875311218548,0.9997195207113188
O=c1nc[nH]c2[nH]ncc12,CC#N,24422.852872954954,0.9998297069567303
O=c1nc[nH]c2[nH]ncc12,CC(C)=O,25020.169193406982,0.9999966882310172
O=c1nc[nH]c2[nH]ncc12,CCC(C)=O,24720.16765550483,0.9999975976243768
O=c1nc[nH]c2[nH]ncc12,CCCCCCCO,21434.357010950283,0.9999211308131226
O=c1nc[nH]c2[nH]ncc12,CCCCCCO,26992.199340308267,0.9997486875989005
O=c1nc[nH]c2[nH]ncc12,CCCCO,27682.569851685334,0.9998795315132422
O=c1nc[nH]c2[nH]ncc12,CCO,34584.33911524542,0.9998205828613403
O=c1nc[nH]c2[nH]ncc12,CN(C)C=O,22566.28073084229,0.9994142447623156
O=c1nc[nH]c2[nH]ncc12,CO,35904.4644413315,0.999923855721153
O=c1nc[nH]c2[nH]ncc12,O,41498.41920325735,0.9998142857821544
OC(CN1CCN(CC(O)(Cn2cncn2)c2ccc(F)cc2F)CC1)(Cn1cncn1)c1ccc(F)cc1F,CCCCCC,24519.250056570603,0.999507522780762
OC(CN1CCN(CC(O)(Cn2cncn2)c2ccc(F)cc2F)CC1)(Cn1cncn1)c1ccc(F)cc1F,CCCCCCCCO,35327.47414025221,0.9996092074957456
OC(CN1CCN(CC(O)(Cn2cncn2)c2ccc(F)cc2F)CC1)(Cn1cncn1)c1ccc(F)cc1F,CCO,20873.052807226097,0.9934798456671012
OC(Cn1cncn1)(Cn1cncn1)c1ccc(F)cc1F,C1CCOC1,31100.05048270992,0.9945734628882088
OC(Cn1cncn1)(Cn1cncn1)c1ccc(F)cc1F,C1COCCO1,26884.29942437092,0.9851194728679404
OC(Cn1cncn1)(Cn1cncn1)c1ccc(F)cc1F,CCCCO,33365.536387792745,0.986158529090332
OC(Cn1cncn1)(Cn1cncn1)c1ccc(F)cc1F,CCCO,27447.454734972776,0.9655772030033092
OC(Cn1cncn1)(Cn1cncn1)c1ccc(F)cc1F,CCO,29914.5452253384,0.9346031764828988
OC(Cn1cncn1)(Cn1cncn1)c1ccc(F)cc1F,CO,60678.20633867539,0.9972267506440392
OC(Cn1cncn1)(Cn1cncn1)c1ccc(F)cc1F,O,7197.1011576087885,0.9577867120852872
OC/C=C/c1ccccc1,CC(C)=O,25154.615846477736,0.9968899116972336
OC/C=C/c1ccccc1,CC(C)CO,43333.26492772257,0.996260782450711
OC/C=C/c1ccccc1,CC(C)O,30028.13061190025,0.9939678936918348
OC/C=C/c1ccccc1,CCC(C)O,40130.6252947329,0.9957382357477388
OC/C=C/c1ccccc1,CCCCCC,34099.512274281915,0.9807354984705012
OC/C=C/c1ccccc1,CCCCO,36890.40274683491,0.9994799393785172
OC/C=C/c1ccccc1,CCCO,31595.73537700049,0.9970037256224256
OC/C=C/c1ccccc1,CCO,28496.530736822515,0.9901781169478774
OC/C=C/c1ccccc1,CCOC(C)=O,30966.885514959675,0.9966774472122222
OC/C=C/c1ccccc1,CO,25519.368789292454,0.965512612479291
OC/C=C/c1ccccc1,COC(C)=O,32518.82674128016,0.9987789360649192
OC1OC[C@@H](O)[C@H](O)[C@H]1O,O=CO,24122.252793586,0.9965224530478288
OCC(CO)(CO)CO,CC(C)O,29138.253678463985,0.9970947568889372
OCC(CO)(CO)CO,CCO,32112.1964051912,0.9933424524606124
OCC(CO)(CO)CO,O,22828.713903071643,0.997172875013574
OCC(O)COc1ccc(Cl)cc1,C1CCOC1,29033.18342645255,0.9856908842686826
OCC(O)COc1ccc(Cl)cc1,C1COCCO1,34147.63610047821,0.9865192791406168
OCC(O)COc1ccc(Cl)cc1,CC(C)=O,44793.0084870127,0.994402911575
OCC(O)COc1ccc(Cl)cc1,CC(C)CO,52519.99710242188,0.9786002613342126
OCC(O)COc1ccc(Cl)cc1,CCC(C)O,50822.55520442312,0.9898731393743502
OCC(O)COc1ccc(Cl)cc1,CCCO,49191.308437396045,0.9860374889101962
OCC(O)COc1ccc(Cl)cc1,CCOC(C)=O,57238.35003035284,0.9876485723100368
OCC(O)COc1ccc(Cl)cc1,CO,42425.57231484659,0.9812653094063496
OCC(O)COc1ccc(Cl)cc1,COC(C)=O,56225.35041859992,0.9910183309753609
OCC1(O)OC[C@@H](O)[C@@H](O)[C@H]1O,CC#N,38921.25442599654,0.9973271057698256
OCC1(O)OC[C@@H](O)[C@@H](O)[C@H]1O,CC(C)=O,45696.61632389547,0.9951006783144208
OCC1(O)OC[C@@H](O)[C@@H](O)[C@H]1O,CCC(C)=O,46852.51941842328,0.991271494376799
OCC1(O)OC[C@@H](O)[C@@H](O)[C@H]1O,CCCO,40055.05705569848,0.997143626820949
OCC1(O)OC[C@@H](O)[C@@H](O)[C@H]1O,CCO,34114.10216454653,0.9984079111381218
OCC1(O)OC[C@@H](O)[C@@H](O)[C@H]1O,CCOC(C)=O,32955.72904957714,0.9956068588559766
OCC1(O)OC[C@@H](O)[C@@H](O)[C@H]1O,CCOC=O,50473.41225909581,0.9980477780362428
OCC1(O)OC[C@@H](O)[C@@H](O)[C@H]1O,COC(C)=O,44349.82629604137,0.9957045998245344
OCC1(O)OC[C@@H](O)[C@H](O)[C@@H]1O,CC(C)O,37996.11407112268,0.9831165189135146
OCC1(O)OC[C@@H](O)[C@H](O)[C@@H]1O,CCCO,39925.78519991354,0.9843779894186068
OCC1(O)OC[C@@H](O)[C@H](O)[C@@H]1O,CO,25468.66495090872,0.9919232604360292
OCC1(O)OC[C@@H](O)[C@H](O)[C@@H]1O,O,12774.090348757474,0.9992161601505128
OCCCCCCO,CCCCO,54847.37930573648,0.9903220571781758
OCCCCCCO,CCOC(C)=O,57786.91244546675,0.9846567987132144
OCCCCCCO,CO,47810.657324994696,0.9807309015441976
OCCN1CCN(CCCN2c3ccccc3Sc3ccc(Cl)cc32)CC1,CC(=O)N(C)C,23225.64694195209,0.9980039533356168
OCCN1CCN(CCCN2c3ccccc3Sc3ccc(Cl)cc32)CC1,CC(C)=O,43679.46482717994,0.9881374988313338
OCCN1CCN(CCCN2c3ccccc3Sc3ccc(Cl)cc32)CC1,CCCCCOC(C)=O,31437.99423302692,0.9911363048423102
OCCN1CCN(CCCN2c3ccccc3Sc3ccc(Cl)cc32)CC1,CCCCO,46852.76700943155,0.986816061871184
OCCN1CCN(CCCN2c3ccccc3Sc3ccc(Cl)cc32)CC1,CCCO,49864.554298647934,0.9863171345370068
OCCN1CCN(CCCN2c3ccccc3Sc3ccc(Cl)cc32)CC1,CCCOC(C)=O,34133.14149222223,0.9920840139799368
OCCN1CCN(CCCN2c3ccccc3Sc3ccc(Cl)cc32)CC1,CCOC(C)=O,37371.6088480408,0.9923443107376744
OCCN1CCN(CCCN2c3ccccc3Sc3ccc(Cl)cc32)CC1,CCOCCO,25509.945771901428,0.9870914495140376
OCCN1CCN(CCCN2c3ccccc3Sc3ccc(Cl)cc32)CC1,CN(C)C=O,32823.42011364008,0.9982158501896192
OCCN1CCN(CCCN2c3ccccc3Sc3ccc(Cl)cc32)CC1,COC(C)=O,41996.18426933458,0.9883860743068684
OCCOc1ccc2ccccc2c1-c1c(OCCO)ccc2ccccc12,CC(=O)OCC(C)C,44366.23651507596,0.9990151052103728
OCCOc1ccc2ccccc2c1-c1c(OCCO)ccc2ccccc12,CC(C)=O,40741.36221144608,0.9995094859404616
OCCOc1ccc2ccccc2c1-c1c(OCCO)ccc2ccccc12,CC(C)CO,48133.40731529173,0.9991603479985876
OCCOc1ccc2ccccc2c1-c1c(OCCO)ccc2ccccc12,CC(C)O,45975.75043692771,0.997988433825369
OCCOc1ccc2ccccc2c1-c1c(OCCO)ccc2ccccc12,CCCCCO,46095.56885587137,0.9999385664546152
OCCOc1ccc2ccccc2c1-c1c(OCCO)ccc2ccccc12,CCCCO,47160.35746210629,0.9990694466461216
OCCOc1ccc2ccccc2c1-c1c(OCCO)ccc2ccccc12,CCCCOC(C)=O,43707.89941513704,0.9970308094908972
OCCOc1ccc2ccccc2c1-c1c(OCCO)ccc2ccccc12,CCCO,44892.19722672209,0.997255403482644
OCCOc1ccc2ccccc2c1-c1c(OCCO)ccc2ccccc12,CCOC(C)=O,42279.96654105122,0.9988019581630592
OCCOc1ccc2ccccc2c1-c1c(OCCO)ccc2ccccc12,COC(C)=O,42003.49814899231,0.9989094153901348
OCCOc1ccc2ccccc2c1-c1c(OCCO)ccc2ccccc12,Cc1ccccc1,46258.90691263879,0.9996925058899536
OCCc1ccccc1,O,6230.63303613359,0.903692277978173
OC[C@@H](O)C(O)[C@@H](O)CO,CC(C)=O,41795.51774379768,0.9863486504665576
OC[C@@H](O)C(O)[C@@H](O)CO,CC(C)O,46232.97636008288,0.995029354021072
OC[C@@H](O)C(O)[C@@H](O)CO,CCCCO,46137.742926002655,0.9955364192659998
OC[C@@H](O)C(O)[C@@H](O)CO,CN(C)C=O,35083.99718878163,0.994030122909028
OC[C@@H](O)C(O)[C@@H](O)CO,Cc1ccccc1,18882.993559570987,0.9790799004460768
OC[C@@H](O)C(O)[C@@H](O)CO,O,26354.20391439372,0.995084730599221
OC[C@@H](O)CN1CCN(c2ccccc2)CC1,CC(=O)OC(C)C,37489.51021506773,0.9976909093630448
OC[C@@H](O)CN1CCN(c2ccccc2)CC1,CC(C)CCO,41209.26744935215,0.9990437427239502
OC[C@@H](O)CN1CCN(c2ccccc2)CC1,CC(C)CO,37905.61578077362,0.997945693335772
OC[C@@H](O)CN1CCN(c2ccccc2)CC1,CC(C)O,32228.011029173824,0.9992631003400708
OC[C@@H](O)CN1CCN(c2ccccc2)CC1,CCCCCCCO,39070.67839986694,0.9997160371166962
OC[C@@H](O)CN1CCN(c2ccccc2)CC1,CCCCCCO,38832.75466362658,0.9992195955709324
OC[C@@H](O)CN1CCN(c2ccccc2)CC1,CCCCCOC(C)=O,38841.4561229137,0.9980473887593726
OC[C@@H](O)CN1CCN(c2ccccc2)CC1,CCCO,41492.59353588896,0.9956377085446464
OC[C@@H](O)CN1CCN(c2ccccc2)CC1,CCCOC(C)=O,38924.79048731359,0.9990273042822004
OC[C@@H](O)CN1CCN(c2ccccc2)CC1,CCOC(C)=O,37290.226596609056,0.994955832806128
OC[C@@H](O)[C@@H](O)[C@H](O)[C@@H](O)CO,CC(C)=O,17622.890507153512,0.9957810765379612
OC[C@@H](O)[C@@H](O)[C@H](O)[C@@H](O)CO,CCCCO,23475.296340132336,0.9987607638030972
OC[C@@H](O)[C@@H](O)[C@H](O)[C@@H](O)CO,CCCO,27581.76083964299,0.9995974140993228
OC[C@@H](O)[C@@H](O)[C@H](O)[C@@H](O)CO,CCO,30261.50958228989,0.9997745466044886
OC[C@@H](O)[C@@H](O)[C@H](O)[C@@H](O)CO,CCOC(C)=O,13090.10230152978,0.9960650757446844
OC[C@@H](O)[C@@H](O)[C@H](O)[C@@H](O)CO,CO,35202.719304265025,0.9996705137046236
OC[C@@H](O)[C@@H](O[C@H]1O[C@H](CO)[C@@H](O)[C@H](O)[C@H]1O)[C@H](O)[C@@H](O)CO,CC(C)O,28987.222799359966,0.969646380207467
OC[C@@H](O)[C@@H](O[C@H]1O[C@H](CO)[C@@H](O)[C@H](O)[C@H]1O)[C@H](O)[C@@H](O)CO,CCO,28972.333317385328,0.994696311239686
OC[C@@H](O)[C@@H](O[C@H]1O[C@H](CO)[C@@H](O)[C@H](O)[C@H]1O)[C@H](O)[C@@H](O)CO,CN(C)C=O,22211.263839251245,0.974797520124141
OC[C@@H](O)[C@@H](O[C@H]1O[C@H](CO)[C@@H](O)[C@H](O)[C@H]1O)[C@H](O)[C@@H](O)CO,CO,26756.11881659491,0.9823000724860752
OC[C@@H](O)[C@@H](O[C@H]1O[C@H](CO)[C@@H](O)[C@H](O)[C@H]1O)[C@H](O)[C@@H](O)CO,O,26199.275656823207,0.9870784061004686
OC[C@H]1O[C@@H](Oc2c(O)cc(O)cc2/C=C/c2ccc(O)cc2)[C@H](O)[C@@H](O)[C@@H]1O,C1CCOC1,26487.92606703929,0.9999781211870512
OC[C@H]1O[C@@H](Oc2c(O)cc(O)cc2/C=C/c2ccc(O)cc2)[C@H](O)[C@@H](O)[C@@H]1O,CC(C)=O,26297.888442153053,0.9996178259705264
OC[C@H]1O[C@@H](Oc2c(O)cc(O)cc2/C=C/c2ccc(O)cc2)[C@H](O)[C@@H](O)[C@@H]1O,CCCO,26502.40668291223,0.9970267781697508
OC[C@H]1O[C@@H](Oc2c(O)cc(O)cc2/C=C/c2ccc(O)cc2)[C@H](O)[C@@H](O)[C@@H]1O,CCO,27218.80256209637,0.998174982460854
OC[C@H]1O[C@@H](Oc2c(O)cc(O)cc2/C=C/c2ccc(O)cc2)[C@H](O)[C@@H](O)[C@@H]1O,CCOC(C)=O,26417.584325275457,0.9995501101926724
OC[C@H]1O[C@@H](Oc2c(O)cc(O)cc2/C=C/c2ccc(O)cc2)[C@H](O)[C@@H](O)[C@@H]1O,CN(C)C=O,26844.875859089465,0.9996849028702371
OC[C@H]1O[C@@H](Oc2c(O)cc(O)cc2/C=C/c2ccc(O)cc2)[C@H](O)[C@@H](O)[C@@H]1O,CO,28293.84140053224,0.9997288695488464
OC[C@H]1O[C@@H](Oc2ccc(O)cc2)[C@H](O)[C@@H](O)[C@@H]1O,C1COCCO1,10491.441505528388,0.9638877374054844
OC[C@H]1O[C@@H](Oc2ccc(O)cc2)[C@H](O)[C@@H](O)[C@@H]1O,CC(C)=O,15045.61415125089,0.9490578767337552
OC[C@H]1O[C@@H](Oc2ccc(O)cc2)[C@H](O)[C@@H](O)[C@@H]1O,CC(C)CO,28694.627047890404,0.987600937575362
OC[C@H]1O[C@@H](Oc2ccc(O)cc2)[C@H](O)[C@@H](O)[C@@H]1O,CC(C)O,26029.450721374404,0.9682532765369272
OC[C@H]1O[C@@H](Oc2ccc(O)cc2)[C@H](O)[C@@H](O)[C@@H]1O,CCC(C)O,34174.072647831534,0.9892636058899296
OC[C@H]1O[C@@H](Oc2ccc(O)cc2)[C@H](O)[C@@H](O)[C@@H]1O,CCCCCO,22988.31130332705,0.9953459696786496
OC[C@H]1O[C@@H](Oc2ccc(O)cc2)[C@H](O)[C@@H](O)[C@@H]1O,CCCO,20761.6659559875,0.9925328528172472
OC[C@H]1O[C@@H](Oc2ccc(O)cc2)[C@H](O)[C@@H](O)[C@@H]1O,CCO,16468.779064444807,0.962285298662516
OC[C@H]1O[C@@H](Oc2ccc(O)cc2)[C@H](O)[C@@H](O)[C@@H]1O,CO,12187.073872079987,0.9597189225370398
OC[C@H]1O[C@@H](Oc2ccc(O)cc2)[C@H](O)[C@@H](O)[C@@H]1O,COC(C)=O,24157.315752582774,0.9672405345100352
OC[C@H]1O[C@@H](Oc2ccc(O)cc2)[C@H](O)[C@@H](O)[C@@H]1O,ClCCl,47602.420784183,0.9658782007352846
OC[C@H]1O[C@@H](Oc2ccc(O)cc2)[C@H](O)[C@@H](O)[C@@H]1O,OCCO,6450.15709217978,0.9873412979122624
OC[C@H]1O[C@@H](c2ccc(Cl)c(Cc3ccc(O[C@H]4CCOC4)cc3)c2)[C@H](O)[C@@H](O)[C@@H]1O,CCCCO,50960.951517550544,0.9995972922232212
OC[C@H]1O[C@@H](c2ccc(Cl)c(Cc3ccc(O[C@H]4CCOC4)cc3)c2)[C@H](O)[C@@H](O)[C@@H]1O,CCCO,43986.782303615975,0.9977827205254546
OC[C@H]1O[C@@H](c2ccc(Cl)c(Cc3ccc(O[C@H]4CCOC4)cc3)c2)[C@H](O)[C@@H](O)[C@@H]1O,CCO,40449.50907910951,0.9961792522813732
OC[C@H]1O[C@@H](c2ccc(Cl)c(Cc3ccc(O[C@H]4CCOC4)cc3)c2)[C@H](O)[C@@H](O)[C@@H]1O,CCOC(C)=O,39951.43676159422,0.9976036832436966
OC[C@H]1O[C@@H](c2ccc(Cl)c(Cc3ccc(O[C@H]4CCOC4)cc3)c2)[C@H](O)[C@@H](O)[C@@H]1O,CN(C)C=O,6334.929539204066,0.995512936376586
OC[C@H]1O[C@@H](c2ccc(Cl)c(Cc3ccc(O[C@H]4CCOC4)cc3)c2)[C@H](O)[C@@H](O)[C@@H]1O,CO,31250.25536082041,0.9960480482757532
OC[C@H]1O[C@@H](c2ccc(Cl)c(Cc3ccc(O[C@H]4CCOC4)cc3)c2)[C@H](O)[C@@H](O)[C@@H]1O,NC=O,23635.954527100243,0.9877838356579725
OC[C@H]1O[C@@H](c2ccc(Cl)c(Cc3ccc(O[C@H]4CCOC4)cc3)c2)[C@H](O)[C@@H](O)[C@@H]1O,OCCO,37541.87022273491,0.9968093665856068
OC[C@H]1O[C@H](O[C@H]2O[C@H](CO)[C@@H](O)[C@H](O)[C@H]2O)[C@H](O)[C@@H](O)[C@@H]1O,CCO,11983.094884721088,0.9970239607042932
OC[C@H]1O[C@H](O[C@H]2O[C@H](CO)[C@@H](O)[C@H](O)[C@H]2O)[C@H](O)[C@@H](O)[C@@H]1O,O,29483.4382327298,0.916873027697771
OC[C@H]1O[C@H](O[C@]2(CCl)O[C@H](CCl)[C@@H](O)[C@@H]2O)[C@H](O)[C@@H](O)[C@H]1Cl,CC(C)O,31576.402427445093,0.933141968076636
OC[C@H]1O[C@H](O[C@]2(CCl)O[C@H](CCl)[C@@H](O)[C@@H]2O)[C@H](O)[C@@H](O)[C@H]1Cl,CCO,19938.835374447903,0.9940783722942266
OC[C@H]1O[C@H](O[C@]2(CCl)O[C@H](CCl)[C@@H](O)[C@@H]2O)[C@H](O)[C@@H](O)[C@H]1Cl,CO,9660.24487656914,0.9441603834652836
OC[C@H]1O[C@H](O[C@]2(CCl)O[C@H](CCl)[C@@H](O)[C@@H]2O)[C@H](O)[C@@H](O)[C@H]1Cl,O,17534.771465101017,0.9918702084901162
OCc1ccc(O[C@@H]2O[C@H](CO)[C@@H](O)[C@H](O)[C@H]2O)cc1,C1CCCCC1,39597.0778063581,0.9872902543836716
OCc1ccc(O[C@@H]2O[C@H](CO)[C@@H](O)[C@H](O)[C@H]2O)cc1,C1COCCO1,19375.022928441264,0.9996951667290324
OCc1ccc(O[C@@H]2O[C@H](CO)[C@@H](O)[C@H](O)[C@H]2O)cc1,CC#N,17580.86703157852,0.9998735152341418
OCc1ccc(O[C@@H]2O[C@H](CO)[C@@H](O)[C@H](O)[C@H]2O)cc1,CC(C)=O,22647.05222083156,0.9996270572122656
OCc1ccc(O[C@@H]2O[C@H](CO)[C@@H](O)[C@H](O)[C@H]2O)cc1,CC(C)O,21622.584786890468,0.9977919849340758
OCc1ccc(O[C@@H]2O[C@H](CO)[C@@H](O)[C@H](O)[C@H]2O)cc1,CCCCO,9520.468416598644,0.9991978722618716
OCc1ccc(O[C@@H]2O[C@H](CO)[C@@H](O)[C@H](O)[C@H]2O)cc1,CCO,23805.68046878403,0.997769604330602
OCc1ccc(O[C@@H]2O[C@H](CO)[C@@H](O)[C@H](O)[C@H]2O)cc1,CCOC(C)=O,19577.63772828997,0.9996584673393516
OCc1ccc(O[C@@H]2O[C@H](CO)[C@@H](O)[C@H](O)[C@H]2O)cc1,Cc1ccccc1,20379.70571752988,0.999185393895421
OCc1ccc(O[C@@H]2O[C@H](CO)[C@@H](O)[C@H](O)[C@H]2O)cc1,O=C1CCCCC1,21883.532853254463,0.9992822560573692
OCc1ccccc1O[C@@H]1OC(CO)[C@@H](O)[C@@H](O)C1O,CC(C)=O,31629.36947396884,0.991248635108744
OCc1ccccc1O[C@@H]1OC(CO)[C@@H](O)[C@@H](O)C1O,CC(C)CO,27648.58440147028,0.9947329113893492
OCc1ccccc1O[C@@H]1OC(CO)[C@@H](O)[C@@H](O)C1O,CC(C)O,30194.762497996973,0.995910627309624
OCc1ccccc1O[C@@H]1OC(CO)[C@@H](O)[C@@H](O)C1O,CCCCCO,32132.500794144384,0.9959648829749812
OCc1ccccc1O[C@@H]1OC(CO)[C@@H](O)[C@@H](O)C1O,CCCCO,30131.790687577497,0.9887996599073698
OCc1ccccc1O[C@@H]1OC(CO)[C@@H](O)[C@@H](O)C1O,CCCO,28467.79506412361,0.9924322543987796
OCc1ccccc1O[C@@H]1OC(CO)[C@@H](O)[C@@H](O)C1O,CCO,29997.91195074598,0.9912136103179348
OCc1ccccc1O[C@@H]1OC(CO)[C@@H](O)[C@@H](O)C1O,CCOC(C)=O,46233.40412945331,0.955014149485231
OCc1ccccc1O[C@@H]1OC(CO)[C@@H](O)[C@@H](O)C1O,CO,24722.54501070045,0.9977767302344714
OCc1cn(Cc2ccccc2)nn1,CC(C)O,54549.34149681788,0.995060420340984
OCc1cn(Cc2ccccc2)nn1,CCCCO,47235.490168656346,0.9983041964504752
OCc1cn(Cc2ccccc2)nn1,CCCO,54316.53395293607,0.994836438648372
OCc1cn(Cc2ccccc2)nn1,CCO,58376.07721961378,0.996102251179903
OCc1cn(Cc2ccccc2)nn1,CO,45266.50025466713,0.9979012211265956
OCc1cn(Cc2ccccc2)nn1,O,45612.36478756513,0.9929472683243156
ON(Cc1ccccc1)Cc1ccccc1,C1CCOC1,18851.538373256,0.9995164960200746
ON(Cc1ccccc1)Cc1ccccc1,CC#N,38450.610189142135,0.9998762529970784
ON(Cc1ccccc1)Cc1ccccc1,CC(C)=O,30100.21186868212,0.9998466755509806
ON(Cc1ccccc1)Cc1ccccc1,CC(C)CO,39546.59781806962,0.999880522234037
ON(Cc1ccccc1)Cc1ccccc1,CC(C)O,44191.87029472289,0.999671903317756
ON(Cc1ccccc1)Cc1ccccc1,CCCCCCCCO,41674.59697014443,0.999884147140509
ON(Cc1ccccc1)Cc1ccccc1,CCCCCO,35611.59094154349,0.9998847860843834
ON(Cc1ccccc1)Cc1ccccc1,CCCCO,35398.91325461069,0.9998191745605216
ON(Cc1ccccc1)Cc1ccccc1,CCCO,35026.08523442026,0.9996264401791272
ON(Cc1ccccc1)Cc1ccccc1,CCO,33758.123398772885,0.9996960129201254
ON(Cc1ccccc1)Cc1ccccc1,CO,32102.764239822704,0.9999294378552716
ON(Cc1ccccc1)Cc1ccccc1,ClCCl,32570.202338562154,0.9994126076711214
O[C@H]1[C@H](O)[C@@H](O)[C@H](O)[C@@H](O)[C@H]1O,CC(=O)O,25959.345886367657,0.9985380956685688
O[C@H]1[C@H](O)[C@@H](O)[C@H](O)[C@@H](O)[C@H]1O,CC(C)O,16951.70825045687,0.9883428118194636
O[C@H]1[C@H](O)[C@@H](O)[C@H](O)[C@@H](O)[C@H]1O,CCO,12002.4592933615,0.9812781090123062
O[C@H]1[C@H](O)[C@@H](O)[C@H](O)[C@@H](O)[C@H]1O,O,20043.21178101584,0.9567556803420988
Oc1c(Br)cc(Br)c2cccnc12,C1COCCO1,31126.17422060215,0.9973459324269096
Oc1c(Br)cc(Br)c2cccnc12,CCC(C)=O,36604.110854244514,0.9979999325098964
Oc1c(Br)cc(Br)c2cccnc12,CCCCO,39895.441393680914,0.996321792887972
Oc1c(Br)cc(Br)c2cccnc12,CCCO,40314.08122558609,0.9985081901088616
Oc1c(Br)cc(Br)c2cccnc12,CCO,39820.82139939434,0.9985118836521154
Oc1c(Br)cc(Br)c2cccnc12,CCOC(C)=O,35259.993171652146,0.9993223394459366
Oc1c(Br)cc(Br)c2cccnc12,CN(C)C=O,37549.65495024314,0.9999508610650408
Oc1c(Br)cc(Br)c2cccnc12,CO,45817.95684534383,0.9979427527394508
Oc1c(Br)cc(Br)c2cccnc12,Cc1ccccc1,40970.20485800728,0.9994793857528148
Oc1c(Br)cc(Br)c2cccnc12,O,47621.69604183087,0.9982743089089778
Oc1c(Cl)cc(Cl)c2cccnc12,C1COCCO1,26351.189911136444,0.9994595144755498
Oc1c(Cl)cc(Cl)c2cccnc12,CN(C)C=O,29542.182778660863,0.9992687594873032
Oc1c(Cl)cc(Cl)c2cccnc12,CS(C)=O,37369.54827462762,0.9997381565852774
Oc1c(Cl)cc(Cl)c2cccnc12,O,48658.95422832736,0.9996670300733204
Oc1cc(Cl)ccc1Oc1ccc(Cl)cc1Cl,CCCCCCC,63364.37299416956,0.9861209583543756
Oc1cc(Cl)ccc1Oc1ccc(Cl)cc1Cl,CCCCCCCCO,145654.1622771064,0.9935259462650158
Oc1cc(Cl)ccc1Oc1ccc(Cl)cc1Cl,CCO,67082.84207474766,0.9979916733797703
Oc1cc(Cl)ccc1Oc1ccc(Cl)cc1Cl,ClC(Cl)Cl,46492.52650947651,0.9964958331016004
Oc1cc(O)c2cc(O)c(-c3cc(O)c(O)c(O)c3)[o+]c2c1,CC(C)=O,17577.26095529671,0.9904423802094366
Oc1cc(O)c2cc(O)c(-c3cc(O)c(O)c(O)c3)[o+]c2c1,CCO,18081.330201773177,0.9922364558001476
Oc1cc(O)c2cc(O)c(-c3cc(O)c(O)c(O)c3)[o+]c2c1,CO,19099.8330580873,0.9969752802959136
Oc1cc(O)c2cc(O)c(-c3cc(O)c(O)c(O)c3)[o+]c2c1,O,20227.55930128001,0.9942419621004056
Oc1cc(O)c2cc1Cc1cc(c(O)cc1O)Cc1cc(c(O)cc1O)Cc1cc(c(O)cc1O)C2,O,20043.002333358705,0.9430556938206576
Oc1ccc(/C=C/c2cc(O)cc(O)c2)cc1,C1CCOC1,892.8624553501929,0.96776450813126
Oc1ccc(/C=C/c2cc(O)cc(O)c2)cc1,CC(C)O,17639.116364961792,0.9841717068536546
Oc1ccc(/C=C/c2cc(O)cc(O)c2)cc1,CCCCCCO,17947.78500989505,0.9863378268683788
Oc1ccc(/C=C/c2cc(O)cc(O)c2)cc1,CCCCCO,23409.422201495592,0.9768716366934171
Oc1ccc(/C=C/c2cc(O)cc(O)c2)cc1,CCOCCOCCO,2429.6964882200537,0.992525089609053
Oc1ccc(/C=C/c2cc(O)cc(O)c2)cc1,ClCCl,32487.81641248043,0.9998715960124542
Oc1ccc(/C=C/c2cc(O)cc(O)c2)cc1,O,43025.13283605719,0.9292168037453388
Oc1ccc(C2(c3ccc(O)cc3)CCCCC2)cc1,C1CCOC1,12454.530859690229,0.9935096665664618
Oc1ccc(C2(c3ccc(O)cc3)CCCCC2)cc1,C1COCCO1,19281.62183297162,0.9652171873280788
Oc1ccc(C2(c3ccc(O)cc3)CCCCC2)cc1,CC(C)=O,28365.76606957406,0.9857536999709718
Oc1ccc(C2(c3ccc(O)cc3)CCCCC2)cc1,CC(C)O,35275.682368795846,0.9422312679232644
Oc1ccc(C2(c3ccc(O)cc3)CCCCC2)cc1,CCCCO,25987.004084533008,0.951038885100534
Oc1ccc(C2(c3ccc(O)cc3)CCCCC2)cc1,CCCO,28117.13171550072,0.9952816367441408
Oc1ccc(C2(c3ccc(O)cc3)CCCCC2)cc1,CCO,20049.93290758684,0.9936830254598388
Oc1ccc(C2(c3ccc(O)cc3)CCCCC2)cc1,CCOC(C)=O,27135.686714490184,0.9973015823440085
Oc1ccc(C2(c3ccc(O)cc3)CCCCC2)cc1,CO,36098.46341703703,0.9858691656365328
Oc1ccc(Cl)c2cccnc12,C1COCCO1,25490.30758957715,0.9972773800911734
Oc1ccc(Cl)c2cccnc12,CCCOC(C)=O,25404.866514845417,0.997824741426898
Oc1ccc(Cl)c2cccnc12,CCOCCO,25745.324352643016,0.998148395779642
Oc1ccc(Cl)cc1C=Nc1ccccn1,CCOCC,23742.38942859436,0.997481026958017
Oc1ccc(Cl)cc1C=Nc1ccccn1,Cc1ccccc1,23077.514284899647,0.9888315332916106
Oc1ccc(OCc2ccccc2)cc1,C1CCCCC1,66180.39259867484,0.9961645916115348
Oc1ccc(OCc2ccccc2)cc1,C1COCCO1,60670.61012941182,0.9998896942331102
Oc1ccc(OCc2ccccc2)cc1,CC#N,31614.853368130647,0.997952559288506
Oc1ccc(OCc2ccccc2)cc1,CC(C)=O,19929.440714390515,0.9994101101148508
Oc1ccc(OCc2ccccc2)cc1,CCCCCC,55758.17983737184,0.9981258324767676
Oc1ccc(OCc2ccccc2)cc1,CCCCCCCCO,39075.48753545751,0.9983527113588556
Oc1ccc(OCc2ccccc2)cc1,CCCO,26133.886245697315,0.9664783174072592
Oc1ccc(OCc2ccccc2)cc1,CCO,25448.75811119846,0.9294144600798117
Oc1ccc(OCc2ccccc2)cc1,CCOC(C)=O,72761.32782841985,0.9998756683265106
Oc1ccc(OCc2ccccc2)cc1,CN(C)C=O,16900.09539794509,0.99344584893671
Oc1ccc(OCc2ccccc2)cc1,CN1CCCC1=O,10199.318427373904,0.9513182769029686
Oc1ccc(OCc2ccccc2)cc1,CO,32971.052028031845,0.9995648054463662
Oc1ccc(OCc2ccccc2)cc1,OCCO,29849.30065758158,0.9999316124861616
Oc1ccc([C@@H]2COc3cc(O)ccc3C2)cc1,CC(C)CCO,18797.23756052893,0.9999245761496044
Oc1ccc([C@@H]2COc3cc(O)ccc3C2)cc1,CC(C)CO,17593.037876105347,0.9999741765124316
Oc1ccc([C@@H]2COc3cc(O)ccc3C2)cc1,CC(C)O,22308.686760954035,0.999693703716278
Oc1ccc([C@@H]2COc3cc(O)ccc3C2)cc1,CCCCCCC,15153.836523521406,0.9999842891587966
Oc1ccc([C@@H]2COc3cc(O)ccc3C2)cc1,CCCCCO,19732.287490772444,0.9998917075422512
Oc1ccc([C@@H]2COc3cc(O)ccc3C2)cc1,CCCCO,20639.13947258826,0.9998578402679968
Oc1cccc(/C=N\NC(=S)NC2CCCCC2)c1,CC(C)O,1911.47842959556,0.9993212624768189
Oc1cccc(/C=N\NC(=S)NC2CCCCC2)c1,CC(O)CO,2992.748063196184,0.9939979220055812
Oc1cccc(/C=N\NC(=S)NC2CCCCC2)c1,CCO,3250.35793794794,0.9969225659479936
Oc1cccc(/C=N\NC(=S)NC2CCCCC2)c1,CCOC(C)=O,8770.55621757661,0.9977727543043952
Oc1cccc(/C=N\NC(=S)NC2CCCCC2)c1,CCOCCOCCO,3070.781974050241,0.9993139655312068
Oc1cccc(/C=N\NC(=S)NC2CCCCC2)c1,O,33124.03433312417,0.9990379244687771
Oc1cccc(/C=N\NC(=S)NC2CCCCC2)c1,OCCO,18430.211405579925,0.9961052414057724
Oc1ccccc1/C=N/CC/N=C/c1ccccc1O,CCCCCC,19019.130333573485,0.998387968388969
Oc1ccccc1/C=N/CC/N=C/c1ccccc1O,CCO,41046.88088117214,0.9986784666927276
Oc1ccccc1/C=N/CC/N=C/c1ccccc1O,CCOCC,24518.62192281645,0.985022544060146
Oc1ccccc1/C=N/CC/N=C/c1ccccc1O,CO,33458.68842537199,0.9982631468121412
Oc1ccccc1/C=N/CC/N=C/c1ccccc1O,Cc1ccccc1,29234.77651635261,0.9937179650666188
Oc1ccccc1/C=N/CC/N=C/c1ccccc1O,ClCCl,16051.648172165893,0.9826270820784434
Oc1ccccc1C=N[C@@H]1CCCC[C@H]1N=Cc1ccccc1O,C1CCOC1,13976.746967102144,0.990615251163334
Oc1ccccc1C=N[C@@H]1CCCC[C@H]1N=Cc1ccccc1O,CC#N,32392.43258672741,0.9957781505173502
Oc1ccccc1C=N[C@@H]1CCCC[C@H]1N=Cc1ccccc1O,CC(C)=O,21155.58004493705,0.9974132716621086
Oc1ccccc1C=N[C@@H]1CCCC[C@H]1N=Cc1ccccc1O,CCCO,29881.60883053843,0.9997319498170772
Oc1ccccc1C=N[C@@H]1CCCC[C@H]1N=Cc1ccccc1O,CCO,30112.96545274091,0.998681362290973
Oc1ccccc1C=N[C@@H]1CCCC[C@H]1N=Cc1ccccc1O,CCOC(C)=O,25693.599907547567,0.9964829576379144
Oc1ccccc1C=N[C@@H]1CCCC[C@H]1N=Cc1ccccc1O,CO,30625.69915383317,0.9998559757015192
Oc1ccccc1C=N[C@@H]1CCCC[C@H]1N=Cc1ccccc1O,COC(C)=O,28412.083934007514,0.9970430104152938
Oc1ccccc1C=N[C@@H]1CCCC[C@H]1N=Cc1ccccc1O,ClCCCl,17456.324871131932,0.9955732286472144
Oc1ccccc1C=N[C@@H]1CCCC[C@H]1N=Cc1ccccc1O,ClCCl,13226.478923140374,0.9980797589691904
Oc1ccccc1C=Nc1c(F)cccc1F,C1CCOC1,21336.872684640068,0.9888978415342168
Oc1ccccc1C=Nc1c(F)cccc1F,CC#N,48861.43107319668,0.9992436814991248
Oc1ccccc1C=Nc1c(F)cccc1F,CCCO,27565.030032776194,0.9995398548318332
Oc1ccccc1C=Nc1c(F)cccc1F,ClC(Cl)Cl,23150.908635410604,0.9896739160804532
Oc1ccccc1C=Nc1c(F)cccc1F,ClCCCl,26148.274198334348,0.9884359152428366
Oc1ccccc1C=Nc1ccccn1,CCO,35535.19244381336,0.9876513448512512
Oc1ccccc1C=Nc1ccccn1,CCOCC,33881.89582564666,0.9853550422061896
Oc1ccccc1C=Nc1ccccn1,Cc1ccccc1,33184.05951244695,0.9994068541857078
On1nnc2ccccc21,C1COCCO1,27504.520032362783,0.9959633688103194
On1nnc2ccccc21,CC(C)=O,20490.30715608537,0.9983174142183864
On1nnc2ccccc21,CC(C)CCO,10743.184275548,0.9979921219368706
On1nnc2ccccc21,CC(C)O,19638.963167886628,0.9974099250694376
On1nnc2ccccc21,CCCCCCCO,12304.32845928394,0.9944728234613192
On1nnc2ccccc21,CCCO,19252.203104562224,0.998113850509288
On1nnc2ccccc21,CCO,19648.839866197697,0.9958965806413071
On1nnc2ccccc21,CCOC(C)=O,32490.627239097048,0.9895113423208116
On1nnc2ccccc21,CN(C)C=O,32766.105849786687,0.998735638023282
On1nnc2ccccc21,CS(C)=O,34002.24058694482,0.9983998045224772
On1nnc2ccccc21,Cc1ccccc1,37829.69714136423,0.998245065218366
S=C(Nc1ccccc1)Nc1ccccc1,CC(=O)OC(C)C,24262.36396204691,0.9931584858767166
S=C(Nc1ccccc1)Nc1ccccc1,CC(C)CO,33834.59351518407,0.990305729359886
S=C(Nc1ccccc1)Nc1ccccc1,CC(C)O,37255.021277807966,0.9935435850490664
S=C(Nc1ccccc1)Nc1ccccc1,CCC(C)O,36504.32160263878,0.9930659635465326
S=C(Nc1ccccc1)Nc1ccccc1,CCCCO,36600.03163499871,0.9972980008546632
S=C(Nc1ccccc1)Nc1ccccc1,CCCO,32929.81229046869,0.9917918842562846
S=C(Nc1ccccc1)Nc1ccccc1,CCCOC(C)=O,24484.551773440893,0.9979031823947534
S=C(Nc1ccccc1)Nc1ccccc1,CCO,29434.021788775368,0.9888939518073004
S=C(Nc1ccccc1)Nc1ccccc1,CCOC(C)=O,25100.56526214467,0.9980762007255412
S=C(Nc1ccccc1)Nc1ccccc1,CCOC=O,26207.186312121343,0.9840566071959418
S=C(Nc1ccccc1)Nc1ccccc1,CO,29109.57463373024,0.9942239631037404
S=C(Nc1ccccc1)Nc1ccccc1,COC(C)=O,25132.8036292386,0.9986283536031773
S=c1[nH]c2ccccc2s1,C1COCCO1,19907.299535761304,0.999672817015101
S=c1[nH]c2ccccc2s1,CC#N,20997.614747918647,0.9999398335035868
S=c1[nH]c2ccccc2s1,CC(C)CO,22451.41957284794,0.9999509796026708
S=c1[nH]c2ccccc2s1,CC(C)O,23333.786297560306,0.9997363947778136
S=c1[nH]c2ccccc2s1,CCC(C)=O,9853.70321457814,0.9998319762987904
S=c1[nH]c2ccccc2s1,CCCCO,15111.757389576089,0.9999002607723504
S=c1[nH]c2ccccc2s1,CCCO,16254.275623878562,0.9999008412523585
S=c1[nH]c2ccccc2s1,CCOC(C)=O,10098.45055765498,0.9997737284713608
S=c1[nH]c2ccccc2s1,CO,21542.99046657732,0.9999361152161088
S=c1[nH]c2ccccc2s1,Cc1ccccc1,17902.166977391957,0.9999350915829202
Sc1nc2ccccc2[nH]1,C1CCCCC1,33881.95307513548,0.9993475512503868
Sc1nc2ccccc2[nH]1,C1COCCO1,11059.653247726576,0.999318968233067
Sc1nc2ccccc2[nH]1,CC#N,15919.831383109788,0.9992507673386026
Sc1nc2ccccc2[nH]1,CC(=O)CC(C)C,4634.15338447138,0.994052986469776
Sc1nc2ccccc2[nH]1,CC(=O)OC(C)C,7833.184544407979,0.9794525857361508
Sc1nc2ccccc2[nH]1,CC(C)=O,7248.132609858394,0.9992835093871634
Sc1nc2ccccc2[nH]1,CC(C)CO,20142.782923964765,0.9914812840747932
Sc1nc2ccccc2[nH]1,CC(C)O,23991.16132302052,0.9957247630213402
Sc1nc2ccccc2[nH]1,CCC(C)=O,8610.862767322993,0.9976342422415264
Sc1nc2ccccc2[nH]1,CCC(C)O,19682.58746256652,0.9962227387983548
Sc1nc2ccccc2[nH]1,CCCCO,22585.046907008626,0.999894630998723
Sc1nc2ccccc2[nH]1,CCCCOC(C)=O,3432.1595026559967,0.9680501832471404
Sc1nc2ccccc2[nH]1,CCCCOCCO,1653.9588340307528,0.9830253024640228
Sc1nc2ccccc2[nH]1,CCCO,20287.221152531263,0.9994888838216096
Sc1nc2ccccc2[nH]1,CCCOCCO,1464.9862092018814,0.9391755213173856
Sc1nc2ccccc2[nH]1,CCOC=O,11493.37993678566,0.9936000887579156
Sc1nc2ccccc2[nH]1,CCOCCO,1487.1429787915672,0.980997898134894
Sc1nc2ccccc2[nH]1,CO,17432.943607533587,0.9983989156586416
Sc1nc2ccccc2[nH]1,COCCO,2371.9028717442307,0.9846582496868042
[Cl-].c1ccc2c(CC3=[NH+]CCN3)cccc2c1,CC(C)O,32798.74266485907,0.9994239030524628
[Cl-].c1ccc2c(CC3=[NH+]CCN3)cccc2c1,CCO,23985.832249318133,0.9998214259748474
[Cl-].c1ccc2c(CC3=[NH+]CCN3)cccc2c1,CO,26025.25267276337,0.9994859179591924
[Cl-].c1ccc2c(CC3=[NH+]CCN3)cccc2c1,COCCO,20987.429335553265,0.9997051164800346
[NH3+]C1CCCCC1.[S-]c1nc2ccccc2s1,C1COCCO1,49038.64065599962,0.9956948974208992
[NH3+]C1CCCCC1.[S-]c1nc2ccccc2s1,CC(=O)CC(C)C,39638.74151891443,0.9980186976366398
[NH3+]O.[NH3+]O.[O-]n1nnnc1-c1nnnn1[O-],CC(=O)O,25817.65553122722,0.9999848755768196
[NH3+]O.[NH3+]O.[O-]n1nnnc1-c1nnnn1[O-],CCOC(C)=O,18060.376394424515,0.9940858188825432
[NH3+]O.[NH3+]O.[O-]n1nnnc1-c1nnnn1[O-],CS(C)=O,13859.353437564694,0.9942006984532432
[NH3+]O.[NH3+]O.[O-]n1nnnc1-c1nnnn1[O-],Cc1ccccc1,16102.627255104411,0.9871831915136696
c1cc(-n2c3ccccc3c3ccccc32)cc(-n2c3ccccc3c3ccccc32)c1,CC#N,15272.747002019638,0.9836499665655616
c1cc(-n2c3ccccc3c3ccccc32)cc(-n2c3ccccc3c3ccccc32)c1,CCCCCC,17357.332524363937,0.9604458538981758
c1cc(-n2c3ccccc3c3ccccc32)cc(-n2c3ccccc3c3ccccc32)c1,CCCCO,22260.463817097145,0.9900937245734848
c1cc(-n2c3ccccc3c3ccccc32)cc(-n2c3ccccc3c3ccccc32)c1,CCO,21466.215018910378,0.9876384165363326
c1cc(-n2c3ccccc3c3ccccc32)cc(-n2c3ccccc3c3ccccc32)c1,CCOC(C)=O,17631.10320422056,0.938800389910804
c1cc(-n2c3ccccc3c3ccccc32)cc(-n2c3ccccc3c3ccccc32)c1,CN1CCCC1=O,6141.842882234462,0.9685343945370476
c1cc(-n2c3ccccc3c3ccccc32)cc(-n2c3ccccc3c3ccccc32)c1,CO,22623.926508227105,0.960489488693544
c1cc(-n2c3ccccc3c3ccccc32)cc(-n2c3ccccc3c3ccccc32)c1,CS(C)=O,3234.4718547554667,0.902546404387306
c1cc(-n2c3ccccc3c3ccccc32)cc(-n2c3ccccc3c3ccccc32)c1,Cc1ccccc1,11664.528642887508,0.9253331330805692
c1cc(-n2c3ccccc3c3ccccc32)cc(-n2c3ccccc3c3ccccc32)c1,ClCCl,8251.91727794797,0.9002314606884178
c1cc2c3c(cccc3c1)CC2,CC(C)CO,32739.433966417604,0.9957713894310232
c1cc2c3c(cccc3c1)CC2,Cc1cccc(C)c1,24517.05426978868,0.9934418145071412
c1cc2c3c(cccc3c1)CC2,c1ccccc1,22686.7264889442,0.986092554313376
c1cc2ccc3cccc4ccc(c1)c2c34,C1CCOC1,15846.703010769475,0.993491833044036
c1cc2ccc3cccc4ccc(c1)c2c34,CC(C)O,23996.734155577346,0.9938254610306478
c1cc2ccc3cccc4ccc(c1)c2c34,CCCCCCC,41277.68825822121,0.9433509359912148
c1cc2ccc3cccc4ccc(c1)c2c34,CCCCCCCCO,20131.93816153652,0.9929574767002473
c1cc2ccc3cccc4ccc(c1)c2c34,CCCCCCO,17569.759899276156,0.9714909033179008
c1cc2ccc3cccc4ccc(c1)c2c34,CCCO,21840.91454869704,0.9843218612209588
c1cc2ccc3cccc4ccc(c1)c2c34,CCO,21516.82660707127,0.997436713792964
c1cc2ccc3cccc4ccc(c1)c2c34,CCOC(C)=O,22041.22741165903,0.9900958094136584
c1cc2ccc3cccc4ccc(c1)c2c34,CCc1ccccc1,35846.96003133854,0.9766991969360516
c1cc2ccc3cccc4ccc(c1)c2c34,CO,21619.49163335785,0.9977380221683112
c1cc2ccc3cccc4ccc(c1)c2c34,Cc1ccc(C)cc1,19048.667186481413,0.9984709379147684
c1cc2ccc3cccc4ccc(c1)c2c34,c1ccccc1,34288.77589581058,0.99531076121675
c1ccc(-c2cc3ccccc3[nH]2)cc1,C1CCOC1,6072.533143714468,0.9991008129894596
c1ccc(-c2cc3ccccc3[nH]2)cc1,C1COCCO1,34897.41087688458,0.9957721287802088
c1ccc(-c2cc3ccccc3[nH]2)cc1,CC#N,25504.275224184275,0.9993434475484873
c1ccc(-c2cc3ccccc3[nH]2)cc1,CC(C)O,21023.50671337614,0.9957061377992728
c1ccc(-c2cc3ccccc3[nH]2)cc1,CCCCO,21057.52824443066,0.99641134706177
c1ccc(-c2cc3ccccc3[nH]2)cc1,CCCO,20956.193304561155,0.99501042404624
c1ccc(-c2cc3ccccc3[nH]2)cc1,CCO,18071.642779113947,0.9943440653519986
c1ccc(-c2cc3ccccc3[nH]2)cc1,CCOC(C)=O,12342.84621325562,0.9986251574317015
c1ccc(-c2cc3ccccc3[nH]2)cc1,CO,20719.296466257103,0.9961486323547288
c1ccc(-c2cc3ccccc3[nH]2)cc1,COC(C)(C)C,9472.398772247492,0.9955224943466844
c1ccc(-c2cc3ccccc3[nH]2)cc1,Cc1ccccc1,23344.911027380043,0.9988890406970732
c1ccc(-c2ccc(C(c3ccccc3)n3ccnc3)cc2)cc1,CC#N,33795.04595151102,0.9992974392077448
c1ccc(-c2ccc(C(c3ccccc3)n3ccnc3)cc2)cc1,CC(C)CO,39638.18443463654,0.9965897772753636
c1ccc(-c2ccc(C(c3ccccc3)n3ccnc3)cc2)cc1,CCC(C)O,40494.65594940178,0.9993954798161736
c1ccc(-c2ccc(C(c3ccccc3)n3ccnc3)cc2)cc1,CCCCCO,35163.562414243526,0.9994117728737806
c1ccc(-c2ccc(C(c3ccccc3)n3ccnc3)cc2)cc1,CCCCO,35418.14773396212,0.99898367540738
c1ccc(-c2ccc(C(c3ccccc3)n3ccnc3)cc2)cc1,CCCCOC(C)=O,32070.65648784923,0.9935591879240918
c1ccc(-c2ccc(C(c3ccccc3)n3ccnc3)cc2)cc1,CCCO,39149.47185633473,0.9032339384753172
c1ccc(-c2ccc(C(c3ccccc3)n3ccnc3)cc2)cc1,CCCOC(C)=O,34174.737947153444,0.9990102695962464
c1ccc(-c2ccc(C(c3ccccc3)n3ccnc3)cc2)cc1,CCOC(C)=O,32352.758878994875,0.99868176720086
c1ccc(-c2ccc(C(c3ccccc3)n3ccnc3)cc2)cc1,CN(C)C=O,25323.66081465697,0.9976983397532544
c1ccc(-c2ccc(C(c3ccccc3)n3ccnc3)cc2)cc1,COC(C)=O,29597.350013012627,0.9998042022729512
c1ccc(-c2ccc(C(c3ccccc3)n3ccnc3)cc2)cc1,O,40641.3286905707,0.9983947822108638
c1ccc(-c2nnn[nH]2)cc1,C1CCCCC1,23467.3235450612,0.9986792872292474
c1ccc(-c2nnn[nH]2)cc1,C1COCCO1,13397.796675576075,0.999750977974552
c1ccc(-c2nnn[nH]2)cc1,CC#N,23336.55120075538,0.9994781152194034
c1ccc(-c2nnn[nH]2)cc1,CC(C)=O,11590.37488002748,0.9989709493568238
c1ccc(-c2nnn[nH]2)cc1,CC(C)O,13398.263961356102,0.9998081831951424
c1ccc(-c2nnn[nH]2)cc1,CCC(C)=O,11995.560878084749,0.999553822183576
c1ccc(-c2nnn[nH]2)cc1,CCCO,11519.086631838029,0.9992628957779808
c1ccc(-c2nnn[nH]2)cc1,CCO,13796.206537359853,0.999760857895416
c1ccc(-c2nnn[nH]2)cc1,CCOC(C)=O,11331.445372803108,0.9883338996572144
c1ccc(-c2nnn[nH]2)cc1,CS(C)=O,17817.125677115666,0.999743338147021
c1ccc(-c2nnn[nH]2)cc1,Cc1ccccc1,39615.741991841234,0.9998717725775518
c1ccc(-n2c(-c3cc(-c4nc5ccccc5n4-c4ccccc4)cc(-c4nc5ccccc5n4-c4ccccc4)c3)nc3ccccc32)cc1,C1CCCCC1,41007.96035958351,0.9950037127614504
c1ccc(-n2c(-c3cc(-c4nc5ccccc5n4-c4ccccc4)cc(-c4nc5ccccc5n4-c4ccccc4)c3)nc3ccccc32)cc1,C1CCOC1,20569.021505116616,0.9704052710584408
c1ccc(-n2c(-c3cc(-c4nc5ccccc5n4-c4ccccc4)cc(-c4nc5ccccc5n4-c4ccccc4)c3)nc3ccccc32)cc1,CC#N,12189.154683533672,0.9696098442987658
c1ccc(-n2c(-c3cc(-c4nc5ccccc5n4-c4ccccc4)cc(-c4nc5ccccc5n4-c4ccccc4)c3)nc3ccccc32)cc1,CC(C)O,32524.942981631742,0.98896142830148
c1ccc(-n2c(-c3cc(-c4nc5ccccc5n4-c4ccccc4)cc(-c4nc5ccccc5n4-c4ccccc4)c3)nc3ccccc32)cc1,CCCCO,8623.069211395836,0.9910596313333296
c1ccc(-n2c(-c3cc(-c4nc5ccccc5n4-c4ccccc4)cc(-c4nc5ccccc5n4-c4ccccc4)c3)nc3ccccc32)cc1,CCO,17469.33855908056,0.9881766710818044
c1ccc(-n2c(-c3cc(-c4nc5ccccc5n4-c4ccccc4)cc(-c4nc5ccccc5n4-c4ccccc4)c3)nc3ccccc32)cc1,CCOC(C)=O,15706.847479498034,0.9126973351514236
c1ccc(-n2c(-c3cc(-c4nc5ccccc5n4-c4ccccc4)cc(-c4nc5ccccc5n4-c4ccccc4)c3)nc3ccccc32)cc1,CO,6819.603157407613,0.9690495434466876
c1ccc(-n2c(-c3cc(-c4nc5ccccc5n4-c4ccccc4)cc(-c4nc5ccccc5n4-c4ccccc4)c3)nc3ccccc32)cc1,CS(C)=O,25954.7653333156,0.984811990468039
c1ccc(-n2c(-c3cc(-c4nc5ccccc5n4-c4ccccc4)cc(-c4nc5ccccc5n4-c4ccccc4)c3)nc3ccccc32)cc1,ClC(Cl)Cl,6396.042301939306,0.9902466561753086
c1ccc(-n2c(-c3cc(-c4nc5ccccc5n4-c4ccccc4)cc(-c4nc5ccccc5n4-c4ccccc4)c3)nc3ccccc32)cc1,Clc1ccccc1,11162.329074714837,0.9914355588626976
c1ccc(-n2c3ccccc3c3ccccc32)cc1,C1CCCCC1,34561.49462288999,0.995671256005158
c1ccc(-n2c3ccccc3c3ccccc32)cc1,C1CCOC1,26829.1649990821,0.9797677509531818
c1ccc(-n2c3ccccc3c3ccccc32)cc1,C1COCCO1,80657.51440948328,0.984326511219414
c1ccc(-n2c3ccccc3c3ccccc32)cc1,CC#N,19124.396863033515,0.9860440765872518
c1ccc(-n2c3ccccc3c3ccccc32)cc1,CC(=O)OC(C)C,30042.68657807926,0.9790041049242209
c1ccc(-n2c3ccccc3c3ccccc32)cc1,CC(=O)OCC(C)C,27997.166767396768,0.9840983809093684
c1ccc(-n2c3ccccc3c3ccccc32)cc1,CC(C)CCO,31966.74547266494,0.9799668689834532
c1ccc(-n2c3ccccc3c3ccccc32)cc1,CC(C)CO,23491.95822565601,0.9935367447100334
c1ccc(-n2c3ccccc3c3ccccc32)cc1,CC(C)O,35217.03637944587,0.9836976071854224
c1ccc(-n2c3ccccc3c3ccccc32)cc1,CCC(C)O,35527.290959365455,0.9861641057296434
c1ccc(-n2c3ccccc3c3ccccc32)cc1,CCCCCO,27971.07442018785,0.9816791178195452
c1ccc(-n2c3ccccc3c3ccccc32)cc1,CCCCO,30456.187631070483,0.9584971813087408
c1ccc(-n2c3ccccc3c3ccccc32)cc1,CCCCOC(C)=O,26840.4338399522,0.9821086787102437
c1ccc(-n2c3ccccc3c3ccccc32)cc1,CCCO,28352.983388499903,0.9905099131555514
c1ccc(-n2c3ccccc3c3ccccc32)cc1,CCCOC(C)=O,28055.27548415932,0.9854197612782092
c1ccc(-n2c3ccccc3c3ccccc32)cc1,CCOC(C)=O,29423.574526571298,0.9804606709479756
c1ccc(-n2c3ccccc3c3ccccc32)cc1,CO,38879.61878388949,0.9745854259190458
c1ccc(-n2c3ccccc3c3ccccc32)cc1,COC(C)=O,35488.72610189932,0.9902385662800414
c1ccc(-n2c3ccccc3c3ccccc32)cc1,ClC(Cl)Cl,46239.08341074488,0.970911590622817
c1ccc(-n2c3ccccc3c3ccccc32)cc1,ClCCl,43388.26277506401,0.9802066106744922
c1ccc(CSSCc2ccccc2)cc1,CCO,106454.925746478,0.9952709020674786
c1ccc(CSSCc2ccccc2)cc1,Cc1ccccc1,51475.318105404585,0.9969756447423618
c1ccc(CSSCc2ccccc2)cc1,ClC(Cl)Cl,39515.52764851405,0.9955291842450872
c1ccc(NC2=NCCC3(CCCCC3)S2)cc1,CCCCCC,21413.980169595703,0.9926655010595856
c1ccc(OP2(Oc3ccccc3)=NP(Oc3ccccc3)(Oc3ccccc3)=NP(Oc3ccccc3)(Oc3ccccc3)=N2)cc1,C1CCOC1,23974.3081946578,0.9976528096530924
c1ccc(OP2(Oc3ccccc3)=NP(Oc3ccccc3)(Oc3ccccc3)=NP(Oc3ccccc3)(Oc3ccccc3)=N2)cc1,CC#N,57455.27770074815,0.9996876476461726
c1ccc(OP2(Oc3ccccc3)=NP(Oc3ccccc3)(Oc3ccccc3)=NP(Oc3ccccc3)(Oc3ccccc3)=N2)cc1,CCO,10901.183592692389,0.9985654196764454
c1ccc(OP2(Oc3ccccc3)=NP(Oc3ccccc3)(Oc3ccccc3)=NP(Oc3ccccc3)(Oc3ccccc3)=N2)cc1,CCOC(C)=O,28642.54527576461,0.9990093553255134
c1ccc(OP2(Oc3ccccc3)=NP(Oc3ccccc3)(Oc3ccccc3)=NP(Oc3ccccc3)(Oc3ccccc3)=N2)cc1,CCOCC,41782.60176403916,0.9987541990772996
c1ccc(OP2(Oc3ccccc3)=NP(Oc3ccccc3)(Oc3ccccc3)=NP(Oc3ccccc3)(Oc3ccccc3)=N2)cc1,Cc1ccccc1,33770.08284002,0.9973033521085746
c1ccc(OP2(Oc3ccccc3)=NP(Oc3ccccc3)(Oc3ccccc3)=NP(Oc3ccccc3)(Oc3ccccc3)=N2)cc1,ClCCl,40790.21445433751,0.998844497086004
c1ccc(P(c2ccccc2)c2ccccc2)cc1,CC(C)=O,54554.48363082263,0.9827405374997088
c1ccc(P(c2ccccc2)c2ccccc2)cc1,CC(C)O,49678.720057801525,0.9979980601992688
c1ccc(P(c2ccccc2)c2ccccc2)cc1,CCO,48676.23662084613,0.9976771457213578
c1ccc(P(c2ccccc2)c2ccccc2)cc1,Cc1ccccc1,58392.975522592846,0.9958937488778472
c1ccc2[nH]c(-c3cscn3)nc2c1,CC#N,25130.10492801556,0.9851337734708092
c1ccc2[nH]c(-c3cscn3)nc2c1,CC(C)=O,18849.679143398225,0.9986412871878522
c1ccc2[nH]c(-c3cscn3)nc2c1,CC(C)CO,22224.97603702992,0.9973044329529144
c1ccc2[nH]c(-c3cscn3)nc2c1,CC(C)O,19725.92758511045,0.993027567037728
c1ccc2[nH]c(-c3cscn3)nc2c1,CCC(C)=O,13466.7770719598,0.9877480611010692
c1ccc2[nH]c(-c3cscn3)nc2c1,CCCCO,18019.462574477995,0.9918751276078192
c1ccc2[nH]c(-c3cscn3)nc2c1,CCCCOC(C)=O,20376.30483229916,0.992481035360737
c1ccc2[nH]c(-c3cscn3)nc2c1,CCCO,17114.752011161403,0.9923871115608254
c1ccc2[nH]c(-c3cscn3)nc2c1,CCO,15548.047320650328,0.9861516234670316
c1ccc2[nH]c(-c3cscn3)nc2c1,CCOC(C)=O,19420.85185305347,0.9883804752392176
c1ccc2[nH]c(-c3cscn3)nc2c1,CO,15143.127449094924,0.9893902619628304
c1ccc2[nH]c(-c3cscn3)nc2c1,COC(C)=O,17803.467454679663,0.9614343726787802
c1ccc2[nH]c(-c3cscn3)nc2c1,O,35457.12340167266,0.9986033641012994
c1ccc2[nH]cnc2c1,CC#N,24346.5426622707,0.9990946438373148
c1ccc2[nH]cnc2c1,CC(=O)OC(C)C,19279.367751272,0.9988384822242616
c1ccc2[nH]cnc2c1,CC(=O)OCC(C)C,19165.214692305835,0.997498100810052
c1ccc2[nH]cnc2c1,CC(C)CO,14649.167860814934,0.9932954754761932
c1ccc2[nH]cnc2c1,CC(C)O,15317.33684346364,0.992685895622354
c1ccc2[nH]cnc2c1,CCC(C)=O,20502.01806230207,0.9988349606876044
c1ccc2[nH]cnc2c1,CCC(C)O,11934.11247005376,0.988491364258831
c1ccc2[nH]cnc2c1,CCCCO,12982.336627381575,0.9949821592478958
c1ccc2[nH]cnc2c1,CCCCOC(C)=O,22620.03137504353,0.998034694211893
c1ccc2[nH]cnc2c1,CCCO,13574.95653514499,0.9948428447957246
c1ccc2[nH]cnc2c1,CCCOC(C)=O,22526.163387597648,0.998824775073235
c1ccc2[nH]cnc2c1,CCO,13626.143722068646,0.9956641558209604
c1ccc2[nH]cnc2c1,CCOC(C)=O,21226.78491648872,0.9979403666518074
c1ccc2[nH]cnc2c1,CO,12966.852563579469,0.9876990885759288
c1ccc2[nH]cnc2c1,O,23971.929709862943,0.9980240421032384
c1ccc2c(CC3=NCCN3)cccc2c1,CC(C)O,34447.26260028306,0.9994813775548624
c1ccc2c(CC3=NCCN3)cccc2c1,CO,31986.446205701555,0.99435475074895
c1ccc2c(CC3=NCCN3)cccc2c1,COCCO,20444.68154565173,0.995865246443513
c1ccc2c(CC3=NCCN3)cccc2c1,OCCO,26721.17109621614,0.9991831083269048
c1ccc2c(c1)CCc1ccccc1N2,CCO,36800.0819949402,0.99981985893936
c1ccc2c(c1)CCc1ccccc1N2,O,52899.04865656338,0.9998434392376944
c1ccc2c(c1)CCc1ccccc1N2,OCCO,18923.276951906813,0.997150884051341
c1ccc2c(c1)Cc1ccccc1-2,C1CCOC1,17969.238327323757,0.9949449877766652
c1ccc2c(c1)Cc1ccccc1-2,CC#N,25900.38682577493,0.9936803325032731
c1ccc2c(c1)Cc1ccccc1-2,CC(=O)OC(C)C,23580.63095006401,0.9966042834846136
c1ccc2c(c1)Cc1ccccc1-2,CC(=O)OCC(C)C,21379.168363785804,0.9932483908169408
c1ccc2c(c1)Cc1ccccc1-2,CC(C)=O,23816.34542698753,0.9946951249029208
c1ccc2c(c1)Cc1ccccc1-2,CC(C)CO,35961.30102504557,0.9962995575457914
c1ccc2c(c1)Cc1ccccc1-2,CCCCO,33003.037809115805,0.9988639515013488
c1ccc2c(c1)Cc1ccccc1-2,CCCCOC(C)=O,20357.550332292885,0.9872117139775533
c1ccc2c(c1)Cc1ccccc1-2,CCCO,26446.520408922323,0.95064839414203
c1ccc2c(c1)Cc1ccccc1-2,CCCOC(C)=O,21383.711417974,0.9841574164410468
c1ccc2c(c1)Cc1ccccc1-2,CCO,27082.91536425252,0.9958471190020004
c1ccc2c(c1)Cc1ccccc1-2,CCOC(C)=O,24657.57594853198,0.996537987571844
c1ccc2c(c1)Cc1ccccc1-2,CCOC=O,26040.15391492976,0.9925542737336558
c1ccc2c(c1)Cc1ccccc1-2,CO,23220.44316629987,0.9962212656102982
c1ccc2c(c1)Cc1ccccc1-2,Cc1ccccc1,40027.56940071861,0.993606631085154
c1ccc2c(c1)Cc1ccccc1-2,ClC(Cl)Cl,22315.717081869083,0.9970392399464658
c1ccc2c(c1)Cc1ccccc1-2,c1ccccc1,21198.293103594147,0.9920961854590292
c1ccc2c(c1)Nc1ccccc1S2,CC(O)CO,14491.058570749214,0.982679085391662
c1ccc2c(c1)Nc1ccccc1S2,O,23742.62641008894,0.9853409226764954
c1ccc2c(c1)OP1(=NP3(=NP4(=N1)Oc1ccccc1O4)Oc1ccccc1O3)O2,C1CCOC1,24533.886324683484,0.9992898417858466
c1ccc2c(c1)OP1(=NP3(=NP4(=N1)Oc1ccccc1O4)Oc1ccccc1O3)O2,CC#N,41952.41079302024,0.979481581825738
c1ccc2c(c1)OP1(=NP3(=NP4(=N1)Oc1ccccc1O4)Oc1ccccc1O3)O2,CC(C)=O,43171.2834087937,0.9997975578942202
c1ccc2c(c1)OP1(=NP3(=NP4(=N1)Oc1ccccc1O4)Oc1ccccc1O3)O2,CCO,36280.05029783434,0.998787097946644
c1ccc2c(c1)OP1(=NP3(=NP4(=N1)Oc1ccccc1O4)Oc1ccccc1O3)O2,Cc1ccccc1,33465.17773054231,0.999852201163839
c1ccc2c(c1)OP1(=NP3(=NP4(=N1)Oc1ccccc1O4)Oc1ccccc1O3)O2,ClC(Cl)Cl,33257.90608454918,0.9998225873140262
c1ccc2c(c1)OP1(=NP3(=NP4(=N1)Oc1ccccc1O4)Oc1ccccc1O3)O2,ClCCCl,46804.313629362936,0.9989868016045702
c1ccc2c(c1)OP1(=NP3(=NP4(=N1)Oc1ccccc1O4)Oc1ccccc1O3)O2,ClCCl,32888.45741031309,0.9998773497173676
c1ccc2c(c1)ccc1ccccc12,CCCCCCC,31658.73088121843,0.9988548537909302
c1ccc2c(c1)ccc1ccccc12,CCO,17898.668209114607,0.9846927327371258
c1ccc2c(c1)ccc1ccccc12,Cc1ccccc1,15264.98453909794,0.9655697204372294
c1ccc2c(c1)oc1ccccc12,CCOC(C)=O,35216.19336329056,0.9902045209773368
c1ccc2c(c1)oc1ccccc12,Cc1ccccc1,33557.98079327269,0.9941871195985852
c1ccc2c(c1)oc1ccccc12,ClC(Cl)(Cl)Cl,35939.927592692686,0.9831444069601402
c1ccc2c(c1)sc1ccccc12,CC(C)O,33731.65273030562,0.9986780318516004
c1ccc2c(c1)sc1ccccc12,CCCCO,33987.76573666581,0.998941474527518
c1ccc2c(c1)sc1ccccc12,CCO,26354.070475225897,0.9904163250124874
c1ccc2c(c1)sc1ccccc12,CS(C)=O,34805.57450604947,0.9925837518406676
c1ccc2c(c1)sc1ccccc12,O=CO,18754.55259523328,0.9985363580754072
c1ccc2cc3ccccc3cc2c1,CN(C)C=O,30789.27266871122,0.9922726356380452
c1ccc2cc3ccccc3cc2c1,CN1CCCC1=O,25424.05386603616,0.9842957109404156
c1ccc2ccccc2c1,CC(C)=O,30058.54185433992,0.979877570081066
c1ccc2ccccc2c1,CCCC(=O)O,28267.10846664163,0.990539492861983
c1ccc2ccccc2c1,CCCCCCC,41162.5459500756,0.9714242436648916
c1ccc2ccccc2c1,CCO,54805.85439391344,0.9191429075970556
c1ccc2ccccc2c1,CN(C)C=O,26160.910233175386,0.9899684909593668
c1ccc2ccccc2c1,Cc1ccccc1,34526.47321496183,0.9786912673186952
c1ccc2nc3ccccc3nc2c1,C1COCCO1,23061.606197822995,0.9860955010905896
c1ccc2nc3ccccc3nc2c1,Cc1ccccc1,23785.10407321221,0.9977377993043368
c1ccc2oc(CSCc3nc4ccccc4o3)nc2c1,CC(C)O,51285.268753379554,0.9995712840563428
c1ccc2oc(CSCc3nc4ccccc4o3)nc2c1,CCO,47131.76452256336,0.9994957182047748
c1ccc2oc(CSCc3nc4ccccc4o3)nc2c1,Cc1ccccc1,70939.33661848435,0.9959568723435874
c1ccc2oc(CSCc3nc4ccccc4o3)nc2c1,Cc1ccccc1C,55125.19783022834,0.99852052153444
c1ccc2oc(CSCc3nc4ccccc4o3)nc2c1,Clc1ccccc1,38867.14807991439,0.9996483493846616
c1cnc2[nH]ccc2c1,C1CCOC1,11355.868953750378,0.995094274041844
c1cnc2[nH]ccc2c1,CC#N,14528.96499403847,0.9694749870663576
c1cnc2[nH]ccc2c1,CC(C)=O,12266.739844222076,0.9997761848292804
c1cnc2[nH]ccc2c1,CC(C)O,12065.352196697868,0.9939009975427158
c1cnc2[nH]ccc2c1,CCCO,13789.496868399723,0.994070606249122
c1cnc2[nH]ccc2c1,CCOC(C)=O,10496.269025114583,0.9693973432867554
c1cnc2[nH]ccc2c1,CO,10697.416862994114,0.9836651916722926
c1nc[nH]n1,CC(C)O,18784.6682556244,0.993134127721612
c1nc[nH]n1,CCCCOC(C)=O,28710.25953690844,0.9822532597461544
c1nc[nH]n1,CCCO,21157.86876840794,0.9937187707977532
c1nc[nH]n1,CCO,20461.12973928992,0.9971100881593314
c1nc[nH]n1,CCOC(C)=O,20384.51135153743,0.990246423341234
c1nc[nH]n1,COC(C)=O,16091.915267947525,0.9941131806314596
